/*******************************************************************************
 * Size: 28 px
 * Bpp: 4
 * Opts: undefined
 ******************************************************************************/

#ifdef LV_LVGL_H_INCLUDE_SIMPLE
#include "lvgl.h"
#else
#include "lvgl.h"
#endif

#ifndef LV_FONT_SOURCEHANSANSSCBOLD_28
#define LV_FONT_SOURCEHANSANSSCBOLD_28 1
#endif

#if LV_FONT_SOURCEHANSANSSCBOLD_28

/*-----------------
 *    BITMAPS
 *----------------*/

/*Store the image of the glyphs*/
static LV_ATTRIBUTE_LARGE_CONST const uint8_t glyph_bitmap[] = {
    /* U+0020 " " */

    /* U+0021 "!" */
    0xd, 0xff, 0xf3, 0xd, 0xff, 0xf3, 0xc, 0xff,
    0xf2, 0xc, 0xff, 0xf1, 0xb, 0xff, 0xf1, 0xa,
    0xff, 0xf0, 0x9, 0xff, 0xf0, 0x8, 0xff, 0xe0,
    0x7, 0xff, 0xd0, 0x6, 0xff, 0xc0, 0x5, 0xff,
    0xb0, 0x5, 0xff, 0xa0, 0x4, 0xff, 0x90, 0x3,
    0xff, 0x90, 0x0, 0x22, 0x10, 0x0, 0x0, 0x0,
    0x0, 0x34, 0x0, 0xa, 0xff, 0xe1, 0x3f, 0xff,
    0xf9, 0x5f, 0xff, 0xfa, 0x1f, 0xff, 0xf6, 0x4,
    0xde, 0x90,

    /* U+0022 "\"" */
    0x7d, 0xdd, 0x80, 0x7, 0xdd, 0xd8, 0x8f, 0xff,
    0x90, 0x8, 0xff, 0xf9, 0x7f, 0xff, 0x80, 0x7,
    0xff, 0xf8, 0x7f, 0xff, 0x80, 0x7, 0xff, 0xf8,
    0x5f, 0xff, 0x60, 0x5, 0xff, 0xf6, 0x3f, 0xff,
    0x40, 0x3, 0xff, 0xf4, 0x1f, 0xff, 0x20, 0x1,
    0xff, 0xf2, 0xf, 0xff, 0x0, 0x0, 0xff, 0xf0,
    0xd, 0xfe, 0x0, 0x0, 0xdf, 0xe0, 0xa, 0xfc,
    0x0, 0x0, 0xaf, 0xc0,

    /* U+0023 "#" */
    0x0, 0x0, 0xcf, 0xa0, 0x0, 0xcf, 0x90, 0x0,
    0x0, 0xe, 0xf8, 0x0, 0xe, 0xf7, 0x0, 0x0,
    0x0, 0xff, 0x60, 0x1, 0xff, 0x50, 0x0, 0x0,
    0x2f, 0xf4, 0x0, 0x3f, 0xf3, 0x0, 0x0, 0x4,
    0xff, 0x10, 0x5, 0xff, 0x10, 0x4, 0xff, 0xff,
    0xff, 0xff, 0xff, 0xff, 0xf8, 0x4f, 0xff, 0xff,
    0xff, 0xff, 0xff, 0xff, 0x82, 0xaa, 0xef, 0xea,
    0xaa, 0xef, 0xea, 0xa5, 0x0, 0xc, 0xfa, 0x0,
    0xd, 0xfa, 0x0, 0x0, 0x0, 0xef, 0x80, 0x0,
    0xff, 0x80, 0x0, 0x0, 0xf, 0xf6, 0x0, 0xf,
    0xf6, 0x0, 0x0, 0x1, 0xff, 0x50, 0x2, 0xff,
    0x50, 0x0, 0x9a, 0xbf, 0xfc, 0xaa, 0xbf, 0xfc,
    0xa9, 0xe, 0xff, 0xff, 0xff, 0xff, 0xff, 0xff,
    0xe0, 0xef, 0xff, 0xff, 0xff, 0xff, 0xff, 0xfe,
    0x0, 0x9, 0xfd, 0x0, 0x9, 0xfd, 0x0, 0x0,
    0x0, 0xaf, 0xc0, 0x0, 0xbf, 0xb0, 0x0, 0x0,
    0xc, 0xfa, 0x0, 0xd, 0xf9, 0x0, 0x0, 0x0,
    0xef, 0x80, 0x0, 0xff, 0x70, 0x0, 0x0, 0xf,
    0xf6, 0x0, 0x1f, 0xf5, 0x0, 0x0, 0x2, 0xff,
    0x40, 0x3, 0xff, 0x40, 0x0, 0x0,

    /* U+0024 "$" */
    0x0, 0x0, 0x1, 0xff, 0xa0, 0x0, 0x0, 0x0,
    0x0, 0x1, 0xff, 0xa0, 0x0, 0x0, 0x0, 0x0,
    0x1, 0xff, 0xa0, 0x0, 0x0, 0x0, 0x0, 0x4a,
    0xff, 0xe8, 0x30, 0x0, 0x0, 0x1b, 0xff, 0xff,
    0xff, 0xfc, 0x10, 0x0, 0xcf, 0xff, 0xff, 0xff,
    0xff, 0xe1, 0x5, 0xff, 0xff, 0xa7, 0x9d, 0xff,
    0x90, 0xa, 0xff, 0xf6, 0x0, 0x0, 0x8b, 0x0,
    0xc, 0xff, 0xf2, 0x0, 0x0, 0x0, 0x0, 0xb,
    0xff, 0xf5, 0x0, 0x0, 0x0, 0x0, 0x8, 0xff,
    0xff, 0x40, 0x0, 0x0, 0x0, 0x1, 0xef, 0xff,
    0xfa, 0x20, 0x0, 0x0, 0x0, 0x4f, 0xff, 0xff,
    0xf8, 0x0, 0x0, 0x0, 0x3, 0xdf, 0xff, 0xff,
    0xe3, 0x0, 0x0, 0x0, 0x7, 0xef, 0xff, 0xff,
    0x30, 0x0, 0x0, 0x0, 0x19, 0xff, 0xff, 0xd0,
    0x0, 0x0, 0x0, 0x0, 0x4f, 0xff, 0xf4, 0x0,
    0x0, 0x0, 0x0, 0x9, 0xff, 0xf7, 0x0, 0x10,
    0x0, 0x0, 0x6, 0xff, 0xf8, 0x5, 0xf7, 0x0,
    0x0, 0xb, 0xff, 0xf5, 0x1e, 0xff, 0xea, 0x77,
    0xcf, 0xff, 0xf1, 0x5f, 0xff, 0xff, 0xff, 0xff,
    0xff, 0x70, 0x3, 0xcf, 0xff, 0xff, 0xff, 0xf7,
    0x0, 0x0, 0x3, 0x8c, 0xff, 0xe7, 0x10, 0x0,
    0x0, 0x0, 0x1, 0xff, 0xa0, 0x0, 0x0, 0x0,
    0x0, 0x1, 0xff, 0xa0, 0x0, 0x0, 0x0, 0x0,
    0x1, 0xff, 0xa0, 0x0, 0x0,

    /* U+0025 "%" */
    0x0, 0x4, 0xbe, 0xea, 0x30, 0x0, 0x0, 0x0,
    0x6, 0xff, 0x10, 0x0, 0x0, 0x0, 0x6, 0xff,
    0xff, 0xff, 0x50, 0x0, 0x0, 0x0, 0xef, 0x80,
    0x0, 0x0, 0x0, 0x2, 0xff, 0xf6, 0x7f, 0xfe,
    0x0, 0x0, 0x0, 0x7f, 0xe0, 0x0, 0x0, 0x0,
    0x0, 0x9f, 0xf5, 0x0, 0x7f, 0xf7, 0x0, 0x0,
    0x1e, 0xf7, 0x0, 0x0, 0x0, 0x0, 0xd, 0xff,
    0x0, 0x1, 0xff, 0xb0, 0x0, 0x8, 0xfe, 0x0,
    0x0, 0x0, 0x0, 0x0, 0xff, 0xd0, 0x0, 0xf,
    0xfd, 0x0, 0x1, 0xff, 0x60, 0x0, 0x0, 0x0,
    0x0, 0x1f, 0xfc, 0x0, 0x0, 0xef, 0xf0, 0x0,
    0x9f, 0xd0, 0x0, 0x0, 0x0, 0x0, 0x0, 0xff,
    0xd0, 0x0, 0xf, 0xfd, 0x0, 0x2f, 0xf4, 0x0,
    0x0, 0x0, 0x0, 0x0, 0xd, 0xff, 0x0, 0x2,
    0xff, 0xb0, 0xa, 0xfc, 0x0, 0x3a, 0xee, 0xa3,
    0x0, 0x0, 0x9f, 0xf5, 0x0, 0x7f, 0xf7, 0x3,
    0xff, 0x30, 0x5f, 0xff, 0xff, 0xf6, 0x0, 0x1,
    0xff, 0xf7, 0x7f, 0xfe, 0x0, 0xcf, 0xb0, 0x1f,
    0xff, 0x77, 0xff, 0xf1, 0x0, 0x6, 0xff, 0xff,
    0xff, 0x50, 0x4f, 0xf2, 0x8, 0xff, 0x60, 0x6,
    0xff, 0x80, 0x0, 0x4, 0xbe, 0xea, 0x20, 0xd,
    0xfa, 0x0, 0xcf, 0xf1, 0x0, 0xf, 0xfc, 0x0,
    0x0, 0x0, 0x0, 0x0, 0x5, 0xff, 0x10, 0xe,
    0xff, 0x0, 0x0, 0xef, 0xe0, 0x0, 0x0, 0x0,
    0x0, 0x0, 0xdf, 0x80, 0x0, 0xff, 0xe0, 0x0,
    0xd, 0xff, 0x0, 0x0, 0x0, 0x0, 0x0, 0x6f,
    0xf1, 0x0, 0xe, 0xff, 0x0, 0x0, 0xef, 0xe0,
    0x0, 0x0, 0x0, 0x0, 0xe, 0xf7, 0x0, 0x0,
    0xcf, 0xf1, 0x0, 0x1f, 0xfc, 0x0, 0x0, 0x0,
    0x0, 0x8, 0xfe, 0x0, 0x0, 0x8, 0xff, 0x70,
    0x6, 0xff, 0x80, 0x0, 0x0, 0x0, 0x1, 0xff,
    0x60, 0x0, 0x0, 0x1f, 0xff, 0x87, 0xff, 0xf1,
    0x0, 0x0, 0x0, 0x0, 0x9f, 0xd0, 0x0, 0x0,
    0x0, 0x5f, 0xff, 0xff, 0xf5, 0x0, 0x0, 0x0,
    0x0, 0x2f, 0xf5, 0x0, 0x0, 0x0, 0x0, 0x3a,
    0xee, 0xa3, 0x0, 0x0,

    /* U+0026 "&" */
    0x0, 0x0, 0x0, 0x7c, 0xee, 0xb4, 0x0, 0x0,
    0x0, 0x0, 0x0, 0x0, 0x2, 0xdf, 0xff, 0xff,
    0xf8, 0x0, 0x0, 0x0, 0x0, 0x0, 0x0, 0xbf,
    0xff, 0xdd, 0xff, 0xf3, 0x0, 0x0, 0x0, 0x0,
    0x0, 0x3f, 0xff, 0x70, 0xd, 0xff, 0x70, 0x0,
    0x0, 0x0, 0x0, 0x7, 0xff, 0xf0, 0x0, 0x9f,
    0xf9, 0x0, 0x0, 0x0, 0x0, 0x0, 0x8f, 0xfe,
    0x0, 0xc, 0xff, 0x60, 0x0, 0x0, 0x0, 0x0,
    0x5, 0xff, 0xf0, 0x7, 0xff, 0xf2, 0x0, 0x0,
    0x0, 0x0, 0x0, 0x1f, 0xff, 0x7b, 0xff, 0xf7,
    0x0, 0x0, 0x0, 0x0, 0x0, 0x0, 0xbf, 0xff,
    0xff, 0xf8, 0x0, 0x0, 0x0, 0x0, 0x0, 0x0,
    0x7, 0xff, 0xff, 0xf5, 0x0, 0x0, 0x9, 0xaa,
    0x90, 0x0, 0x9, 0xff, 0xff, 0xf8, 0x0, 0x0,
    0x3, 0xff, 0xf8, 0x0, 0xa, 0xff, 0xff, 0xff,
    0xf6, 0x0, 0x0, 0x9f, 0xff, 0x10, 0x5, 0xff,
    0xff, 0x6f, 0xff, 0xf5, 0x0, 0x2f, 0xff, 0xb0,
    0x0, 0xdf, 0xff, 0x40, 0x5f, 0xff, 0xf8, 0xb,
    0xff, 0xf3, 0x0, 0xf, 0xff, 0xe0, 0x0, 0x7f,
    0xff, 0xfd, 0xff, 0xf8, 0x0, 0x1, 0xff, 0xfd,
    0x0, 0x0, 0x6f, 0xff, 0xff, 0xfe, 0x0, 0x0,
    0xe, 0xff, 0xf4, 0x0, 0x0, 0x5f, 0xff, 0xff,
    0xd4, 0x0, 0x0, 0xaf, 0xff, 0xf8, 0x43, 0x6d,
    0xff, 0xff, 0xff, 0xfd, 0x80, 0x1, 0xef, 0xff,
    0xff, 0xff, 0xff, 0xff, 0xff, 0xff, 0xfe, 0x0,
    0x3, 0xdf, 0xff, 0xff, 0xff, 0xfa, 0x12, 0xaf,
    0xff, 0x90, 0x0, 0x0, 0x6a, 0xdf, 0xed, 0x93,
    0x0, 0x0, 0x27, 0xc4, 0x0,

    /* U+0027 "'" */
    0x7d, 0xdd, 0x88, 0xff, 0xf9, 0x7f, 0xff, 0x87,
    0xff, 0xf8, 0x5f, 0xff, 0x63, 0xff, 0xf4, 0x1f,
    0xff, 0x20, 0xff, 0xf0, 0xd, 0xfe, 0x0, 0xaf,
    0xc0,

    /* U+0028 "(" */
    0x0, 0x0, 0x0, 0x0, 0x0, 0x0, 0xcc, 0x60,
    0x0, 0x5, 0xff, 0xd0, 0x0, 0xd, 0xff, 0x50,
    0x0, 0x5f, 0xfd, 0x0, 0x0, 0xbf, 0xf7, 0x0,
    0x2, 0xff, 0xf2, 0x0, 0x7, 0xff, 0xd0, 0x0,
    0xb, 0xff, 0x80, 0x0, 0xf, 0xff, 0x50, 0x0,
    0x2f, 0xff, 0x20, 0x0, 0x5f, 0xff, 0x0, 0x0,
    0x6f, 0xfd, 0x0, 0x0, 0x8f, 0xfd, 0x0, 0x0,
    0x9f, 0xfc, 0x0, 0x0, 0x9f, 0xfb, 0x0, 0x0,
    0x8f, 0xfc, 0x0, 0x0, 0x7f, 0xfd, 0x0, 0x0,
    0x6f, 0xfe, 0x0, 0x0, 0x4f, 0xff, 0x10, 0x0,
    0x1f, 0xff, 0x40, 0x0, 0xd, 0xff, 0x60, 0x0,
    0x9, 0xff, 0xa0, 0x0, 0x4, 0xff, 0xf0, 0x0,
    0x0, 0xef, 0xf5, 0x0, 0x0, 0x8f, 0xfa, 0x0,
    0x0, 0x2f, 0xff, 0x20, 0x0, 0x9, 0xff, 0x90,
    0x0, 0x1, 0xff, 0xc0, 0x0, 0x0, 0x53, 0x0,

    /* U+0029 ")" */
    0x0, 0x0, 0x0, 0x0, 0x29, 0xf6, 0x0, 0x0,
    0x3f, 0xfe, 0x0, 0x0, 0xc, 0xff, 0x70, 0x0,
    0x4, 0xff, 0xe0, 0x0, 0x0, 0xdf, 0xf5, 0x0,
    0x0, 0x8f, 0xfb, 0x0, 0x0, 0x3f, 0xff, 0x10,
    0x0, 0xe, 0xff, 0x40, 0x0, 0xb, 0xff, 0x80,
    0x0, 0x9, 0xff, 0xc0, 0x0, 0x6, 0xff, 0xe0,
    0x0, 0x4, 0xff, 0xf0, 0x0, 0x3, 0xff, 0xf1,
    0x0, 0x2, 0xff, 0xf2, 0x0, 0x2, 0xff, 0xf2,
    0x0, 0x3, 0xff, 0xf1, 0x0, 0x4, 0xff, 0xf0,
    0x0, 0x5, 0xff, 0xf0, 0x0, 0x7, 0xff, 0xd0,
    0x0, 0xa, 0xff, 0xa0, 0x0, 0xd, 0xff, 0x60,
    0x0, 0x1f, 0xff, 0x20, 0x0, 0x6f, 0xfd, 0x0,
    0x0, 0xbf, 0xf7, 0x0, 0x1, 0xff, 0xf1, 0x0,
    0x8, 0xff, 0xb0, 0x0, 0x1f, 0xff, 0x20, 0x0,
    0x4f, 0xf9, 0x0, 0x0, 0x0, 0x61, 0x0, 0x0,

    /* U+002A "*" */
    0x0, 0x0, 0x1f, 0xf3, 0x0, 0x0, 0x0, 0x0,
    0x2f, 0xf5, 0x0, 0x0, 0x0, 0x0, 0x4f, 0xf6,
    0x0, 0x0, 0x2f, 0xc9, 0xaf, 0xfb, 0x8c, 0xf5,
    0x7f, 0xff, 0xff, 0xff, 0xff, 0xfa, 0x6, 0xdf,
    0xff, 0xff, 0xfe, 0x81, 0x0, 0x9, 0xff, 0xff,
    0xb0, 0x0, 0x0, 0xe, 0xff, 0xff, 0xf2, 0x0,
    0x0, 0x8f, 0xfb, 0x8f, 0xfa, 0x0, 0x0, 0xef,
    0xc0, 0xa, 0xff, 0x20, 0x0, 0x1a, 0x10, 0x0,
    0x93, 0x0,

    /* U+002B "+" */
    0x0, 0x0, 0x3, 0xcc, 0x90, 0x0, 0x0, 0x0,
    0x0, 0x0, 0x4f, 0xfc, 0x0, 0x0, 0x0, 0x0,
    0x0, 0x4, 0xff, 0xc0, 0x0, 0x0, 0x0, 0x0,
    0x0, 0x4f, 0xfc, 0x0, 0x0, 0x0, 0x0, 0x0,
    0x4, 0xff, 0xc0, 0x0, 0x0, 0x0, 0x0, 0x0,
    0x4f, 0xfc, 0x0, 0x0, 0x0, 0xde, 0xee, 0xef,
    0xff, 0xfe, 0xee, 0xee, 0x6e, 0xff, 0xff, 0xff,
    0xff, 0xff, 0xff, 0xf6, 0xef, 0xff, 0xff, 0xff,
    0xff, 0xff, 0xff, 0x60, 0x0, 0x0, 0x4f, 0xfc,
    0x0, 0x0, 0x0, 0x0, 0x0, 0x4, 0xff, 0xc0,
    0x0, 0x0, 0x0, 0x0, 0x0, 0x4f, 0xfc, 0x0,
    0x0, 0x0, 0x0, 0x0, 0x4, 0xff, 0xc0, 0x0,
    0x0, 0x0, 0x0, 0x0, 0x4f, 0xfc, 0x0, 0x0,
    0x0, 0x0, 0x0, 0x4, 0xff, 0xc0, 0x0, 0x0,
    0x0,

    /* U+002C "," */
    0x0, 0x8c, 0xa2, 0x0, 0xaf, 0xff, 0xe0, 0xe,
    0xff, 0xff, 0x60, 0xcf, 0xff, 0xf8, 0x2, 0xbf,
    0xff, 0x90, 0x0, 0x3f, 0xf6, 0x0, 0x9, 0xff,
    0x30, 0x6, 0xff, 0xc0, 0x2a, 0xff, 0xf3, 0x4,
    0xff, 0xe3, 0x0, 0xc, 0x81, 0x0, 0x0, 0x0,
    0x0, 0x0,

    /* U+002D "-" */
    0x9f, 0xff, 0xff, 0xff, 0x9, 0xff, 0xff, 0xff,
    0xf0, 0x9f, 0xff, 0xff, 0xff, 0x0,

    /* U+002E "." */
    0x0, 0x14, 0x20, 0x0, 0x4f, 0xff, 0x60, 0xd,
    0xff, 0xfe, 0x0, 0xff, 0xff, 0xf0, 0xb, 0xff,
    0xfc, 0x0, 0x1b, 0xfc, 0x20,

    /* U+002F "/" */
    0x0, 0x0, 0x0, 0xc, 0xff, 0x0, 0x0, 0x0,
    0x0, 0xff, 0xb0, 0x0, 0x0, 0x0, 0x4f, 0xf7,
    0x0, 0x0, 0x0, 0x8, 0xff, 0x30, 0x0, 0x0,
    0x0, 0xcf, 0xe0, 0x0, 0x0, 0x0, 0xf, 0xfb,
    0x0, 0x0, 0x0, 0x4, 0xff, 0x60, 0x0, 0x0,
    0x0, 0x8f, 0xf2, 0x0, 0x0, 0x0, 0xc, 0xfe,
    0x0, 0x0, 0x0, 0x0, 0xff, 0xa0, 0x0, 0x0,
    0x0, 0x4f, 0xf6, 0x0, 0x0, 0x0, 0x8, 0xff,
    0x20, 0x0, 0x0, 0x0, 0xcf, 0xe0, 0x0, 0x0,
    0x0, 0x1f, 0xfa, 0x0, 0x0, 0x0, 0x5, 0xff,
    0x60, 0x0, 0x0, 0x0, 0x9f, 0xf2, 0x0, 0x0,
    0x0, 0xd, 0xfe, 0x0, 0x0, 0x0, 0x1, 0xff,
    0xa0, 0x0, 0x0, 0x0, 0x5f, 0xf6, 0x0, 0x0,
    0x0, 0x9, 0xff, 0x20, 0x0, 0x0, 0x0, 0xdf,
    0xe0, 0x0, 0x0, 0x0, 0x1f, 0xfa, 0x0, 0x0,
    0x0, 0x5, 0xff, 0x60, 0x0, 0x0, 0x0, 0x9f,
    0xf2, 0x0, 0x0, 0x0, 0xd, 0xfe, 0x0, 0x0,
    0x0, 0x1, 0xff, 0xa0, 0x0, 0x0, 0x0, 0x5f,
    0xf6, 0x0, 0x0, 0x0, 0x4, 0x77, 0x10, 0x0,
    0x0, 0x0,

    /* U+0030 "0" */
    0x0, 0x0, 0x5b, 0xef, 0xd9, 0x20, 0x0, 0x0,
    0x0, 0xcf, 0xff, 0xff, 0xff, 0x50, 0x0, 0x0,
    0xbf, 0xff, 0xff, 0xff, 0xff, 0x40, 0x0, 0x5f,
    0xff, 0xe5, 0x39, 0xff, 0xfd, 0x0, 0xd, 0xff,
    0xf3, 0x0, 0xa, 0xff, 0xf5, 0x2, 0xff, 0xfb,
    0x0, 0x0, 0x3f, 0xff, 0xa0, 0x6f, 0xff, 0x70,
    0x0, 0x0, 0xff, 0xfe, 0x9, 0xff, 0xf4, 0x0,
    0x0, 0xc, 0xff, 0xf1, 0xaf, 0xff, 0x30, 0x0,
    0x0, 0xbf, 0xff, 0x2b, 0xff, 0xf2, 0x0, 0x0,
    0xa, 0xff, 0xf3, 0xcf, 0xff, 0x20, 0x0, 0x0,
    0xaf, 0xff, 0x4b, 0xff, 0xf2, 0x0, 0x0, 0xa,
    0xff, 0xf3, 0xaf, 0xff, 0x30, 0x0, 0x0, 0xbf,
    0xff, 0x28, 0xff, 0xf4, 0x0, 0x0, 0xd, 0xff,
    0xf0, 0x5f, 0xff, 0x70, 0x0, 0x0, 0xff, 0xfd,
    0x1, 0xff, 0xfb, 0x0, 0x0, 0x3f, 0xff, 0x90,
    0xc, 0xff, 0xf4, 0x0, 0xb, 0xff, 0xf4, 0x0,
    0x4f, 0xff, 0xe6, 0x4a, 0xff, 0xfc, 0x0, 0x0,
    0xaf, 0xff, 0xff, 0xff, 0xff, 0x30, 0x0, 0x0,
    0xbf, 0xff, 0xff, 0xff, 0x40, 0x0, 0x0, 0x0,
    0x5b, 0xef, 0xd9, 0x20, 0x0, 0x0,

    /* U+0031 "1" */
    0x0, 0x0, 0x5d, 0xff, 0xd0, 0x0, 0x0, 0x5a,
    0xef, 0xff, 0xfd, 0x0, 0x0, 0xf, 0xff, 0xff,
    0xff, 0xd0, 0x0, 0x0, 0xff, 0xff, 0xff, 0xfd,
    0x0, 0x0, 0x5, 0x55, 0x8f, 0xff, 0xd0, 0x0,
    0x0, 0x0, 0x3, 0xff, 0xfd, 0x0, 0x0, 0x0,
    0x0, 0x3f, 0xff, 0xd0, 0x0, 0x0, 0x0, 0x3,
    0xff, 0xfd, 0x0, 0x0, 0x0, 0x0, 0x3f, 0xff,
    0xd0, 0x0, 0x0, 0x0, 0x3, 0xff, 0xfd, 0x0,
    0x0, 0x0, 0x0, 0x3f, 0xff, 0xd0, 0x0, 0x0,
    0x0, 0x3, 0xff, 0xfd, 0x0, 0x0, 0x0, 0x0,
    0x3f, 0xff, 0xd0, 0x0, 0x0, 0x0, 0x3, 0xff,
    0xfd, 0x0, 0x0, 0x0, 0x0, 0x3f, 0xff, 0xd0,
    0x0, 0x0, 0x0, 0x3, 0xff, 0xfd, 0x0, 0x0,
    0x0, 0x0, 0x3f, 0xff, 0xd0, 0x0, 0x3, 0x55,
    0x57, 0xff, 0xfe, 0x55, 0x54, 0xbf, 0xff, 0xff,
    0xff, 0xff, 0xff, 0xbb, 0xff, 0xff, 0xff, 0xff,
    0xff, 0xfb, 0xbf, 0xff, 0xff, 0xff, 0xff, 0xff,
    0xb0,

    /* U+0032 "2" */
    0x0, 0x0, 0x6b, 0xef, 0xda, 0x60, 0x0, 0x0,
    0x0, 0x3d, 0xff, 0xff, 0xff, 0xfc, 0x20, 0x0,
    0x5, 0xff, 0xff, 0xff, 0xff, 0xff, 0xc0, 0x0,
    0xa, 0xff, 0xfa, 0x55, 0x9f, 0xff, 0xf7, 0x0,
    0x0, 0x9f, 0x40, 0x0, 0x7, 0xff, 0xfc, 0x0,
    0x0, 0x2, 0x0, 0x0, 0x0, 0xff, 0xff, 0x0,
    0x0, 0x0, 0x0, 0x0, 0x0, 0xef, 0xff, 0x10,
    0x0, 0x0, 0x0, 0x0, 0x0, 0xff, 0xff, 0x0,
    0x0, 0x0, 0x0, 0x0, 0x3, 0xff, 0xfc, 0x0,
    0x0, 0x0, 0x0, 0x0, 0xa, 0xff, 0xf6, 0x0,
    0x0, 0x0, 0x0, 0x0, 0x3f, 0xff, 0xd0, 0x0,
    0x0, 0x0, 0x0, 0x0, 0xdf, 0xff, 0x50, 0x0,
    0x0, 0x0, 0x0, 0xa, 0xff, 0xfb, 0x0, 0x0,
    0x0, 0x0, 0x0, 0x8f, 0xff, 0xe1, 0x0, 0x0,
    0x0, 0x0, 0x7, 0xff, 0xff, 0x30, 0x0, 0x0,
    0x0, 0x0, 0x7f, 0xff, 0xf6, 0x0, 0x0, 0x0,
    0x0, 0x8, 0xff, 0xff, 0x60, 0x0, 0x0, 0x0,
    0x0, 0x9f, 0xff, 0xfa, 0x45, 0x77, 0x77, 0x70,
    0x9, 0xff, 0xff, 0xff, 0xff, 0xff, 0xff, 0xf1,
    0xc, 0xff, 0xff, 0xff, 0xff, 0xff, 0xff, 0xf1,
    0xc, 0xff, 0xff, 0xff, 0xff, 0xff, 0xff, 0xf1,

    /* U+0033 "3" */
    0x0, 0x0, 0x6b, 0xef, 0xdb, 0x81, 0x0, 0x0,
    0x5, 0xef, 0xff, 0xff, 0xff, 0xf6, 0x0, 0x6,
    0xff, 0xff, 0xff, 0xff, 0xff, 0xf4, 0x0, 0xc,
    0xff, 0xb6, 0x47, 0xef, 0xff, 0xd0, 0x0, 0x1d,
    0x40, 0x0, 0x3, 0xff, 0xff, 0x10, 0x0, 0x0,
    0x0, 0x0, 0xe, 0xff, 0xf3, 0x0, 0x0, 0x0,
    0x0, 0x0, 0xff, 0xff, 0x20, 0x0, 0x0, 0x0,
    0x0, 0x7f, 0xff, 0xd0, 0x0, 0x0, 0x0, 0x24,
    0xaf, 0xff, 0xf4, 0x0, 0x0, 0x0, 0xdf, 0xff,
    0xff, 0xd4, 0x0, 0x0, 0x0, 0xd, 0xff, 0xff,
    0xf5, 0x0, 0x0, 0x0, 0x0, 0xdf, 0xff, 0xff,
    0xfd, 0x20, 0x0, 0x0, 0x0, 0x1, 0x5c, 0xff,
    0xfe, 0x10, 0x0, 0x0, 0x0, 0x0, 0xa, 0xff,
    0xf9, 0x0, 0x0, 0x0, 0x0, 0x0, 0x4f, 0xff,
    0xc0, 0x1, 0x0, 0x0, 0x0, 0x4, 0xff, 0xfe,
    0x1, 0xeb, 0x10, 0x0, 0x0, 0xbf, 0xff, 0xc0,
    0xcf, 0xff, 0xa6, 0x68, 0xdf, 0xff, 0xf6, 0xc,
    0xff, 0xff, 0xff, 0xff, 0xff, 0xfa, 0x0, 0x9,
    0xff, 0xff, 0xff, 0xff, 0xfa, 0x0, 0x0, 0x2,
    0x7c, 0xef, 0xec, 0x92, 0x0, 0x0,

    /* U+0034 "4" */
    0x0, 0x0, 0x0, 0x1, 0xef, 0xff, 0xf4, 0x0,
    0x0, 0x0, 0x0, 0x9, 0xff, 0xff, 0xf4, 0x0,
    0x0, 0x0, 0x0, 0x2f, 0xff, 0xff, 0xf4, 0x0,
    0x0, 0x0, 0x0, 0xbf, 0xff, 0xff, 0xf4, 0x0,
    0x0, 0x0, 0x5, 0xff, 0xf9, 0xff, 0xf4, 0x0,
    0x0, 0x0, 0xd, 0xff, 0xb7, 0xff, 0xf4, 0x0,
    0x0, 0x0, 0x7f, 0xff, 0x48, 0xff, 0xf4, 0x0,
    0x0, 0x1, 0xff, 0xfc, 0x8, 0xff, 0xf4, 0x0,
    0x0, 0xa, 0xff, 0xf3, 0x8, 0xff, 0xf4, 0x0,
    0x0, 0x3f, 0xff, 0x90, 0x8, 0xff, 0xf4, 0x0,
    0x0, 0xdf, 0xfe, 0x10, 0x8, 0xff, 0xf4, 0x0,
    0x6, 0xff, 0xf6, 0x0, 0x8, 0xff, 0xf4, 0x0,
    0x1e, 0xff, 0xd2, 0x11, 0x19, 0xff, 0xf5, 0x11,
    0x6f, 0xff, 0xff, 0xff, 0xff, 0xff, 0xff, 0xfb,
    0x6f, 0xff, 0xff, 0xff, 0xff, 0xff, 0xff, 0xfb,
    0x6f, 0xff, 0xff, 0xff, 0xff, 0xff, 0xff, 0xfb,
    0x0, 0x0, 0x0, 0x0, 0x8, 0xff, 0xf4, 0x0,
    0x0, 0x0, 0x0, 0x0, 0x8, 0xff, 0xf4, 0x0,
    0x0, 0x0, 0x0, 0x0, 0x8, 0xff, 0xf4, 0x0,
    0x0, 0x0, 0x0, 0x0, 0x8, 0xff, 0xf4, 0x0,
    0x0, 0x0, 0x0, 0x0, 0x8, 0xff, 0xf4, 0x0,

    /* U+0035 "5" */
    0x0, 0x1f, 0xff, 0xff, 0xff, 0xff, 0xff, 0x0,
    0x2, 0xff, 0xff, 0xff, 0xff, 0xff, 0xf0, 0x0,
    0x3f, 0xff, 0xff, 0xff, 0xff, 0xff, 0x0, 0x4,
    0xff, 0xfb, 0x77, 0x77, 0x77, 0x70, 0x0, 0x5f,
    0xff, 0x60, 0x0, 0x0, 0x0, 0x0, 0x6, 0xff,
    0xf4, 0x0, 0x0, 0x0, 0x0, 0x0, 0x6f, 0xff,
    0x30, 0x0, 0x0, 0x0, 0x0, 0x7, 0xff, 0xf8,
    0xcd, 0xb9, 0x30, 0x0, 0x0, 0x8f, 0xff, 0xff,
    0xff, 0xff, 0xa1, 0x0, 0x9, 0xff, 0xff, 0xff,
    0xff, 0xff, 0xa0, 0x0, 0x9, 0xe6, 0x20, 0x3b,
    0xff, 0xff, 0x40, 0x0, 0x0, 0x0, 0x0, 0xc,
    0xff, 0xfa, 0x0, 0x0, 0x0, 0x0, 0x0, 0x5f,
    0xff, 0xe0, 0x0, 0x0, 0x0, 0x0, 0x3, 0xff,
    0xff, 0x0, 0x0, 0x0, 0x0, 0x0, 0x4f, 0xff,
    0xe0, 0x3, 0x0, 0x0, 0x0, 0x7, 0xff, 0xfc,
    0x1, 0xfc, 0x20, 0x0, 0x2, 0xff, 0xff, 0x70,
    0xcf, 0xff, 0xa6, 0x69, 0xff, 0xff, 0xd0, 0x1c,
    0xff, 0xff, 0xff, 0xff, 0xff, 0xf3, 0x0, 0x8,
    0xff, 0xff, 0xff, 0xff, 0xd4, 0x0, 0x0, 0x1,
    0x7c, 0xef, 0xda, 0x70, 0x0, 0x0,

    /* U+0036 "6" */
    0x0, 0x0, 0x6, 0xbe, 0xfe, 0xb5, 0x0, 0x0,
    0x0, 0x2d, 0xff, 0xff, 0xff, 0xfb, 0x10, 0x0,
    0x2e, 0xff, 0xff, 0xff, 0xff, 0xfc, 0x0, 0xc,
    0xff, 0xfe, 0x85, 0x8d, 0xfe, 0x10, 0x5, 0xff,
    0xfd, 0x20, 0x0, 0x8, 0x20, 0x0, 0xcf, 0xff,
    0x30, 0x0, 0x0, 0x0, 0x0, 0x1f, 0xff, 0xc0,
    0x0, 0x0, 0x0, 0x0, 0x4, 0xff, 0xf7, 0x0,
    0x0, 0x0, 0x0, 0x0, 0x7f, 0xff, 0x41, 0x8d,
    0xfd, 0xa3, 0x0, 0x8, 0xff, 0xf6, 0xef, 0xff,
    0xff, 0xf8, 0x0, 0x9f, 0xff, 0xff, 0xfe, 0xff,
    0xff, 0xf4, 0x8, 0xff, 0xff, 0xa2, 0x0, 0x8f,
    0xff, 0xd0, 0x7f, 0xff, 0xa0, 0x0, 0x0, 0xcf,
    0xff, 0x6, 0xff, 0xf5, 0x0, 0x0, 0x8, 0xff,
    0xf3, 0x2f, 0xff, 0x80, 0x0, 0x0, 0x7f, 0xff,
    0x40, 0xef, 0xfd, 0x0, 0x0, 0x9, 0xff, 0xf3,
    0x8, 0xff, 0xf5, 0x0, 0x0, 0xef, 0xff, 0x0,
    0x1f, 0xff, 0xf7, 0x24, 0xcf, 0xff, 0x80, 0x0,
    0x5f, 0xff, 0xff, 0xff, 0xff, 0xd0, 0x0, 0x0,
    0x6f, 0xff, 0xff, 0xff, 0xc2, 0x0, 0x0, 0x0,
    0x29, 0xdf, 0xeb, 0x60, 0x0, 0x0,

    /* U+0037 "7" */
    0x9f, 0xff, 0xff, 0xff, 0xff, 0xff, 0xff, 0x29,
    0xff, 0xff, 0xff, 0xff, 0xff, 0xff, 0xf2, 0x9f,
    0xff, 0xff, 0xff, 0xff, 0xff, 0xff, 0x14, 0x77,
    0x77, 0x77, 0x77, 0xbf, 0xff, 0x60, 0x0, 0x0,
    0x0, 0x0, 0xe, 0xff, 0xa0, 0x0, 0x0, 0x0,
    0x0, 0x8, 0xff, 0xf1, 0x0, 0x0, 0x0, 0x0,
    0x2, 0xff, 0xf7, 0x0, 0x0, 0x0, 0x0, 0x0,
    0xbf, 0xfe, 0x0, 0x0, 0x0, 0x0, 0x0, 0x2f,
    0xff, 0x70, 0x0, 0x0, 0x0, 0x0, 0x8, 0xff,
    0xf1, 0x0, 0x0, 0x0, 0x0, 0x0, 0xef, 0xfb,
    0x0, 0x0, 0x0, 0x0, 0x0, 0x5f, 0xff, 0x70,
    0x0, 0x0, 0x0, 0x0, 0x9, 0xff, 0xf4, 0x0,
    0x0, 0x0, 0x0, 0x0, 0xcf, 0xff, 0x10, 0x0,
    0x0, 0x0, 0x0, 0xf, 0xff, 0xe0, 0x0, 0x0,
    0x0, 0x0, 0x3, 0xff, 0xfc, 0x0, 0x0, 0x0,
    0x0, 0x0, 0x6f, 0xff, 0xa0, 0x0, 0x0, 0x0,
    0x0, 0x7, 0xff, 0xf8, 0x0, 0x0, 0x0, 0x0,
    0x0, 0x9f, 0xff, 0x70, 0x0, 0x0, 0x0, 0x0,
    0xa, 0xff, 0xf6, 0x0, 0x0, 0x0, 0x0, 0x0,
    0xcf, 0xff, 0x60, 0x0, 0x0, 0x0,

    /* U+0038 "8" */
    0x0, 0x0, 0x6b, 0xdf, 0xda, 0x30, 0x0, 0x0,
    0x2, 0xdf, 0xff, 0xff, 0xff, 0xa0, 0x0, 0x0,
    0xdf, 0xff, 0xfe, 0xff, 0xff, 0x70, 0x0, 0x7f,
    0xff, 0xa0, 0x2, 0xdf, 0xff, 0x0, 0xb, 0xff,
    0xf0, 0x0, 0x3, 0xff, 0xf3, 0x0, 0xdf, 0xfd,
    0x0, 0x0, 0xf, 0xff, 0x50, 0xb, 0xff, 0xf0,
    0x0, 0x1, 0xff, 0xf3, 0x0, 0x6f, 0xff, 0xa0,
    0x0, 0x5f, 0xfd, 0x0, 0x0, 0xcf, 0xff, 0xd4,
    0x1e, 0xff, 0x30, 0x0, 0x1, 0xdf, 0xff, 0xff,
    0xff, 0x40, 0x0, 0x0, 0x7, 0xff, 0xff, 0xff,
    0xe5, 0x0, 0x0, 0xc, 0xff, 0xba, 0xff, 0xff,
    0xf8, 0x0, 0xb, 0xff, 0xc0, 0x2, 0xaf, 0xff,
    0xf5, 0x3, 0xff, 0xf3, 0x0, 0x0, 0x7f, 0xff,
    0xd0, 0x8f, 0xff, 0x0, 0x0, 0x0, 0xdf, 0xff,
    0x1a, 0xff, 0xf0, 0x0, 0x0, 0xa, 0xff, 0xf3,
    0x9f, 0xff, 0x40, 0x0, 0x0, 0xdf, 0xff, 0x14,
    0xff, 0xfe, 0x50, 0x1, 0xaf, 0xff, 0xc0, 0x8,
    0xff, 0xff, 0xfe, 0xff, 0xff, 0xf2, 0x0, 0x9,
    0xff, 0xff, 0xff, 0xff, 0xd3, 0x0, 0x0, 0x2,
    0x8b, 0xef, 0xda, 0x60, 0x0, 0x0,

    /* U+0039 "9" */
    0x0, 0x2, 0x9c, 0xfe, 0xb5, 0x0, 0x0, 0x0,
    0x7, 0xff, 0xff, 0xff, 0xfc, 0x10, 0x0, 0x6,
    0xff, 0xff, 0xff, 0xff, 0xfd, 0x0, 0x2, 0xff,
    0xff, 0x72, 0x4c, 0xff, 0xf9, 0x0, 0x8f, 0xff,
    0x70, 0x0, 0xd, 0xff, 0xf1, 0xc, 0xff, 0xf1,
    0x0, 0x0, 0x5f, 0xff, 0x70, 0xdf, 0xff, 0x0,
    0x0, 0x0, 0xff, 0xfb, 0xc, 0xff, 0xf0, 0x0,
    0x0, 0xd, 0xff, 0xe0, 0x9f, 0xff, 0x40, 0x0,
    0x3, 0xff, 0xff, 0x5, 0xff, 0xfd, 0x30, 0x6,
    0xff, 0xff, 0xf0, 0xc, 0xff, 0xff, 0xff, 0xff,
    0xff, 0xff, 0x0, 0x2d, 0xff, 0xff, 0xff, 0x7c,
    0xff, 0xf0, 0x0, 0x7, 0xce, 0xfb, 0x30, 0xdf,
    0xfe, 0x0, 0x0, 0x0, 0x0, 0x0, 0xf, 0xff,
    0xb0, 0x0, 0x0, 0x0, 0x0, 0x4, 0xff, 0xf8,
    0x0, 0x0, 0x0, 0x0, 0x0, 0xbf, 0xff, 0x30,
    0x0, 0x83, 0x0, 0x0, 0x8f, 0xff, 0xc0, 0x0,
    0x8f, 0xfa, 0x77, 0xbf, 0xff, 0xf3, 0x0, 0x4f,
    0xff, 0xff, 0xff, 0xff, 0xf8, 0x0, 0x0, 0x6f,
    0xff, 0xff, 0xff, 0xf7, 0x0, 0x0, 0x0, 0x28,
    0xde, 0xfd, 0x92, 0x0, 0x0, 0x0,

    /* U+003A ":" */
    0x1, 0xbf, 0xc2, 0x0, 0xbf, 0xff, 0xc0, 0xf,
    0xff, 0xff, 0x0, 0xdf, 0xff, 0xe0, 0x4, 0xff,
    0xf5, 0x0, 0x1, 0x41, 0x0, 0x0, 0x0, 0x0,
    0x0, 0x0, 0x0, 0x0, 0x0, 0x0, 0x0, 0x0,
    0x0, 0x0, 0x0, 0x0, 0x14, 0x20, 0x0, 0x4f,
    0xff, 0x60, 0xd, 0xff, 0xfe, 0x0, 0xff, 0xff,
    0xf0, 0xb, 0xff, 0xfc, 0x0, 0x1b, 0xfc, 0x20,

    /* U+003B ";" */
    0x1, 0xbf, 0xc2, 0x0, 0xbf, 0xff, 0xc0, 0xf,
    0xff, 0xff, 0x0, 0xdf, 0xff, 0xe0, 0x4, 0xff,
    0xf5, 0x0, 0x1, 0x41, 0x0, 0x0, 0x0, 0x0,
    0x0, 0x0, 0x0, 0x0, 0x0, 0x0, 0x0, 0x0,
    0x0, 0x0, 0x0, 0x0, 0x0, 0x0, 0x0, 0x8,
    0xca, 0x20, 0xa, 0xff, 0xfe, 0x0, 0xef, 0xff,
    0xf6, 0xc, 0xff, 0xff, 0x80, 0x2b, 0xff, 0xf9,
    0x0, 0x3, 0xff, 0x60, 0x0, 0x9f, 0xf3, 0x0,
    0x6f, 0xfc, 0x2, 0xaf, 0xff, 0x30, 0x4f, 0xfe,
    0x30, 0x0, 0xc8, 0x10, 0x0, 0x0, 0x0, 0x0,
    0x0,

    /* U+003C "<" */
    0x0, 0x0, 0x0, 0x0, 0x0, 0x0, 0x1, 0x20,
    0x0, 0x0, 0x0, 0x0, 0x0, 0x5b, 0xf6, 0x0,
    0x0, 0x0, 0x0, 0x39, 0xef, 0xff, 0x60, 0x0,
    0x0, 0x16, 0xcf, 0xff, 0xff, 0xf6, 0x0, 0x4,
    0xaf, 0xff, 0xff, 0xfe, 0x93, 0x1, 0x7d, 0xff,
    0xff, 0xfe, 0x93, 0x0, 0x0, 0xef, 0xff, 0xff,
    0xa4, 0x0, 0x0, 0x0, 0xe, 0xff, 0xfb, 0x10,
    0x0, 0x0, 0x0, 0x0, 0xef, 0xff, 0xff, 0xa4,
    0x0, 0x0, 0x0, 0x1, 0x7d, 0xff, 0xff, 0xfe,
    0x93, 0x0, 0x0, 0x0, 0x4, 0xaf, 0xff, 0xff,
    0xfe, 0x83, 0x0, 0x0, 0x0, 0x16, 0xcf, 0xff,
    0xff, 0xf6, 0x0, 0x0, 0x0, 0x0, 0x39, 0xef,
    0xff, 0x60, 0x0, 0x0, 0x0, 0x0, 0x0, 0x5b,
    0xf6, 0x0, 0x0, 0x0, 0x0, 0x0, 0x0, 0x2,
    0x20,

    /* U+003D "=" */
    0xef, 0xff, 0xff, 0xff, 0xff, 0xff, 0xff, 0x6e,
    0xff, 0xff, 0xff, 0xff, 0xff, 0xff, 0xf6, 0xde,
    0xee, 0xee, 0xee, 0xee, 0xee, 0xee, 0x60, 0x0,
    0x0, 0x0, 0x0, 0x0, 0x0, 0x0, 0x0, 0x0,
    0x0, 0x0, 0x0, 0x0, 0x0, 0x0, 0x0, 0x0,
    0x0, 0x0, 0x0, 0x0, 0x0, 0x0, 0x0, 0x0,
    0x0, 0x0, 0x0, 0x0, 0xd, 0xee, 0xee, 0xee,
    0xee, 0xee, 0xee, 0xe6, 0xef, 0xff, 0xff, 0xff,
    0xff, 0xff, 0xff, 0x6e, 0xff, 0xff, 0xff, 0xff,
    0xff, 0xff, 0xf6,

    /* U+003E ">" */
    0x40, 0x0, 0x0, 0x0, 0x0, 0x0, 0x0, 0xe,
    0xe8, 0x20, 0x0, 0x0, 0x0, 0x0, 0x0, 0xef,
    0xff, 0xc6, 0x0, 0x0, 0x0, 0x0, 0xe, 0xff,
    0xff, 0xff, 0x93, 0x0, 0x0, 0x0, 0x16, 0xbf,
    0xff, 0xff, 0xfd, 0x71, 0x0, 0x0, 0x0, 0x16,
    0xbf, 0xff, 0xff, 0xfb, 0x40, 0x0, 0x0, 0x0,
    0x17, 0xcf, 0xff, 0xff, 0x60, 0x0, 0x0, 0x0,
    0x0, 0x5f, 0xff, 0xf6, 0x0, 0x0, 0x0, 0x17,
    0xdf, 0xff, 0xff, 0x60, 0x0, 0x16, 0xcf, 0xff,
    0xff, 0xfa, 0x40, 0x16, 0xbf, 0xff, 0xff, 0xfd,
    0x71, 0x0, 0xe, 0xff, 0xff, 0xff, 0x93, 0x0,
    0x0, 0x0, 0xef, 0xff, 0xc6, 0x0, 0x0, 0x0,
    0x0, 0xe, 0xe8, 0x20, 0x0, 0x0, 0x0, 0x0,
    0x0, 0x40, 0x0, 0x0, 0x0, 0x0, 0x0, 0x0,
    0x0,

    /* U+003F "?" */
    0x0, 0x17, 0xce, 0xfc, 0x92, 0x0, 0x0, 0x5e,
    0xff, 0xff, 0xff, 0xf7, 0x0, 0x5f, 0xff, 0xff,
    0xff, 0xff, 0xf3, 0x2, 0xdf, 0xf9, 0x67, 0xef,
    0xff, 0xa0, 0x1, 0xa2, 0x0, 0x4, 0xff, 0xfd,
    0x0, 0x0, 0x0, 0x0, 0xf, 0xff, 0xf0, 0x0,
    0x0, 0x0, 0x2, 0xff, 0xfd, 0x0, 0x0, 0x0,
    0x0, 0xbf, 0xff, 0x70, 0x0, 0x0, 0x0, 0x8f,
    0xff, 0xc0, 0x0, 0x0, 0x0, 0x4f, 0xff, 0xe1,
    0x0, 0x0, 0x0, 0xe, 0xff, 0xf3, 0x0, 0x0,
    0x0, 0x9, 0xff, 0xf7, 0x0, 0x0, 0x0, 0x0,
    0xef, 0xfe, 0x0, 0x0, 0x0, 0x0, 0xf, 0xff,
    0x90, 0x0, 0x0, 0x0, 0x0, 0x99, 0x95, 0x0,
    0x0, 0x0, 0x0, 0x0, 0x0, 0x0, 0x0, 0x0,
    0x0, 0x0, 0x4, 0x20, 0x0, 0x0, 0x0, 0x0,
    0x2e, 0xff, 0x90, 0x0, 0x0, 0x0, 0xa, 0xff,
    0xff, 0x20, 0x0, 0x0, 0x0, 0xbf, 0xff, 0xf4,
    0x0, 0x0, 0x0, 0x7, 0xff, 0xff, 0x10, 0x0,
    0x0, 0x0, 0x9, 0xed, 0x40, 0x0, 0x0,

    /* U+0040 "@" */
    0x0, 0x0, 0x0, 0x0, 0x1, 0x5a, 0xce, 0xfe,
    0xda, 0x51, 0x0, 0x0, 0x0, 0x0, 0x0, 0x0,
    0x1, 0x9f, 0xff, 0xff, 0xff, 0xff, 0xff, 0x70,
    0x0, 0x0, 0x0, 0x0, 0x0, 0x7f, 0xff, 0xfe,
    0xb9, 0x89, 0xbf, 0xff, 0xfc, 0x10, 0x0, 0x0,
    0x0, 0xa, 0xff, 0xfb, 0x40, 0x0, 0x0, 0x0,
    0x5d, 0xff, 0xe1, 0x0, 0x0, 0x0, 0xbf, 0xfe,
    0x40, 0x0, 0x0, 0x0, 0x0, 0x0, 0xbf, 0xfb,
    0x0, 0x0, 0x9, 0xff, 0xd2, 0x0, 0x0, 0x0,
    0x0, 0x0, 0x0, 0xc, 0xff, 0x40, 0x0, 0x4f,
    0xff, 0x20, 0x0, 0x0, 0x0, 0x0, 0x0, 0x0,
    0x2, 0xff, 0xc0, 0x0, 0xcf, 0xf5, 0x0, 0x0,
    0x19, 0xdf, 0xb1, 0x8b, 0x90, 0x0, 0xaf, 0xf1,
    0x5, 0xff, 0xc0, 0x0, 0x2, 0xef, 0xff, 0xfc,
    0xff, 0xa0, 0x0, 0x5f, 0xf5, 0xa, 0xff, 0x40,
    0x0, 0x2e, 0xff, 0xfc, 0xef, 0xff, 0x70, 0x0,
    0x2f, 0xf7, 0xe, 0xff, 0x0, 0x0, 0xaf, 0xfc,
    0x10, 0x1f, 0xff, 0x30, 0x0, 0xf, 0xf8, 0x2f,
    0xfa, 0x0, 0x3, 0xff, 0xf1, 0x0, 0xf, 0xff,
    0x0, 0x0, 0xf, 0xf8, 0x4f, 0xf8, 0x0, 0x8,
    0xff, 0x90, 0x0, 0x1f, 0xfd, 0x0, 0x0, 0x3f,
    0xf7, 0x5f, 0xf7, 0x0, 0xb, 0xff, 0x50, 0x0,
    0x4f, 0xfa, 0x0, 0x0, 0x5f, 0xf4, 0x6f, 0xf6,
    0x0, 0xd, 0xff, 0x30, 0x0, 0x7f, 0xf7, 0x0,
    0x0, 0xcf, 0xf0, 0x5f, 0xf7, 0x0, 0xc, 0xff,
    0x50, 0x0, 0xcf, 0xf6, 0x0, 0x6, 0xff, 0x90,
    0x4f, 0xf9, 0x0, 0xa, 0xff, 0xc2, 0x2b, 0xff,
    0xfc, 0x12, 0x8f, 0xfe, 0x10, 0x1f, 0xfe, 0x0,
    0x3, 0xff, 0xff, 0xff, 0xac, 0xff, 0xff, 0xff,
    0xf3, 0x0, 0xc, 0xff, 0x40, 0x0, 0x7f, 0xff,
    0xfa, 0x3, 0xff, 0xff, 0xfc, 0x20, 0x0, 0x7,
    0xff, 0xc0, 0x0, 0x2, 0x68, 0x30, 0x0, 0x16,
    0x87, 0x30, 0x0, 0x0, 0x0, 0xef, 0xf8, 0x0,
    0x0, 0x0, 0x0, 0x0, 0x0, 0x0, 0x0, 0x0,
    0x0, 0x0, 0x5f, 0xff, 0x90, 0x0, 0x0, 0x0,
    0x0, 0x0, 0x0, 0x0, 0x0, 0x0, 0x0, 0x7,
    0xff, 0xfd, 0x60, 0x0, 0x0, 0x0, 0x57, 0x0,
    0x0, 0x0, 0x0, 0x0, 0x0, 0x6f, 0xff, 0xff,
    0xc9, 0x8a, 0xce, 0xff, 0x20, 0x0, 0x0, 0x0,
    0x0, 0x0, 0x2, 0xaf, 0xff, 0xff, 0xff, 0xff,
    0xfd, 0x40, 0x0, 0x0, 0x0, 0x0, 0x0, 0x0,
    0x1, 0x6a, 0xde, 0xfd, 0xc9, 0x40, 0x0, 0x0,
    0x0, 0x0,

    /* U+0041 "A" */
    0x0, 0x0, 0x0, 0xa, 0xff, 0xff, 0x90, 0x0,
    0x0, 0x0, 0x0, 0x0, 0x0, 0xe, 0xff, 0xff,
    0xe0, 0x0, 0x0, 0x0, 0x0, 0x0, 0x0, 0x4f,
    0xff, 0xff, 0xf3, 0x0, 0x0, 0x0, 0x0, 0x0,
    0x0, 0x9f, 0xfd, 0xff, 0xf8, 0x0, 0x0, 0x0,
    0x0, 0x0, 0x0, 0xef, 0xf8, 0xcf, 0xfd, 0x0,
    0x0, 0x0, 0x0, 0x0, 0x3, 0xff, 0xf4, 0x8f,
    0xff, 0x20, 0x0, 0x0, 0x0, 0x0, 0x8, 0xff,
    0xf0, 0x4f, 0xff, 0x70, 0x0, 0x0, 0x0, 0x0,
    0xd, 0xff, 0xc0, 0xf, 0xff, 0xc0, 0x0, 0x0,
    0x0, 0x0, 0x2f, 0xff, 0x80, 0xb, 0xff, 0xf1,
    0x0, 0x0, 0x0, 0x0, 0x7f, 0xff, 0x40, 0x7,
    0xff, 0xf6, 0x0, 0x0, 0x0, 0x0, 0xcf, 0xff,
    0x0, 0x3, 0xff, 0xfb, 0x0, 0x0, 0x0, 0x1,
    0xff, 0xfc, 0x0, 0x0, 0xff, 0xff, 0x10, 0x0,
    0x0, 0x6, 0xff, 0xfa, 0x33, 0x33, 0xcf, 0xff,
    0x50, 0x0, 0x0, 0xb, 0xff, 0xff, 0xff, 0xff,
    0xff, 0xff, 0xb0, 0x0, 0x0, 0x1f, 0xff, 0xff,
    0xff, 0xff, 0xff, 0xff, 0xf0, 0x0, 0x0, 0x5f,
    0xff, 0xff, 0xff, 0xff, 0xff, 0xff, 0xf5, 0x0,
    0x0, 0xbf, 0xff, 0x60, 0x0, 0x0, 0x9, 0xff,
    0xfa, 0x0, 0x0, 0xff, 0xff, 0x10, 0x0, 0x0,
    0x5, 0xff, 0xfe, 0x0, 0x5, 0xff, 0xfd, 0x0,
    0x0, 0x0, 0x0, 0xff, 0xff, 0x40, 0xa, 0xff,
    0xf8, 0x0, 0x0, 0x0, 0x0, 0xbf, 0xff, 0x90,
    0xe, 0xff, 0xf3, 0x0, 0x0, 0x0, 0x0, 0x7f,
    0xff, 0xe0,

    /* U+0042 "B" */
    0x7f, 0xff, 0xff, 0xff, 0xec, 0xa4, 0x0, 0x0,
    0x7f, 0xff, 0xff, 0xff, 0xff, 0xff, 0xe2, 0x0,
    0x7f, 0xff, 0xff, 0xff, 0xff, 0xff, 0xfe, 0x10,
    0x7f, 0xff, 0xb2, 0x23, 0x4a, 0xff, 0xff, 0x90,
    0x7f, 0xff, 0xa0, 0x0, 0x0, 0x8f, 0xff, 0xc0,
    0x7f, 0xff, 0xa0, 0x0, 0x0, 0x3f, 0xff, 0xd0,
    0x7f, 0xff, 0xa0, 0x0, 0x0, 0x3f, 0xff, 0xc0,
    0x7f, 0xff, 0xa0, 0x0, 0x0, 0x9f, 0xff, 0x70,
    0x7f, 0xff, 0xb0, 0x1, 0x39, 0xff, 0xfe, 0x10,
    0x7f, 0xff, 0xff, 0xff, 0xff, 0xff, 0xd2, 0x0,
    0x7f, 0xff, 0xff, 0xff, 0xff, 0xff, 0xa3, 0x0,
    0x7f, 0xff, 0xff, 0xff, 0xff, 0xff, 0xff, 0x70,
    0x7f, 0xff, 0xa0, 0x0, 0x13, 0x8f, 0xff, 0xf4,
    0x7f, 0xff, 0xa0, 0x0, 0x0, 0x7, 0xff, 0xfb,
    0x7f, 0xff, 0xa0, 0x0, 0x0, 0x2, 0xff, 0xfd,
    0x7f, 0xff, 0xa0, 0x0, 0x0, 0x3, 0xff, 0xfe,
    0x7f, 0xff, 0xa0, 0x0, 0x0, 0xb, 0xff, 0xfc,
    0x7f, 0xff, 0xb2, 0x22, 0x46, 0xcf, 0xff, 0xf6,
    0x7f, 0xff, 0xff, 0xff, 0xff, 0xff, 0xff, 0x90,
    0x7f, 0xff, 0xff, 0xff, 0xff, 0xff, 0xf9, 0x0,
    0x7f, 0xff, 0xff, 0xff, 0xfd, 0xb7, 0x10, 0x0,

    /* U+0043 "C" */
    0x0, 0x0, 0x0, 0x49, 0xde, 0xfd, 0x93, 0x0,
    0x0, 0x0, 0x3, 0xcf, 0xff, 0xff, 0xff, 0xfb,
    0x10, 0x0, 0x5, 0xff, 0xff, 0xff, 0xff, 0xff,
    0xfd, 0x0, 0x3, 0xff, 0xff, 0xfe, 0xb9, 0xdf,
    0xff, 0x80, 0x0, 0xef, 0xff, 0xf7, 0x0, 0x0,
    0x2c, 0xa0, 0x0, 0x6f, 0xff, 0xf5, 0x0, 0x0,
    0x0, 0x0, 0x0, 0xd, 0xff, 0xfb, 0x0, 0x0,
    0x0, 0x0, 0x0, 0x1, 0xff, 0xff, 0x30, 0x0,
    0x0, 0x0, 0x0, 0x0, 0x4f, 0xff, 0xf0, 0x0,
    0x0, 0x0, 0x0, 0x0, 0x6, 0xff, 0xfe, 0x0,
    0x0, 0x0, 0x0, 0x0, 0x0, 0x7f, 0xff, 0xc0,
    0x0, 0x0, 0x0, 0x0, 0x0, 0x6, 0xff, 0xfe,
    0x0, 0x0, 0x0, 0x0, 0x0, 0x0, 0x5f, 0xff,
    0xf0, 0x0, 0x0, 0x0, 0x0, 0x0, 0x2, 0xff,
    0xff, 0x30, 0x0, 0x0, 0x0, 0x0, 0x0, 0xe,
    0xff, 0xfb, 0x0, 0x0, 0x0, 0x0, 0x0, 0x0,
    0x8f, 0xff, 0xf4, 0x0, 0x0, 0x0, 0x4, 0x0,
    0x1, 0xff, 0xff, 0xf6, 0x0, 0x0, 0x2d, 0xf5,
    0x0, 0x5, 0xff, 0xff, 0xfe, 0xb9, 0xcf, 0xff,
    0xf3, 0x0, 0x7, 0xff, 0xff, 0xff, 0xff, 0xff,
    0xfe, 0x20, 0x0, 0x5, 0xef, 0xff, 0xff, 0xff,
    0xfb, 0x10, 0x0, 0x0, 0x0, 0x5a, 0xdf, 0xfd,
    0x94, 0x0, 0x0,

    /* U+0044 "D" */
    0x7f, 0xff, 0xff, 0xfe, 0xd9, 0x50, 0x0, 0x0,
    0x7, 0xff, 0xff, 0xff, 0xff, 0xff, 0xe6, 0x0,
    0x0, 0x7f, 0xff, 0xff, 0xff, 0xff, 0xff, 0xf9,
    0x0, 0x7, 0xff, 0xfc, 0x56, 0x8b, 0xff, 0xff,
    0xf7, 0x0, 0x7f, 0xff, 0xa0, 0x0, 0x4, 0xdf,
    0xff, 0xf2, 0x7, 0xff, 0xfa, 0x0, 0x0, 0x1,
    0xef, 0xff, 0x90, 0x7f, 0xff, 0xa0, 0x0, 0x0,
    0x7, 0xff, 0xfe, 0x7, 0xff, 0xfa, 0x0, 0x0,
    0x0, 0x1f, 0xff, 0xf3, 0x7f, 0xff, 0xa0, 0x0,
    0x0, 0x0, 0xef, 0xff, 0x57, 0xff, 0xfa, 0x0,
    0x0, 0x0, 0xc, 0xff, 0xf6, 0x7f, 0xff, 0xa0,
    0x0, 0x0, 0x0, 0xcf, 0xff, 0x77, 0xff, 0xfa,
    0x0, 0x0, 0x0, 0xd, 0xff, 0xf6, 0x7f, 0xff,
    0xa0, 0x0, 0x0, 0x0, 0xef, 0xff, 0x57, 0xff,
    0xfa, 0x0, 0x0, 0x0, 0x2f, 0xff, 0xf2, 0x7f,
    0xff, 0xa0, 0x0, 0x0, 0x8, 0xff, 0xfe, 0x7,
    0xff, 0xfa, 0x0, 0x0, 0x2, 0xff, 0xff, 0x90,
    0x7f, 0xff, 0xa0, 0x0, 0x5, 0xef, 0xff, 0xf1,
    0x7, 0xff, 0xfc, 0x56, 0x9c, 0xff, 0xff, 0xf6,
    0x0, 0x7f, 0xff, 0xff, 0xff, 0xff, 0xff, 0xf8,
    0x0, 0x7, 0xff, 0xff, 0xff, 0xff, 0xff, 0xe5,
    0x0, 0x0, 0x7f, 0xff, 0xff, 0xfe, 0xd9, 0x50,
    0x0, 0x0, 0x0,

    /* U+0045 "E" */
    0x7f, 0xff, 0xff, 0xff, 0xff, 0xff, 0xf4, 0x7f,
    0xff, 0xff, 0xff, 0xff, 0xff, 0xf4, 0x7f, 0xff,
    0xff, 0xff, 0xff, 0xff, 0xf4, 0x7f, 0xff, 0xd7,
    0x77, 0x77, 0x77, 0x71, 0x7f, 0xff, 0xa0, 0x0,
    0x0, 0x0, 0x0, 0x7f, 0xff, 0xa0, 0x0, 0x0,
    0x0, 0x0, 0x7f, 0xff, 0xa0, 0x0, 0x0, 0x0,
    0x0, 0x7f, 0xff, 0xa0, 0x0, 0x0, 0x0, 0x0,
    0x7f, 0xff, 0xd7, 0x77, 0x77, 0x76, 0x0, 0x7f,
    0xff, 0xff, 0xff, 0xff, 0xfe, 0x0, 0x7f, 0xff,
    0xff, 0xff, 0xff, 0xfe, 0x0, 0x7f, 0xff, 0xff,
    0xff, 0xff, 0xfe, 0x0, 0x7f, 0xff, 0xa0, 0x0,
    0x0, 0x0, 0x0, 0x7f, 0xff, 0xa0, 0x0, 0x0,
    0x0, 0x0, 0x7f, 0xff, 0xa0, 0x0, 0x0, 0x0,
    0x0, 0x7f, 0xff, 0xa0, 0x0, 0x0, 0x0, 0x0,
    0x7f, 0xff, 0xa0, 0x0, 0x0, 0x0, 0x0, 0x7f,
    0xff, 0xd7, 0x77, 0x77, 0x77, 0x74, 0x7f, 0xff,
    0xff, 0xff, 0xff, 0xff, 0xf8, 0x7f, 0xff, 0xff,
    0xff, 0xff, 0xff, 0xf8, 0x7f, 0xff, 0xff, 0xff,
    0xff, 0xff, 0xf8,

    /* U+0046 "F" */
    0x7f, 0xff, 0xff, 0xff, 0xff, 0xff, 0xf4, 0x7f,
    0xff, 0xff, 0xff, 0xff, 0xff, 0xf4, 0x7f, 0xff,
    0xff, 0xff, 0xff, 0xff, 0xf4, 0x7f, 0xff, 0xd7,
    0x77, 0x77, 0x77, 0x72, 0x7f, 0xff, 0xa0, 0x0,
    0x0, 0x0, 0x0, 0x7f, 0xff, 0xa0, 0x0, 0x0,
    0x0, 0x0, 0x7f, 0xff, 0xa0, 0x0, 0x0, 0x0,
    0x0, 0x7f, 0xff, 0xa0, 0x0, 0x0, 0x0, 0x0,
    0x7f, 0xff, 0xa0, 0x0, 0x0, 0x0, 0x0, 0x7f,
    0xff, 0xff, 0xff, 0xff, 0xff, 0x0, 0x7f, 0xff,
    0xff, 0xff, 0xff, 0xff, 0x0, 0x7f, 0xff, 0xff,
    0xff, 0xff, 0xff, 0x0, 0x7f, 0xff, 0xd7, 0x77,
    0x77, 0x77, 0x0, 0x7f, 0xff, 0xa0, 0x0, 0x0,
    0x0, 0x0, 0x7f, 0xff, 0xa0, 0x0, 0x0, 0x0,
    0x0, 0x7f, 0xff, 0xa0, 0x0, 0x0, 0x0, 0x0,
    0x7f, 0xff, 0xa0, 0x0, 0x0, 0x0, 0x0, 0x7f,
    0xff, 0xa0, 0x0, 0x0, 0x0, 0x0, 0x7f, 0xff,
    0xa0, 0x0, 0x0, 0x0, 0x0, 0x7f, 0xff, 0xa0,
    0x0, 0x0, 0x0, 0x0, 0x7f, 0xff, 0xa0, 0x0,
    0x0, 0x0, 0x0,

    /* U+0047 "G" */
    0x0, 0x0, 0x0, 0x38, 0xce, 0xfe, 0xc7, 0x10,
    0x0, 0x0, 0x0, 0x2b, 0xff, 0xff, 0xff, 0xff,
    0xf7, 0x0, 0x0, 0x4, 0xff, 0xff, 0xff, 0xff,
    0xff, 0xff, 0x80, 0x0, 0x3f, 0xff, 0xff, 0xfc,
    0x9b, 0xef, 0xfe, 0x20, 0x0, 0xdf, 0xff, 0xf8,
    0x0, 0x0, 0x5, 0xe3, 0x0, 0x6, 0xff, 0xff,
    0x50, 0x0, 0x0, 0x0, 0x0, 0x0, 0xd, 0xff,
    0xfc, 0x0, 0x0, 0x0, 0x0, 0x0, 0x0, 0x1f,
    0xff, 0xf4, 0x0, 0x0, 0x0, 0x0, 0x0, 0x0,
    0x4f, 0xff, 0xf0, 0x0, 0x0, 0x0, 0x0, 0x0,
    0x0, 0x6f, 0xff, 0xe0, 0x0, 0x2, 0xff, 0xff,
    0xff, 0xf3, 0x7f, 0xff, 0xc0, 0x0, 0x2, 0xff,
    0xff, 0xff, 0xf3, 0x6f, 0xff, 0xe0, 0x0, 0x2,
    0xff, 0xff, 0xff, 0xf3, 0x5f, 0xff, 0xf0, 0x0,
    0x1, 0x55, 0x5b, 0xff, 0xf3, 0x2f, 0xff, 0xf3,
    0x0, 0x0, 0x0, 0x8, 0xff, 0xf3, 0xe, 0xff,
    0xfb, 0x0, 0x0, 0x0, 0x8, 0xff, 0xf3, 0x8,
    0xff, 0xff, 0x50, 0x0, 0x0, 0x8, 0xff, 0xf3,
    0x1, 0xef, 0xff, 0xf8, 0x0, 0x0, 0xa, 0xff,
    0xf3, 0x0, 0x4f, 0xff, 0xff, 0xfc, 0xaa, 0xdf,
    0xff, 0xf3, 0x0, 0x6, 0xff, 0xff, 0xff, 0xff,
    0xff, 0xff, 0xe1, 0x0, 0x0, 0x3d, 0xff, 0xff,
    0xff, 0xff, 0xfb, 0x20, 0x0, 0x0, 0x0, 0x49,
    0xde, 0xfe, 0xc8, 0x30, 0x0,

    /* U+0048 "H" */
    0x7f, 0xff, 0xa0, 0x0, 0x0, 0x0, 0x7f, 0xff,
    0xa7, 0xff, 0xfa, 0x0, 0x0, 0x0, 0x7, 0xff,
    0xfa, 0x7f, 0xff, 0xa0, 0x0, 0x0, 0x0, 0x7f,
    0xff, 0xa7, 0xff, 0xfa, 0x0, 0x0, 0x0, 0x7,
    0xff, 0xfa, 0x7f, 0xff, 0xa0, 0x0, 0x0, 0x0,
    0x7f, 0xff, 0xa7, 0xff, 0xfa, 0x0, 0x0, 0x0,
    0x7, 0xff, 0xfa, 0x7f, 0xff, 0xa0, 0x0, 0x0,
    0x0, 0x7f, 0xff, 0xa7, 0xff, 0xfa, 0x0, 0x0,
    0x0, 0x7, 0xff, 0xfa, 0x7f, 0xff, 0xd8, 0x88,
    0x88, 0x88, 0xcf, 0xff, 0xa7, 0xff, 0xff, 0xff,
    0xff, 0xff, 0xff, 0xff, 0xfa, 0x7f, 0xff, 0xff,
    0xff, 0xff, 0xff, 0xff, 0xff, 0xa7, 0xff, 0xff,
    0xff, 0xff, 0xff, 0xff, 0xff, 0xfa, 0x7f, 0xff,
    0xa0, 0x0, 0x0, 0x0, 0x7f, 0xff, 0xa7, 0xff,
    0xfa, 0x0, 0x0, 0x0, 0x7, 0xff, 0xfa, 0x7f,
    0xff, 0xa0, 0x0, 0x0, 0x0, 0x7f, 0xff, 0xa7,
    0xff, 0xfa, 0x0, 0x0, 0x0, 0x7, 0xff, 0xfa,
    0x7f, 0xff, 0xa0, 0x0, 0x0, 0x0, 0x7f, 0xff,
    0xa7, 0xff, 0xfa, 0x0, 0x0, 0x0, 0x7, 0xff,
    0xfa, 0x7f, 0xff, 0xa0, 0x0, 0x0, 0x0, 0x7f,
    0xff, 0xa7, 0xff, 0xfa, 0x0, 0x0, 0x0, 0x7,
    0xff, 0xfa, 0x7f, 0xff, 0xa0, 0x0, 0x0, 0x0,
    0x7f, 0xff, 0xa0,

    /* U+0049 "I" */
    0x7f, 0xff, 0xa7, 0xff, 0xfa, 0x7f, 0xff, 0xa7,
    0xff, 0xfa, 0x7f, 0xff, 0xa7, 0xff, 0xfa, 0x7f,
    0xff, 0xa7, 0xff, 0xfa, 0x7f, 0xff, 0xa7, 0xff,
    0xfa, 0x7f, 0xff, 0xa7, 0xff, 0xfa, 0x7f, 0xff,
    0xa7, 0xff, 0xfa, 0x7f, 0xff, 0xa7, 0xff, 0xfa,
    0x7f, 0xff, 0xa7, 0xff, 0xfa, 0x7f, 0xff, 0xa7,
    0xff, 0xfa, 0x7f, 0xff, 0xa0,

    /* U+004A "J" */
    0x0, 0x0, 0x0, 0x0, 0xa, 0xff, 0xf7, 0x0,
    0x0, 0x0, 0x0, 0xa, 0xff, 0xf7, 0x0, 0x0,
    0x0, 0x0, 0xa, 0xff, 0xf7, 0x0, 0x0, 0x0,
    0x0, 0xa, 0xff, 0xf7, 0x0, 0x0, 0x0, 0x0,
    0xa, 0xff, 0xf7, 0x0, 0x0, 0x0, 0x0, 0xa,
    0xff, 0xf7, 0x0, 0x0, 0x0, 0x0, 0xa, 0xff,
    0xf7, 0x0, 0x0, 0x0, 0x0, 0xa, 0xff, 0xf7,
    0x0, 0x0, 0x0, 0x0, 0xa, 0xff, 0xf7, 0x0,
    0x0, 0x0, 0x0, 0xa, 0xff, 0xf7, 0x0, 0x0,
    0x0, 0x0, 0xa, 0xff, 0xf7, 0x0, 0x0, 0x0,
    0x0, 0xa, 0xff, 0xf7, 0x0, 0x0, 0x0, 0x0,
    0xa, 0xff, 0xf7, 0x0, 0x0, 0x0, 0x0, 0xa,
    0xff, 0xf7, 0x0, 0x0, 0x0, 0x0, 0xc, 0xff,
    0xf6, 0x0, 0x16, 0x0, 0x0, 0xe, 0xff, 0xf4,
    0x4, 0xef, 0x60, 0x0, 0x6f, 0xff, 0xf1, 0x2f,
    0xff, 0xfc, 0x9b, 0xff, 0xff, 0xa0, 0x8, 0xff,
    0xff, 0xff, 0xff, 0xff, 0x20, 0x0, 0x8f, 0xff,
    0xff, 0xff, 0xe4, 0x0, 0x0, 0x3, 0x9d, 0xff,
    0xd9, 0x10, 0x0,

    /* U+004B "K" */
    0x7f, 0xff, 0xa0, 0x0, 0x0, 0xb, 0xff, 0xfc,
    0x0, 0x7f, 0xff, 0xa0, 0x0, 0x0, 0x7f, 0xff,
    0xe2, 0x0, 0x7f, 0xff, 0xa0, 0x0, 0x4, 0xff,
    0xff, 0x40, 0x0, 0x7f, 0xff, 0xa0, 0x0, 0x1e,
    0xff, 0xf8, 0x0, 0x0, 0x7f, 0xff, 0xa0, 0x0,
    0xbf, 0xff, 0xc0, 0x0, 0x0, 0x7f, 0xff, 0xa0,
    0x7, 0xff, 0xfe, 0x10, 0x0, 0x0, 0x7f, 0xff,
    0xa0, 0x4f, 0xff, 0xf4, 0x0, 0x0, 0x0, 0x7f,
    0xff, 0xa1, 0xef, 0xff, 0x70, 0x0, 0x0, 0x0,
    0x7f, 0xff, 0xbb, 0xff, 0xff, 0x10, 0x0, 0x0,
    0x0, 0x7f, 0xff, 0xff, 0xff, 0xff, 0x90, 0x0,
    0x0, 0x0, 0x7f, 0xff, 0xff, 0xff, 0xff, 0xf2,
    0x0, 0x0, 0x0, 0x7f, 0xff, 0xff, 0xfd, 0xff,
    0xfc, 0x0, 0x0, 0x0, 0x7f, 0xff, 0xff, 0xa1,
    0xff, 0xff, 0x50, 0x0, 0x0, 0x7f, 0xff, 0xfd,
    0x0, 0x7f, 0xff, 0xe0, 0x0, 0x0, 0x7f, 0xff,
    0xf3, 0x0, 0xe, 0xff, 0xf8, 0x0, 0x0, 0x7f,
    0xff, 0xb0, 0x0, 0x5, 0xff, 0xff, 0x20, 0x0,
    0x7f, 0xff, 0xa0, 0x0, 0x0, 0xcf, 0xff, 0xa0,
    0x0, 0x7f, 0xff, 0xa0, 0x0, 0x0, 0x3f, 0xff,
    0xf4, 0x0, 0x7f, 0xff, 0xa0, 0x0, 0x0, 0xa,
    0xff, 0xfd, 0x0, 0x7f, 0xff, 0xa0, 0x0, 0x0,
    0x1, 0xff, 0xff, 0x60, 0x7f, 0xff, 0xa0, 0x0,
    0x0, 0x0, 0x8f, 0xff, 0xe1,

    /* U+004C "L" */
    0x7f, 0xff, 0xa0, 0x0, 0x0, 0x0, 0x0, 0x7f,
    0xff, 0xa0, 0x0, 0x0, 0x0, 0x0, 0x7f, 0xff,
    0xa0, 0x0, 0x0, 0x0, 0x0, 0x7f, 0xff, 0xa0,
    0x0, 0x0, 0x0, 0x0, 0x7f, 0xff, 0xa0, 0x0,
    0x0, 0x0, 0x0, 0x7f, 0xff, 0xa0, 0x0, 0x0,
    0x0, 0x0, 0x7f, 0xff, 0xa0, 0x0, 0x0, 0x0,
    0x0, 0x7f, 0xff, 0xa0, 0x0, 0x0, 0x0, 0x0,
    0x7f, 0xff, 0xa0, 0x0, 0x0, 0x0, 0x0, 0x7f,
    0xff, 0xa0, 0x0, 0x0, 0x0, 0x0, 0x7f, 0xff,
    0xa0, 0x0, 0x0, 0x0, 0x0, 0x7f, 0xff, 0xa0,
    0x0, 0x0, 0x0, 0x0, 0x7f, 0xff, 0xa0, 0x0,
    0x0, 0x0, 0x0, 0x7f, 0xff, 0xa0, 0x0, 0x0,
    0x0, 0x0, 0x7f, 0xff, 0xa0, 0x0, 0x0, 0x0,
    0x0, 0x7f, 0xff, 0xa0, 0x0, 0x0, 0x0, 0x0,
    0x7f, 0xff, 0xa0, 0x0, 0x0, 0x0, 0x0, 0x7f,
    0xff, 0xd7, 0x77, 0x77, 0x77, 0x70, 0x7f, 0xff,
    0xff, 0xff, 0xff, 0xff, 0xf1, 0x7f, 0xff, 0xff,
    0xff, 0xff, 0xff, 0xf1, 0x7f, 0xff, 0xff, 0xff,
    0xff, 0xff, 0xf1,

    /* U+004D "M" */
    0x7f, 0xff, 0xf5, 0x0, 0x0, 0x0, 0x0, 0x6f,
    0xff, 0xf5, 0x7f, 0xff, 0xfa, 0x0, 0x0, 0x0,
    0x0, 0xcf, 0xff, 0xf5, 0x7f, 0xff, 0xff, 0x10,
    0x0, 0x0, 0x1, 0xff, 0xff, 0xf5, 0x7f, 0xff,
    0xff, 0x60, 0x0, 0x0, 0x7, 0xff, 0xff, 0xf5,
    0x7f, 0xff, 0xff, 0xb0, 0x0, 0x0, 0xd, 0xff,
    0xff, 0xf5, 0x7f, 0xfe, 0xff, 0xf1, 0x0, 0x0,
    0x2f, 0xfe, 0xff, 0xf5, 0x7f, 0xfd, 0xcf, 0xf7,
    0x0, 0x0, 0x8f, 0xf9, 0xff, 0xf5, 0x7f, 0xff,
    0x6f, 0xfd, 0x0, 0x0, 0xdf, 0xf5, 0xff, 0xf5,
    0x7f, 0xff, 0x2f, 0xff, 0x20, 0x3, 0xff, 0xe3,
    0xff, 0xf5, 0x7f, 0xff, 0x1c, 0xff, 0x80, 0x9,
    0xff, 0x84, 0xff, 0xf5, 0x7f, 0xff, 0x26, 0xff,
    0xd0, 0xe, 0xff, 0x35, 0xff, 0xf5, 0x7f, 0xff,
    0x31, 0xff, 0xf2, 0x3f, 0xfd, 0x6, 0xff, 0xf5,
    0x7f, 0xff, 0x40, 0xbf, 0xf7, 0x8f, 0xf7, 0x6,
    0xff, 0xf5, 0x7f, 0xff, 0x40, 0x5f, 0xfd, 0xdf,
    0xf2, 0x6, 0xff, 0xf5, 0x7f, 0xff, 0x40, 0xe,
    0xff, 0xff, 0xc0, 0x6, 0xff, 0xf5, 0x7f, 0xff,
    0x40, 0x9, 0xff, 0xff, 0x60, 0x6, 0xff, 0xf5,
    0x7f, 0xff, 0x40, 0x3, 0xff, 0xff, 0x10, 0x6,
    0xff, 0xf5, 0x7f, 0xff, 0x40, 0x0, 0xdf, 0xfa,
    0x0, 0x6, 0xff, 0xf5, 0x7f, 0xff, 0x40, 0x0,
    0x8f, 0xf5, 0x0, 0x6, 0xff, 0xf5, 0x7f, 0xff,
    0x40, 0x0, 0x1, 0x10, 0x0, 0x6, 0xff, 0xf5,
    0x7f, 0xff, 0x40, 0x0, 0x0, 0x0, 0x0, 0x6,
    0xff, 0xf5,

    /* U+004E "N" */
    0x7f, 0xff, 0xf1, 0x0, 0x0, 0x0, 0x8f, 0xff,
    0x67, 0xff, 0xff, 0x90, 0x0, 0x0, 0x8, 0xff,
    0xf6, 0x7f, 0xff, 0xff, 0x20, 0x0, 0x0, 0x8f,
    0xff, 0x67, 0xff, 0xff, 0xfa, 0x0, 0x0, 0x8,
    0xff, 0xf6, 0x7f, 0xff, 0xff, 0xf3, 0x0, 0x0,
    0x8f, 0xff, 0x67, 0xff, 0xfc, 0xff, 0xb0, 0x0,
    0x8, 0xff, 0xf6, 0x7f, 0xff, 0x6f, 0xff, 0x40,
    0x0, 0x8f, 0xff, 0x67, 0xff, 0xf2, 0xdf, 0xfc,
    0x0, 0x8, 0xff, 0xf6, 0x7f, 0xff, 0x46, 0xff,
    0xf5, 0x0, 0x8f, 0xff, 0x67, 0xff, 0xf5, 0xe,
    0xff, 0xd0, 0x7, 0xff, 0xf6, 0x7f, 0xff, 0x60,
    0x6f, 0xff, 0x60, 0x6f, 0xff, 0x67, 0xff, 0xf6,
    0x0, 0xdf, 0xfe, 0x5, 0xff, 0xf6, 0x7f, 0xff,
    0x70, 0x5, 0xff, 0xf6, 0x4f, 0xff, 0x67, 0xff,
    0xf7, 0x0, 0xd, 0xff, 0xd3, 0xff, 0xf6, 0x7f,
    0xff, 0x70, 0x0, 0x4f, 0xff, 0x6f, 0xff, 0x67,
    0xff, 0xf7, 0x0, 0x0, 0xcf, 0xfc, 0xff, 0xf6,
    0x7f, 0xff, 0x70, 0x0, 0x3, 0xff, 0xff, 0xff,
    0x67, 0xff, 0xf7, 0x0, 0x0, 0xb, 0xff, 0xff,
    0xf6, 0x7f, 0xff, 0x70, 0x0, 0x0, 0x2f, 0xff,
    0xff, 0x67, 0xff, 0xf7, 0x0, 0x0, 0x0, 0xaf,
    0xff, 0xf6, 0x7f, 0xff, 0x70, 0x0, 0x0, 0x1,
    0xff, 0xff, 0x60,

    /* U+004F "O" */
    0x0, 0x0, 0x1, 0x6b, 0xef, 0xed, 0x94, 0x0,
    0x0, 0x0, 0x0, 0x0, 0x7f, 0xff, 0xff, 0xff,
    0xff, 0xc2, 0x0, 0x0, 0x0, 0x9, 0xff, 0xff,
    0xff, 0xff, 0xff, 0xff, 0x30, 0x0, 0x0, 0x7f,
    0xff, 0xff, 0xd9, 0xbe, 0xff, 0xff, 0xe1, 0x0,
    0x2, 0xff, 0xff, 0xe3, 0x0, 0x0, 0x8f, 0xff,
    0xfa, 0x0, 0x9, 0xff, 0xff, 0x20, 0x0, 0x0,
    0x8, 0xff, 0xff, 0x20, 0xe, 0xff, 0xf9, 0x0,
    0x0, 0x0, 0x1, 0xff, 0xff, 0x70, 0x2f, 0xff,
    0xf2, 0x0, 0x0, 0x0, 0x0, 0x9f, 0xff, 0xb0,
    0x5f, 0xff, 0xf0, 0x0, 0x0, 0x0, 0x0, 0x6f,
    0xff, 0xe0, 0x6f, 0xff, 0xd0, 0x0, 0x0, 0x0,
    0x0, 0x4f, 0xff, 0xf0, 0x7f, 0xff, 0xc0, 0x0,
    0x0, 0x0, 0x0, 0x3f, 0xff, 0xf0, 0x6f, 0xff,
    0xe0, 0x0, 0x0, 0x0, 0x0, 0x5f, 0xff, 0xf0,
    0x5f, 0xff, 0xf0, 0x0, 0x0, 0x0, 0x0, 0x7f,
    0xff, 0xe0, 0x2f, 0xff, 0xf3, 0x0, 0x0, 0x0,
    0x0, 0xaf, 0xff, 0xa0, 0xe, 0xff, 0xfa, 0x0,
    0x0, 0x0, 0x1, 0xff, 0xff, 0x70, 0x8, 0xff,
    0xff, 0x30, 0x0, 0x0, 0x9, 0xff, 0xff, 0x10,
    0x1, 0xff, 0xff, 0xf4, 0x0, 0x0, 0xaf, 0xff,
    0xf9, 0x0, 0x0, 0x6f, 0xff, 0xff, 0xda, 0xbf,
    0xff, 0xff, 0xe1, 0x0, 0x0, 0x8, 0xff, 0xff,
    0xff, 0xff, 0xff, 0xfe, 0x30, 0x0, 0x0, 0x0,
    0x6e, 0xff, 0xff, 0xff, 0xff, 0xb2, 0x0, 0x0,
    0x0, 0x0, 0x0, 0x6b, 0xef, 0xed, 0x94, 0x0,
    0x0, 0x0,

    /* U+0050 "P" */
    0x7f, 0xff, 0xff, 0xff, 0xdc, 0xa3, 0x0, 0x0,
    0x7f, 0xff, 0xff, 0xff, 0xff, 0xff, 0xc3, 0x0,
    0x7f, 0xff, 0xff, 0xff, 0xff, 0xff, 0xff, 0x20,
    0x7f, 0xff, 0xc4, 0x45, 0x6b, 0xff, 0xff, 0xc0,
    0x7f, 0xff, 0xa0, 0x0, 0x0, 0x5f, 0xff, 0xf2,
    0x7f, 0xff, 0xa0, 0x0, 0x0, 0xd, 0xff, 0xf5,
    0x7f, 0xff, 0xa0, 0x0, 0x0, 0xa, 0xff, 0xf6,
    0x7f, 0xff, 0xa0, 0x0, 0x0, 0xb, 0xff, 0xf6,
    0x7f, 0xff, 0xa0, 0x0, 0x0, 0xe, 0xff, 0xf4,
    0x7f, 0xff, 0xa0, 0x0, 0x0, 0x8f, 0xff, 0xf0,
    0x7f, 0xff, 0xc4, 0x44, 0x6c, 0xff, 0xff, 0x70,
    0x7f, 0xff, 0xff, 0xff, 0xff, 0xff, 0xfb, 0x0,
    0x7f, 0xff, 0xff, 0xff, 0xff, 0xff, 0x91, 0x0,
    0x7f, 0xff, 0xff, 0xff, 0xdb, 0x82, 0x0, 0x0,
    0x7f, 0xff, 0xa0, 0x0, 0x0, 0x0, 0x0, 0x0,
    0x7f, 0xff, 0xa0, 0x0, 0x0, 0x0, 0x0, 0x0,
    0x7f, 0xff, 0xa0, 0x0, 0x0, 0x0, 0x0, 0x0,
    0x7f, 0xff, 0xa0, 0x0, 0x0, 0x0, 0x0, 0x0,
    0x7f, 0xff, 0xa0, 0x0, 0x0, 0x0, 0x0, 0x0,
    0x7f, 0xff, 0xa0, 0x0, 0x0, 0x0, 0x0, 0x0,
    0x7f, 0xff, 0xa0, 0x0, 0x0, 0x0, 0x0, 0x0,

    /* U+0051 "Q" */
    0x0, 0x0, 0x0, 0x6b, 0xef, 0xed, 0x94, 0x0,
    0x0, 0x0, 0x0, 0x0, 0x6e, 0xff, 0xff, 0xff,
    0xff, 0xb2, 0x0, 0x0, 0x0, 0x8, 0xff, 0xff,
    0xff, 0xff, 0xff, 0xfe, 0x20, 0x0, 0x0, 0x6f,
    0xff, 0xff, 0xda, 0xbf, 0xff, 0xff, 0xe0, 0x0,
    0x1, 0xff, 0xff, 0xe3, 0x0, 0x0, 0x9f, 0xff,
    0xf9, 0x0, 0x7, 0xff, 0xff, 0x20, 0x0, 0x0,
    0x9, 0xff, 0xff, 0x10, 0xd, 0xff, 0xfa, 0x0,
    0x0, 0x0, 0x1, 0xff, 0xff, 0x60, 0x1f, 0xff,
    0xf3, 0x0, 0x0, 0x0, 0x0, 0xaf, 0xff, 0xa0,
    0x5f, 0xff, 0xf0, 0x0, 0x0, 0x0, 0x0, 0x7f,
    0xff, 0xd0, 0x6f, 0xff, 0xe0, 0x0, 0x0, 0x0,
    0x0, 0x5f, 0xff, 0xf0, 0x7f, 0xff, 0xc0, 0x0,
    0x0, 0x0, 0x0, 0x3f, 0xff, 0xf0, 0x7f, 0xff,
    0xd0, 0x0, 0x0, 0x0, 0x0, 0x4f, 0xff, 0xf0,
    0x6f, 0xff, 0xf0, 0x0, 0x0, 0x0, 0x0, 0x6f,
    0xff, 0xd0, 0x3f, 0xff, 0xf1, 0x0, 0x0, 0x0,
    0x0, 0x7f, 0xff, 0xb0, 0xf, 0xff, 0xf5, 0x0,
    0x0, 0x0, 0x0, 0xcf, 0xff, 0x90, 0xa, 0xff,
    0xfc, 0x0, 0x0, 0x0, 0x3, 0xff, 0xff, 0x30,
    0x3, 0xff, 0xff, 0x50, 0x0, 0x0, 0xb, 0xff,
    0xfc, 0x0, 0x0, 0xbf, 0xff, 0xf6, 0x0, 0x1,
    0xcf, 0xff, 0xf5, 0x0, 0x0, 0x2f, 0xff, 0xff,
    0xeb, 0xcf, 0xff, 0xff, 0x90, 0x0, 0x0, 0x3,
    0xef, 0xff, 0xff, 0xff, 0xff, 0xfa, 0x0, 0x0,
    0x0, 0x0, 0x1a, 0xff, 0xff, 0xff, 0xff, 0x70,
    0x0, 0x0, 0x0, 0x0, 0x0, 0x27, 0xff, 0xff,
    0x90, 0x0, 0x0, 0x0, 0x0, 0x0, 0x0, 0x0,
    0x8f, 0xff, 0xf4, 0x0, 0x0, 0x0, 0x0, 0x0,
    0x0, 0x0, 0xd, 0xff, 0xff, 0xc7, 0x55, 0x83,
    0x0, 0x0, 0x0, 0x0, 0x1, 0xdf, 0xff, 0xff,
    0xff, 0xf8, 0x0, 0x0, 0x0, 0x0, 0x0, 0x1a,
    0xff, 0xff, 0xff, 0xfb, 0x0, 0x0, 0x0, 0x0,
    0x0, 0x0, 0x28, 0xbd, 0xfe, 0xc8,

    /* U+0052 "R" */
    0x7f, 0xff, 0xff, 0xff, 0xec, 0xb5, 0x0, 0x0,
    0x7, 0xff, 0xff, 0xff, 0xff, 0xff, 0xfe, 0x60,
    0x0, 0x7f, 0xff, 0xff, 0xff, 0xff, 0xff, 0xff,
    0x50, 0x7, 0xff, 0xfc, 0x44, 0x46, 0x9f, 0xff,
    0xfe, 0x0, 0x7f, 0xff, 0xa0, 0x0, 0x0, 0x2f,
    0xff, 0xf4, 0x7, 0xff, 0xfa, 0x0, 0x0, 0x0,
    0xaf, 0xff, 0x70, 0x7f, 0xff, 0xa0, 0x0, 0x0,
    0x8, 0xff, 0xf8, 0x7, 0xff, 0xfa, 0x0, 0x0,
    0x0, 0xaf, 0xff, 0x60, 0x7f, 0xff, 0xa0, 0x0,
    0x0, 0x2f, 0xff, 0xf4, 0x7, 0xff, 0xfa, 0x0,
    0x2, 0x6e, 0xff, 0xfe, 0x0, 0x7f, 0xff, 0xff,
    0xff, 0xff, 0xff, 0xff, 0x50, 0x7, 0xff, 0xff,
    0xff, 0xff, 0xff, 0xff, 0x60, 0x0, 0x7f, 0xff,
    0xff, 0xff, 0xff, 0xfd, 0x20, 0x0, 0x7, 0xff,
    0xfc, 0x44, 0x6f, 0xff, 0xf2, 0x0, 0x0, 0x7f,
    0xff, 0xa0, 0x0, 0xbf, 0xff, 0xb0, 0x0, 0x7,
    0xff, 0xfa, 0x0, 0x3, 0xff, 0xff, 0x40, 0x0,
    0x7f, 0xff, 0xa0, 0x0, 0xa, 0xff, 0xfd, 0x0,
    0x7, 0xff, 0xfa, 0x0, 0x0, 0x2f, 0xff, 0xf6,
    0x0, 0x7f, 0xff, 0xa0, 0x0, 0x0, 0x8f, 0xff,
    0xe1, 0x7, 0xff, 0xfa, 0x0, 0x0, 0x1, 0xef,
    0xff, 0x90, 0x7f, 0xff, 0xa0, 0x0, 0x0, 0x7,
    0xff, 0xff, 0x20,

    /* U+0053 "S" */
    0x0, 0x0, 0x28, 0xbe, 0xfd, 0xa5, 0x0, 0x0,
    0x0, 0x8, 0xff, 0xff, 0xff, 0xff, 0xd4, 0x0,
    0x0, 0x9f, 0xff, 0xff, 0xff, 0xff, 0xff, 0x60,
    0x5, 0xff, 0xff, 0xea, 0x9c, 0xff, 0xfe, 0x10,
    0xc, 0xff, 0xfb, 0x0, 0x0, 0x8, 0xf3, 0x0,
    0xf, 0xff, 0xf5, 0x0, 0x0, 0x0, 0x0, 0x0,
    0xd, 0xff, 0xf8, 0x0, 0x0, 0x0, 0x0, 0x0,
    0xa, 0xff, 0xff, 0x91, 0x0, 0x0, 0x0, 0x0,
    0x3, 0xff, 0xff, 0xff, 0xa4, 0x0, 0x0, 0x0,
    0x0, 0x6f, 0xff, 0xff, 0xff, 0xd7, 0x0, 0x0,
    0x0, 0x4, 0xdf, 0xff, 0xff, 0xff, 0xe3, 0x0,
    0x0, 0x0, 0x5, 0xcf, 0xff, 0xff, 0xff, 0x30,
    0x0, 0x0, 0x0, 0x3, 0x9f, 0xff, 0xff, 0xc0,
    0x0, 0x0, 0x0, 0x0, 0x1, 0xbf, 0xff, 0xf2,
    0x0, 0x0, 0x0, 0x0, 0x0, 0xf, 0xff, 0xf4,
    0x0, 0x83, 0x0, 0x0, 0x0, 0xf, 0xff, 0xf4,
    0x8, 0xff, 0x80, 0x0, 0x0, 0x7f, 0xff, 0xf1,
    0x6f, 0xff, 0xff, 0xb9, 0xad, 0xff, 0xff, 0xa0,
    0x4e, 0xff, 0xff, 0xff, 0xff, 0xff, 0xfd, 0x0,
    0x1, 0xaf, 0xff, 0xff, 0xff, 0xff, 0xa1, 0x0,
    0x0, 0x2, 0x7b, 0xef, 0xeb, 0x93, 0x0, 0x0,

    /* U+0054 "T" */
    0x2f, 0xff, 0xff, 0xff, 0xff, 0xff, 0xff, 0xff,
    0xa2, 0xff, 0xff, 0xff, 0xff, 0xff, 0xff, 0xff,
    0xfa, 0x2f, 0xff, 0xff, 0xff, 0xff, 0xff, 0xff,
    0xff, 0xa1, 0x77, 0x77, 0x7a, 0xff, 0xfe, 0x77,
    0x77, 0x74, 0x0, 0x0, 0x0, 0x5f, 0xff, 0xc0,
    0x0, 0x0, 0x0, 0x0, 0x0, 0x5, 0xff, 0xfc,
    0x0, 0x0, 0x0, 0x0, 0x0, 0x0, 0x5f, 0xff,
    0xc0, 0x0, 0x0, 0x0, 0x0, 0x0, 0x5, 0xff,
    0xfc, 0x0, 0x0, 0x0, 0x0, 0x0, 0x0, 0x5f,
    0xff, 0xc0, 0x0, 0x0, 0x0, 0x0, 0x0, 0x5,
    0xff, 0xfc, 0x0, 0x0, 0x0, 0x0, 0x0, 0x0,
    0x5f, 0xff, 0xc0, 0x0, 0x0, 0x0, 0x0, 0x0,
    0x5, 0xff, 0xfc, 0x0, 0x0, 0x0, 0x0, 0x0,
    0x0, 0x5f, 0xff, 0xc0, 0x0, 0x0, 0x0, 0x0,
    0x0, 0x5, 0xff, 0xfc, 0x0, 0x0, 0x0, 0x0,
    0x0, 0x0, 0x5f, 0xff, 0xc0, 0x0, 0x0, 0x0,
    0x0, 0x0, 0x5, 0xff, 0xfc, 0x0, 0x0, 0x0,
    0x0, 0x0, 0x0, 0x5f, 0xff, 0xc0, 0x0, 0x0,
    0x0, 0x0, 0x0, 0x5, 0xff, 0xfc, 0x0, 0x0,
    0x0, 0x0, 0x0, 0x0, 0x5f, 0xff, 0xc0, 0x0,
    0x0, 0x0, 0x0, 0x0, 0x5, 0xff, 0xfc, 0x0,
    0x0, 0x0, 0x0, 0x0, 0x0, 0x5f, 0xff, 0xc0,
    0x0, 0x0, 0x0,

    /* U+0055 "U" */
    0x8f, 0xff, 0x90, 0x0, 0x0, 0x0, 0x7f, 0xff,
    0x88, 0xff, 0xf9, 0x0, 0x0, 0x0, 0x7, 0xff,
    0xf8, 0x8f, 0xff, 0x90, 0x0, 0x0, 0x0, 0x7f,
    0xff, 0x88, 0xff, 0xf9, 0x0, 0x0, 0x0, 0x7,
    0xff, 0xf8, 0x8f, 0xff, 0x90, 0x0, 0x0, 0x0,
    0x7f, 0xff, 0x88, 0xff, 0xf9, 0x0, 0x0, 0x0,
    0x7, 0xff, 0xf8, 0x8f, 0xff, 0x90, 0x0, 0x0,
    0x0, 0x7f, 0xff, 0x88, 0xff, 0xf9, 0x0, 0x0,
    0x0, 0x7, 0xff, 0xf8, 0x8f, 0xff, 0x90, 0x0,
    0x0, 0x0, 0x7f, 0xff, 0x88, 0xff, 0xf9, 0x0,
    0x0, 0x0, 0x7, 0xff, 0xf8, 0x8f, 0xff, 0x90,
    0x0, 0x0, 0x0, 0x7f, 0xff, 0x88, 0xff, 0xf9,
    0x0, 0x0, 0x0, 0x7, 0xff, 0xf8, 0x7f, 0xff,
    0x90, 0x0, 0x0, 0x0, 0x8f, 0xff, 0x76, 0xff,
    0xfb, 0x0, 0x0, 0x0, 0x9, 0xff, 0xf6, 0x3f,
    0xff, 0xe0, 0x0, 0x0, 0x0, 0xdf, 0xff, 0x30,
    0xff, 0xff, 0x50, 0x0, 0x0, 0x4f, 0xff, 0xf0,
    0xa, 0xff, 0xfe, 0x30, 0x0, 0x2d, 0xff, 0xfa,
    0x0, 0x3f, 0xff, 0xff, 0xb9, 0xbf, 0xff, 0xff,
    0x30, 0x0, 0x8f, 0xff, 0xff, 0xff, 0xff, 0xff,
    0x80, 0x0, 0x0, 0x8f, 0xff, 0xff, 0xff, 0xff,
    0x80, 0x0, 0x0, 0x0, 0x28, 0xce, 0xfe, 0xc8,
    0x20, 0x0, 0x0,

    /* U+0056 "V" */
    0xf, 0xff, 0xf5, 0x0, 0x0, 0x0, 0x0, 0xdf,
    0xff, 0x50, 0xbf, 0xff, 0xa0, 0x0, 0x0, 0x0,
    0x2f, 0xff, 0xf0, 0x6, 0xff, 0xfe, 0x0, 0x0,
    0x0, 0x6, 0xff, 0xfb, 0x0, 0x1f, 0xff, 0xf2,
    0x0, 0x0, 0x0, 0xaf, 0xff, 0x60, 0x0, 0xcf,
    0xff, 0x60, 0x0, 0x0, 0xe, 0xff, 0xf1, 0x0,
    0x7, 0xff, 0xfa, 0x0, 0x0, 0x2, 0xff, 0xfc,
    0x0, 0x0, 0x2f, 0xff, 0xf0, 0x0, 0x0, 0x7f,
    0xff, 0x80, 0x0, 0x0, 0xef, 0xff, 0x30, 0x0,
    0xb, 0xff, 0xf3, 0x0, 0x0, 0x9, 0xff, 0xf7,
    0x0, 0x0, 0xff, 0xfe, 0x0, 0x0, 0x0, 0x4f,
    0xff, 0xb0, 0x0, 0x3f, 0xff, 0x90, 0x0, 0x0,
    0x0, 0xff, 0xff, 0x0, 0x7, 0xff, 0xf4, 0x0,
    0x0, 0x0, 0xa, 0xff, 0xf4, 0x0, 0xcf, 0xff,
    0x0, 0x0, 0x0, 0x0, 0x6f, 0xff, 0x80, 0xf,
    0xff, 0xb0, 0x0, 0x0, 0x0, 0x1, 0xff, 0xfc,
    0x4, 0xff, 0xf6, 0x0, 0x0, 0x0, 0x0, 0xc,
    0xff, 0xf0, 0x8f, 0xff, 0x10, 0x0, 0x0, 0x0,
    0x0, 0x7f, 0xff, 0x4c, 0xff, 0xc0, 0x0, 0x0,
    0x0, 0x0, 0x2, 0xff, 0xf9, 0xff, 0xf7, 0x0,
    0x0, 0x0, 0x0, 0x0, 0xd, 0xff, 0xff, 0xff,
    0x30, 0x0, 0x0, 0x0, 0x0, 0x0, 0x9f, 0xff,
    0xff, 0xe0, 0x0, 0x0, 0x0, 0x0, 0x0, 0x4,
    0xff, 0xff, 0xf9, 0x0, 0x0, 0x0, 0x0, 0x0,
    0x0, 0xf, 0xff, 0xff, 0x40, 0x0, 0x0, 0x0,

    /* U+0057 "W" */
    0x6f, 0xff, 0xd0, 0x0, 0x0, 0xf, 0xff, 0xd0,
    0x0, 0x0, 0xf, 0xff, 0xf0, 0x2f, 0xff, 0xf0,
    0x0, 0x0, 0x3f, 0xff, 0xf1, 0x0, 0x0, 0x1f,
    0xff, 0xc0, 0xf, 0xff, 0xf2, 0x0, 0x0, 0x7f,
    0xff, 0xf4, 0x0, 0x0, 0x4f, 0xff, 0x90, 0xc,
    0xff, 0xf4, 0x0, 0x0, 0xaf, 0xff, 0xf8, 0x0,
    0x0, 0x6f, 0xff, 0x60, 0x9, 0xff, 0xf7, 0x0,
    0x0, 0xef, 0xff, 0xfc, 0x0, 0x0, 0x9f, 0xff,
    0x30, 0x6, 0xff, 0xf9, 0x0, 0x2, 0xff, 0xff,
    0xff, 0x0, 0x0, 0xbf, 0xff, 0x0, 0x3, 0xff,
    0xfc, 0x0, 0x5, 0xff, 0xaf, 0xff, 0x30, 0x0,
    0xef, 0xfd, 0x0, 0x0, 0xff, 0xfe, 0x0, 0x9,
    0xff, 0x6d, 0xff, 0x70, 0x1, 0xff, 0xfa, 0x0,
    0x0, 0xdf, 0xff, 0x10, 0xd, 0xff, 0x3a, 0xff,
    0xb0, 0x3, 0xff, 0xf8, 0x0, 0x0, 0xaf, 0xff,
    0x30, 0x1f, 0xff, 0x7, 0xff, 0xe0, 0x6, 0xff,
    0xf5, 0x0, 0x0, 0x7f, 0xff, 0x60, 0x4f, 0xfd,
    0x4, 0xff, 0xf2, 0x8, 0xff, 0xf2, 0x0, 0x0,
    0x4f, 0xff, 0x80, 0x7f, 0xfa, 0x0, 0xff, 0xf5,
    0xb, 0xff, 0xf0, 0x0, 0x0, 0x1f, 0xff, 0xa0,
    0xaf, 0xf6, 0x0, 0xdf, 0xf8, 0xd, 0xff, 0xc0,
    0x0, 0x0, 0xe, 0xff, 0xd0, 0xdf, 0xf3, 0x0,
    0x9f, 0xfb, 0xf, 0xff, 0x90, 0x0, 0x0, 0xb,
    0xff, 0xf1, 0xff, 0xf0, 0x0, 0x6f, 0xfe, 0x1f,
    0xff, 0x60, 0x0, 0x0, 0x8, 0xff, 0xf6, 0xff,
    0xc0, 0x0, 0x2f, 0xff, 0x6f, 0xff, 0x30, 0x0,
    0x0, 0x5, 0xff, 0xfb, 0xff, 0x80, 0x0, 0xe,
    0xff, 0xbf, 0xff, 0x0, 0x0, 0x0, 0x2, 0xff,
    0xff, 0xff, 0x50, 0x0, 0xb, 0xff, 0xff, 0xfd,
    0x0, 0x0, 0x0, 0x0, 0xff, 0xff, 0xff, 0x10,
    0x0, 0x7, 0xff, 0xff, 0xfa, 0x0, 0x0, 0x0,
    0x0, 0xcf, 0xff, 0xfe, 0x0, 0x0, 0x4, 0xff,
    0xff, 0xf7, 0x0, 0x0, 0x0, 0x0, 0x9f, 0xff,
    0xfa, 0x0, 0x0, 0x0, 0xff, 0xff, 0xf4, 0x0,
    0x0,

    /* U+0058 "X" */
    0x1e, 0xff, 0xf9, 0x0, 0x0, 0x0, 0xcf, 0xff,
    0x80, 0x7, 0xff, 0xff, 0x10, 0x0, 0x3, 0xff,
    0xff, 0x10, 0x0, 0xef, 0xff, 0x80, 0x0, 0xb,
    0xff, 0xf7, 0x0, 0x0, 0x6f, 0xff, 0xf1, 0x0,
    0x2f, 0xff, 0xe0, 0x0, 0x0, 0xd, 0xff, 0xf7,
    0x0, 0x9f, 0xff, 0x60, 0x0, 0x0, 0x4, 0xff,
    0xfe, 0x1, 0xff, 0xfe, 0x0, 0x0, 0x0, 0x0,
    0xcf, 0xff, 0x67, 0xff, 0xf6, 0x0, 0x0, 0x0,
    0x0, 0x3f, 0xff, 0xdd, 0xff, 0xd0, 0x0, 0x0,
    0x0, 0x0, 0xb, 0xff, 0xff, 0xff, 0x50, 0x0,
    0x0, 0x0, 0x0, 0x2, 0xff, 0xff, 0xfc, 0x0,
    0x0, 0x0, 0x0, 0x0, 0x0, 0xef, 0xff, 0xf7,
    0x0, 0x0, 0x0, 0x0, 0x0, 0x7, 0xff, 0xff,
    0xfe, 0x0, 0x0, 0x0, 0x0, 0x0, 0x1f, 0xff,
    0xff, 0xff, 0x80, 0x0, 0x0, 0x0, 0x0, 0x8f,
    0xff, 0x5f, 0xff, 0xf1, 0x0, 0x0, 0x0, 0x1,
    0xff, 0xfc, 0x9, 0xff, 0xf9, 0x0, 0x0, 0x0,
    0xa, 0xff, 0xf5, 0x2, 0xff, 0xff, 0x20, 0x0,
    0x0, 0x2f, 0xff, 0xe0, 0x0, 0xaf, 0xff, 0xb0,
    0x0, 0x0, 0xbf, 0xff, 0x70, 0x0, 0x2f, 0xff,
    0xf4, 0x0, 0x3, 0xff, 0xfe, 0x0, 0x0, 0xa,
    0xff, 0xfc, 0x0, 0xc, 0xff, 0xf7, 0x0, 0x0,
    0x2, 0xff, 0xff, 0x50, 0x4f, 0xff, 0xf1, 0x0,
    0x0, 0x0, 0xaf, 0xff, 0xd0,

    /* U+0059 "Y" */
    0xe, 0xff, 0xf6, 0x0, 0x0, 0x0, 0x1f, 0xff,
    0xf3, 0x7, 0xff, 0xfd, 0x0, 0x0, 0x0, 0x7f,
    0xff, 0xb0, 0x0, 0xff, 0xff, 0x30, 0x0, 0x0,
    0xef, 0xff, 0x40, 0x0, 0x8f, 0xff, 0xa0, 0x0,
    0x4, 0xff, 0xfc, 0x0, 0x0, 0x1f, 0xff, 0xf1,
    0x0, 0xb, 0xff, 0xf5, 0x0, 0x0, 0x9, 0xff,
    0xf7, 0x0, 0x1f, 0xff, 0xd0, 0x0, 0x0, 0x2,
    0xff, 0xfd, 0x0, 0x7f, 0xff, 0x60, 0x0, 0x0,
    0x0, 0xaf, 0xff, 0x30, 0xef, 0xfe, 0x0, 0x0,
    0x0, 0x0, 0x2f, 0xff, 0x94, 0xff, 0xf7, 0x0,
    0x0, 0x0, 0x0, 0xb, 0xff, 0xfb, 0xff, 0xe0,
    0x0, 0x0, 0x0, 0x0, 0x3, 0xff, 0xff, 0xff,
    0x80, 0x0, 0x0, 0x0, 0x0, 0x0, 0xcf, 0xff,
    0xff, 0x10, 0x0, 0x0, 0x0, 0x0, 0x0, 0x4f,
    0xff, 0xf9, 0x0, 0x0, 0x0, 0x0, 0x0, 0x0,
    0xf, 0xff, 0xf3, 0x0, 0x0, 0x0, 0x0, 0x0,
    0x0, 0xe, 0xff, 0xf2, 0x0, 0x0, 0x0, 0x0,
    0x0, 0x0, 0xe, 0xff, 0xf2, 0x0, 0x0, 0x0,
    0x0, 0x0, 0x0, 0xe, 0xff, 0xf2, 0x0, 0x0,
    0x0, 0x0, 0x0, 0x0, 0xe, 0xff, 0xf2, 0x0,
    0x0, 0x0, 0x0, 0x0, 0x0, 0xe, 0xff, 0xf2,
    0x0, 0x0, 0x0, 0x0, 0x0, 0x0, 0xe, 0xff,
    0xf2, 0x0, 0x0, 0x0, 0x0, 0x0, 0x0, 0xe,
    0xff, 0xf2, 0x0, 0x0, 0x0,

    /* U+005A "Z" */
    0xd, 0xff, 0xff, 0xff, 0xff, 0xff, 0xff, 0xf0,
    0xd, 0xff, 0xff, 0xff, 0xff, 0xff, 0xff, 0xf0,
    0xd, 0xff, 0xff, 0xff, 0xff, 0xff, 0xff, 0xd0,
    0x6, 0x77, 0x77, 0x77, 0x7a, 0xff, 0xff, 0x40,
    0x0, 0x0, 0x0, 0x0, 0xc, 0xff, 0xfa, 0x0,
    0x0, 0x0, 0x0, 0x0, 0x7f, 0xff, 0xe1, 0x0,
    0x0, 0x0, 0x0, 0x2, 0xff, 0xff, 0x60, 0x0,
    0x0, 0x0, 0x0, 0xb, 0xff, 0xfb, 0x0, 0x0,
    0x0, 0x0, 0x0, 0x6f, 0xff, 0xf2, 0x0, 0x0,
    0x0, 0x0, 0x1, 0xef, 0xff, 0x70, 0x0, 0x0,
    0x0, 0x0, 0xa, 0xff, 0xfc, 0x0, 0x0, 0x0,
    0x0, 0x0, 0x4f, 0xff, 0xf3, 0x0, 0x0, 0x0,
    0x0, 0x0, 0xef, 0xff, 0x80, 0x0, 0x0, 0x0,
    0x0, 0x9, 0xff, 0xfd, 0x0, 0x0, 0x0, 0x0,
    0x0, 0x3f, 0xff, 0xf4, 0x0, 0x0, 0x0, 0x0,
    0x0, 0xdf, 0xff, 0x90, 0x0, 0x0, 0x0, 0x0,
    0x8, 0xff, 0xfe, 0x10, 0x0, 0x0, 0x0, 0x0,
    0x2f, 0xff, 0xfb, 0x77, 0x77, 0x77, 0x77, 0x70,
    0xbf, 0xff, 0xff, 0xff, 0xff, 0xff, 0xff, 0xf0,
    0xcf, 0xff, 0xff, 0xff, 0xff, 0xff, 0xff, 0xf0,
    0xcf, 0xff, 0xff, 0xff, 0xff, 0xff, 0xff, 0xf0,

    /* U+005B "[" */
    0x2f, 0xff, 0xff, 0xf3, 0x2f, 0xff, 0xff, 0xf3,
    0x2f, 0xfe, 0x33, 0x30, 0x2f, 0xfe, 0x0, 0x0,
    0x2f, 0xfe, 0x0, 0x0, 0x2f, 0xfe, 0x0, 0x0,
    0x2f, 0xfe, 0x0, 0x0, 0x2f, 0xfe, 0x0, 0x0,
    0x2f, 0xfe, 0x0, 0x0, 0x2f, 0xfe, 0x0, 0x0,
    0x2f, 0xfe, 0x0, 0x0, 0x2f, 0xfe, 0x0, 0x0,
    0x2f, 0xfe, 0x0, 0x0, 0x2f, 0xfe, 0x0, 0x0,
    0x2f, 0xfe, 0x0, 0x0, 0x2f, 0xfe, 0x0, 0x0,
    0x2f, 0xfe, 0x0, 0x0, 0x2f, 0xfe, 0x0, 0x0,
    0x2f, 0xfe, 0x0, 0x0, 0x2f, 0xfe, 0x0, 0x0,
    0x2f, 0xfe, 0x0, 0x0, 0x2f, 0xfe, 0x0, 0x0,
    0x2f, 0xfe, 0x0, 0x0, 0x2f, 0xfe, 0x0, 0x0,
    0x2f, 0xfe, 0x0, 0x0, 0x2f, 0xff, 0xff, 0xf3,
    0x2f, 0xff, 0xff, 0xf3, 0x2, 0x22, 0x22, 0x20,

    /* U+005C "\\" */
    0x1f, 0xf9, 0x0, 0x0, 0x0, 0x0, 0xdf, 0xe0,
    0x0, 0x0, 0x0, 0x9, 0xff, 0x20, 0x0, 0x0,
    0x0, 0x5f, 0xf6, 0x0, 0x0, 0x0, 0x1, 0xff,
    0xa0, 0x0, 0x0, 0x0, 0xd, 0xfe, 0x0, 0x0,
    0x0, 0x0, 0x9f, 0xf2, 0x0, 0x0, 0x0, 0x5,
    0xff, 0x60, 0x0, 0x0, 0x0, 0x1f, 0xfa, 0x0,
    0x0, 0x0, 0x0, 0xdf, 0xe0, 0x0, 0x0, 0x0,
    0x9, 0xff, 0x20, 0x0, 0x0, 0x0, 0x5f, 0xf6,
    0x0, 0x0, 0x0, 0x1, 0xff, 0xa0, 0x0, 0x0,
    0x0, 0xc, 0xfe, 0x0, 0x0, 0x0, 0x0, 0x8f,
    0xf2, 0x0, 0x0, 0x0, 0x4, 0xff, 0x60, 0x0,
    0x0, 0x0, 0xf, 0xfa, 0x0, 0x0, 0x0, 0x0,
    0xcf, 0xe0, 0x0, 0x0, 0x0, 0x8, 0xff, 0x20,
    0x0, 0x0, 0x0, 0x4f, 0xf7, 0x0, 0x0, 0x0,
    0x0, 0xff, 0xb0, 0x0, 0x0, 0x0, 0xc, 0xfe,
    0x0, 0x0, 0x0, 0x0, 0x8f, 0xf3, 0x0, 0x0,
    0x0, 0x4, 0xff, 0x70, 0x0, 0x0, 0x0, 0xf,
    0xfb, 0x0, 0x0, 0x0, 0x0, 0xcf, 0xf0, 0x0,
    0x0, 0x0, 0x8, 0xff, 0x30, 0x0, 0x0, 0x0,
    0x27, 0x73,

    /* U+005D "]" */
    0xaf, 0xff, 0xff, 0xba, 0xff, 0xff, 0xfb, 0x23,
    0x37, 0xff, 0xb0, 0x0, 0x5f, 0xfb, 0x0, 0x5,
    0xff, 0xb0, 0x0, 0x5f, 0xfb, 0x0, 0x5, 0xff,
    0xb0, 0x0, 0x5f, 0xfb, 0x0, 0x5, 0xff, 0xb0,
    0x0, 0x5f, 0xfb, 0x0, 0x5, 0xff, 0xb0, 0x0,
    0x5f, 0xfb, 0x0, 0x5, 0xff, 0xb0, 0x0, 0x5f,
    0xfb, 0x0, 0x5, 0xff, 0xb0, 0x0, 0x5f, 0xfb,
    0x0, 0x5, 0xff, 0xb0, 0x0, 0x5f, 0xfb, 0x0,
    0x5, 0xff, 0xb0, 0x0, 0x5f, 0xfb, 0x0, 0x5,
    0xff, 0xb0, 0x0, 0x5f, 0xfb, 0x0, 0x5, 0xff,
    0xb0, 0x0, 0x5f, 0xfb, 0x0, 0x5, 0xff, 0xba,
    0xff, 0xff, 0xfb, 0xaf, 0xff, 0xff, 0xb1, 0x22,
    0x22, 0x22,

    /* U+005E "^" */
    0x0, 0x0, 0x4, 0x77, 0x70, 0x0, 0x0, 0x0,
    0x0, 0xd, 0xff, 0xf5, 0x0, 0x0, 0x0, 0x0,
    0x3f, 0xff, 0xfb, 0x0, 0x0, 0x0, 0x0, 0x9f,
    0xff, 0xff, 0x10, 0x0, 0x0, 0x0, 0xff, 0xfb,
    0xff, 0x70, 0x0, 0x0, 0x6, 0xff, 0xb4, 0xff,
    0xe0, 0x0, 0x0, 0xc, 0xff, 0x60, 0xef, 0xf4,
    0x0, 0x0, 0x2f, 0xff, 0x10, 0x8f, 0xfa, 0x0,
    0x0, 0x8f, 0xfb, 0x0, 0x3f, 0xff, 0x10, 0x0,
    0xef, 0xf5, 0x0, 0xd, 0xff, 0x70, 0x5, 0xff,
    0xf0, 0x0, 0x8, 0xff, 0xd0, 0xb, 0xff, 0xa0,
    0x0, 0x2, 0xff, 0xf3, 0x1f, 0xff, 0x40, 0x0,
    0x0, 0xcf, 0xf9,

    /* U+005F "_" */
    0x35, 0x55, 0x55, 0x55, 0x55, 0x55, 0x55, 0x52,
    0x9f, 0xff, 0xff, 0xff, 0xff, 0xff, 0xff, 0xf7,
    0x9f, 0xff, 0xff, 0xff, 0xff, 0xff, 0xff, 0xf7,

    /* U+0060 "`" */
    0x0, 0x52, 0x0, 0x0, 0x6, 0xfd, 0x10, 0x0,
    0x6f, 0xff, 0xc0, 0x0, 0x5f, 0xff, 0xfa, 0x0,
    0x3, 0xef, 0xff, 0x70, 0x0, 0x2d, 0xff, 0xf5,
    0x0, 0x1, 0xcf, 0xe2, 0x0, 0x0, 0xa, 0x20,

    /* U+0061 "a" */
    0x0, 0x2, 0x8c, 0xef, 0xda, 0x40, 0x0, 0x2,
    0xaf, 0xff, 0xff, 0xff, 0xf9, 0x0, 0xb, 0xff,
    0xff, 0xff, 0xff, 0xff, 0x60, 0x3, 0xff, 0xc8,
    0x56, 0xcf, 0xff, 0xe0, 0x0, 0x73, 0x0, 0x0,
    0xe, 0xff, 0xf4, 0x0, 0x0, 0x0, 0x0, 0xa,
    0xff, 0xf6, 0x0, 0x0, 0x26, 0xad, 0xff, 0xff,
    0xf8, 0x0, 0x3b, 0xff, 0xff, 0xff, 0xff, 0xf8,
    0x6, 0xff, 0xff, 0xea, 0x7b, 0xff, 0xf8, 0x2f,
    0xff, 0xf6, 0x0, 0x8, 0xff, 0xf8, 0x7f, 0xff,
    0x80, 0x0, 0x8, 0xff, 0xf8, 0x8f, 0xff, 0x60,
    0x0, 0x1c, 0xff, 0xf8, 0x6f, 0xff, 0xe7, 0x47,
    0xef, 0xff, 0xf8, 0x1f, 0xff, 0xff, 0xff, 0xff,
    0xff, 0xf8, 0x6, 0xff, 0xff, 0xff, 0xd4, 0xff,
    0xf8, 0x0, 0x3b, 0xef, 0xc7, 0x0, 0xdf, 0xf8,

    /* U+0062 "b" */
    0xcf, 0xff, 0x50, 0x0, 0x0, 0x0, 0x0, 0xc,
    0xff, 0xf5, 0x0, 0x0, 0x0, 0x0, 0x0, 0xcf,
    0xff, 0x50, 0x0, 0x0, 0x0, 0x0, 0xc, 0xff,
    0xf5, 0x0, 0x0, 0x0, 0x0, 0x0, 0xcf, 0xff,
    0x50, 0x0, 0x0, 0x0, 0x0, 0xc, 0xff, 0xf5,
    0x0, 0x0, 0x0, 0x0, 0x0, 0xcf, 0xff, 0x41,
    0x8d, 0xfe, 0xa3, 0x0, 0xc, 0xff, 0xf8, 0xef,
    0xff, 0xff, 0xf5, 0x0, 0xcf, 0xff, 0xff, 0xff,
    0xff, 0xff, 0xf4, 0xc, 0xff, 0xff, 0xe9, 0x69,
    0xff, 0xff, 0xc0, 0xcf, 0xff, 0xc1, 0x0, 0x5,
    0xff, 0xff, 0x4c, 0xff, 0xf5, 0x0, 0x0, 0xd,
    0xff, 0xf7, 0xcf, 0xff, 0x50, 0x0, 0x0, 0x9f,
    0xff, 0x9c, 0xff, 0xf5, 0x0, 0x0, 0x8, 0xff,
    0xfb, 0xcf, 0xff, 0x50, 0x0, 0x0, 0x9f, 0xff,
    0xac, 0xff, 0xf5, 0x0, 0x0, 0xb, 0xff, 0xf9,
    0xcf, 0xff, 0x50, 0x0, 0x1, 0xff, 0xff, 0x5c,
    0xff, 0xf8, 0x0, 0x0, 0x9f, 0xff, 0xf1, 0xcf,
    0xff, 0xfc, 0x77, 0xbf, 0xff, 0xf7, 0xc, 0xff,
    0xff, 0xff, 0xff, 0xff, 0xfd, 0x0, 0xcf, 0xfb,
    0x8f, 0xff, 0xff, 0xfd, 0x20, 0xc, 0xff, 0x80,
    0x3a, 0xdf, 0xc7, 0x0, 0x0,

    /* U+0063 "c" */
    0x0, 0x0, 0x18, 0xce, 0xfc, 0x81, 0x0, 0x0,
    0x6f, 0xff, 0xff, 0xff, 0xf5, 0x0, 0xaf, 0xff,
    0xff, 0xff, 0xff, 0x30, 0x5f, 0xff, 0xfd, 0x86,
    0x9f, 0x70, 0x1e, 0xff, 0xfb, 0x0, 0x0, 0x10,
    0x6, 0xff, 0xff, 0x10, 0x0, 0x0, 0x0, 0x9f,
    0xff, 0xa0, 0x0, 0x0, 0x0, 0xb, 0xff, 0xf8,
    0x0, 0x0, 0x0, 0x0, 0xbf, 0xff, 0x80, 0x0,
    0x0, 0x0, 0xa, 0xff, 0xfa, 0x0, 0x0, 0x0,
    0x0, 0x6f, 0xff, 0xf1, 0x0, 0x0, 0x0, 0x1,
    0xff, 0xff, 0xb0, 0x0, 0x1, 0x40, 0x7, 0xff,
    0xff, 0xd8, 0x69, 0xee, 0x10, 0xc, 0xff, 0xff,
    0xff, 0xff, 0xf9, 0x0, 0x9, 0xff, 0xff, 0xff,
    0xff, 0x70, 0x0, 0x3, 0xae, 0xfe, 0xb8, 0x10,

    /* U+0064 "d" */
    0x0, 0x0, 0x0, 0x0, 0x0, 0x4f, 0xff, 0xd0,
    0x0, 0x0, 0x0, 0x0, 0x4, 0xff, 0xfd, 0x0,
    0x0, 0x0, 0x0, 0x0, 0x4f, 0xff, 0xd0, 0x0,
    0x0, 0x0, 0x0, 0x4, 0xff, 0xfd, 0x0, 0x0,
    0x0, 0x0, 0x0, 0x4f, 0xff, 0xd0, 0x0, 0x0,
    0x0, 0x0, 0x4, 0xff, 0xfd, 0x0, 0x0, 0x6c,
    0xfd, 0xa4, 0x3f, 0xff, 0xd0, 0x1, 0xbf, 0xff,
    0xff, 0xfa, 0xff, 0xfd, 0x0, 0xdf, 0xff, 0xff,
    0xff, 0xff, 0xff, 0xd0, 0x7f, 0xff, 0xfc, 0x77,
    0xcf, 0xff, 0xfd, 0x1f, 0xff, 0xfa, 0x0, 0x0,
    0x7f, 0xff, 0xd5, 0xff, 0xff, 0x10, 0x0, 0x4,
    0xff, 0xfd, 0x9f, 0xff, 0xb0, 0x0, 0x0, 0x4f,
    0xff, 0xda, 0xff, 0xf9, 0x0, 0x0, 0x4, 0xff,
    0xfd, 0x9f, 0xff, 0x90, 0x0, 0x0, 0x4f, 0xff,
    0xd7, 0xff, 0xfb, 0x0, 0x0, 0x4, 0xff, 0xfd,
    0x5f, 0xff, 0xe0, 0x0, 0x0, 0x4f, 0xff, 0xd2,
    0xff, 0xff, 0x80, 0x0, 0xb, 0xff, 0xfd, 0xa,
    0xff, 0xff, 0xb7, 0x8d, 0xff, 0xff, 0xd0, 0x2f,
    0xff, 0xff, 0xff, 0xff, 0xff, 0xfd, 0x0, 0x4e,
    0xff, 0xff, 0xff, 0x8c, 0xff, 0xd0, 0x0, 0x19,
    0xdf, 0xea, 0x30, 0x9f, 0xfd,

    /* U+0065 "e" */
    0x0, 0x0, 0x3a, 0xef, 0xeb, 0x50, 0x0, 0x0,
    0x0, 0x8f, 0xff, 0xff, 0xff, 0xa0, 0x0, 0x0,
    0xbf, 0xff, 0xff, 0xff, 0xff, 0xb0, 0x0, 0x6f,
    0xff, 0xd6, 0x35, 0xcf, 0xff, 0x30, 0x1e, 0xff,
    0xd1, 0x0, 0x0, 0xdf, 0xfb, 0x6, 0xff, 0xf6,
    0x0, 0x0, 0x8, 0xff, 0xd0, 0x9f, 0xff, 0xcc,
    0xcc, 0xcc, 0xdf, 0xff, 0xb, 0xff, 0xff, 0xff,
    0xff, 0xff, 0xff, 0xf1, 0xbf, 0xff, 0xff, 0xff,
    0xff, 0xff, 0xff, 0xa, 0xff, 0xf6, 0x0, 0x0,
    0x0, 0x0, 0x0, 0x6f, 0xff, 0xb0, 0x0, 0x0,
    0x0, 0x0, 0x1, 0xff, 0xff, 0x60, 0x0, 0x0,
    0x0, 0x0, 0x6, 0xff, 0xff, 0xa5, 0x34, 0x8e,
    0x80, 0x0, 0xc, 0xff, 0xff, 0xff, 0xff, 0xff,
    0x10, 0x0, 0x8, 0xff, 0xff, 0xff, 0xff, 0xc2,
    0x0, 0x0, 0x2, 0x9d, 0xfe, 0xc9, 0x40, 0x0,

    /* U+0066 "f" */
    0x0, 0x0, 0x6, 0xbd, 0xfe, 0xb2, 0x0, 0x0,
    0xcf, 0xff, 0xff, 0xf1, 0x0, 0x7, 0xff, 0xff,
    0xff, 0xd0, 0x0, 0xe, 0xff, 0xfc, 0x55, 0x40,
    0x0, 0xf, 0xff, 0xf1, 0x0, 0x0, 0x0, 0x1f,
    0xff, 0xf0, 0x0, 0x0, 0x2d, 0xff, 0xff, 0xff,
    0xff, 0x0, 0x3f, 0xff, 0xff, 0xff, 0xff, 0x0,
    0x3f, 0xff, 0xff, 0xff, 0xff, 0x0, 0x3, 0x4f,
    0xff, 0xf3, 0x33, 0x0, 0x0, 0x1f, 0xff, 0xf0,
    0x0, 0x0, 0x0, 0x1f, 0xff, 0xf0, 0x0, 0x0,
    0x0, 0x1f, 0xff, 0xf0, 0x0, 0x0, 0x0, 0x1f,
    0xff, 0xf0, 0x0, 0x0, 0x0, 0x1f, 0xff, 0xf0,
    0x0, 0x0, 0x0, 0x1f, 0xff, 0xf0, 0x0, 0x0,
    0x0, 0x1f, 0xff, 0xf0, 0x0, 0x0, 0x0, 0x1f,
    0xff, 0xf0, 0x0, 0x0, 0x0, 0x1f, 0xff, 0xf0,
    0x0, 0x0, 0x0, 0x1f, 0xff, 0xf0, 0x0, 0x0,
    0x0, 0x1f, 0xff, 0xf0, 0x0, 0x0, 0x0, 0x1f,
    0xff, 0xf0, 0x0, 0x0,

    /* U+0067 "g" */
    0x0, 0x2, 0x9c, 0xef, 0xff, 0xff, 0xff, 0xf0,
    0x0, 0x7f, 0xff, 0xff, 0xff, 0xff, 0xff, 0xf0,
    0x6, 0xff, 0xff, 0xee, 0xff, 0xff, 0xff, 0xf0,
    0xf, 0xff, 0xf5, 0x0, 0x6f, 0xff, 0x90, 0x0,
    0x4f, 0xff, 0xa0, 0x0, 0xb, 0xff, 0xe0, 0x0,
    0x4f, 0xff, 0x80, 0x0, 0x9, 0xff, 0xf0, 0x0,
    0x2f, 0xff, 0xc0, 0x0, 0xc, 0xff, 0xc0, 0x0,
    0xb, 0xff, 0xf8, 0x11, 0x9f, 0xff, 0x80, 0x0,
    0x1, 0xdf, 0xff, 0xff, 0xff, 0xfc, 0x0, 0x0,
    0x0, 0x7f, 0xff, 0xff, 0xff, 0x91, 0x0, 0x0,
    0x5, 0xff, 0xa4, 0x77, 0x51, 0x0, 0x0, 0x0,
    0xd, 0xff, 0x50, 0x0, 0x0, 0x0, 0x0, 0x0,
    0xe, 0xff, 0xc4, 0x32, 0x22, 0x10, 0x0, 0x0,
    0xa, 0xff, 0xff, 0xff, 0xff, 0xff, 0xb5, 0x0,
    0x1, 0xdf, 0xff, 0xff, 0xff, 0xff, 0xff, 0x70,
    0x5, 0xef, 0xef, 0xff, 0xff, 0xff, 0xff, 0xf0,
    0x4f, 0xfe, 0x10, 0x0, 0x0, 0x4e, 0xff, 0xf3,
    0xbf, 0xfb, 0x0, 0x0, 0x0, 0xc, 0xff, 0xf2,
    0xbf, 0xff, 0x30, 0x0, 0x0, 0x7f, 0xff, 0xc0,
    0x6f, 0xff, 0xfd, 0xaa, 0xbe, 0xff, 0xfe, 0x20,
    0x9, 0xff, 0xff, 0xff, 0xff, 0xff, 0xa1, 0x0,
    0x0, 0x38, 0xce, 0xfe, 0xca, 0x71, 0x0, 0x0,

    /* U+0068 "h" */
    0xcf, 0xff, 0x50, 0x0, 0x0, 0x0, 0x0, 0xcf,
    0xff, 0x50, 0x0, 0x0, 0x0, 0x0, 0xcf, 0xff,
    0x50, 0x0, 0x0, 0x0, 0x0, 0xcf, 0xff, 0x50,
    0x0, 0x0, 0x0, 0x0, 0xcf, 0xff, 0x50, 0x0,
    0x0, 0x0, 0x0, 0xcf, 0xff, 0x50, 0x0, 0x0,
    0x0, 0x0, 0xcf, 0xff, 0x30, 0x6c, 0xee, 0xb5,
    0x0, 0xcf, 0xff, 0x4b, 0xff, 0xff, 0xff, 0x80,
    0xcf, 0xff, 0xff, 0xff, 0xff, 0xff, 0xf2, 0xcf,
    0xff, 0xff, 0xc9, 0xbf, 0xff, 0xf8, 0xcf, 0xff,
    0xf4, 0x0, 0xa, 0xff, 0xfb, 0xcf, 0xff, 0x50,
    0x0, 0x5, 0xff, 0xfd, 0xcf, 0xff, 0x50, 0x0,
    0x3, 0xff, 0xfe, 0xcf, 0xff, 0x50, 0x0, 0x3,
    0xff, 0xfe, 0xcf, 0xff, 0x50, 0x0, 0x3, 0xff,
    0xfe, 0xcf, 0xff, 0x50, 0x0, 0x3, 0xff, 0xfe,
    0xcf, 0xff, 0x50, 0x0, 0x3, 0xff, 0xfe, 0xcf,
    0xff, 0x50, 0x0, 0x3, 0xff, 0xfe, 0xcf, 0xff,
    0x50, 0x0, 0x3, 0xff, 0xfe, 0xcf, 0xff, 0x50,
    0x0, 0x3, 0xff, 0xfe, 0xcf, 0xff, 0x50, 0x0,
    0x3, 0xff, 0xfe, 0xcf, 0xff, 0x50, 0x0, 0x3,
    0xff, 0xfe,

    /* U+0069 "i" */
    0x4, 0xdf, 0xa0, 0xe, 0xff, 0xf7, 0xf, 0xff,
    0xf9, 0xa, 0xff, 0xf3, 0x0, 0x56, 0x20, 0x0,
    0x0, 0x0, 0xc, 0xff, 0xf5, 0xc, 0xff, 0xf5,
    0xc, 0xff, 0xf5, 0xc, 0xff, 0xf5, 0xc, 0xff,
    0xf5, 0xc, 0xff, 0xf5, 0xc, 0xff, 0xf5, 0xc,
    0xff, 0xf5, 0xc, 0xff, 0xf5, 0xc, 0xff, 0xf5,
    0xc, 0xff, 0xf5, 0xc, 0xff, 0xf5, 0xc, 0xff,
    0xf5, 0xc, 0xff, 0xf5, 0xc, 0xff, 0xf5, 0xc,
    0xff, 0xf5,

    /* U+006A "j" */
    0x0, 0x0, 0x4d, 0xfa, 0x0, 0x0, 0xe, 0xff,
    0xf8, 0x0, 0x0, 0xff, 0xff, 0x90, 0x0, 0xa,
    0xff, 0xf4, 0x0, 0x0, 0x4, 0x62, 0x0, 0x0,
    0x0, 0x0, 0x0, 0x0, 0x0, 0xcf, 0xff, 0x60,
    0x0, 0xc, 0xff, 0xf6, 0x0, 0x0, 0xcf, 0xff,
    0x60, 0x0, 0xc, 0xff, 0xf6, 0x0, 0x0, 0xcf,
    0xff, 0x60, 0x0, 0xc, 0xff, 0xf6, 0x0, 0x0,
    0xcf, 0xff, 0x60, 0x0, 0xc, 0xff, 0xf6, 0x0,
    0x0, 0xcf, 0xff, 0x60, 0x0, 0xc, 0xff, 0xf6,
    0x0, 0x0, 0xcf, 0xff, 0x60, 0x0, 0xc, 0xff,
    0xf6, 0x0, 0x0, 0xcf, 0xff, 0x60, 0x0, 0xc,
    0xff, 0xf6, 0x0, 0x0, 0xcf, 0xff, 0x60, 0x0,
    0xc, 0xff, 0xf6, 0x0, 0x0, 0xcf, 0xff, 0x50,
    0x0, 0xe, 0xff, 0xf3, 0x5, 0x49, 0xff, 0xff,
    0x10, 0xff, 0xff, 0xff, 0x90, 0x4f, 0xff, 0xff,
    0xc1, 0x4, 0xdf, 0xeb, 0x80, 0x0,

    /* U+006B "k" */
    0xcf, 0xff, 0x40, 0x0, 0x0, 0x0, 0x0, 0xc,
    0xff, 0xf4, 0x0, 0x0, 0x0, 0x0, 0x0, 0xcf,
    0xff, 0x40, 0x0, 0x0, 0x0, 0x0, 0xc, 0xff,
    0xf4, 0x0, 0x0, 0x0, 0x0, 0x0, 0xcf, 0xff,
    0x40, 0x0, 0x0, 0x0, 0x0, 0xc, 0xff, 0xf4,
    0x0, 0x0, 0x0, 0x0, 0x0, 0xcf, 0xff, 0x40,
    0x0, 0xa, 0xff, 0xfc, 0xc, 0xff, 0xf4, 0x0,
    0x6, 0xff, 0xfe, 0x10, 0xcf, 0xff, 0x40, 0x3,
    0xff, 0xff, 0x30, 0xc, 0xff, 0xf4, 0x1, 0xef,
    0xff, 0x60, 0x0, 0xcf, 0xff, 0x40, 0xcf, 0xff,
    0x90, 0x0, 0xc, 0xff, 0xf4, 0x8f, 0xff, 0xb0,
    0x0, 0x0, 0xcf, 0xff, 0x9f, 0xff, 0xf1, 0x0,
    0x0, 0xc, 0xff, 0xff, 0xff, 0xff, 0x60, 0x0,
    0x0, 0xcf, 0xff, 0xff, 0xff, 0xff, 0x10, 0x0,
    0xc, 0xff, 0xff, 0xfb, 0xff, 0xfa, 0x0, 0x0,
    0xcf, 0xff, 0xf7, 0xd, 0xff, 0xf4, 0x0, 0xc,
    0xff, 0xfa, 0x0, 0x5f, 0xff, 0xe0, 0x0, 0xcf,
    0xff, 0x40, 0x0, 0xbf, 0xff, 0x80, 0xc, 0xff,
    0xf4, 0x0, 0x2, 0xff, 0xff, 0x30, 0xcf, 0xff,
    0x40, 0x0, 0x9, 0xff, 0xfc, 0xc, 0xff, 0xf4,
    0x0, 0x0, 0x1f, 0xff, 0xf6,

    /* U+006C "l" */
    0xcf, 0xff, 0x50, 0xc, 0xff, 0xf5, 0x0, 0xcf,
    0xff, 0x50, 0xc, 0xff, 0xf5, 0x0, 0xcf, 0xff,
    0x50, 0xc, 0xff, 0xf5, 0x0, 0xcf, 0xff, 0x50,
    0xc, 0xff, 0xf5, 0x0, 0xcf, 0xff, 0x50, 0xc,
    0xff, 0xf5, 0x0, 0xcf, 0xff, 0x50, 0xc, 0xff,
    0xf5, 0x0, 0xcf, 0xff, 0x50, 0xc, 0xff, 0xf5,
    0x0, 0xcf, 0xff, 0x50, 0xc, 0xff, 0xf5, 0x0,
    0xcf, 0xff, 0x50, 0xc, 0xff, 0xf5, 0x0, 0xaf,
    0xff, 0xc4, 0x7, 0xff, 0xff, 0xd0, 0x1e, 0xff,
    0xff, 0x0, 0x2b, 0xef, 0xd1,

    /* U+006D "m" */
    0xcf, 0xfa, 0x0, 0x7d, 0xfe, 0xb3, 0x0, 0x4,
    0xbe, 0xeb, 0x50, 0xc, 0xff, 0xc2, 0xcf, 0xff,
    0xff, 0xf5, 0x8, 0xff, 0xff, 0xff, 0x80, 0xcf,
    0xff, 0xef, 0xff, 0xff, 0xff, 0xeb, 0xff, 0xff,
    0xff, 0xff, 0x2c, 0xff, 0xff, 0xfc, 0x9d, 0xff,
    0xff, 0xff, 0xd9, 0xbf, 0xff, 0xf8, 0xcf, 0xff,
    0xf4, 0x0, 0xe, 0xff, 0xff, 0x80, 0x0, 0xaf,
    0xff, 0xbc, 0xff, 0xf5, 0x0, 0x0, 0x9f, 0xff,
    0xa0, 0x0, 0x4, 0xff, 0xfd, 0xcf, 0xff, 0x50,
    0x0, 0x7, 0xff, 0xf9, 0x0, 0x0, 0x3f, 0xff,
    0xec, 0xff, 0xf5, 0x0, 0x0, 0x7f, 0xff, 0x90,
    0x0, 0x2, 0xff, 0xfe, 0xcf, 0xff, 0x50, 0x0,
    0x7, 0xff, 0xf9, 0x0, 0x0, 0x2f, 0xff, 0xec,
    0xff, 0xf5, 0x0, 0x0, 0x7f, 0xff, 0x90, 0x0,
    0x2, 0xff, 0xfe, 0xcf, 0xff, 0x50, 0x0, 0x7,
    0xff, 0xf9, 0x0, 0x0, 0x2f, 0xff, 0xec, 0xff,
    0xf5, 0x0, 0x0, 0x7f, 0xff, 0x90, 0x0, 0x2,
    0xff, 0xfe, 0xcf, 0xff, 0x50, 0x0, 0x7, 0xff,
    0xf9, 0x0, 0x0, 0x2f, 0xff, 0xec, 0xff, 0xf5,
    0x0, 0x0, 0x7f, 0xff, 0x90, 0x0, 0x2, 0xff,
    0xfe, 0xcf, 0xff, 0x50, 0x0, 0x7, 0xff, 0xf9,
    0x0, 0x0, 0x2f, 0xff, 0xec, 0xff, 0xf5, 0x0,
    0x0, 0x7f, 0xff, 0x90, 0x0, 0x2, 0xff, 0xfe,

    /* U+006E "n" */
    0xcf, 0xfa, 0x0, 0x6c, 0xee, 0xb5, 0x0, 0xcf,
    0xfc, 0x1c, 0xff, 0xff, 0xff, 0x80, 0xcf, 0xff,
    0xef, 0xff, 0xff, 0xff, 0xf2, 0xcf, 0xff, 0xff,
    0xc9, 0xbf, 0xff, 0xf8, 0xcf, 0xff, 0xf4, 0x0,
    0xa, 0xff, 0xfb, 0xcf, 0xff, 0x50, 0x0, 0x5,
    0xff, 0xfd, 0xcf, 0xff, 0x50, 0x0, 0x3, 0xff,
    0xfe, 0xcf, 0xff, 0x50, 0x0, 0x3, 0xff, 0xfe,
    0xcf, 0xff, 0x50, 0x0, 0x3, 0xff, 0xfe, 0xcf,
    0xff, 0x50, 0x0, 0x3, 0xff, 0xfe, 0xcf, 0xff,
    0x50, 0x0, 0x3, 0xff, 0xfe, 0xcf, 0xff, 0x50,
    0x0, 0x3, 0xff, 0xfe, 0xcf, 0xff, 0x50, 0x0,
    0x3, 0xff, 0xfe, 0xcf, 0xff, 0x50, 0x0, 0x3,
    0xff, 0xfe, 0xcf, 0xff, 0x50, 0x0, 0x3, 0xff,
    0xfe, 0xcf, 0xff, 0x50, 0x0, 0x3, 0xff, 0xfe,

    /* U+006F "o" */
    0x0, 0x0, 0x3a, 0xdf, 0xec, 0x70, 0x0, 0x0,
    0x0, 0x8, 0xff, 0xff, 0xff, 0xfd, 0x30, 0x0,
    0x0, 0xbf, 0xff, 0xff, 0xff, 0xff, 0xf4, 0x0,
    0x6, 0xff, 0xff, 0xa6, 0x8e, 0xff, 0xfe, 0x0,
    0x1f, 0xff, 0xf7, 0x0, 0x1, 0xdf, 0xff, 0x80,
    0x6f, 0xff, 0xe0, 0x0, 0x0, 0x6f, 0xff, 0xe0,
    0xaf, 0xff, 0x90, 0x0, 0x0, 0x1f, 0xff, 0xf2,
    0xbf, 0xff, 0x70, 0x0, 0x0, 0xf, 0xff, 0xf3,
    0xbf, 0xff, 0x70, 0x0, 0x0, 0xf, 0xff, 0xf3,
    0xaf, 0xff, 0x90, 0x0, 0x0, 0x1f, 0xff, 0xf2,
    0x6f, 0xff, 0xe0, 0x0, 0x0, 0x6f, 0xff, 0xe0,
    0x1f, 0xff, 0xf7, 0x0, 0x1, 0xdf, 0xff, 0x90,
    0x6, 0xff, 0xff, 0xa6, 0x8e, 0xff, 0xfe, 0x0,
    0x0, 0xbf, 0xff, 0xff, 0xff, 0xff, 0xf4, 0x0,
    0x0, 0x8, 0xff, 0xff, 0xff, 0xfd, 0x30, 0x0,
    0x0, 0x0, 0x3a, 0xef, 0xec, 0x70, 0x0, 0x0,

    /* U+0070 "p" */
    0xcf, 0xfa, 0x2, 0x9d, 0xfe, 0xa3, 0x0, 0xc,
    0xff, 0xd7, 0xff, 0xff, 0xff, 0xf5, 0x0, 0xcf,
    0xff, 0xff, 0xff, 0xff, 0xff, 0xf4, 0xc, 0xff,
    0xff, 0xe9, 0x69, 0xff, 0xff, 0xc0, 0xcf, 0xff,
    0xc1, 0x0, 0x5, 0xff, 0xff, 0x4c, 0xff, 0xf5,
    0x0, 0x0, 0xd, 0xff, 0xf7, 0xcf, 0xff, 0x50,
    0x0, 0x0, 0x9f, 0xff, 0x9c, 0xff, 0xf5, 0x0,
    0x0, 0x8, 0xff, 0xfb, 0xcf, 0xff, 0x50, 0x0,
    0x0, 0x9f, 0xff, 0xbc, 0xff, 0xf5, 0x0, 0x0,
    0xb, 0xff, 0xf9, 0xcf, 0xff, 0x50, 0x0, 0x1,
    0xff, 0xff, 0x6c, 0xff, 0xf8, 0x0, 0x0, 0x9f,
    0xff, 0xf1, 0xcf, 0xff, 0xfc, 0x77, 0xbf, 0xff,
    0xf7, 0xc, 0xff, 0xff, 0xff, 0xff, 0xff, 0xfd,
    0x0, 0xcf, 0xff, 0xaf, 0xff, 0xff, 0xfd, 0x20,
    0xc, 0xff, 0xf3, 0x3a, 0xdf, 0xc7, 0x0, 0x0,
    0xcf, 0xff, 0x40, 0x0, 0x0, 0x0, 0x0, 0xc,
    0xff, 0xf5, 0x0, 0x0, 0x0, 0x0, 0x0, 0xcf,
    0xff, 0x50, 0x0, 0x0, 0x0, 0x0, 0xc, 0xff,
    0xf5, 0x0, 0x0, 0x0, 0x0, 0x0, 0xcf, 0xff,
    0x50, 0x0, 0x0, 0x0, 0x0, 0xc, 0xff, 0xf5,
    0x0, 0x0, 0x0, 0x0, 0x0,

    /* U+0071 "q" */
    0x0, 0x0, 0x6c, 0xfe, 0xb5, 0x7, 0xff, 0xd0,
    0x1, 0xbf, 0xff, 0xff, 0xfb, 0xcf, 0xfd, 0x0,
    0xdf, 0xff, 0xff, 0xff, 0xff, 0xff, 0xd0, 0x7f,
    0xff, 0xfc, 0x77, 0xcf, 0xff, 0xfd, 0x1f, 0xff,
    0xfa, 0x0, 0x0, 0x7f, 0xff, 0xd5, 0xff, 0xff,
    0x10, 0x0, 0x4, 0xff, 0xfd, 0x9f, 0xff, 0xb0,
    0x0, 0x0, 0x4f, 0xff, 0xda, 0xff, 0xf9, 0x0,
    0x0, 0x4, 0xff, 0xfd, 0x9f, 0xff, 0x90, 0x0,
    0x0, 0x4f, 0xff, 0xd7, 0xff, 0xfb, 0x0, 0x0,
    0x4, 0xff, 0xfd, 0x5f, 0xff, 0xe0, 0x0, 0x0,
    0x4f, 0xff, 0xd2, 0xff, 0xff, 0x80, 0x0, 0xb,
    0xff, 0xfd, 0xa, 0xff, 0xff, 0xb7, 0x8d, 0xff,
    0xff, 0xd0, 0x2f, 0xff, 0xff, 0xff, 0xff, 0xff,
    0xfd, 0x0, 0x4e, 0xff, 0xff, 0xff, 0x8f, 0xff,
    0xd0, 0x0, 0x19, 0xdf, 0xea, 0x23, 0xff, 0xfd,
    0x0, 0x0, 0x0, 0x0, 0x0, 0x4f, 0xff, 0xd0,
    0x0, 0x0, 0x0, 0x0, 0x4, 0xff, 0xfd, 0x0,
    0x0, 0x0, 0x0, 0x0, 0x4f, 0xff, 0xd0, 0x0,
    0x0, 0x0, 0x0, 0x4, 0xff, 0xfd, 0x0, 0x0,
    0x0, 0x0, 0x0, 0x4f, 0xff, 0xd0, 0x0, 0x0,
    0x0, 0x0, 0x4, 0xff, 0xfd,

    /* U+0072 "r" */
    0xcf, 0xf9, 0x0, 0x7d, 0xff, 0x2c, 0xff, 0xb0,
    0xbf, 0xff, 0xf0, 0xcf, 0xfd, 0x9f, 0xff, 0xfc,
    0xc, 0xff, 0xff, 0xff, 0xbb, 0x80, 0xcf, 0xff,
    0xfc, 0x10, 0x0, 0xc, 0xff, 0xfe, 0x10, 0x0,
    0x0, 0xcf, 0xff, 0x70, 0x0, 0x0, 0xc, 0xff,
    0xf5, 0x0, 0x0, 0x0, 0xcf, 0xff, 0x50, 0x0,
    0x0, 0xc, 0xff, 0xf5, 0x0, 0x0, 0x0, 0xcf,
    0xff, 0x50, 0x0, 0x0, 0xc, 0xff, 0xf5, 0x0,
    0x0, 0x0, 0xcf, 0xff, 0x50, 0x0, 0x0, 0xc,
    0xff, 0xf5, 0x0, 0x0, 0x0, 0xcf, 0xff, 0x50,
    0x0, 0x0, 0xc, 0xff, 0xf5, 0x0, 0x0, 0x0,

    /* U+0073 "s" */
    0x0, 0x0, 0x6b, 0xdf, 0xeb, 0x50, 0x0, 0x1,
    0xdf, 0xff, 0xff, 0xff, 0xc3, 0x0, 0xcf, 0xff,
    0xff, 0xff, 0xff, 0x50, 0x2f, 0xff, 0xd4, 0x14,
    0x9f, 0x90, 0x5, 0xff, 0xf8, 0x0, 0x0, 0x20,
    0x0, 0x3f, 0xff, 0xe3, 0x0, 0x0, 0x0, 0x0,
    0xdf, 0xff, 0xfc, 0x60, 0x0, 0x0, 0x2, 0xdf,
    0xff, 0xff, 0xe7, 0x0, 0x0, 0x0, 0x8e, 0xff,
    0xff, 0xfc, 0x0, 0x0, 0x0, 0x5, 0xcf, 0xff,
    0xf8, 0x0, 0x0, 0x0, 0x0, 0x6f, 0xff, 0xc0,
    0x6, 0x30, 0x0, 0x0, 0xff, 0xfd, 0x4, 0xff,
    0x95, 0x22, 0x9f, 0xff, 0xa1, 0xef, 0xff, 0xff,
    0xff, 0xff, 0xf3, 0x4, 0xdf, 0xff, 0xff, 0xff,
    0xf6, 0x0, 0x0, 0x5a, 0xef, 0xec, 0x81, 0x0,

    /* U+0074 "t" */
    0x0, 0x8, 0xff, 0xe0, 0x0, 0x0, 0x0, 0xa,
    0xff, 0xe0, 0x0, 0x0, 0x0, 0xc, 0xff, 0xe0,
    0x0, 0x0, 0x0, 0xe, 0xff, 0xe0, 0x0, 0x0,
    0x5e, 0xff, 0xff, 0xff, 0xff, 0xc0, 0x6f, 0xff,
    0xff, 0xff, 0xff, 0xc0, 0x6f, 0xff, 0xff, 0xff,
    0xff, 0xc0, 0x13, 0x6f, 0xff, 0xe3, 0x33, 0x20,
    0x0, 0x3f, 0xff, 0xe0, 0x0, 0x0, 0x0, 0x3f,
    0xff, 0xe0, 0x0, 0x0, 0x0, 0x3f, 0xff, 0xe0,
    0x0, 0x0, 0x0, 0x3f, 0xff, 0xe0, 0x0, 0x0,
    0x0, 0x3f, 0xff, 0xe0, 0x0, 0x0, 0x0, 0x3f,
    0xff, 0xe0, 0x0, 0x0, 0x0, 0x2f, 0xff, 0xe0,
    0x0, 0x0, 0x0, 0xf, 0xff, 0xf2, 0x0, 0x0,
    0x0, 0xe, 0xff, 0xfc, 0x55, 0x50, 0x0, 0x7,
    0xff, 0xff, 0xff, 0xd0, 0x0, 0x0, 0xcf, 0xff,
    0xff, 0xf1, 0x0, 0x0, 0x7, 0xbe, 0xfd, 0xa1,

    /* U+0075 "u" */
    0xff, 0xff, 0x10, 0x0, 0x7, 0xff, 0xfa, 0xff,
    0xff, 0x10, 0x0, 0x7, 0xff, 0xfa, 0xff, 0xff,
    0x10, 0x0, 0x7, 0xff, 0xfa, 0xff, 0xff, 0x10,
    0x0, 0x7, 0xff, 0xfa, 0xff, 0xff, 0x10, 0x0,
    0x7, 0xff, 0xfa, 0xff, 0xff, 0x10, 0x0, 0x7,
    0xff, 0xfa, 0xff, 0xff, 0x10, 0x0, 0x7, 0xff,
    0xfa, 0xff, 0xff, 0x10, 0x0, 0x7, 0xff, 0xfa,
    0xff, 0xff, 0x10, 0x0, 0x7, 0xff, 0xfa, 0xff,
    0xff, 0x20, 0x0, 0x7, 0xff, 0xfa, 0xdf, 0xff,
    0x30, 0x0, 0x9, 0xff, 0xfa, 0xcf, 0xff, 0x90,
    0x0, 0x5f, 0xff, 0xfa, 0x9f, 0xff, 0xfb, 0x9d,
    0xff, 0xff, 0xfa, 0x2f, 0xff, 0xff, 0xff, 0xfc,
    0xff, 0xfa, 0x9, 0xff, 0xff, 0xff, 0x90, 0xef,
    0xfa, 0x0, 0x6b, 0xee, 0xc5, 0x0, 0xcf, 0xfa,

    /* U+0076 "v" */
    0x7f, 0xff, 0xa0, 0x0, 0x0, 0x5, 0xff, 0xf9,
    0x1f, 0xff, 0xf0, 0x0, 0x0, 0xa, 0xff, 0xf3,
    0xc, 0xff, 0xf3, 0x0, 0x0, 0xe, 0xff, 0xe0,
    0x7, 0xff, 0xf8, 0x0, 0x0, 0x3f, 0xff, 0x90,
    0x1, 0xff, 0xfc, 0x0, 0x0, 0x8f, 0xff, 0x40,
    0x0, 0xcf, 0xff, 0x10, 0x0, 0xcf, 0xfe, 0x0,
    0x0, 0x7f, 0xff, 0x60, 0x1, 0xff, 0xf9, 0x0,
    0x0, 0x1f, 0xff, 0xa0, 0x6, 0xff, 0xf4, 0x0,
    0x0, 0xc, 0xff, 0xe0, 0xa, 0xff, 0xe0, 0x0,
    0x0, 0x7, 0xff, 0xf3, 0xe, 0xff, 0x90, 0x0,
    0x0, 0x1, 0xff, 0xf7, 0x2f, 0xff, 0x40, 0x0,
    0x0, 0x0, 0xcf, 0xfb, 0x6f, 0xff, 0x0, 0x0,
    0x0, 0x0, 0x6f, 0xff, 0xbf, 0xfa, 0x0, 0x0,
    0x0, 0x0, 0x1f, 0xff, 0xff, 0xf5, 0x0, 0x0,
    0x0, 0x0, 0xc, 0xff, 0xff, 0xf0, 0x0, 0x0,
    0x0, 0x0, 0x6, 0xff, 0xff, 0xa0, 0x0, 0x0,

    /* U+0077 "w" */
    0x1f, 0xff, 0xf0, 0x0, 0x0, 0xcf, 0xff, 0x10,
    0x0, 0x8, 0xff, 0xf4, 0xd, 0xff, 0xf3, 0x0,
    0x0, 0xff, 0xff, 0x50, 0x0, 0xc, 0xff, 0xf0,
    0x9, 0xff, 0xf6, 0x0, 0x3, 0xff, 0xff, 0x90,
    0x0, 0xf, 0xff, 0xc0, 0x5, 0xff, 0xfa, 0x0,
    0x7, 0xff, 0xff, 0xd0, 0x0, 0x3f, 0xff, 0x80,
    0x1, 0xff, 0xfd, 0x0, 0xb, 0xfe, 0xef, 0xf1,
    0x0, 0x6f, 0xff, 0x40, 0x0, 0xdf, 0xff, 0x10,
    0xf, 0xfb, 0xaf, 0xf5, 0x0, 0xaf, 0xff, 0x0,
    0x0, 0x9f, 0xff, 0x40, 0x3f, 0xf8, 0x7f, 0xf9,
    0x0, 0xdf, 0xfc, 0x0, 0x0, 0x5f, 0xff, 0x80,
    0x7f, 0xf6, 0x4f, 0xfd, 0x0, 0xff, 0xf8, 0x0,
    0x0, 0x1f, 0xff, 0xb0, 0xaf, 0xf3, 0x1f, 0xff,
    0x13, 0xff, 0xf5, 0x0, 0x0, 0xd, 0xff, 0xd0,
    0xef, 0xf0, 0xd, 0xff, 0x46, 0xff, 0xf1, 0x0,
    0x0, 0x9, 0xff, 0xf1, 0xff, 0xc0, 0xa, 0xff,
    0x89, 0xff, 0xd0, 0x0, 0x0, 0x5, 0xff, 0xf7,
    0xff, 0x80, 0x6, 0xff, 0xbb, 0xff, 0x90, 0x0,
    0x0, 0x1, 0xff, 0xfd, 0xff, 0x50, 0x2, 0xff,
    0xfe, 0xff, 0x50, 0x0, 0x0, 0x0, 0xdf, 0xff,
    0xff, 0x10, 0x0, 0xef, 0xff, 0xff, 0x10, 0x0,
    0x0, 0x0, 0x9f, 0xff, 0xfd, 0x0, 0x0, 0xaf,
    0xff, 0xfd, 0x0, 0x0, 0x0, 0x0, 0x5f, 0xff,
    0xfa, 0x0, 0x0, 0x7f, 0xff, 0xfa, 0x0, 0x0,

    /* U+0078 "x" */
    0xe, 0xff, 0xf7, 0x0, 0x0, 0x8f, 0xff, 0xb0,
    0x5, 0xff, 0xfe, 0x10, 0x0, 0xef, 0xff, 0x20,
    0x0, 0xcf, 0xff, 0x80, 0x6, 0xff, 0xf9, 0x0,
    0x0, 0x2f, 0xff, 0xf1, 0xd, 0xff, 0xe1, 0x0,
    0x0, 0x9, 0xff, 0xf9, 0x4f, 0xff, 0x70, 0x0,
    0x0, 0x0, 0xef, 0xff, 0xcf, 0xfd, 0x0, 0x0,
    0x0, 0x0, 0x5f, 0xff, 0xff, 0xf5, 0x0, 0x0,
    0x0, 0x0, 0xd, 0xff, 0xff, 0xc0, 0x0, 0x0,
    0x0, 0x0, 0x2f, 0xff, 0xff, 0x90, 0x0, 0x0,
    0x0, 0x0, 0xbf, 0xff, 0xff, 0xf3, 0x0, 0x0,
    0x0, 0x4, 0xff, 0xfa, 0xff, 0xfd, 0x0, 0x0,
    0x0, 0xd, 0xff, 0xd0, 0xbf, 0xff, 0x70, 0x0,
    0x0, 0x7f, 0xff, 0x60, 0x2f, 0xff, 0xf2, 0x0,
    0x1, 0xff, 0xfe, 0x0, 0x9, 0xff, 0xfb, 0x0,
    0xa, 0xff, 0xf7, 0x0, 0x1, 0xff, 0xff, 0x50,
    0x4f, 0xff, 0xe0, 0x0, 0x0, 0x6f, 0xff, 0xe1,

    /* U+0079 "y" */
    0x6f, 0xff, 0xb0, 0x0, 0x0, 0x6, 0xff, 0xf8,
    0xf, 0xff, 0xf1, 0x0, 0x0, 0xa, 0xff, 0xf2,
    0x9, 0xff, 0xf6, 0x0, 0x0, 0xf, 0xff, 0xd0,
    0x3, 0xff, 0xfb, 0x0, 0x0, 0x4f, 0xff, 0x70,
    0x0, 0xdf, 0xff, 0x10, 0x0, 0x8f, 0xff, 0x20,
    0x0, 0x6f, 0xff, 0x60, 0x0, 0xdf, 0xfc, 0x0,
    0x0, 0x1f, 0xff, 0xc0, 0x2, 0xff, 0xf7, 0x0,
    0x0, 0xa, 0xff, 0xf1, 0x6, 0xff, 0xf2, 0x0,
    0x0, 0x3, 0xff, 0xf6, 0xb, 0xff, 0xc0, 0x0,
    0x0, 0x0, 0xdf, 0xfa, 0xe, 0xff, 0x60, 0x0,
    0x0, 0x0, 0x7f, 0xff, 0x3f, 0xff, 0x10, 0x0,
    0x0, 0x0, 0x1f, 0xff, 0xbf, 0xfb, 0x0, 0x0,
    0x0, 0x0, 0xa, 0xff, 0xff, 0xf6, 0x0, 0x0,
    0x0, 0x0, 0x4, 0xff, 0xff, 0xf1, 0x0, 0x0,
    0x0, 0x0, 0x0, 0xdf, 0xff, 0xb0, 0x0, 0x0,
    0x0, 0x0, 0x0, 0x9f, 0xff, 0x50, 0x0, 0x0,
    0x0, 0x0, 0x0, 0xdf, 0xff, 0x0, 0x0, 0x0,
    0x0, 0x0, 0x7, 0xff, 0xf8, 0x0, 0x0, 0x0,
    0x0, 0x44, 0x8f, 0xff, 0xf1, 0x0, 0x0, 0x0,
    0x0, 0xff, 0xff, 0xff, 0x60, 0x0, 0x0, 0x0,
    0x4, 0xff, 0xff, 0xf8, 0x0, 0x0, 0x0, 0x0,
    0x6, 0xef, 0xda, 0x30, 0x0, 0x0, 0x0, 0x0,

    /* U+007A "z" */
    0xf, 0xff, 0xff, 0xff, 0xff, 0xff, 0x40, 0xff,
    0xff, 0xff, 0xff, 0xff, 0xf4, 0xf, 0xff, 0xff,
    0xff, 0xff, 0xff, 0x20, 0x33, 0x33, 0x35, 0xff,
    0xff, 0x60, 0x0, 0x0, 0x0, 0xaf, 0xff, 0xc0,
    0x0, 0x0, 0x0, 0x5f, 0xff, 0xf2, 0x0, 0x0,
    0x0, 0x1e, 0xff, 0xf6, 0x0, 0x0, 0x0, 0xa,
    0xff, 0xfc, 0x0, 0x0, 0x0, 0x5, 0xff, 0xff,
    0x20, 0x0, 0x0, 0x1, 0xef, 0xff, 0x60, 0x0,
    0x0, 0x0, 0xaf, 0xff, 0xc0, 0x0, 0x0, 0x0,
    0x5f, 0xff, 0xf2, 0x0, 0x0, 0x0, 0x1e, 0xff,
    0xfa, 0x33, 0x33, 0x33, 0x2a, 0xff, 0xff, 0xff,
    0xff, 0xff, 0xf8, 0xdf, 0xff, 0xff, 0xff, 0xff,
    0xff, 0x8d, 0xff, 0xff, 0xff, 0xff, 0xff, 0xf8,

    /* U+007B "{" */
    0x0, 0x2, 0xae, 0xff, 0x30, 0x0, 0xdf, 0xff,
    0xf3, 0x0, 0x5f, 0xff, 0x83, 0x0, 0x7, 0xff,
    0xe0, 0x0, 0x0, 0x8f, 0xfc, 0x0, 0x0, 0x8,
    0xff, 0xc0, 0x0, 0x0, 0x7f, 0xfd, 0x0, 0x0,
    0x6, 0xff, 0xd0, 0x0, 0x0, 0x5f, 0xfd, 0x0,
    0x0, 0x5, 0xff, 0xe0, 0x0, 0x0, 0x5f, 0xfd,
    0x0, 0x0, 0xb, 0xff, 0xb0, 0x0, 0x8d, 0xff,
    0xf5, 0x0, 0xf, 0xff, 0xe5, 0x0, 0x0, 0xff,
    0xff, 0xc1, 0x0, 0x1, 0x5e, 0xff, 0x90, 0x0,
    0x0, 0x7f, 0xfc, 0x0, 0x0, 0x4, 0xff, 0xe0,
    0x0, 0x0, 0x5f, 0xfd, 0x0, 0x0, 0x6, 0xff,
    0xd0, 0x0, 0x0, 0x7f, 0xfd, 0x0, 0x0, 0x7,
    0xff, 0xc0, 0x0, 0x0, 0x8f, 0xfc, 0x0, 0x0,
    0x7, 0xff, 0xd0, 0x0, 0x0, 0x5f, 0xff, 0x40,
    0x0, 0x1, 0xef, 0xff, 0xf3, 0x0, 0x4, 0xdf,
    0xff, 0x30, 0x0, 0x0, 0x12, 0x20,

    /* U+007C "|" */
    0x29, 0x94, 0x3f, 0xf7, 0x3f, 0xf7, 0x3f, 0xf7,
    0x3f, 0xf7, 0x3f, 0xf7, 0x3f, 0xf7, 0x3f, 0xf7,
    0x3f, 0xf7, 0x3f, 0xf7, 0x3f, 0xf7, 0x3f, 0xf7,
    0x3f, 0xf7, 0x3f, 0xf7, 0x3f, 0xf7, 0x3f, 0xf7,
    0x3f, 0xf7, 0x3f, 0xf7, 0x3f, 0xf7, 0x3f, 0xf7,
    0x3f, 0xf7, 0x3f, 0xf7, 0x3f, 0xf7, 0x3f, 0xf7,
    0x3f, 0xf7, 0x3f, 0xf7, 0x3f, 0xf7, 0x3f, 0xf7,
    0x3f, 0xf7, 0x3f, 0xf7, 0x3f, 0xf7, 0x3f, 0xf7,

    /* U+007D "}" */
    0xaf, 0xfd, 0x60, 0x0, 0xa, 0xff, 0xff, 0x70,
    0x0, 0x24, 0xcf, 0xfe, 0x0, 0x0, 0x4, 0xff,
    0xf0, 0x0, 0x0, 0x3f, 0xff, 0x10, 0x0, 0x3,
    0xff, 0xf1, 0x0, 0x0, 0x3f, 0xff, 0x0, 0x0,
    0x4, 0xff, 0xf0, 0x0, 0x0, 0x4f, 0xff, 0x0,
    0x0, 0x5, 0xff, 0xe0, 0x0, 0x0, 0x4f, 0xfe,
    0x0, 0x0, 0x2, 0xff, 0xf4, 0x0, 0x0, 0xc,
    0xff, 0xfa, 0x40, 0x0, 0x19, 0xff, 0xf9, 0x0,
    0x5, 0xff, 0xff, 0x90, 0x0, 0xff, 0xfb, 0x20,
    0x0, 0x3f, 0xff, 0x0, 0x0, 0x5, 0xff, 0xe0,
    0x0, 0x0, 0x4f, 0xfe, 0x0, 0x0, 0x4, 0xff,
    0xf0, 0x0, 0x0, 0x3f, 0xff, 0x0, 0x0, 0x3,
    0xff, 0xf1, 0x0, 0x0, 0x3f, 0xff, 0x10, 0x0,
    0x4, 0xff, 0xf0, 0x0, 0x1, 0xaf, 0xff, 0x0,
    0xa, 0xff, 0xff, 0x90, 0x0, 0xaf, 0xff, 0xa1,
    0x0, 0x1, 0x22, 0x0, 0x0, 0x0,

    /* U+007E "~" */
    0x0, 0x6, 0xdf, 0xd8, 0x10, 0x0, 0x4, 0x0,
    0x0, 0xaf, 0xff, 0xff, 0xe6, 0x11, 0x9f, 0xc2,
    0x8, 0xff, 0xff, 0xff, 0xff, 0xff, 0xff, 0xe2,
    0x7, 0xfe, 0x30, 0x3b, 0xff, 0xff, 0xff, 0x40,
    0x0, 0x22, 0x0, 0x0, 0x4b, 0xee, 0xa2, 0x0,

    /* U+5668 "器" */
    0x0, 0x6, 0xcc, 0xcc, 0xcc, 0xcc, 0xa0, 0x8,
    0xcc, 0xcc, 0xcc, 0xcc, 0xb0, 0x0, 0x0, 0x7,
    0xff, 0xff, 0xff, 0xff, 0xc0, 0xb, 0xff, 0xff,
    0xff, 0xff, 0xe0, 0x0, 0x0, 0x7, 0xff, 0xff,
    0xff, 0xff, 0xc0, 0xb, 0xff, 0xff, 0xff, 0xff,
    0xe0, 0x0, 0x0, 0x7, 0xff, 0x80, 0x6, 0xff,
    0xc0, 0xb, 0xff, 0x50, 0x5, 0xff, 0xe0, 0x0,
    0x0, 0x7, 0xff, 0x80, 0x5, 0xff, 0xc0, 0xb,
    0xff, 0x40, 0x4, 0xff, 0xe0, 0x0, 0x0, 0x7,
    0xff, 0x81, 0x16, 0xff, 0xc0, 0xb, 0xff, 0x51,
    0x15, 0xff, 0xe0, 0x0, 0x0, 0x7, 0xff, 0xff,
    0xff, 0xff, 0xc0, 0xb, 0xff, 0xff, 0xff, 0xff,
    0xe0, 0x0, 0x0, 0x7, 0xff, 0xff, 0xff, 0xff,
    0xc0, 0xb, 0xff, 0xff, 0xff, 0xff, 0xe0, 0x0,
    0x0, 0x5, 0xbb, 0xbb, 0xbb, 0xbe, 0xe4, 0x18,
    0xbc, 0xff, 0xeb, 0xbb, 0xa0, 0x0, 0x0, 0x0,
    0x0, 0x0, 0x0, 0x2f, 0xff, 0x90, 0x8, 0xff,
    0xfb, 0x20, 0x0, 0x0, 0x0, 0x0, 0x0, 0x0,
    0x0, 0xcf, 0xfe, 0x10, 0x0, 0x5c, 0xff, 0xa0,
    0x0, 0x0, 0x9, 0xff, 0xff, 0xff, 0xff, 0xff,
    0xff, 0xff, 0xff, 0xff, 0xff, 0xff, 0xff, 0xe0,
    0x9, 0xff, 0xff, 0xff, 0xff, 0xff, 0xff, 0xff,
    0xff, 0xff, 0xff, 0xff, 0xff, 0xe0, 0x7, 0xdd,
    0xdd, 0xef, 0xff, 0xfe, 0xdd, 0xdd, 0xff, 0xff,
    0xed, 0xdd, 0xdd, 0xc0, 0x0, 0x0, 0x2, 0xcf,
    0xff, 0xc0, 0x0, 0x0, 0x3f, 0xff, 0xf6, 0x0,
    0x0, 0x0, 0x0, 0x0, 0x6f, 0xff, 0xfb, 0x0,
    0x0, 0x0, 0x3, 0xff, 0xff, 0xc3, 0x0, 0x0,
    0x0, 0x6d, 0xff, 0xff, 0xc2, 0x22, 0x10, 0x1,
    0x22, 0x6f, 0xff, 0xff, 0xb5, 0x0, 0x1e, 0xff,
    0xff, 0xff, 0xff, 0xff, 0xc0, 0xa, 0xff, 0xff,
    0xff, 0xff, 0xff, 0xf6, 0x7, 0xff, 0xff, 0xff,
    0xff, 0xff, 0xc0, 0xa, 0xff, 0xff, 0xff, 0xff,
    0xff, 0xd0, 0x0, 0xcd, 0xff, 0xeb, 0xbd, 0xff,
    0xc0, 0xa, 0xff, 0xdb, 0xbd, 0xff, 0xff, 0x20,
    0x0, 0x7, 0xff, 0x90, 0x6, 0xff, 0xc0, 0xa,
    0xff, 0x60, 0x4, 0xff, 0xe0, 0x0, 0x0, 0x7,
    0xff, 0x90, 0x6, 0xff, 0xc0, 0xa, 0xff, 0x60,
    0x5, 0xff, 0xe0, 0x0, 0x0, 0x7, 0xff, 0xff,
    0xff, 0xff, 0xc0, 0xa, 0xff, 0xff, 0xff, 0xff,
    0xe0, 0x0, 0x0, 0x7, 0xff, 0xff, 0xff, 0xff,
    0xc0, 0xa, 0xff, 0xff, 0xff, 0xff, 0xe0, 0x0,
    0x0, 0x7, 0xff, 0xed, 0xdd, 0xdd, 0xa0, 0xa,
    0xff, 0xed, 0xdd, 0xdd, 0xc0, 0x0,

    /* U+62CD "拍" */
    0x0, 0x0, 0x8a, 0xa6, 0x0, 0x0, 0x0, 0x0,
    0x7, 0x75, 0x30, 0x0, 0x0, 0x0, 0x0, 0xcf,
    0xfa, 0x0, 0x0, 0x0, 0x0, 0xf, 0xff, 0xe0,
    0x0, 0x0, 0x0, 0x0, 0xcf, 0xfa, 0x0, 0x0,
    0x0, 0x0, 0x3f, 0xff, 0x90, 0x0, 0x0, 0x0,
    0x0, 0xcf, 0xfa, 0x0, 0x0, 0x0, 0x0, 0x7f,
    0xff, 0x40, 0x0, 0x0, 0x0, 0x0, 0xcf, 0xfa,
    0x0, 0x0, 0x0, 0x0, 0xaf, 0xfe, 0x0, 0x0,
    0x0, 0x4, 0x44, 0xdf, 0xfb, 0x44, 0x24, 0xaa,
    0xaa, 0xef, 0xfe, 0xaa, 0xaa, 0xa9, 0xf, 0xff,
    0xff, 0xff, 0xff, 0x66, 0xff, 0xff, 0xff, 0xff,
    0xff, 0xff, 0xfe, 0xf, 0xff, 0xff, 0xff, 0xff,
    0x66, 0xff, 0xff, 0xff, 0xff, 0xff, 0xff, 0xfe,
    0xe, 0xff, 0xff, 0xff, 0xff, 0x66, 0xff, 0xf7,
    0x77, 0x77, 0x77, 0xcf, 0xfe, 0x0, 0x0, 0xcf,
    0xfa, 0x0, 0x6, 0xff, 0xe0, 0x0, 0x0, 0x0,
    0x9f, 0xfe, 0x0, 0x0, 0xcf, 0xfa, 0x0, 0x6,
    0xff, 0xe0, 0x0, 0x0, 0x0, 0x9f, 0xfe, 0x0,
    0x0, 0xcf, 0xfa, 0x0, 0x6, 0xff, 0xe0, 0x0,
    0x0, 0x0, 0x9f, 0xfe, 0x0, 0x0, 0xcf, 0xfc,
    0x8c, 0x56, 0xff, 0xe0, 0x0, 0x0, 0x0, 0x9f,
    0xfe, 0x0, 0x26, 0xef, 0xff, 0xff, 0x86, 0xff,
    0xfd, 0xdd, 0xdd, 0xdd, 0xef, 0xfe, 0x3f, 0xff,
    0xff, 0xff, 0xff, 0xa6, 0xff, 0xff, 0xff, 0xff,
    0xff, 0xff, 0xfe, 0x1f, 0xff, 0xff, 0xff, 0xc8,
    0x36, 0xff, 0xff, 0xff, 0xff, 0xff, 0xff, 0xfe,
    0xd, 0xff, 0xff, 0xfa, 0x0, 0x6, 0xff, 0xf5,
    0x55, 0x55, 0x55, 0xbf, 0xfe, 0x6, 0x62, 0xdf,
    0xfa, 0x0, 0x6, 0xff, 0xe0, 0x0, 0x0, 0x0,
    0x9f, 0xfe, 0x0, 0x0, 0xcf, 0xfa, 0x0, 0x6,
    0xff, 0xe0, 0x0, 0x0, 0x0, 0x9f, 0xfe, 0x0,
    0x0, 0xcf, 0xfa, 0x0, 0x6, 0xff, 0xe0, 0x0,
    0x0, 0x0, 0x9f, 0xfe, 0x0, 0x0, 0xcf, 0xfa,
    0x0, 0x6, 0xff, 0xe0, 0x0, 0x0, 0x0, 0x9f,
    0xfe, 0x0, 0x0, 0xcf, 0xfa, 0x0, 0x6, 0xff,
    0xf3, 0x33, 0x33, 0x33, 0xaf, 0xfe, 0x1, 0x22,
    0xef, 0xf9, 0x0, 0x6, 0xff, 0xff, 0xff, 0xff,
    0xff, 0xff, 0xfe, 0x5, 0xff, 0xff, 0xf7, 0x0,
    0x6, 0xff, 0xff, 0xff, 0xff, 0xff, 0xff, 0xfe,
    0x0, 0xff, 0xff, 0xf3, 0x0, 0x6, 0xff, 0xff,
    0xff, 0xff, 0xff, 0xff, 0xfe, 0x0, 0xce, 0xea,
    0x40, 0x0, 0x6, 0xdd, 0xc0, 0x0, 0x0, 0x0,
    0x9f, 0xfe,

    /* U+7F6E "置" */
    0x0, 0xcf, 0xff, 0xff, 0xff, 0xff, 0xff, 0xff,
    0xff, 0xff, 0xff, 0xff, 0x60, 0x0, 0xdf, 0xff,
    0xff, 0xff, 0xff, 0xff, 0xff, 0xff, 0xff, 0xff,
    0xff, 0x70, 0x0, 0xdf, 0xf8, 0x44, 0xaf, 0xfb,
    0x44, 0x7f, 0xfd, 0x44, 0x4f, 0xff, 0x70, 0x0,
    0xdf, 0xf5, 0x0, 0x8f, 0xf8, 0x0, 0x3f, 0xfc,
    0x0, 0xe, 0xff, 0x70, 0x0, 0xdf, 0xff, 0xff,
    0xff, 0xff, 0xff, 0xff, 0xff, 0xff, 0xff, 0xff,
    0x70, 0x0, 0xdf, 0xff, 0xff, 0xff, 0xff, 0xff,
    0xff, 0xff, 0xff, 0xff, 0xff, 0x70, 0x0, 0x44,
    0x44, 0x44, 0x44, 0x4c, 0xff, 0xc4, 0x44, 0x44,
    0x44, 0x44, 0x20, 0x7, 0x77, 0x77, 0x77, 0x77,
    0x7d, 0xff, 0xc7, 0x77, 0x77, 0x77, 0x77, 0x70,
    0xf, 0xff, 0xff, 0xff, 0xff, 0xff, 0xff, 0xff,
    0xff, 0xff, 0xff, 0xff, 0xf0, 0xe, 0xff, 0xff,
    0xff, 0xff, 0xff, 0xff, 0xff, 0xff, 0xff, 0xff,
    0xff, 0xf0, 0x0, 0x0, 0x0, 0x0, 0x0, 0x1f,
    0xff, 0x10, 0x0, 0x0, 0x0, 0x0, 0x0, 0x0,
    0x1, 0xff, 0xff, 0xff, 0xff, 0xff, 0xff, 0xff,
    0xff, 0xff, 0x70, 0x0, 0x0, 0x1, 0xff, 0xff,
    0xff, 0xff, 0xff, 0xff, 0xff, 0xff, 0xff, 0x70,
    0x0, 0x0, 0x1, 0xff, 0xf1, 0x0, 0x0, 0x0,
    0x0, 0x0, 0xd, 0xff, 0x70, 0x0, 0x0, 0x1,
    0xff, 0xff, 0xff, 0xff, 0xff, 0xff, 0xff, 0xff,
    0xff, 0x70, 0x0, 0x0, 0x1, 0xff, 0xfc, 0xcc,
    0xcc, 0xcc, 0xcc, 0xcc, 0xcf, 0xff, 0x70, 0x0,
    0x0, 0x1, 0xff, 0xf4, 0x33, 0x33, 0x33, 0x33,
    0x33, 0x3e, 0xff, 0x70, 0x0, 0x0, 0x1, 0xff,
    0xff, 0xff, 0xff, 0xff, 0xff, 0xff, 0xff, 0xff,
    0x70, 0x0, 0x0, 0x1, 0xff, 0xf6, 0x55, 0x55,
    0x55, 0x55, 0x55, 0x5e, 0xff, 0x70, 0x0, 0x0,
    0x1, 0xff, 0xfa, 0x99, 0x99, 0x99, 0x99, 0x99,
    0x9f, 0xff, 0x70, 0x0, 0x0, 0x1, 0xff, 0xff,
    0xff, 0xff, 0xff, 0xff, 0xff, 0xff, 0xff, 0x70,
    0x0, 0x0, 0x1, 0xff, 0xf2, 0x11, 0x11, 0x11,
    0x11, 0x11, 0x1d, 0xff, 0x70, 0x0, 0x26, 0x67,
    0xff, 0xf7, 0x66, 0x66, 0x66, 0x66, 0x66, 0x6e,
    0xff, 0xa6, 0x65, 0x5f, 0xff, 0xff, 0xff, 0xff,
    0xff, 0xff, 0xff, 0xff, 0xff, 0xff, 0xff, 0xfe,
    0x5f, 0xff, 0xff, 0xff, 0xff, 0xff, 0xff, 0xff,
    0xff, 0xff, 0xff, 0xff, 0xfd,

    /* U+8282 "节" */
    0x0, 0x0, 0x0, 0x4b, 0xbb, 0x0, 0x0, 0x0,
    0x6b, 0xbb, 0x0, 0x0, 0x0, 0x0, 0x0, 0x0,
    0x5f, 0xff, 0x10, 0x0, 0x0, 0x8f, 0xff, 0x0,
    0x0, 0x0, 0x0, 0x0, 0x0, 0x5f, 0xff, 0x10,
    0x0, 0x0, 0x8f, 0xff, 0x0, 0x0, 0x0, 0x6f,
    0xff, 0xff, 0xff, 0xff, 0xff, 0xff, 0xff, 0xff,
    0xff, 0xff, 0xff, 0xfd, 0x6f, 0xff, 0xff, 0xff,
    0xff, 0xff, 0xff, 0xff, 0xff, 0xff, 0xff, 0xff,
    0xfd, 0x6f, 0xff, 0xff, 0xff, 0xff, 0xff, 0xff,
    0xff, 0xff, 0xff, 0xff, 0xff, 0xfd, 0x14, 0x44,
    0x44, 0x8f, 0xff, 0x54, 0x44, 0x44, 0xaf, 0xff,
    0x44, 0x44, 0x43, 0x0, 0x0, 0x0, 0x5f, 0xff,
    0x10, 0x0, 0x0, 0x8f, 0xff, 0x0, 0x0, 0x0,
    0x0, 0x0, 0x0, 0x5f, 0xff, 0x10, 0x0, 0x0,
    0x8f, 0xff, 0x0, 0x0, 0x0, 0x0, 0x0, 0x0,
    0x0, 0x0, 0x0, 0x0, 0x0, 0x0, 0x0, 0x0,
    0x0, 0x0, 0x1, 0xff, 0xff, 0xff, 0xff, 0xff,
    0xff, 0xff, 0xff, 0xff, 0xff, 0xf9, 0x0, 0x1,
    0xff, 0xff, 0xff, 0xff, 0xff, 0xff, 0xff, 0xff,
    0xff, 0xff, 0xfa, 0x0, 0x1, 0xff, 0xff, 0xff,
    0xff, 0xff, 0xff, 0xff, 0xff, 0xff, 0xff, 0xfa,
    0x0, 0x0, 0x44, 0x44, 0x44, 0xaf, 0xff, 0x54,
    0x44, 0x44, 0x44, 0xef, 0xfa, 0x0, 0x0, 0x0,
    0x0, 0x0, 0x8f, 0xff, 0x10, 0x0, 0x0, 0x0,
    0xef, 0xfa, 0x0, 0x0, 0x0, 0x0, 0x0, 0x8f,
    0xff, 0x10, 0x0, 0x0, 0x0, 0xef, 0xfa, 0x0,
    0x0, 0x0, 0x0, 0x0, 0x8f, 0xff, 0x10, 0x0,
    0x0, 0x0, 0xef, 0xfa, 0x0, 0x0, 0x0, 0x0,
    0x0, 0x8f, 0xff, 0x10, 0x0, 0x0, 0x0, 0xef,
    0xfa, 0x0, 0x0, 0x0, 0x0, 0x0, 0x8f, 0xff,
    0x10, 0x0, 0x0, 0x0, 0xef, 0xfa, 0x0, 0x0,
    0x0, 0x0, 0x0, 0x8f, 0xff, 0x10, 0x5, 0x77,
    0x67, 0xff, 0xf9, 0x0, 0x0, 0x0, 0x0, 0x0,
    0x8f, 0xff, 0x10, 0x6, 0xff, 0xff, 0xff, 0xf8,
    0x0, 0x0, 0x0, 0x0, 0x0, 0x8f, 0xff, 0x10,
    0x1, 0xff, 0xff, 0xff, 0xf2, 0x0, 0x0, 0x0,
    0x0, 0x0, 0x8f, 0xff, 0x10, 0x0, 0xef, 0xff,
    0xc9, 0x30, 0x0, 0x0, 0x0, 0x0, 0x0, 0x8f,
    0xff, 0x10, 0x0, 0x0, 0x0, 0x0, 0x0, 0x0,
    0x0, 0x0, 0x0, 0x0, 0x8f, 0xff, 0x10, 0x0,
    0x0, 0x0, 0x0, 0x0, 0x0, 0x0, 0x0, 0x0,
    0x0, 0x8f, 0xff, 0x10, 0x0, 0x0, 0x0, 0x0,
    0x0, 0x0,

    /* U+8BBE "设" */
    0x0, 0x0, 0x30, 0x0, 0x0, 0x0, 0x0, 0x0,
    0x0, 0x0, 0x0, 0x0, 0x0, 0x0, 0x0, 0x5,
    0xfc, 0x10, 0x0, 0x0, 0x1f, 0xff, 0xff, 0xff,
    0xff, 0xe0, 0x0, 0x0, 0x0, 0x2f, 0xff, 0xe2,
    0x0, 0x0, 0x1f, 0xff, 0xff, 0xff, 0xff, 0xf0,
    0x0, 0x0, 0x0, 0x6, 0xff, 0xfe, 0x30, 0x0,
    0x1f, 0xff, 0xff, 0xff, 0xff, 0xf0, 0x0, 0x0,
    0x0, 0x0, 0x5f, 0xff, 0xe1, 0x0, 0x2f, 0xff,
    0x22, 0x25, 0xff, 0xf0, 0x0, 0x0, 0x0, 0x0,
    0x5, 0xff, 0x80, 0x0, 0x4f, 0xfe, 0x0, 0x3,
    0xff, 0xf0, 0x0, 0x0, 0x0, 0x0, 0x0, 0x78,
    0x0, 0x0, 0x9f, 0xfc, 0x0, 0x3, 0xff, 0xf0,
    0x0, 0x0, 0x0, 0x0, 0x0, 0x0, 0x0, 0x4,
    0xff, 0xf6, 0x0, 0x2, 0xff, 0xf0, 0x0, 0x0,
    0x14, 0x44, 0x44, 0x41, 0x0, 0x6f, 0xff, 0xe1,
    0x0, 0x1, 0xff, 0xfd, 0xcd, 0x60, 0x3f, 0xff,
    0xff, 0xf5, 0xb, 0xff, 0xff, 0x30, 0x0, 0x0,
    0xcf, 0xff, 0xff, 0x80, 0x3f, 0xff, 0xff, 0xf5,
    0x1, 0xdf, 0xf5, 0x0, 0x0, 0x0, 0x2b, 0xef,
    0xfe, 0x80, 0x3d, 0xdd, 0xff, 0xf5, 0x0, 0x2a,
    0x20, 0x0, 0x0, 0x0, 0x0, 0x0, 0x0, 0x0,
    0x0, 0x0, 0xdf, 0xf5, 0x0, 0x7d, 0xdd, 0xdd,
    0xdd, 0xdd, 0xdd, 0xde, 0x71, 0x0, 0x0, 0x0,
    0xdf, 0xf5, 0x0, 0x8f, 0xff, 0xff, 0xff, 0xff,
    0xff, 0xff, 0xf3, 0x0, 0x0, 0x0, 0xdf, 0xf5,
    0x0, 0x8f, 0xff, 0xff, 0xff, 0xff, 0xff, 0xff,
    0xd0, 0x0, 0x0, 0x0, 0xdf, 0xf5, 0x0, 0x28,
    0xff, 0xb4, 0x44, 0x44, 0x5f, 0xff, 0x70, 0x0,
    0x0, 0x0, 0xdf, 0xf5, 0x0, 0x3, 0xff, 0xf4,
    0x0, 0x0, 0xaf, 0xfe, 0x0, 0x0, 0x0, 0x0,
    0xdf, 0xf5, 0x7, 0x0, 0x9f, 0xfe, 0x10, 0x5,
    0xff, 0xf6, 0x0, 0x0, 0x0, 0x0, 0xdf, 0xf6,
    0xbf, 0x40, 0x1e, 0xff, 0xd1, 0x5f, 0xff, 0xb0,
    0x0, 0x0, 0x0, 0x0, 0xdf, 0xff, 0xff, 0xb0,
    0x3, 0xff, 0xfe, 0xff, 0xfe, 0x10, 0x0, 0x0,
    0x0, 0x0, 0xef, 0xff, 0xff, 0x70, 0x0, 0x5f,
    0xff, 0xff, 0xe2, 0x0, 0x0, 0x0, 0x0, 0x3,
    0xff, 0xff, 0xf5, 0x0, 0x2, 0x9f, 0xff, 0xff,
    0xe7, 0x10, 0x0, 0x0, 0x0, 0xc, 0xff, 0xfe,
    0x30, 0x26, 0xbf, 0xff, 0xff, 0xff, 0xff, 0xf9,
    0x51, 0x0, 0x0, 0x1e, 0xff, 0xd1, 0x3e, 0xff,
    0xff, 0xff, 0xd6, 0xaf, 0xff, 0xff, 0xff, 0xb0,
    0x0, 0x4, 0xfb, 0x0, 0xb, 0xff, 0xff, 0xd5,
    0x0, 0x2, 0xbf, 0xff, 0xff, 0x20, 0x0, 0x0,
    0x80, 0x0, 0x4, 0xfd, 0x83, 0x0, 0x0, 0x0,
    0x2, 0x8d, 0xf8, 0x0, 0x0, 0x0, 0x0, 0x0,
    0x0, 0x10, 0x0, 0x0, 0x0, 0x0, 0x0, 0x0,
    0x20, 0x0,

    /* U+97F3 "音" */
    0x0, 0x0, 0x0, 0x0, 0x0, 0x0, 0x3, 0x10,
    0x0, 0x0, 0x0, 0x0, 0x0, 0x0, 0x0, 0x0,
    0x0, 0x0, 0xd, 0xff, 0xa0, 0x0, 0x0, 0x0,
    0x0, 0x0, 0x0, 0x0, 0x0, 0x0, 0x0, 0xa,
    0xff, 0xf2, 0x0, 0x0, 0x0, 0x0, 0x0, 0x0,
    0x9b, 0xbb, 0xbb, 0xbb, 0xbd, 0xff, 0xfd, 0xbb,
    0xbb, 0xbb, 0xbb, 0x60, 0x0, 0xcf, 0xff, 0xff,
    0xff, 0xff, 0xff, 0xff, 0xff, 0xff, 0xff, 0xff,
    0x80, 0x0, 0xcf, 0xff, 0xff, 0xff, 0xff, 0xff,
    0xff, 0xff, 0xff, 0xff, 0xff, 0x80, 0x0, 0x23,
    0x34, 0x9c, 0xf5, 0x33, 0x33, 0x33, 0x3b, 0xfc,
    0x94, 0x33, 0x10, 0x0, 0x0, 0x1, 0xff, 0xf9,
    0x0, 0x0, 0x0, 0xe, 0xff, 0xe0, 0x0, 0x0,
    0x0, 0x0, 0x0, 0xbf, 0xff, 0x0, 0x0, 0x0,
    0x4f, 0xff, 0x80, 0x0, 0x0, 0x0, 0x0, 0x0,
    0x6f, 0xff, 0x50, 0x0, 0x0, 0x9f, 0xff, 0x20,
    0x0, 0x0, 0x5f, 0xff, 0xff, 0xff, 0xff, 0xff,
    0xff, 0xff, 0xff, 0xff, 0xff, 0xff, 0xfd, 0x5f,
    0xff, 0xff, 0xff, 0xff, 0xff, 0xff, 0xff, 0xff,
    0xff, 0xff, 0xff, 0xfd, 0x5f, 0xff, 0xff, 0xff,
    0xff, 0xff, 0xff, 0xff, 0xff, 0xff, 0xff, 0xff,
    0xfc, 0x0, 0x0, 0x0, 0x0, 0x0, 0x0, 0x0,
    0x0, 0x0, 0x0, 0x0, 0x0, 0x0, 0x0, 0x0,
    0x89, 0x99, 0x99, 0x99, 0x99, 0x99, 0x99, 0x99,
    0x99, 0x60, 0x0, 0x0, 0x0, 0xef, 0xff, 0xff,
    0xff, 0xff, 0xff, 0xff, 0xff, 0xff, 0xa0, 0x0,
    0x0, 0x0, 0xef, 0xff, 0xff, 0xff, 0xff, 0xff,
    0xff, 0xff, 0xff, 0xa0, 0x0, 0x0, 0x0, 0xef,
    0xf9, 0x22, 0x22, 0x22, 0x22, 0x22, 0x2e, 0xff,
    0xa0, 0x0, 0x0, 0x0, 0xef, 0xf7, 0x0, 0x0,
    0x0, 0x0, 0x0, 0xd, 0xff, 0xa0, 0x0, 0x0,
    0x0, 0xef, 0xfc, 0x99, 0x99, 0x99, 0x99, 0x99,
    0x9f, 0xff, 0xa0, 0x0, 0x0, 0x0, 0xef, 0xff,
    0xff, 0xff, 0xff, 0xff, 0xff, 0xff, 0xff, 0xa0,
    0x0, 0x0, 0x0, 0xef, 0xff, 0xff, 0xff, 0xff,
    0xff, 0xff, 0xff, 0xff, 0xa0, 0x0, 0x0, 0x0,
    0xef, 0xf7, 0x0, 0x0, 0x0, 0x0, 0x0, 0xd,
    0xff, 0xa0, 0x0, 0x0, 0x0, 0xef, 0xf8, 0x0,
    0x0, 0x0, 0x0, 0x0, 0xe, 0xff, 0xa0, 0x0,
    0x0, 0x0, 0xef, 0xff, 0xff, 0xff, 0xff, 0xff,
    0xff, 0xff, 0xff, 0xa0, 0x0, 0x0, 0x0, 0xef,
    0xff, 0xff, 0xff, 0xff, 0xff, 0xff, 0xff, 0xff,
    0xa0, 0x0, 0x0, 0x0, 0xef, 0xfd, 0xbb, 0xbb,
    0xbb, 0xbb, 0xbb, 0xbf, 0xff, 0xa0, 0x0,

    /* U+9891 "频" */
    0x0, 0x0, 0x0, 0x0, 0x0, 0x0, 0x0, 0x0,
    0x0, 0x0, 0x0, 0x0, 0x0, 0x0, 0x0, 0x0,
    0x0, 0xf, 0xfe, 0x0, 0x0, 0x0, 0x0, 0x0,
    0x0, 0x0, 0x0, 0x0, 0x0, 0x0, 0x0, 0xf,
    0xfe, 0x0, 0x0, 0x47, 0x77, 0x77, 0x77, 0x77,
    0x77, 0x40, 0x0, 0x49, 0x91, 0xf, 0xfe, 0x0,
    0x0, 0xaf, 0xff, 0xff, 0xff, 0xff, 0xff, 0xa0,
    0x0, 0x7f, 0xf2, 0xf, 0xff, 0xbb, 0xb5, 0xaf,
    0xff, 0xff, 0xff, 0xff, 0xff, 0xa0, 0x0, 0x7f,
    0xf2, 0xf, 0xff, 0xff, 0xf7, 0x7b, 0xbb, 0xbe,
    0xff, 0xdb, 0xbb, 0x70, 0x0, 0x7f, 0xf2, 0xf,
    0xff, 0xff, 0xf7, 0x0, 0x0, 0xf, 0xff, 0x10,
    0x0, 0x0, 0x0, 0x7f, 0xf2, 0xf, 0xfe, 0x0,
    0x0, 0x0, 0x0, 0x5f, 0xfa, 0x0, 0x0, 0x0,
    0x0, 0x7f, 0xf2, 0xf, 0xfe, 0x0, 0x0, 0xf,
    0xff, 0xff, 0xff, 0xff, 0xff, 0x10, 0x1b, 0xdf,
    0xfb, 0xbf, 0xff, 0xbb, 0xbb, 0x2f, 0xff, 0xff,
    0xff, 0xff, 0xff, 0x10, 0x2f, 0xff, 0xff, 0xff,
    0xff, 0xff, 0xff, 0x2f, 0xfd, 0x55, 0x55, 0x5e,
    0xff, 0x10, 0x2f, 0xff, 0xff, 0xff, 0xff, 0xff,
    0xff, 0x2f, 0xfb, 0x7, 0x98, 0xd, 0xff, 0x10,
    0x3, 0x33, 0x33, 0xcf, 0xf7, 0x33, 0x33, 0x1f,
    0xfb, 0xc, 0xfe, 0xd, 0xff, 0x10, 0x0, 0x4,
    0x10, 0xbf, 0xf5, 0x0, 0x0, 0xf, 0xfb, 0xc,
    0xfe, 0xd, 0xff, 0x10, 0x0, 0x5f, 0xf8, 0xbf,
    0xf5, 0xc, 0xc9, 0x2f, 0xfb, 0xd, 0xfe, 0xd,
    0xff, 0x10, 0x0, 0xaf, 0xf4, 0xbf, 0xf5, 0x1f,
    0xff, 0x1f, 0xfb, 0xd, 0xfd, 0xd, 0xff, 0x10,
    0x0, 0xff, 0xe0, 0xbf, 0xf5, 0x5f, 0xfb, 0xf,
    0xfb, 0xe, 0xfc, 0xd, 0xff, 0x10, 0x8, 0xff,
    0xa0, 0xbf, 0xf5, 0xcf, 0xf6, 0xf, 0xfb, 0xf,
    0xfc, 0xd, 0xff, 0x10, 0x1f, 0xff, 0x30, 0xbf,
    0xf9, 0xff, 0xf0, 0xf, 0xfb, 0x1f, 0xfa, 0xd,
    0xff, 0x10, 0x19, 0xfb, 0x0, 0xbf, 0xff, 0xff,
    0x90, 0xf, 0xfb, 0x3f, 0xf8, 0xd, 0xff, 0x10,
    0x0, 0x42, 0x0, 0xae, 0xff, 0xff, 0x10, 0xf,
    0xfb, 0x7f, 0xf5, 0xd, 0xff, 0x10, 0x0, 0x0,
    0x0, 0x6, 0xff, 0xf6, 0x0, 0x4, 0x43, 0xdf,
    0xf5, 0x62, 0x22, 0x0, 0x0, 0x0, 0x0, 0x8f,
    0xff, 0xa0, 0x0, 0x0, 0x7, 0xff, 0xff, 0xf9,
    0x0, 0x0, 0x0, 0x0, 0x5d, 0xff, 0xfb, 0x0,
    0x0, 0x0, 0x7f, 0xff, 0x8f, 0xff, 0xc1, 0x0,
    0x3, 0x8e, 0xff, 0xff, 0x90, 0x0, 0x1, 0x6d,
    0xff, 0xf9, 0x2, 0xef, 0xfe, 0x20, 0xc, 0xff,
    0xff, 0xd4, 0x0, 0x0, 0x2f, 0xff, 0xff, 0x90,
    0x0, 0x1c, 0xff, 0xe0, 0x2, 0xff, 0xd6, 0x0,
    0x0, 0x0, 0x8, 0xff, 0xc3, 0x0, 0x0, 0x0,
    0xbf, 0x40, 0x0, 0x53, 0x0, 0x0, 0x0, 0x0,
    0x0, 0x82, 0x0, 0x0, 0x0, 0x0, 0x4, 0x0,

    /* U+F001 "" */
    0x0, 0x0, 0x0, 0x0, 0x0, 0x0, 0x0, 0x0,
    0x0, 0x0, 0x0, 0x0, 0x1, 0x30, 0x0, 0x0,
    0x0, 0x0, 0x0, 0x0, 0x0, 0x0, 0x0, 0x0,
    0x0, 0x38, 0xdf, 0xf9, 0x0, 0x0, 0x0, 0x0,
    0x0, 0x0, 0x0, 0x0, 0x0, 0x15, 0xae, 0xff,
    0xff, 0xff, 0x0, 0x0, 0x0, 0x0, 0x0, 0x0,
    0x0, 0x2, 0x7c, 0xff, 0xff, 0xff, 0xff, 0xff,
    0x0, 0x0, 0x0, 0x0, 0x0, 0x0, 0x49, 0xef,
    0xff, 0xff, 0xff, 0xff, 0xff, 0xff, 0x0, 0x0,
    0x0, 0x0, 0x16, 0xbf, 0xff, 0xff, 0xff, 0xff,
    0xff, 0xff, 0xff, 0xff, 0x0, 0x0, 0x0, 0x8,
    0xff, 0xff, 0xff, 0xff, 0xff, 0xff, 0xff, 0xff,
    0xff, 0xff, 0x0, 0x0, 0x0, 0xf, 0xff, 0xff,
    0xff, 0xff, 0xff, 0xff, 0xff, 0xff, 0xff, 0xff,
    0x0, 0x0, 0x0, 0xf, 0xff, 0xff, 0xff, 0xff,
    0xff, 0xff, 0xff, 0xe9, 0xbf, 0xff, 0x0, 0x0,
    0x0, 0xf, 0xff, 0xff, 0xff, 0xff, 0xff, 0xfc,
    0x73, 0x0, 0x8f, 0xff, 0x0, 0x0, 0x0, 0xf,
    0xff, 0xff, 0xff, 0xfe, 0xa5, 0x10, 0x0, 0x0,
    0x8f, 0xff, 0x0, 0x0, 0x0, 0xf, 0xff, 0xff,
    0xd8, 0x40, 0x0, 0x0, 0x0, 0x0, 0x8f, 0xff,
    0x0, 0x0, 0x0, 0xf, 0xff, 0xa2, 0x0, 0x0,
    0x0, 0x0, 0x0, 0x0, 0x8f, 0xff, 0x0, 0x0,
    0x0, 0xf, 0xff, 0x80, 0x0, 0x0, 0x0, 0x0,
    0x0, 0x0, 0x8f, 0xff, 0x0, 0x0, 0x0, 0xf,
    0xff, 0x80, 0x0, 0x0, 0x0, 0x0, 0x0, 0x0,
    0x8f, 0xff, 0x0, 0x0, 0x0, 0xf, 0xff, 0x80,
    0x0, 0x0, 0x0, 0x0, 0x0, 0x0, 0x8f, 0xff,
    0x0, 0x0, 0x0, 0xf, 0xff, 0x80, 0x0, 0x0,
    0x0, 0x0, 0x0, 0x0, 0x8f, 0xff, 0x0, 0x0,
    0x0, 0xf, 0xff, 0x80, 0x0, 0x0, 0x0, 0x0,
    0x0, 0x0, 0x8f, 0xff, 0x0, 0x0, 0x0, 0xf,
    0xff, 0x80, 0x0, 0x0, 0x0, 0x1, 0x7a, 0xca,
    0xcf, 0xff, 0x0, 0x0, 0x0, 0xf, 0xff, 0x80,
    0x0, 0x0, 0x0, 0x5f, 0xff, 0xff, 0xff, 0xff,
    0x0, 0x0, 0x0, 0xf, 0xff, 0x80, 0x0, 0x0,
    0x2, 0xff, 0xff, 0xff, 0xff, 0xff, 0x0, 0x1,
    0x33, 0x1f, 0xff, 0x80, 0x0, 0x0, 0x7, 0xff,
    0xff, 0xff, 0xff, 0xff, 0x3, 0xcf, 0xff, 0xff,
    0xff, 0x80, 0x0, 0x0, 0x5, 0xff, 0xff, 0xff,
    0xff, 0xfd, 0x5f, 0xff, 0xff, 0xff, 0xff, 0x80,
    0x0, 0x0, 0x0, 0xbf, 0xff, 0xff, 0xff, 0xf4,
    0xdf, 0xff, 0xff, 0xff, 0xff, 0x80, 0x0, 0x0,
    0x0, 0x7, 0xef, 0xff, 0xfb, 0x20, 0xff, 0xff,
    0xff, 0xff, 0xff, 0x70, 0x0, 0x0, 0x0, 0x0,
    0x1, 0x32, 0x0, 0x0, 0xaf, 0xff, 0xff, 0xff,
    0xff, 0x20, 0x0, 0x0, 0x0, 0x0, 0x0, 0x0,
    0x0, 0x0, 0xa, 0xff, 0xff, 0xff, 0xe4, 0x0,
    0x0, 0x0, 0x0, 0x0, 0x0, 0x0, 0x0, 0x0,
    0x0, 0x27, 0xaa, 0x95, 0x0, 0x0, 0x0, 0x0,
    0x0, 0x0, 0x0, 0x0, 0x0, 0x0,

    /* U+F008 "" */
    0x9b, 0x0, 0xc, 0xff, 0xff, 0xff, 0xff, 0xff,
    0xff, 0xff, 0xff, 0xb0, 0x0, 0xb9, 0xfe, 0x44,
    0x4e, 0xff, 0xff, 0xff, 0xff, 0xff, 0xff, 0xff,
    0xff, 0xe4, 0x44, 0xef, 0xff, 0xff, 0xff, 0xff,
    0xaa, 0xaa, 0xaa, 0xaa, 0xaa, 0xaa, 0xff, 0xff,
    0xff, 0xff, 0xff, 0x88, 0x8f, 0xfd, 0x0, 0x0,
    0x0, 0x0, 0x0, 0x0, 0xef, 0xf8, 0x88, 0xff,
    0xfc, 0x0, 0xc, 0xfd, 0x0, 0x0, 0x0, 0x0,
    0x0, 0x0, 0xef, 0xb0, 0x0, 0xcf, 0xfc, 0x0,
    0xc, 0xfd, 0x0, 0x0, 0x0, 0x0, 0x0, 0x0,
    0xef, 0xb0, 0x0, 0xcf, 0xfd, 0x0, 0xd, 0xfd,
    0x0, 0x0, 0x0, 0x0, 0x0, 0x0, 0xef, 0xd0,
    0x0, 0xdf, 0xff, 0xff, 0xff, 0xfd, 0x0, 0x0,
    0x0, 0x0, 0x0, 0x0, 0xef, 0xff, 0xff, 0xff,
    0xff, 0xcc, 0xcf, 0xfe, 0x0, 0x0, 0x0, 0x0,
    0x0, 0x0, 0xef, 0xfc, 0xcc, 0xff, 0xfc, 0x0,
    0xc, 0xff, 0xdd, 0xdd, 0xdd, 0xdd, 0xdd, 0xdd,
    0xff, 0xc0, 0x0, 0xcf, 0xfc, 0x0, 0xc, 0xff,
    0xff, 0xff, 0xff, 0xff, 0xff, 0xff, 0xff, 0xb0,
    0x0, 0xcf, 0xfc, 0x0, 0xc, 0xff, 0xdd, 0xdd,
    0xdd, 0xdd, 0xdd, 0xdd, 0xff, 0xc0, 0x0, 0xcf,
    0xff, 0xcc, 0xcf, 0xfe, 0x0, 0x0, 0x0, 0x0,
    0x0, 0x0, 0xef, 0xfc, 0xcc, 0xff, 0xff, 0xff,
    0xff, 0xfd, 0x0, 0x0, 0x0, 0x0, 0x0, 0x0,
    0xef, 0xff, 0xff, 0xff, 0xfd, 0x0, 0xd, 0xfd,
    0x0, 0x0, 0x0, 0x0, 0x0, 0x0, 0xef, 0xd0,
    0x0, 0xdf, 0xfc, 0x0, 0xc, 0xfd, 0x0, 0x0,
    0x0, 0x0, 0x0, 0x0, 0xef, 0xb0, 0x0, 0xcf,
    0xfc, 0x0, 0xc, 0xfd, 0x0, 0x0, 0x0, 0x0,
    0x0, 0x0, 0xef, 0xb0, 0x0, 0xcf, 0xff, 0x88,
    0x8f, 0xfd, 0x0, 0x0, 0x0, 0x0, 0x0, 0x0,
    0xef, 0xf8, 0x88, 0xff, 0xff, 0xff, 0xff, 0xff,
    0xaa, 0xaa, 0xaa, 0xaa, 0xaa, 0xaa, 0xff, 0xff,
    0xff, 0xff, 0xfe, 0x44, 0x4e, 0xff, 0xff, 0xff,
    0xff, 0xff, 0xff, 0xff, 0xff, 0xe4, 0x44, 0xef,
    0xab, 0x0, 0xc, 0xff, 0xff, 0xff, 0xff, 0xff,
    0xff, 0xff, 0xff, 0xb0, 0x0, 0xb9,

    /* U+F00B "" */
    0x9f, 0xff, 0xff, 0xfb, 0x0, 0xaf, 0xff, 0xff,
    0xff, 0xff, 0xff, 0xff, 0xff, 0xf9, 0xff, 0xff,
    0xff, 0xff, 0x21, 0xff, 0xff, 0xff, 0xff, 0xff,
    0xff, 0xff, 0xff, 0xff, 0xff, 0xff, 0xff, 0xff,
    0x21, 0xff, 0xff, 0xff, 0xff, 0xff, 0xff, 0xff,
    0xff, 0xff, 0xff, 0xff, 0xff, 0xff, 0x21, 0xff,
    0xff, 0xff, 0xff, 0xff, 0xff, 0xff, 0xff, 0xff,
    0xff, 0xff, 0xff, 0xff, 0x21, 0xff, 0xff, 0xff,
    0xff, 0xff, 0xff, 0xff, 0xff, 0xff, 0xff, 0xff,
    0xff, 0xff, 0x21, 0xff, 0xff, 0xff, 0xff, 0xff,
    0xff, 0xff, 0xff, 0xff, 0xaf, 0xff, 0xff, 0xfc,
    0x0, 0xcf, 0xff, 0xff, 0xff, 0xff, 0xff, 0xff,
    0xff, 0xfa, 0x0, 0x0, 0x0, 0x0, 0x0, 0x0,
    0x0, 0x0, 0x0, 0x0, 0x0, 0x0, 0x0, 0x0,
    0x0, 0x0, 0x0, 0x0, 0x0, 0x0, 0x0, 0x0,
    0x0, 0x0, 0x0, 0x0, 0x0, 0x0, 0x9f, 0xff,
    0xff, 0xfb, 0x0, 0xbf, 0xff, 0xff, 0xff, 0xff,
    0xff, 0xff, 0xff, 0xf9, 0xff, 0xff, 0xff, 0xff,
    0x21, 0xff, 0xff, 0xff, 0xff, 0xff, 0xff, 0xff,
    0xff, 0xff, 0xff, 0xff, 0xff, 0xff, 0x21, 0xff,
    0xff, 0xff, 0xff, 0xff, 0xff, 0xff, 0xff, 0xff,
    0xff, 0xff, 0xff, 0xff, 0x21, 0xff, 0xff, 0xff,
    0xff, 0xff, 0xff, 0xff, 0xff, 0xff, 0xff, 0xff,
    0xff, 0xff, 0x21, 0xff, 0xff, 0xff, 0xff, 0xff,
    0xff, 0xff, 0xff, 0xff, 0xff, 0xff, 0xff, 0xff,
    0x21, 0xff, 0xff, 0xff, 0xff, 0xff, 0xff, 0xff,
    0xff, 0xff, 0xaf, 0xff, 0xff, 0xfc, 0x0, 0xbf,
    0xff, 0xff, 0xff, 0xff, 0xff, 0xff, 0xff, 0xf9,
    0x0, 0x0, 0x0, 0x0, 0x0, 0x0, 0x0, 0x0,
    0x0, 0x0, 0x0, 0x0, 0x0, 0x0, 0x0, 0x0,
    0x0, 0x0, 0x0, 0x0, 0x0, 0x0, 0x0, 0x0,
    0x0, 0x0, 0x0, 0x0, 0xaf, 0xff, 0xff, 0xfc,
    0x0, 0xcf, 0xff, 0xff, 0xff, 0xff, 0xff, 0xff,
    0xff, 0xfa, 0xff, 0xff, 0xff, 0xff, 0x21, 0xff,
    0xff, 0xff, 0xff, 0xff, 0xff, 0xff, 0xff, 0xff,
    0xff, 0xff, 0xff, 0xff, 0x21, 0xff, 0xff, 0xff,
    0xff, 0xff, 0xff, 0xff, 0xff, 0xff, 0xff, 0xff,
    0xff, 0xff, 0x21, 0xff, 0xff, 0xff, 0xff, 0xff,
    0xff, 0xff, 0xff, 0xff, 0xff, 0xff, 0xff, 0xff,
    0x21, 0xff, 0xff, 0xff, 0xff, 0xff, 0xff, 0xff,
    0xff, 0xff, 0xff, 0xff, 0xff, 0xff, 0x21, 0xff,
    0xff, 0xff, 0xff, 0xff, 0xff, 0xff, 0xff, 0xff,
    0x9f, 0xff, 0xff, 0xfb, 0x0, 0xaf, 0xff, 0xff,
    0xff, 0xff, 0xff, 0xff, 0xff, 0xf9,

    /* U+F00C "" */
    0x0, 0x0, 0x0, 0x0, 0x0, 0x0, 0x0, 0x0,
    0x0, 0x0, 0x0, 0x6, 0xe9, 0x0, 0x0, 0x0,
    0x0, 0x0, 0x0, 0x0, 0x0, 0x0, 0x0, 0x0,
    0x0, 0x6f, 0xff, 0xa0, 0x0, 0x0, 0x0, 0x0,
    0x0, 0x0, 0x0, 0x0, 0x0, 0x0, 0x6, 0xff,
    0xff, 0xf9, 0x0, 0x0, 0x0, 0x0, 0x0, 0x0,
    0x0, 0x0, 0x0, 0x0, 0x6f, 0xff, 0xff, 0xff,
    0x0, 0x0, 0x0, 0x0, 0x0, 0x0, 0x0, 0x0,
    0x0, 0x6, 0xff, 0xff, 0xff, 0xf8, 0x0, 0x0,
    0x0, 0x0, 0x0, 0x0, 0x0, 0x0, 0x0, 0x6f,
    0xff, 0xff, 0xff, 0x80, 0x0, 0x0, 0x0, 0x0,
    0x0, 0x0, 0x0, 0x0, 0x6, 0xff, 0xff, 0xff,
    0xf8, 0x0, 0x0, 0x8e, 0x50, 0x0, 0x0, 0x0,
    0x0, 0x0, 0x6f, 0xff, 0xff, 0xff, 0x80, 0x0,
    0x9, 0xff, 0xf6, 0x0, 0x0, 0x0, 0x0, 0x6,
    0xff, 0xff, 0xff, 0xf8, 0x0, 0x0, 0x9f, 0xff,
    0xff, 0x60, 0x0, 0x0, 0x0, 0x6f, 0xff, 0xff,
    0xff, 0x80, 0x0, 0x0, 0xff, 0xff, 0xff, 0xf6,
    0x0, 0x0, 0x6, 0xff, 0xff, 0xff, 0xf8, 0x0,
    0x0, 0x0, 0x8f, 0xff, 0xff, 0xff, 0x60, 0x0,
    0x6f, 0xff, 0xff, 0xff, 0x80, 0x0, 0x0, 0x0,
    0x8, 0xff, 0xff, 0xff, 0xf6, 0x6, 0xff, 0xff,
    0xff, 0xf8, 0x0, 0x0, 0x0, 0x0, 0x0, 0x8f,
    0xff, 0xff, 0xff, 0xaf, 0xff, 0xff, 0xff, 0x80,
    0x0, 0x0, 0x0, 0x0, 0x0, 0x8, 0xff, 0xff,
    0xff, 0xff, 0xff, 0xff, 0xf8, 0x0, 0x0, 0x0,
    0x0, 0x0, 0x0, 0x0, 0x8f, 0xff, 0xff, 0xff,
    0xff, 0xff, 0x80, 0x0, 0x0, 0x0, 0x0, 0x0,
    0x0, 0x0, 0x8, 0xff, 0xff, 0xff, 0xff, 0xf8,
    0x0, 0x0, 0x0, 0x0, 0x0, 0x0, 0x0, 0x0,
    0x0, 0x8f, 0xff, 0xff, 0xff, 0x70, 0x0, 0x0,
    0x0, 0x0, 0x0, 0x0, 0x0, 0x0, 0x0, 0x7,
    0xff, 0xff, 0xf7, 0x0, 0x0, 0x0, 0x0, 0x0,
    0x0, 0x0, 0x0, 0x0, 0x0, 0x0, 0x7f, 0xff,
    0x70, 0x0, 0x0, 0x0, 0x0, 0x0, 0x0, 0x0,
    0x0, 0x0, 0x0, 0x0, 0x7, 0xe7, 0x0, 0x0,
    0x0, 0x0, 0x0, 0x0, 0x0, 0x0,

    /* U+F00D "" */
    0x0, 0x0, 0x0, 0x0, 0x0, 0x0, 0x0, 0x0,
    0x10, 0x0, 0x6, 0xff, 0x40, 0x0, 0x0, 0x0,
    0x0, 0x2d, 0xfa, 0x0, 0x6f, 0xff, 0xf5, 0x0,
    0x0, 0x0, 0x2, 0xef, 0xff, 0xa0, 0xef, 0xff,
    0xff, 0x50, 0x0, 0x0, 0x2e, 0xff, 0xff, 0xf2,
    0xcf, 0xff, 0xff, 0xf5, 0x0, 0x2, 0xef, 0xff,
    0xff, 0xf1, 0x2e, 0xff, 0xff, 0xff, 0x50, 0x2e,
    0xff, 0xff, 0xff, 0x50, 0x2, 0xef, 0xff, 0xff,
    0xf6, 0xef, 0xff, 0xff, 0xf5, 0x0, 0x0, 0x2e,
    0xff, 0xff, 0xff, 0xff, 0xff, 0xff, 0x50, 0x0,
    0x0, 0x2, 0xef, 0xff, 0xff, 0xff, 0xff, 0xf5,
    0x0, 0x0, 0x0, 0x0, 0x2e, 0xff, 0xff, 0xff,
    0xff, 0x50, 0x0, 0x0, 0x0, 0x0, 0x4, 0xff,
    0xff, 0xff, 0xf8, 0x0, 0x0, 0x0, 0x0, 0x0,
    0x2e, 0xff, 0xff, 0xff, 0xff, 0x50, 0x0, 0x0,
    0x0, 0x2, 0xef, 0xff, 0xff, 0xff, 0xff, 0xf5,
    0x0, 0x0, 0x0, 0x2e, 0xff, 0xff, 0xff, 0xff,
    0xff, 0xff, 0x50, 0x0, 0x2, 0xef, 0xff, 0xff,
    0xf6, 0xef, 0xff, 0xff, 0xf5, 0x0, 0x2e, 0xff,
    0xff, 0xff, 0x40, 0x2e, 0xff, 0xff, 0xff, 0x50,
    0xcf, 0xff, 0xff, 0xf4, 0x0, 0x2, 0xef, 0xff,
    0xff, 0xf1, 0xef, 0xff, 0xff, 0x40, 0x0, 0x0,
    0x2e, 0xff, 0xff, 0xf2, 0x6f, 0xff, 0xf4, 0x0,
    0x0, 0x0, 0x2, 0xef, 0xff, 0xa0, 0x6, 0xff,
    0x40, 0x0, 0x0, 0x0, 0x0, 0x2d, 0xfa, 0x0,
    0x0, 0x0, 0x0, 0x0, 0x0, 0x0, 0x0, 0x0,
    0x10, 0x0,

    /* U+F011 "" */
    0x0, 0x0, 0x0, 0x0, 0x0, 0x0, 0x69, 0x96,
    0x0, 0x0, 0x0, 0x0, 0x0, 0x0, 0x0, 0x0,
    0x0, 0x0, 0x0, 0x2, 0xff, 0xff, 0x20, 0x0,
    0x0, 0x0, 0x0, 0x0, 0x0, 0x0, 0x0, 0x0,
    0x0, 0x3, 0xff, 0xff, 0x30, 0x0, 0x0, 0x0,
    0x0, 0x0, 0x0, 0x0, 0x1, 0xa8, 0x0, 0x3,
    0xff, 0xff, 0x30, 0x0, 0x8a, 0x10, 0x0, 0x0,
    0x0, 0x0, 0x3e, 0xff, 0x60, 0x3, 0xff, 0xff,
    0x30, 0x6, 0xff, 0xe3, 0x0, 0x0, 0x0, 0x2,
    0xef, 0xff, 0xe0, 0x3, 0xff, 0xff, 0x30, 0xe,
    0xff, 0xff, 0x30, 0x0, 0x0, 0xd, 0xff, 0xff,
    0xe0, 0x3, 0xff, 0xff, 0x30, 0xe, 0xff, 0xff,
    0xd1, 0x0, 0x0, 0x9f, 0xff, 0xfe, 0x30, 0x3,
    0xff, 0xff, 0x30, 0x3, 0xef, 0xff, 0xf9, 0x0,
    0x2, 0xff, 0xff, 0xe2, 0x0, 0x3, 0xff, 0xff,
    0x30, 0x0, 0x2e, 0xff, 0xff, 0x20, 0x9, 0xff,
    0xff, 0x50, 0x0, 0x3, 0xff, 0xff, 0x30, 0x0,
    0x5, 0xff, 0xff, 0x90, 0xe, 0xff, 0xfc, 0x0,
    0x0, 0x3, 0xff, 0xff, 0x30, 0x0, 0x0, 0xcf,
    0xff, 0xe0, 0x3f, 0xff, 0xf5, 0x0, 0x0, 0x3,
    0xff, 0xff, 0x30, 0x0, 0x0, 0x6f, 0xff, 0xf3,
    0x6f, 0xff, 0xf0, 0x0, 0x0, 0x3, 0xff, 0xff,
    0x30, 0x0, 0x0, 0xf, 0xff, 0xf6, 0x7f, 0xff,
    0xe0, 0x0, 0x0, 0x3, 0xff, 0xff, 0x30, 0x0,
    0x0, 0xe, 0xff, 0xf8, 0x8f, 0xff, 0xd0, 0x0,
    0x0, 0x2, 0xff, 0xff, 0x20, 0x0, 0x0, 0xd,
    0xff, 0xf8, 0x8f, 0xff, 0xe0, 0x0, 0x0, 0x0,
    0xef, 0xfe, 0x0, 0x0, 0x0, 0xe, 0xff, 0xf7,
    0x6f, 0xff, 0xf0, 0x0, 0x0, 0x0, 0x2, 0x20,
    0x0, 0x0, 0x0, 0xf, 0xff, 0xf6, 0x3f, 0xff,
    0xf5, 0x0, 0x0, 0x0, 0x0, 0x0, 0x0, 0x0,
    0x0, 0x5f, 0xff, 0xf3, 0xe, 0xff, 0xfb, 0x0,
    0x0, 0x0, 0x0, 0x0, 0x0, 0x0, 0x0, 0xbf,
    0xff, 0xe0, 0x9, 0xff, 0xff, 0x40, 0x0, 0x0,
    0x0, 0x0, 0x0, 0x0, 0x4, 0xff, 0xff, 0x90,
    0x2, 0xff, 0xff, 0xe2, 0x0, 0x0, 0x0, 0x0,
    0x0, 0x0, 0x2e, 0xff, 0xff, 0x20, 0x0, 0x9f,
    0xff, 0xfe, 0x30, 0x0, 0x0, 0x0, 0x0, 0x3,
    0xef, 0xff, 0xf9, 0x0, 0x0, 0x1e, 0xff, 0xff,
    0xf8, 0x0, 0x0, 0x0, 0x0, 0x8f, 0xff, 0xff,
    0xd1, 0x0, 0x0, 0x3, 0xff, 0xff, 0xff, 0xfa,
    0x75, 0x57, 0xaf, 0xff, 0xff, 0xfe, 0x20, 0x0,
    0x0, 0x0, 0x3e, 0xff, 0xff, 0xff, 0xff, 0xff,
    0xff, 0xff, 0xff, 0xe3, 0x0, 0x0, 0x0, 0x0,
    0x2, 0xcf, 0xff, 0xff, 0xff, 0xff, 0xff, 0xff,
    0xfc, 0x10, 0x0, 0x0, 0x0, 0x0, 0x0, 0x6,
    0xef, 0xff, 0xff, 0xff, 0xff, 0xfe, 0x60, 0x0,
    0x0, 0x0, 0x0, 0x0, 0x0, 0x0, 0x4, 0x9d,
    0xff, 0xfe, 0xd9, 0x40, 0x0, 0x0, 0x0, 0x0,
    0x0, 0x0, 0x0, 0x0, 0x0, 0x0, 0x0, 0x0,
    0x0, 0x0, 0x0, 0x0, 0x0, 0x0,

    /* U+F013 "" */
    0x0, 0x0, 0x0, 0x0, 0x0, 0x0, 0x0, 0x0,
    0x0, 0x0, 0x0, 0x0, 0x0, 0x0, 0x0, 0x0,
    0x0, 0x0, 0x2c, 0xff, 0xff, 0xd6, 0x0, 0x0,
    0x0, 0x0, 0x0, 0x0, 0x0, 0x0, 0x0, 0x5,
    0xff, 0xff, 0xff, 0xa0, 0x0, 0x0, 0x0, 0x0,
    0x0, 0x0, 0x0, 0x0, 0x0, 0x5f, 0xff, 0xff,
    0xfa, 0x0, 0x0, 0x0, 0x0, 0x0, 0x0, 0x0,
    0x0, 0x0, 0x8, 0xff, 0xff, 0xff, 0xc1, 0x0,
    0x0, 0x0, 0x0, 0x0, 0x1, 0xc8, 0x0, 0x5d,
    0xff, 0xff, 0xff, 0xff, 0xf8, 0x0, 0x6d, 0x40,
    0x0, 0x0, 0xcf, 0xfe, 0xaf, 0xff, 0xff, 0xff,
    0xff, 0xff, 0xfc, 0xcf, 0xfe, 0x10, 0x0, 0x7f,
    0xff, 0xff, 0xff, 0xff, 0xff, 0xff, 0xff, 0xff,
    0xff, 0xff, 0xfb, 0x0, 0x1f, 0xff, 0xff, 0xff,
    0xff, 0xff, 0xff, 0xff, 0xff, 0xff, 0xff, 0xff,
    0xf4, 0x7, 0xff, 0xff, 0xff, 0xff, 0xff, 0xff,
    0xff, 0xff, 0xff, 0xff, 0xff, 0xff, 0xb0, 0xcf,
    0xff, 0xff, 0xff, 0xff, 0xe7, 0x32, 0x5d, 0xff,
    0xff, 0xff, 0xff, 0xff, 0x13, 0xcf, 0xff, 0xff,
    0xff, 0xe1, 0x0, 0x0, 0xb, 0xff, 0xff, 0xff,
    0xfe, 0x60, 0x0, 0x7f, 0xff, 0xff, 0xf4, 0x0,
    0x0, 0x0, 0xe, 0xff, 0xff, 0xfb, 0x10, 0x0,
    0x4, 0xff, 0xff, 0xfe, 0x0, 0x0, 0x0, 0x0,
    0x9f, 0xff, 0xff, 0x90, 0x0, 0x0, 0x5f, 0xff,
    0xff, 0xc0, 0x0, 0x0, 0x0, 0x8, 0xff, 0xff,
    0xfa, 0x0, 0x0, 0x4, 0xff, 0xff, 0xfe, 0x0,
    0x0, 0x0, 0x0, 0x9f, 0xff, 0xff, 0x80, 0x0,
    0x0, 0x7f, 0xff, 0xff, 0xf4, 0x0, 0x0, 0x0,
    0xe, 0xff, 0xff, 0xfb, 0x10, 0x3, 0xcf, 0xff,
    0xff, 0xff, 0xe1, 0x0, 0x0, 0xb, 0xff, 0xff,
    0xff, 0xfe, 0x60, 0xcf, 0xff, 0xff, 0xff, 0xff,
    0xe7, 0x32, 0x5d, 0xff, 0xff, 0xff, 0xff, 0xff,
    0x17, 0xff, 0xff, 0xff, 0xff, 0xff, 0xff, 0xff,
    0xff, 0xff, 0xff, 0xff, 0xff, 0xb0, 0x1e, 0xff,
    0xff, 0xff, 0xff, 0xff, 0xff, 0xff, 0xff, 0xff,
    0xff, 0xff, 0xf4, 0x0, 0x7f, 0xff, 0xff, 0xff,
    0xff, 0xff, 0xff, 0xff, 0xff, 0xff, 0xff, 0xfb,
    0x0, 0x0, 0xcf, 0xfe, 0xaf, 0xff, 0xff, 0xff,
    0xff, 0xff, 0xfc, 0xcf, 0xfe, 0x10, 0x0, 0x1,
    0xc8, 0x0, 0x5d, 0xff, 0xff, 0xff, 0xff, 0xf8,
    0x0, 0x5d, 0x40, 0x0, 0x0, 0x0, 0x0, 0x0,
    0x8, 0xff, 0xff, 0xff, 0xc0, 0x0, 0x0, 0x0,
    0x0, 0x0, 0x0, 0x0, 0x0, 0x0, 0x5f, 0xff,
    0xff, 0xfa, 0x0, 0x0, 0x0, 0x0, 0x0, 0x0,
    0x0, 0x0, 0x0, 0x5, 0xff, 0xff, 0xff, 0xa0,
    0x0, 0x0, 0x0, 0x0, 0x0, 0x0, 0x0, 0x0,
    0x0, 0x2c, 0xff, 0xff, 0xd6, 0x0, 0x0, 0x0,
    0x0, 0x0, 0x0, 0x0, 0x0, 0x0, 0x0, 0x0,
    0x0, 0x0, 0x0, 0x0, 0x0, 0x0, 0x0, 0x0,

    /* U+F015 "" */
    0x0, 0x0, 0x0, 0x0, 0x0, 0x0, 0x0, 0x37,
    0x60, 0x0, 0x0, 0x48, 0x88, 0x40, 0x0, 0x0,
    0x0, 0x0, 0x0, 0x0, 0x0, 0x0, 0x7, 0xff,
    0xfd, 0x10, 0x0, 0xaf, 0xff, 0xa0, 0x0, 0x0,
    0x0, 0x0, 0x0, 0x0, 0x0, 0x0, 0xaf, 0xff,
    0xff, 0xe3, 0x0, 0xbf, 0xff, 0xb0, 0x0, 0x0,
    0x0, 0x0, 0x0, 0x0, 0x0, 0x1c, 0xff, 0xff,
    0xff, 0xff, 0x60, 0xbf, 0xff, 0xb0, 0x0, 0x0,
    0x0, 0x0, 0x0, 0x0, 0x3, 0xef, 0xff, 0xf8,
    0xcf, 0xff, 0xf9, 0xbf, 0xff, 0xb0, 0x0, 0x0,
    0x0, 0x0, 0x0, 0x0, 0x6f, 0xff, 0xfe, 0x30,
    0xa, 0xff, 0xff, 0xff, 0xff, 0xb0, 0x0, 0x0,
    0x0, 0x0, 0x0, 0x8, 0xff, 0xff, 0xd2, 0x3,
    0x10, 0x7f, 0xff, 0xff, 0xff, 0xb0, 0x0, 0x0,
    0x0, 0x0, 0x1, 0xbf, 0xff, 0xfb, 0x0, 0x8f,
    0xd2, 0x4, 0xff, 0xff, 0xff, 0xb0, 0x0, 0x0,
    0x0, 0x0, 0x2d, 0xff, 0xff, 0x80, 0xb, 0xff,
    0xff, 0x40, 0x2d, 0xff, 0xff, 0xb0, 0x0, 0x0,
    0x0, 0x4, 0xff, 0xff, 0xf5, 0x2, 0xdf, 0xff,
    0xff, 0xf7, 0x1, 0xbf, 0xff, 0xfa, 0x0, 0x0,
    0x0, 0x7f, 0xff, 0xfe, 0x30, 0x3e, 0xff, 0xff,
    0xff, 0xff, 0xa0, 0x9, 0xff, 0xff, 0xc1, 0x0,
    0xa, 0xff, 0xff, 0xc1, 0x6, 0xff, 0xff, 0xff,
    0xff, 0xff, 0xfc, 0x10, 0x6f, 0xff, 0xfe, 0x30,
    0xbf, 0xff, 0xfa, 0x0, 0x9f, 0xff, 0xff, 0xff,
    0xff, 0xff, 0xff, 0xe3, 0x4, 0xef, 0xff, 0xf4,
    0xbf, 0xff, 0x70, 0x1b, 0xff, 0xff, 0xff, 0xff,
    0xff, 0xff, 0xff, 0xff, 0x50, 0x2d, 0xff, 0xf3,
    0xd, 0xf4, 0x2, 0xdf, 0xff, 0xff, 0xff, 0xff,
    0xff, 0xff, 0xff, 0xff, 0xf8, 0x0, 0xbf, 0x60,
    0x1, 0x20, 0xb, 0xff, 0xff, 0xff, 0xff, 0xff,
    0xff, 0xff, 0xff, 0xff, 0xff, 0x30, 0x3, 0x0,
    0x0, 0x0, 0xc, 0xff, 0xff, 0xff, 0xff, 0xff,
    0xff, 0xff, 0xff, 0xff, 0xff, 0x40, 0x0, 0x0,
    0x0, 0x0, 0xc, 0xff, 0xff, 0xff, 0xff, 0xff,
    0xff, 0xff, 0xff, 0xff, 0xff, 0x40, 0x0, 0x0,
    0x0, 0x0, 0xc, 0xff, 0xff, 0xff, 0xf4, 0x0,
    0x0, 0xcf, 0xff, 0xff, 0xff, 0x40, 0x0, 0x0,
    0x0, 0x0, 0xc, 0xff, 0xff, 0xff, 0xf2, 0x0,
    0x0, 0xaf, 0xff, 0xff, 0xff, 0x40, 0x0, 0x0,
    0x0, 0x0, 0xc, 0xff, 0xff, 0xff, 0xf2, 0x0,
    0x0, 0xaf, 0xff, 0xff, 0xff, 0x40, 0x0, 0x0,
    0x0, 0x0, 0xc, 0xff, 0xff, 0xff, 0xf2, 0x0,
    0x0, 0xaf, 0xff, 0xff, 0xff, 0x40, 0x0, 0x0,
    0x0, 0x0, 0xc, 0xff, 0xff, 0xff, 0xf2, 0x0,
    0x0, 0xaf, 0xff, 0xff, 0xff, 0x40, 0x0, 0x0,
    0x0, 0x0, 0xc, 0xff, 0xff, 0xff, 0xf2, 0x0,
    0x0, 0xaf, 0xff, 0xff, 0xff, 0x40, 0x0, 0x0,
    0x0, 0x0, 0x8, 0xff, 0xff, 0xff, 0xd0, 0x0,
    0x0, 0x6f, 0xff, 0xff, 0xfe, 0x10, 0x0, 0x0,

    /* U+F019 "" */
    0x0, 0x0, 0x0, 0x0, 0x0, 0x3, 0x55, 0x55,
    0x30, 0x0, 0x0, 0x0, 0x0, 0x0, 0x0, 0x0,
    0x0, 0x0, 0x0, 0x5f, 0xff, 0xff, 0xf5, 0x0,
    0x0, 0x0, 0x0, 0x0, 0x0, 0x0, 0x0, 0x0,
    0x0, 0x8f, 0xff, 0xff, 0xf8, 0x0, 0x0, 0x0,
    0x0, 0x0, 0x0, 0x0, 0x0, 0x0, 0x0, 0x8f,
    0xff, 0xff, 0xf8, 0x0, 0x0, 0x0, 0x0, 0x0,
    0x0, 0x0, 0x0, 0x0, 0x0, 0x8f, 0xff, 0xff,
    0xf8, 0x0, 0x0, 0x0, 0x0, 0x0, 0x0, 0x0,
    0x0, 0x0, 0x0, 0x8f, 0xff, 0xff, 0xf8, 0x0,
    0x0, 0x0, 0x0, 0x0, 0x0, 0x0, 0x0, 0x0,
    0x0, 0x8f, 0xff, 0xff, 0xf8, 0x0, 0x0, 0x0,
    0x0, 0x0, 0x0, 0x0, 0x0, 0x0, 0x0, 0x8f,
    0xff, 0xff, 0xf8, 0x0, 0x0, 0x0, 0x0, 0x0,
    0x0, 0x0, 0x0, 0x0, 0x0, 0x8f, 0xff, 0xff,
    0xf8, 0x0, 0x0, 0x0, 0x0, 0x0, 0x0, 0x0,
    0x0, 0x0, 0x0, 0x8f, 0xff, 0xff, 0xf8, 0x0,
    0x0, 0x0, 0x0, 0x0, 0x0, 0x0, 0x0, 0x0,
    0x0, 0x8f, 0xff, 0xff, 0xf8, 0x0, 0x0, 0x0,
    0x0, 0x0, 0x0, 0x0, 0x1c, 0xdd, 0xdd, 0xef,
    0xff, 0xff, 0xfe, 0xdd, 0xdd, 0xc1, 0x0, 0x0,
    0x0, 0x0, 0x4f, 0xff, 0xff, 0xff, 0xff, 0xff,
    0xff, 0xff, 0xff, 0xf4, 0x0, 0x0, 0x0, 0x0,
    0x9, 0xff, 0xff, 0xff, 0xff, 0xff, 0xff, 0xff,
    0xff, 0x90, 0x0, 0x0, 0x0, 0x0, 0x0, 0x9f,
    0xff, 0xff, 0xff, 0xff, 0xff, 0xff, 0xf9, 0x0,
    0x0, 0x0, 0x0, 0x0, 0x0, 0x9, 0xff, 0xff,
    0xff, 0xff, 0xff, 0xff, 0x90, 0x0, 0x0, 0x0,
    0x0, 0x0, 0x0, 0x0, 0x8f, 0xff, 0xff, 0xff,
    0xff, 0xf8, 0x0, 0x0, 0x0, 0x0, 0x0, 0x0,
    0x0, 0x0, 0x8, 0xff, 0xff, 0xff, 0xff, 0x80,
    0x0, 0x0, 0x0, 0x0, 0x0, 0x0, 0x0, 0x0,
    0x0, 0x8f, 0xff, 0xff, 0xf8, 0x0, 0x0, 0x0,
    0x0, 0x0, 0x1, 0x11, 0x11, 0x11, 0x10, 0x8,
    0xff, 0xff, 0x80, 0x1, 0x11, 0x11, 0x11, 0x10,
    0xbf, 0xff, 0xff, 0xff, 0xfd, 0x10, 0x8f, 0xf8,
    0x1, 0xdf, 0xff, 0xff, 0xff, 0xfb, 0xff, 0xff,
    0xff, 0xff, 0xff, 0xe2, 0x6, 0x60, 0x2d, 0xff,
    0xff, 0xff, 0xff, 0xff, 0xff, 0xff, 0xff, 0xff,
    0xff, 0xfe, 0x30, 0x3, 0xef, 0xff, 0xff, 0xff,
    0xff, 0xff, 0xff, 0xff, 0xff, 0xff, 0xff, 0xff,
    0xfd, 0xdf, 0xff, 0xff, 0xff, 0xff, 0xff, 0xff,
    0xff, 0xff, 0xff, 0xff, 0xff, 0xff, 0xff, 0xff,
    0xff, 0xff, 0xff, 0xff, 0xff, 0xff, 0xff, 0xff,
    0xff, 0xff, 0xff, 0xff, 0xff, 0xff, 0xff, 0xf4,
    0x1e, 0xb0, 0x8f, 0xff, 0xff, 0xff, 0xff, 0xff,
    0xff, 0xff, 0xff, 0xff, 0xff, 0xf5, 0x2e, 0xc1,
    0x8f, 0xff, 0xef, 0xff, 0xff, 0xff, 0xff, 0xff,
    0xff, 0xff, 0xff, 0xff, 0xff, 0xff, 0xff, 0xfe,
    0x37, 0x88, 0x88, 0x88, 0x88, 0x88, 0x88, 0x88,
    0x88, 0x88, 0x88, 0x88, 0x88, 0x73,

    /* U+F01C "" */
    0x0, 0x0, 0x0, 0x2b, 0xff, 0xff, 0xff, 0xff,
    0xff, 0xff, 0xff, 0xfe, 0x80, 0x0, 0x0, 0x0,
    0x0, 0x0, 0x1, 0xef, 0xff, 0xff, 0xff, 0xff,
    0xff, 0xff, 0xff, 0xff, 0xf8, 0x0, 0x0, 0x0,
    0x0, 0x0, 0xa, 0xff, 0xff, 0xff, 0xff, 0xff,
    0xff, 0xff, 0xff, 0xff, 0xff, 0x30, 0x0, 0x0,
    0x0, 0x0, 0x5f, 0xff, 0xd8, 0x88, 0x88, 0x88,
    0x88, 0x88, 0x88, 0x9f, 0xff, 0xd0, 0x0, 0x0,
    0x0, 0x1, 0xef, 0xff, 0x30, 0x0, 0x0, 0x0,
    0x0, 0x0, 0x0, 0xb, 0xff, 0xf8, 0x0, 0x0,
    0x0, 0xa, 0xff, 0xf8, 0x0, 0x0, 0x0, 0x0,
    0x0, 0x0, 0x0, 0x1, 0xef, 0xff, 0x30, 0x0,
    0x0, 0x5f, 0xff, 0xd0, 0x0, 0x0, 0x0, 0x0,
    0x0, 0x0, 0x0, 0x0, 0x5f, 0xff, 0xd0, 0x0,
    0x1, 0xef, 0xff, 0x30, 0x0, 0x0, 0x0, 0x0,
    0x0, 0x0, 0x0, 0x0, 0xb, 0xff, 0xf8, 0x0,
    0xa, 0xff, 0xf8, 0x0, 0x0, 0x0, 0x0, 0x0,
    0x0, 0x0, 0x0, 0x0, 0x1, 0xef, 0xff, 0x30,
    0x5f, 0xff, 0xd0, 0x0, 0x0, 0x0, 0x0, 0x0,
    0x0, 0x0, 0x0, 0x0, 0x0, 0x5f, 0xff, 0xd0,
    0xdf, 0xff, 0xb8, 0x88, 0x88, 0x70, 0x0, 0x0,
    0x0, 0x0, 0x48, 0x88, 0x88, 0x8e, 0xff, 0xf5,
    0xff, 0xff, 0xff, 0xff, 0xff, 0xf6, 0x0, 0x0,
    0x0, 0x0, 0xef, 0xff, 0xff, 0xff, 0xff, 0xf7,
    0xff, 0xff, 0xff, 0xff, 0xff, 0xfe, 0x0, 0x0,
    0x0, 0x7, 0xff, 0xff, 0xff, 0xff, 0xff, 0xf8,
    0xff, 0xff, 0xff, 0xff, 0xff, 0xff, 0x60, 0x0,
    0x0, 0xe, 0xff, 0xff, 0xff, 0xff, 0xff, 0xf8,
    0xff, 0xff, 0xff, 0xff, 0xff, 0xff, 0xff, 0xff,
    0xff, 0xff, 0xff, 0xff, 0xff, 0xff, 0xff, 0xf8,
    0xff, 0xff, 0xff, 0xff, 0xff, 0xff, 0xff, 0xff,
    0xff, 0xff, 0xff, 0xff, 0xff, 0xff, 0xff, 0xf8,
    0xff, 0xff, 0xff, 0xff, 0xff, 0xff, 0xff, 0xff,
    0xff, 0xff, 0xff, 0xff, 0xff, 0xff, 0xff, 0xf8,
    0xff, 0xff, 0xff, 0xff, 0xff, 0xff, 0xff, 0xff,
    0xff, 0xff, 0xff, 0xff, 0xff, 0xff, 0xff, 0xf8,
    0xff, 0xff, 0xff, 0xff, 0xff, 0xff, 0xff, 0xff,
    0xff, 0xff, 0xff, 0xff, 0xff, 0xff, 0xff, 0xf7,
    0xbf, 0xff, 0xff, 0xff, 0xff, 0xff, 0xff, 0xff,
    0xff, 0xff, 0xff, 0xff, 0xff, 0xff, 0xff, 0xf3,
    0x1b, 0xff, 0xff, 0xff, 0xff, 0xff, 0xff, 0xff,
    0xff, 0xff, 0xff, 0xff, 0xff, 0xff, 0xfe, 0x50,

    /* U+F021 "" */
    0x0, 0x0, 0x0, 0x0, 0x0, 0x0, 0x0, 0x0,
    0x0, 0x0, 0x0, 0x0, 0x58, 0x86, 0x0, 0x0,
    0x0, 0x0, 0x4, 0x9d, 0xef, 0xfe, 0xb7, 0x20,
    0x0, 0x0, 0xdf, 0xff, 0x0, 0x0, 0x0, 0x6,
    0xdf, 0xff, 0xff, 0xff, 0xff, 0xfb, 0x30, 0x0,
    0xdf, 0xff, 0x0, 0x0, 0x1, 0xbf, 0xff, 0xff,
    0xff, 0xff, 0xff, 0xff, 0xfa, 0x10, 0xcf, 0xff,
    0x0, 0x0, 0x2e, 0xff, 0xff, 0xff, 0xfe, 0xef,
    0xff, 0xff, 0xff, 0xe3, 0xbf, 0xff, 0x0, 0x2,
    0xef, 0xff, 0xff, 0x94, 0x0, 0x0, 0x4b, 0xff,
    0xff, 0xfe, 0xdf, 0xff, 0x0, 0xd, 0xff, 0xff,
    0xc2, 0x0, 0x0, 0x0, 0x0, 0x3c, 0xff, 0xff,
    0xff, 0xff, 0x0, 0x9f, 0xff, 0xf9, 0x0, 0x0,
    0x0, 0x0, 0x0, 0x0, 0x8f, 0xff, 0xff, 0xff,
    0x2, 0xff, 0xff, 0x90, 0x0, 0x0, 0x0, 0x0,
    0x11, 0x0, 0x8, 0xff, 0xff, 0xff, 0x9, 0xff,
    0xfd, 0x0, 0x0, 0x0, 0x0, 0x3, 0xff, 0xff,
    0xee, 0xff, 0xff, 0xff, 0xe, 0xff, 0xf4, 0x0,
    0x0, 0x0, 0x0, 0x4, 0xff, 0xff, 0xff, 0xff,
    0xff, 0xff, 0x3f, 0xff, 0xe0, 0x0, 0x0, 0x0,
    0x0, 0x4, 0xff, 0xff, 0xff, 0xff, 0xff, 0xff,
    0x2b, 0xcc, 0x60, 0x0, 0x0, 0x0, 0x0, 0x1,
    0xbc, 0xcc, 0xcc, 0xcc, 0xcc, 0xca, 0x0, 0x0,
    0x0, 0x0, 0x0, 0x0, 0x0, 0x0, 0x0, 0x0,
    0x0, 0x0, 0x0, 0x0, 0x0, 0x0, 0x0, 0x0,
    0x0, 0x0, 0x0, 0x0, 0x0, 0x0, 0x0, 0x0,
    0x0, 0x0, 0x0, 0x0, 0x0, 0x0, 0x0, 0x0,
    0x0, 0x0, 0x0, 0x0, 0x0, 0x0, 0x0, 0x0,
    0xac, 0xcc, 0xcc, 0xcc, 0xcc, 0xcb, 0x10, 0x0,
    0x0, 0x0, 0x0, 0x6, 0xbc, 0xb2, 0xff, 0xff,
    0xff, 0xff, 0xff, 0xff, 0x40, 0x0, 0x0, 0x0,
    0x0, 0xe, 0xff, 0xf2, 0xff, 0xff, 0xff, 0xff,
    0xff, 0xff, 0x40, 0x0, 0x0, 0x0, 0x0, 0x5f,
    0xff, 0xe0, 0xff, 0xff, 0xff, 0xee, 0xff, 0xff,
    0x30, 0x0, 0x0, 0x0, 0x0, 0xdf, 0xff, 0x90,
    0xff, 0xff, 0xff, 0x80, 0x0, 0x11, 0x0, 0x0,
    0x0, 0x0, 0xa, 0xff, 0xff, 0x20, 0xff, 0xff,
    0xff, 0xf8, 0x0, 0x0, 0x0, 0x0, 0x0, 0x0,
    0x9f, 0xff, 0xf9, 0x0, 0xff, 0xff, 0xff, 0xff,
    0xb2, 0x0, 0x0, 0x0, 0x0, 0x2c, 0xff, 0xff,
    0xd0, 0x0, 0xff, 0xfd, 0xef, 0xff, 0xff, 0xa4,
    0x0, 0x0, 0x4a, 0xff, 0xff, 0xfe, 0x20, 0x0,
    0xff, 0xfb, 0x3e, 0xff, 0xff, 0xff, 0xfe, 0xef,
    0xff, 0xff, 0xff, 0xe2, 0x0, 0x0, 0xff, 0xfc,
    0x1, 0xaf, 0xff, 0xff, 0xff, 0xff, 0xff, 0xff,
    0xfb, 0x10, 0x0, 0x0, 0xff, 0xfd, 0x0, 0x3,
    0xbf, 0xff, 0xff, 0xff, 0xff, 0xfd, 0x60, 0x0,
    0x0, 0x0, 0xff, 0xfd, 0x0, 0x0, 0x2, 0x7c,
    0xff, 0xff, 0xd9, 0x40, 0x0, 0x0, 0x0, 0x0,
    0x68, 0x85, 0x0, 0x0, 0x0, 0x0, 0x0, 0x0,
    0x0, 0x0, 0x0, 0x0, 0x0, 0x0,

    /* U+F026 "" */
    0x0, 0x0, 0x0, 0x0, 0x0, 0x0, 0x0, 0x0,
    0x0, 0x0, 0x0, 0x0, 0x3, 0xb6, 0x0, 0x0,
    0x0, 0x0, 0x0, 0x3f, 0xff, 0x0, 0x0, 0x0,
    0x0, 0x3, 0xff, 0xff, 0x0, 0x0, 0x0, 0x0,
    0x3f, 0xff, 0xff, 0x0, 0x0, 0x0, 0x3, 0xff,
    0xff, 0xff, 0x38, 0x88, 0x88, 0x8f, 0xff, 0xff,
    0xff, 0xef, 0xff, 0xff, 0xff, 0xff, 0xff, 0xff,
    0xff, 0xff, 0xff, 0xff, 0xff, 0xff, 0xff, 0xff,
    0xff, 0xff, 0xff, 0xff, 0xff, 0xff, 0xff, 0xff,
    0xff, 0xff, 0xff, 0xff, 0xff, 0xff, 0xff, 0xff,
    0xff, 0xff, 0xff, 0xff, 0xff, 0xff, 0xff, 0xff,
    0xff, 0xff, 0xff, 0xff, 0xff, 0xff, 0xff, 0xff,
    0xff, 0xff, 0xff, 0xff, 0xff, 0xff, 0xff, 0xff,
    0xff, 0xff, 0xff, 0xff, 0xff, 0xff, 0xff, 0xff,
    0x9f, 0xff, 0xff, 0xff, 0xff, 0xff, 0xff, 0x0,
    0x0, 0x0, 0x8, 0xff, 0xff, 0xff, 0x0, 0x0,
    0x0, 0x0, 0x8f, 0xff, 0xff, 0x0, 0x0, 0x0,
    0x0, 0x8, 0xff, 0xff, 0x0, 0x0, 0x0, 0x0,
    0x0, 0x8f, 0xff, 0x0, 0x0, 0x0, 0x0, 0x0,
    0x8, 0xfc, 0x0, 0x0, 0x0, 0x0, 0x0, 0x0,
    0x10,

    /* U+F027 "" */
    0x0, 0x0, 0x0, 0x0, 0x0, 0x0, 0x0, 0x0,
    0x0, 0x0, 0x0, 0x0, 0x0, 0x0, 0x0, 0x0,
    0x3b, 0x60, 0x0, 0x0, 0x0, 0x0, 0x0, 0x0,
    0x0, 0x0, 0x3e, 0xff, 0x0, 0x0, 0x0, 0x0,
    0x0, 0x0, 0x0, 0x0, 0x3f, 0xff, 0xf0, 0x0,
    0x0, 0x0, 0x0, 0x0, 0x0, 0x0, 0x3f, 0xff,
    0xff, 0x0, 0x0, 0x0, 0x0, 0x0, 0x0, 0x0,
    0x3f, 0xff, 0xff, 0xf0, 0x0, 0x0, 0x0, 0x38,
    0x88, 0x88, 0x8f, 0xff, 0xff, 0xff, 0x0, 0x0,
    0x0, 0xe, 0xff, 0xff, 0xff, 0xff, 0xff, 0xff,
    0xf0, 0x1, 0xb9, 0x0, 0xff, 0xff, 0xff, 0xff,
    0xff, 0xff, 0xff, 0x0, 0x6f, 0xfc, 0xf, 0xff,
    0xff, 0xff, 0xff, 0xff, 0xff, 0xf0, 0x1, 0xcf,
    0xf7, 0xff, 0xff, 0xff, 0xff, 0xff, 0xff, 0xff,
    0x0, 0x0, 0xef, 0xdf, 0xff, 0xff, 0xff, 0xff,
    0xff, 0xff, 0xf0, 0x0, 0xa, 0xff, 0xff, 0xff,
    0xff, 0xff, 0xff, 0xff, 0xff, 0x0, 0x0, 0xdf,
    0xdf, 0xff, 0xff, 0xff, 0xff, 0xff, 0xff, 0xf0,
    0x0, 0xbf, 0xf8, 0xff, 0xff, 0xff, 0xff, 0xff,
    0xff, 0xff, 0x0, 0x6f, 0xfd, 0xf, 0xff, 0xff,
    0xff, 0xff, 0xff, 0xff, 0xf0, 0x2, 0xdb, 0x10,
    0x9f, 0xff, 0xff, 0xff, 0xff, 0xff, 0xff, 0x0,
    0x0, 0x0, 0x0, 0x0, 0x0, 0x0, 0x9f, 0xff,
    0xff, 0xf0, 0x0, 0x0, 0x0, 0x0, 0x0, 0x0,
    0x0, 0x9f, 0xff, 0xff, 0x0, 0x0, 0x0, 0x0,
    0x0, 0x0, 0x0, 0x0, 0x9f, 0xff, 0xf0, 0x0,
    0x0, 0x0, 0x0, 0x0, 0x0, 0x0, 0x0, 0x9f,
    0xff, 0x0, 0x0, 0x0, 0x0, 0x0, 0x0, 0x0,
    0x0, 0x0, 0x8f, 0xc0, 0x0, 0x0, 0x0, 0x0,
    0x0, 0x0, 0x0, 0x0, 0x0, 0x20, 0x0, 0x0,
    0x0, 0x0,

    /* U+F028 "" */
    0x0, 0x0, 0x0, 0x0, 0x0, 0x0, 0x0, 0x0,
    0x0, 0x0, 0x0, 0x18, 0x50, 0x0, 0x0, 0x0,
    0x0, 0x0, 0x0, 0x0, 0x0, 0x0, 0x0, 0x0,
    0x0, 0x0, 0x0, 0x7f, 0xfa, 0x0, 0x0, 0x0,
    0x0, 0x0, 0x0, 0x0, 0x0, 0x0, 0x0, 0x0,
    0x0, 0x0, 0x0, 0x3f, 0xff, 0xc1, 0x0, 0x0,
    0x0, 0x0, 0x0, 0x0, 0x0, 0x3, 0xb6, 0x0,
    0x0, 0x0, 0x0, 0x2, 0xdf, 0xfc, 0x0, 0x0,
    0x0, 0x0, 0x0, 0x0, 0x0, 0x3f, 0xff, 0x0,
    0x0, 0x0, 0x21, 0x0, 0x1c, 0xff, 0x90, 0x0,
    0x0, 0x0, 0x0, 0x0, 0x3, 0xff, 0xff, 0x0,
    0x0, 0x4, 0xfe, 0x50, 0x1, 0xef, 0xf3, 0x0,
    0x0, 0x0, 0x0, 0x0, 0x3f, 0xff, 0xff, 0x0,
    0x0, 0x5, 0xff, 0xf6, 0x0, 0x4f, 0xfc, 0x0,
    0x0, 0x0, 0x0, 0x3, 0xff, 0xff, 0xff, 0x0,
    0x0, 0x0, 0x7f, 0xff, 0x40, 0xa, 0xff, 0x40,
    0x38, 0x88, 0x88, 0x8f, 0xff, 0xff, 0xff, 0x0,
    0x0, 0x0, 0x5, 0xff, 0xe0, 0x2, 0xff, 0xa0,
    0xef, 0xff, 0xff, 0xff, 0xff, 0xff, 0xff, 0x0,
    0x1c, 0xa1, 0x0, 0x8f, 0xf6, 0x0, 0xcf, 0xf0,
    0xff, 0xff, 0xff, 0xff, 0xff, 0xff, 0xff, 0x0,
    0x6f, 0xfd, 0x0, 0x1f, 0xfc, 0x0, 0x8f, 0xf2,
    0xff, 0xff, 0xff, 0xff, 0xff, 0xff, 0xff, 0x0,
    0x1c, 0xff, 0x80, 0xa, 0xff, 0x0, 0x4f, 0xf5,
    0xff, 0xff, 0xff, 0xff, 0xff, 0xff, 0xff, 0x0,
    0x0, 0xdf, 0xd0, 0x7, 0xff, 0x20, 0x3f, 0xf7,
    0xff, 0xff, 0xff, 0xff, 0xff, 0xff, 0xff, 0x0,
    0x0, 0xaf, 0xf0, 0x6, 0xff, 0x30, 0x2f, 0xf7,
    0xff, 0xff, 0xff, 0xff, 0xff, 0xff, 0xff, 0x0,
    0x0, 0xdf, 0xd0, 0x7, 0xff, 0x20, 0x3f, 0xf7,
    0xff, 0xff, 0xff, 0xff, 0xff, 0xff, 0xff, 0x0,
    0x1c, 0xff, 0x80, 0xa, 0xff, 0x0, 0x4f, 0xf5,
    0xff, 0xff, 0xff, 0xff, 0xff, 0xff, 0xff, 0x0,
    0x6f, 0xfd, 0x0, 0x1f, 0xfc, 0x0, 0x8f, 0xf2,
    0xff, 0xff, 0xff, 0xff, 0xff, 0xff, 0xff, 0x0,
    0x1c, 0xa1, 0x0, 0x9f, 0xf6, 0x0, 0xdf, 0xe0,
    0x9f, 0xff, 0xff, 0xff, 0xff, 0xff, 0xff, 0x0,
    0x0, 0x0, 0x5, 0xff, 0xe0, 0x3, 0xff, 0xa0,
    0x0, 0x0, 0x0, 0x8, 0xff, 0xff, 0xff, 0x0,
    0x0, 0x0, 0x7f, 0xff, 0x40, 0xa, 0xff, 0x40,
    0x0, 0x0, 0x0, 0x0, 0x8f, 0xff, 0xff, 0x0,
    0x0, 0x5, 0xff, 0xf6, 0x0, 0x4f, 0xfc, 0x0,
    0x0, 0x0, 0x0, 0x0, 0x8, 0xff, 0xff, 0x0,
    0x0, 0x4, 0xfe, 0x50, 0x1, 0xef, 0xf3, 0x0,
    0x0, 0x0, 0x0, 0x0, 0x0, 0x8f, 0xff, 0x0,
    0x0, 0x0, 0x21, 0x0, 0x1d, 0xff, 0x90, 0x0,
    0x0, 0x0, 0x0, 0x0, 0x0, 0x8, 0xfc, 0x0,
    0x0, 0x0, 0x0, 0x2, 0xdf, 0xfc, 0x0, 0x0,
    0x0, 0x0, 0x0, 0x0, 0x0, 0x0, 0x10, 0x0,
    0x0, 0x0, 0x0, 0x3f, 0xff, 0xc1, 0x0, 0x0,
    0x0, 0x0, 0x0, 0x0, 0x0, 0x0, 0x0, 0x0,
    0x0, 0x0, 0x0, 0x7f, 0xfa, 0x0, 0x0, 0x0,
    0x0, 0x0, 0x0, 0x0, 0x0, 0x0, 0x0, 0x0,
    0x0, 0x0, 0x0, 0x18, 0x50, 0x0, 0x0, 0x0,

    /* U+F03E "" */
    0x1b, 0xff, 0xff, 0xff, 0xff, 0xff, 0xff, 0xff,
    0xff, 0xff, 0xff, 0xff, 0xff, 0xb1, 0xbf, 0xff,
    0xff, 0xff, 0xff, 0xff, 0xff, 0xff, 0xff, 0xff,
    0xff, 0xff, 0xff, 0xfb, 0xff, 0xff, 0xff, 0xff,
    0xff, 0xff, 0xff, 0xff, 0xff, 0xff, 0xff, 0xff,
    0xff, 0xff, 0xff, 0xff, 0x93, 0x27, 0xff, 0xff,
    0xff, 0xff, 0xff, 0xff, 0xff, 0xff, 0xff, 0xff,
    0xff, 0xf9, 0x0, 0x0, 0x5f, 0xff, 0xff, 0xff,
    0xff, 0xff, 0xff, 0xff, 0xff, 0xff, 0xff, 0xf2,
    0x0, 0x0, 0xe, 0xff, 0xff, 0xff, 0xff, 0xff,
    0xff, 0xff, 0xff, 0xff, 0xff, 0xf2, 0x0, 0x0,
    0xe, 0xff, 0xff, 0xff, 0xff, 0xd8, 0xff, 0xff,
    0xff, 0xff, 0xff, 0xf7, 0x0, 0x0, 0x3f, 0xff,
    0xff, 0xff, 0xfc, 0x10, 0x6f, 0xff, 0xff, 0xff,
    0xff, 0xff, 0x50, 0x3, 0xdf, 0xff, 0xff, 0xff,
    0xc1, 0x0, 0x6, 0xff, 0xff, 0xff, 0xff, 0xff,
    0xfe, 0xef, 0xff, 0xff, 0xff, 0xfc, 0x10, 0x0,
    0x0, 0x6f, 0xff, 0xff, 0xff, 0xff, 0xff, 0xfe,
    0xff, 0xff, 0xff, 0xc1, 0x0, 0x0, 0x0, 0x6,
    0xff, 0xff, 0xff, 0xff, 0xff, 0xc1, 0x3e, 0xff,
    0xfc, 0x10, 0x0, 0x0, 0x0, 0x0, 0x9f, 0xff,
    0xff, 0xff, 0xfc, 0x10, 0x3, 0xef, 0xc1, 0x0,
    0x0, 0x0, 0x0, 0x0, 0x8f, 0xff, 0xff, 0xff,
    0xc1, 0x0, 0x0, 0x3b, 0x10, 0x0, 0x0, 0x0,
    0x0, 0x0, 0x8f, 0xff, 0xff, 0xfd, 0x10, 0x0,
    0x0, 0x0, 0x0, 0x0, 0x0, 0x0, 0x0, 0x0,
    0x8f, 0xff, 0xff, 0xf8, 0x0, 0x0, 0x0, 0x0,
    0x0, 0x0, 0x0, 0x0, 0x0, 0x0, 0x8f, 0xff,
    0xff, 0xf8, 0x0, 0x0, 0x0, 0x0, 0x0, 0x0,
    0x0, 0x0, 0x0, 0x0, 0x8f, 0xff, 0xff, 0xfc,
    0x88, 0x88, 0x88, 0x88, 0x88, 0x88, 0x88, 0x88,
    0x88, 0x88, 0xcf, 0xff, 0xff, 0xff, 0xff, 0xff,
    0xff, 0xff, 0xff, 0xff, 0xff, 0xff, 0xff, 0xff,
    0xff, 0xff, 0xbf, 0xff, 0xff, 0xff, 0xff, 0xff,
    0xff, 0xff, 0xff, 0xff, 0xff, 0xff, 0xff, 0xfb,
    0x1b, 0xff, 0xff, 0xff, 0xff, 0xff, 0xff, 0xff,
    0xff, 0xff, 0xff, 0xff, 0xff, 0xb1,

    /* U+F043 "" */
    0x0, 0x0, 0x0, 0x0, 0x39, 0x50, 0x0, 0x0,
    0x0, 0x0, 0x0, 0x0, 0x0, 0x0, 0xef, 0xf2,
    0x0, 0x0, 0x0, 0x0, 0x0, 0x0, 0x0, 0x4,
    0xff, 0xf8, 0x0, 0x0, 0x0, 0x0, 0x0, 0x0,
    0x0, 0xa, 0xff, 0xfe, 0x0, 0x0, 0x0, 0x0,
    0x0, 0x0, 0x0, 0x1f, 0xff, 0xff, 0x40, 0x0,
    0x0, 0x0, 0x0, 0x0, 0x0, 0x8f, 0xff, 0xff,
    0xc0, 0x0, 0x0, 0x0, 0x0, 0x0, 0x1, 0xff,
    0xff, 0xff, 0xf4, 0x0, 0x0, 0x0, 0x0, 0x0,
    0x8, 0xff, 0xff, 0xff, 0xfc, 0x0, 0x0, 0x0,
    0x0, 0x0, 0x2f, 0xff, 0xff, 0xff, 0xff, 0x60,
    0x0, 0x0, 0x0, 0x0, 0xcf, 0xff, 0xff, 0xff,
    0xff, 0xf1, 0x0, 0x0, 0x0, 0x7, 0xff, 0xff,
    0xff, 0xff, 0xff, 0xfb, 0x0, 0x0, 0x0, 0x3f,
    0xff, 0xff, 0xff, 0xff, 0xff, 0xff, 0x70, 0x0,
    0x0, 0xdf, 0xff, 0xff, 0xff, 0xff, 0xff, 0xff,
    0xf3, 0x0, 0x7, 0xff, 0xff, 0xff, 0xff, 0xff,
    0xff, 0xff, 0xfb, 0x0, 0xe, 0xff, 0xff, 0xff,
    0xff, 0xff, 0xff, 0xff, 0xff, 0x30, 0x6f, 0xff,
    0xff, 0xff, 0xff, 0xff, 0xff, 0xff, 0xff, 0x90,
    0xbf, 0xff, 0xff, 0xff, 0xff, 0xff, 0xff, 0xff,
    0xff, 0xe0, 0xdf, 0xff, 0xff, 0xff, 0xff, 0xff,
    0xff, 0xff, 0xff, 0xf1, 0xff, 0xfa, 0xd, 0xff,
    0xff, 0xff, 0xff, 0xff, 0xff, 0xf3, 0xef, 0xf8,
    0xa, 0xff, 0xff, 0xff, 0xff, 0xff, 0xff, 0xf2,
    0xdf, 0xfc, 0x6, 0xff, 0xff, 0xff, 0xff, 0xff,
    0xff, 0xf1, 0x9f, 0xff, 0x20, 0xcf, 0xff, 0xff,
    0xff, 0xff, 0xff, 0xd0, 0x4f, 0xff, 0xb0, 0x9,
    0xff, 0xff, 0xff, 0xff, 0xff, 0x70, 0xc, 0xff,
    0xfa, 0x0, 0x2, 0xcf, 0xff, 0xff, 0xfe, 0x10,
    0x2, 0xff, 0xff, 0xd6, 0x10, 0xbf, 0xff, 0xff,
    0xf5, 0x0, 0x0, 0x5f, 0xff, 0xff, 0xff, 0xff,
    0xff, 0xff, 0x80, 0x0, 0x0, 0x4, 0xef, 0xff,
    0xff, 0xff, 0xff, 0xf6, 0x0, 0x0, 0x0, 0x0,
    0x18, 0xff, 0xff, 0xff, 0xfa, 0x20, 0x0, 0x0,
    0x0, 0x0, 0x0, 0x4, 0x67, 0x64, 0x0, 0x0,
    0x0, 0x0,

    /* U+F048 "" */
    0x48, 0x88, 0x0, 0x0, 0x0, 0x0, 0x0, 0x7,
    0x70, 0xbf, 0xff, 0x30, 0x0, 0x0, 0x0, 0x0,
    0xbf, 0xf9, 0xbf, 0xff, 0x30, 0x0, 0x0, 0x0,
    0x1c, 0xff, 0xfc, 0xbf, 0xff, 0x30, 0x0, 0x0,
    0x1, 0xdf, 0xff, 0xfc, 0xbf, 0xff, 0x30, 0x0,
    0x0, 0x2e, 0xff, 0xff, 0xfc, 0xbf, 0xff, 0x30,
    0x0, 0x3, 0xef, 0xff, 0xff, 0xfc, 0xbf, 0xff,
    0x30, 0x0, 0x4f, 0xff, 0xff, 0xff, 0xfc, 0xbf,
    0xff, 0x30, 0x4, 0xff, 0xff, 0xff, 0xff, 0xfc,
    0xbf, 0xff, 0x30, 0x6f, 0xff, 0xff, 0xff, 0xff,
    0xfc, 0xbf, 0xff, 0x37, 0xff, 0xff, 0xff, 0xff,
    0xff, 0xfc, 0xbf, 0xff, 0xbf, 0xff, 0xff, 0xff,
    0xff, 0xff, 0xfc, 0xbf, 0xff, 0xff, 0xff, 0xff,
    0xff, 0xff, 0xff, 0xfc, 0xbf, 0xff, 0xff, 0xff,
    0xff, 0xff, 0xff, 0xff, 0xfc, 0xbf, 0xff, 0xff,
    0xff, 0xff, 0xff, 0xff, 0xff, 0xfc, 0xbf, 0xff,
    0xff, 0xff, 0xff, 0xff, 0xff, 0xff, 0xfc, 0xbf,
    0xff, 0x5d, 0xff, 0xff, 0xff, 0xff, 0xff, 0xfc,
    0xbf, 0xff, 0x31, 0xcf, 0xff, 0xff, 0xff, 0xff,
    0xfc, 0xbf, 0xff, 0x30, 0xb, 0xff, 0xff, 0xff,
    0xff, 0xfc, 0xbf, 0xff, 0x30, 0x0, 0xaf, 0xff,
    0xff, 0xff, 0xfc, 0xbf, 0xff, 0x30, 0x0, 0x9,
    0xff, 0xff, 0xff, 0xfc, 0xbf, 0xff, 0x30, 0x0,
    0x0, 0x7f, 0xff, 0xff, 0xfc, 0xbf, 0xff, 0x30,
    0x0, 0x0, 0x6, 0xff, 0xff, 0xfc, 0xbf, 0xff,
    0x30, 0x0, 0x0, 0x0, 0x5f, 0xff, 0xfc, 0xbf,
    0xff, 0x30, 0x0, 0x0, 0x0, 0x4, 0xff, 0xfb,
    0x9f, 0xfe, 0x20, 0x0, 0x0, 0x0, 0x0, 0x3d,
    0xd3, 0x0, 0x0, 0x0, 0x0, 0x0, 0x0, 0x0,
    0x0, 0x0,

    /* U+F04B "" */
    0x3, 0x75, 0x0, 0x0, 0x0, 0x0, 0x0, 0x0,
    0x0, 0x0, 0x0, 0x0, 0x7, 0xff, 0xfc, 0x30,
    0x0, 0x0, 0x0, 0x0, 0x0, 0x0, 0x0, 0x0,
    0x0, 0xef, 0xff, 0xff, 0x91, 0x0, 0x0, 0x0,
    0x0, 0x0, 0x0, 0x0, 0x0, 0xf, 0xff, 0xff,
    0xff, 0xe6, 0x0, 0x0, 0x0, 0x0, 0x0, 0x0,
    0x0, 0x0, 0xff, 0xff, 0xff, 0xff, 0xfd, 0x30,
    0x0, 0x0, 0x0, 0x0, 0x0, 0x0, 0xf, 0xff,
    0xff, 0xff, 0xff, 0xff, 0xa1, 0x0, 0x0, 0x0,
    0x0, 0x0, 0x0, 0xff, 0xff, 0xff, 0xff, 0xff,
    0xff, 0xf7, 0x0, 0x0, 0x0, 0x0, 0x0, 0xf,
    0xff, 0xff, 0xff, 0xff, 0xff, 0xff, 0xfd, 0x40,
    0x0, 0x0, 0x0, 0x0, 0xff, 0xff, 0xff, 0xff,
    0xff, 0xff, 0xff, 0xff, 0xb2, 0x0, 0x0, 0x0,
    0xf, 0xff, 0xff, 0xff, 0xff, 0xff, 0xff, 0xff,
    0xff, 0xf8, 0x0, 0x0, 0x0, 0xff, 0xff, 0xff,
    0xff, 0xff, 0xff, 0xff, 0xff, 0xff, 0xfe, 0x50,
    0x0, 0xf, 0xff, 0xff, 0xff, 0xff, 0xff, 0xff,
    0xff, 0xff, 0xff, 0xff, 0xb2, 0x0, 0xff, 0xff,
    0xff, 0xff, 0xff, 0xff, 0xff, 0xff, 0xff, 0xff,
    0xff, 0xf7, 0xf, 0xff, 0xff, 0xff, 0xff, 0xff,
    0xff, 0xff, 0xff, 0xff, 0xff, 0xff, 0xf4, 0xff,
    0xff, 0xff, 0xff, 0xff, 0xff, 0xff, 0xff, 0xff,
    0xff, 0xff, 0xff, 0x7f, 0xff, 0xff, 0xff, 0xff,
    0xff, 0xff, 0xff, 0xff, 0xff, 0xff, 0xff, 0xf4,
    0xff, 0xff, 0xff, 0xff, 0xff, 0xff, 0xff, 0xff,
    0xff, 0xff, 0xff, 0xf7, 0xf, 0xff, 0xff, 0xff,
    0xff, 0xff, 0xff, 0xff, 0xff, 0xff, 0xff, 0xb2,
    0x0, 0xff, 0xff, 0xff, 0xff, 0xff, 0xff, 0xff,
    0xff, 0xff, 0xfe, 0x50, 0x0, 0xf, 0xff, 0xff,
    0xff, 0xff, 0xff, 0xff, 0xff, 0xff, 0xf8, 0x0,
    0x0, 0x0, 0xff, 0xff, 0xff, 0xff, 0xff, 0xff,
    0xff, 0xff, 0xb2, 0x0, 0x0, 0x0, 0xf, 0xff,
    0xff, 0xff, 0xff, 0xff, 0xff, 0xfd, 0x40, 0x0,
    0x0, 0x0, 0x0, 0xff, 0xff, 0xff, 0xff, 0xff,
    0xff, 0xf7, 0x0, 0x0, 0x0, 0x0, 0x0, 0xf,
    0xff, 0xff, 0xff, 0xff, 0xff, 0xa1, 0x0, 0x0,
    0x0, 0x0, 0x0, 0x0, 0xff, 0xff, 0xff, 0xff,
    0xfd, 0x30, 0x0, 0x0, 0x0, 0x0, 0x0, 0x0,
    0xf, 0xff, 0xff, 0xff, 0xe6, 0x0, 0x0, 0x0,
    0x0, 0x0, 0x0, 0x0, 0x0, 0xef, 0xff, 0xff,
    0x91, 0x0, 0x0, 0x0, 0x0, 0x0, 0x0, 0x0,
    0x0, 0x6, 0xff, 0xfc, 0x30, 0x0, 0x0, 0x0,
    0x0, 0x0, 0x0, 0x0, 0x0, 0x0, 0x3, 0x74,
    0x0, 0x0, 0x0, 0x0, 0x0, 0x0, 0x0, 0x0,
    0x0, 0x0, 0x0,

    /* U+F04C "" */
    0x1a, 0xef, 0xff, 0xff, 0xd5, 0x0, 0x0, 0x1a,
    0xef, 0xff, 0xff, 0xd5, 0xa, 0xff, 0xff, 0xff,
    0xff, 0xf2, 0x0, 0xa, 0xff, 0xff, 0xff, 0xff,
    0xf2, 0xff, 0xff, 0xff, 0xff, 0xff, 0x70, 0x0,
    0xff, 0xff, 0xff, 0xff, 0xff, 0x7f, 0xff, 0xff,
    0xff, 0xff, 0xf8, 0x0, 0xf, 0xff, 0xff, 0xff,
    0xff, 0xf8, 0xff, 0xff, 0xff, 0xff, 0xff, 0x80,
    0x0, 0xff, 0xff, 0xff, 0xff, 0xff, 0x8f, 0xff,
    0xff, 0xff, 0xff, 0xf8, 0x0, 0xf, 0xff, 0xff,
    0xff, 0xff, 0xf8, 0xff, 0xff, 0xff, 0xff, 0xff,
    0x80, 0x0, 0xff, 0xff, 0xff, 0xff, 0xff, 0x8f,
    0xff, 0xff, 0xff, 0xff, 0xf8, 0x0, 0xf, 0xff,
    0xff, 0xff, 0xff, 0xf8, 0xff, 0xff, 0xff, 0xff,
    0xff, 0x80, 0x0, 0xff, 0xff, 0xff, 0xff, 0xff,
    0x8f, 0xff, 0xff, 0xff, 0xff, 0xf8, 0x0, 0xf,
    0xff, 0xff, 0xff, 0xff, 0xf8, 0xff, 0xff, 0xff,
    0xff, 0xff, 0x80, 0x0, 0xff, 0xff, 0xff, 0xff,
    0xff, 0x8f, 0xff, 0xff, 0xff, 0xff, 0xf8, 0x0,
    0xf, 0xff, 0xff, 0xff, 0xff, 0xf8, 0xff, 0xff,
    0xff, 0xff, 0xff, 0x80, 0x0, 0xff, 0xff, 0xff,
    0xff, 0xff, 0x8f, 0xff, 0xff, 0xff, 0xff, 0xf8,
    0x0, 0xf, 0xff, 0xff, 0xff, 0xff, 0xf8, 0xff,
    0xff, 0xff, 0xff, 0xff, 0x80, 0x0, 0xff, 0xff,
    0xff, 0xff, 0xff, 0x8f, 0xff, 0xff, 0xff, 0xff,
    0xf8, 0x0, 0xf, 0xff, 0xff, 0xff, 0xff, 0xf8,
    0xff, 0xff, 0xff, 0xff, 0xff, 0x80, 0x0, 0xff,
    0xff, 0xff, 0xff, 0xff, 0x8f, 0xff, 0xff, 0xff,
    0xff, 0xf8, 0x0, 0xf, 0xff, 0xff, 0xff, 0xff,
    0xf8, 0xff, 0xff, 0xff, 0xff, 0xff, 0x80, 0x0,
    0xff, 0xff, 0xff, 0xff, 0xff, 0x8f, 0xff, 0xff,
    0xff, 0xff, 0xf8, 0x0, 0xf, 0xff, 0xff, 0xff,
    0xff, 0xf8, 0xff, 0xff, 0xff, 0xff, 0xff, 0x80,
    0x0, 0xff, 0xff, 0xff, 0xff, 0xff, 0x8f, 0xff,
    0xff, 0xff, 0xff, 0xf7, 0x0, 0xf, 0xff, 0xff,
    0xff, 0xff, 0xf7, 0xef, 0xff, 0xff, 0xff, 0xff,
    0x60, 0x0, 0xef, 0xff, 0xff, 0xff, 0xff, 0x66,
    0xff, 0xff, 0xff, 0xff, 0xd0, 0x0, 0x6, 0xff,
    0xff, 0xff, 0xff, 0xd0, 0x4, 0x89, 0x99, 0x98,
    0x71, 0x0, 0x0, 0x4, 0x89, 0x99, 0x98, 0x71,
    0x0,

    /* U+F04D "" */
    0x3, 0x88, 0x88, 0x88, 0x88, 0x88, 0x88, 0x88,
    0x88, 0x88, 0x88, 0x60, 0x6, 0xff, 0xff, 0xff,
    0xff, 0xff, 0xff, 0xff, 0xff, 0xff, 0xff, 0xff,
    0xd0, 0xef, 0xff, 0xff, 0xff, 0xff, 0xff, 0xff,
    0xff, 0xff, 0xff, 0xff, 0xff, 0x6f, 0xff, 0xff,
    0xff, 0xff, 0xff, 0xff, 0xff, 0xff, 0xff, 0xff,
    0xff, 0xf7, 0xff, 0xff, 0xff, 0xff, 0xff, 0xff,
    0xff, 0xff, 0xff, 0xff, 0xff, 0xff, 0x8f, 0xff,
    0xff, 0xff, 0xff, 0xff, 0xff, 0xff, 0xff, 0xff,
    0xff, 0xff, 0xf8, 0xff, 0xff, 0xff, 0xff, 0xff,
    0xff, 0xff, 0xff, 0xff, 0xff, 0xff, 0xff, 0x8f,
    0xff, 0xff, 0xff, 0xff, 0xff, 0xff, 0xff, 0xff,
    0xff, 0xff, 0xff, 0xf8, 0xff, 0xff, 0xff, 0xff,
    0xff, 0xff, 0xff, 0xff, 0xff, 0xff, 0xff, 0xff,
    0x8f, 0xff, 0xff, 0xff, 0xff, 0xff, 0xff, 0xff,
    0xff, 0xff, 0xff, 0xff, 0xf8, 0xff, 0xff, 0xff,
    0xff, 0xff, 0xff, 0xff, 0xff, 0xff, 0xff, 0xff,
    0xff, 0x8f, 0xff, 0xff, 0xff, 0xff, 0xff, 0xff,
    0xff, 0xff, 0xff, 0xff, 0xff, 0xf8, 0xff, 0xff,
    0xff, 0xff, 0xff, 0xff, 0xff, 0xff, 0xff, 0xff,
    0xff, 0xff, 0x8f, 0xff, 0xff, 0xff, 0xff, 0xff,
    0xff, 0xff, 0xff, 0xff, 0xff, 0xff, 0xf8, 0xff,
    0xff, 0xff, 0xff, 0xff, 0xff, 0xff, 0xff, 0xff,
    0xff, 0xff, 0xff, 0x8f, 0xff, 0xff, 0xff, 0xff,
    0xff, 0xff, 0xff, 0xff, 0xff, 0xff, 0xff, 0xf8,
    0xff, 0xff, 0xff, 0xff, 0xff, 0xff, 0xff, 0xff,
    0xff, 0xff, 0xff, 0xff, 0x8f, 0xff, 0xff, 0xff,
    0xff, 0xff, 0xff, 0xff, 0xff, 0xff, 0xff, 0xff,
    0xf8, 0xff, 0xff, 0xff, 0xff, 0xff, 0xff, 0xff,
    0xff, 0xff, 0xff, 0xff, 0xff, 0x8f, 0xff, 0xff,
    0xff, 0xff, 0xff, 0xff, 0xff, 0xff, 0xff, 0xff,
    0xff, 0xf8, 0xff, 0xff, 0xff, 0xff, 0xff, 0xff,
    0xff, 0xff, 0xff, 0xff, 0xff, 0xff, 0x8f, 0xff,
    0xff, 0xff, 0xff, 0xff, 0xff, 0xff, 0xff, 0xff,
    0xff, 0xff, 0xf8, 0xff, 0xff, 0xff, 0xff, 0xff,
    0xff, 0xff, 0xff, 0xff, 0xff, 0xff, 0xff, 0x7a,
    0xff, 0xff, 0xff, 0xff, 0xff, 0xff, 0xff, 0xff,
    0xff, 0xff, 0xff, 0xf2, 0x1a, 0xef, 0xff, 0xff,
    0xff, 0xff, 0xff, 0xff, 0xff, 0xff, 0xff, 0xd5,
    0x0,

    /* U+F051 "" */
    0x5, 0x81, 0x0, 0x0, 0x0, 0x0, 0x0, 0x68,
    0x87, 0x5f, 0xfe, 0x20, 0x0, 0x0, 0x0, 0x0,
    0xef, 0xff, 0x7f, 0xff, 0xe3, 0x0, 0x0, 0x0,
    0x0, 0xff, 0xff, 0x8f, 0xff, 0xff, 0x40, 0x0,
    0x0, 0x0, 0xff, 0xff, 0x8f, 0xff, 0xff, 0xf5,
    0x0, 0x0, 0x0, 0xff, 0xff, 0x8f, 0xff, 0xff,
    0xff, 0x60, 0x0, 0x0, 0xff, 0xff, 0x8f, 0xff,
    0xff, 0xff, 0xf8, 0x0, 0x0, 0xff, 0xff, 0x8f,
    0xff, 0xff, 0xff, 0xff, 0x90, 0x0, 0xff, 0xff,
    0x8f, 0xff, 0xff, 0xff, 0xff, 0xfa, 0x0, 0xff,
    0xff, 0x8f, 0xff, 0xff, 0xff, 0xff, 0xff, 0xb0,
    0xff, 0xff, 0x8f, 0xff, 0xff, 0xff, 0xff, 0xff,
    0xfc, 0xff, 0xff, 0x8f, 0xff, 0xff, 0xff, 0xff,
    0xff, 0xff, 0xff, 0xff, 0x8f, 0xff, 0xff, 0xff,
    0xff, 0xff, 0xff, 0xff, 0xff, 0x8f, 0xff, 0xff,
    0xff, 0xff, 0xff, 0xff, 0xff, 0xff, 0x8f, 0xff,
    0xff, 0xff, 0xff, 0xff, 0xff, 0xff, 0xff, 0x8f,
    0xff, 0xff, 0xff, 0xff, 0xff, 0xe3, 0xff, 0xff,
    0x8f, 0xff, 0xff, 0xff, 0xff, 0xfe, 0x20, 0xff,
    0xff, 0x8f, 0xff, 0xff, 0xff, 0xff, 0xd2, 0x0,
    0xff, 0xff, 0x8f, 0xff, 0xff, 0xff, 0xfd, 0x10,
    0x0, 0xff, 0xff, 0x8f, 0xff, 0xff, 0xff, 0xc1,
    0x0, 0x0, 0xff, 0xff, 0x8f, 0xff, 0xff, 0xfb,
    0x0, 0x0, 0x0, 0xff, 0xff, 0x8f, 0xff, 0xff,
    0xa0, 0x0, 0x0, 0x0, 0xff, 0xff, 0x8f, 0xff,
    0xf9, 0x0, 0x0, 0x0, 0x0, 0xff, 0xff, 0x7f,
    0xff, 0x80, 0x0, 0x0, 0x0, 0x0, 0xff, 0xff,
    0x1c, 0xf6, 0x0, 0x0, 0x0, 0x0, 0x0, 0xcf,
    0xfd, 0x0, 0x0, 0x0, 0x0, 0x0, 0x0, 0x0,
    0x0, 0x0,

    /* U+F052 "" */
    0x0, 0x0, 0x0, 0x0, 0x0, 0x1, 0x9a, 0x50,
    0x0, 0x0, 0x0, 0x0, 0x0, 0x0, 0x0, 0x0,
    0x0, 0x0, 0x1e, 0xff, 0xf8, 0x0, 0x0, 0x0,
    0x0, 0x0, 0x0, 0x0, 0x0, 0x0, 0x1, 0xdf,
    0xff, 0xff, 0x60, 0x0, 0x0, 0x0, 0x0, 0x0,
    0x0, 0x0, 0x0, 0xc, 0xff, 0xff, 0xff, 0xf5,
    0x0, 0x0, 0x0, 0x0, 0x0, 0x0, 0x0, 0x0,
    0xbf, 0xff, 0xff, 0xff, 0xff, 0x40, 0x0, 0x0,
    0x0, 0x0, 0x0, 0x0, 0xa, 0xff, 0xff, 0xff,
    0xff, 0xff, 0xf3, 0x0, 0x0, 0x0, 0x0, 0x0,
    0x0, 0x9f, 0xff, 0xff, 0xff, 0xff, 0xff, 0xfe,
    0x20, 0x0, 0x0, 0x0, 0x0, 0x8, 0xff, 0xff,
    0xff, 0xff, 0xff, 0xff, 0xff, 0xe1, 0x0, 0x0,
    0x0, 0x0, 0x6f, 0xff, 0xff, 0xff, 0xff, 0xff,
    0xff, 0xff, 0xfd, 0x10, 0x0, 0x0, 0x5, 0xff,
    0xff, 0xff, 0xff, 0xff, 0xff, 0xff, 0xff, 0xff,
    0xc0, 0x0, 0x0, 0x4f, 0xff, 0xff, 0xff, 0xff,
    0xff, 0xff, 0xff, 0xff, 0xff, 0xfb, 0x0, 0x3,
    0xff, 0xff, 0xff, 0xff, 0xff, 0xff, 0xff, 0xff,
    0xff, 0xff, 0xff, 0xa0, 0xc, 0xff, 0xff, 0xff,
    0xff, 0xff, 0xff, 0xff, 0xff, 0xff, 0xff, 0xff,
    0xf5, 0xf, 0xff, 0xff, 0xff, 0xff, 0xff, 0xff,
    0xff, 0xff, 0xff, 0xff, 0xff, 0xf7, 0xa, 0xff,
    0xff, 0xff, 0xff, 0xff, 0xff, 0xff, 0xff, 0xff,
    0xff, 0xff, 0xf3, 0x1, 0xbf, 0xff, 0xff, 0xff,
    0xff, 0xff, 0xff, 0xff, 0xff, 0xff, 0xfe, 0x60,
    0x0, 0x0, 0x0, 0x0, 0x0, 0x0, 0x0, 0x0,
    0x0, 0x0, 0x0, 0x0, 0x0, 0x0, 0x0, 0x0,
    0x0, 0x0, 0x0, 0x0, 0x0, 0x0, 0x0, 0x0,
    0x0, 0x0, 0x6, 0xff, 0xff, 0xff, 0xff, 0xff,
    0xff, 0xff, 0xff, 0xff, 0xff, 0xff, 0xd1, 0xf,
    0xff, 0xff, 0xff, 0xff, 0xff, 0xff, 0xff, 0xff,
    0xff, 0xff, 0xff, 0xf7, 0xf, 0xff, 0xff, 0xff,
    0xff, 0xff, 0xff, 0xff, 0xff, 0xff, 0xff, 0xff,
    0xf8, 0xf, 0xff, 0xff, 0xff, 0xff, 0xff, 0xff,
    0xff, 0xff, 0xff, 0xff, 0xff, 0xf8, 0xf, 0xff,
    0xff, 0xff, 0xff, 0xff, 0xff, 0xff, 0xff, 0xff,
    0xff, 0xff, 0xf8, 0xe, 0xff, 0xff, 0xff, 0xff,
    0xff, 0xff, 0xff, 0xff, 0xff, 0xff, 0xff, 0xf6,
    0x5, 0xef, 0xff, 0xff, 0xff, 0xff, 0xff, 0xff,
    0xff, 0xff, 0xff, 0xff, 0xb0,

    /* U+F053 "" */
    0x0, 0x0, 0x0, 0x0, 0x0, 0x3, 0x93, 0x0,
    0x0, 0x0, 0x0, 0x0, 0x0, 0x4f, 0xff, 0x30,
    0x0, 0x0, 0x0, 0x0, 0x4, 0xff, 0xff, 0xe0,
    0x0, 0x0, 0x0, 0x0, 0x4f, 0xff, 0xff, 0xc0,
    0x0, 0x0, 0x0, 0x4, 0xff, 0xff, 0xfd, 0x10,
    0x0, 0x0, 0x0, 0x4f, 0xff, 0xff, 0xd1, 0x0,
    0x0, 0x0, 0x4, 0xff, 0xff, 0xfd, 0x10, 0x0,
    0x0, 0x0, 0x4f, 0xff, 0xff, 0xd1, 0x0, 0x0,
    0x0, 0x4, 0xff, 0xff, 0xfd, 0x10, 0x0, 0x0,
    0x0, 0x4f, 0xff, 0xff, 0xd1, 0x0, 0x0, 0x0,
    0x4, 0xff, 0xff, 0xfd, 0x10, 0x0, 0x0, 0x0,
    0x3f, 0xff, 0xff, 0xd1, 0x0, 0x0, 0x0, 0x0,
    0x7f, 0xff, 0xff, 0x70, 0x0, 0x0, 0x0, 0x0,
    0xb, 0xff, 0xff, 0xf6, 0x0, 0x0, 0x0, 0x0,
    0x0, 0xbf, 0xff, 0xff, 0x60, 0x0, 0x0, 0x0,
    0x0, 0xb, 0xff, 0xff, 0xf6, 0x0, 0x0, 0x0,
    0x0, 0x0, 0xbf, 0xff, 0xff, 0x60, 0x0, 0x0,
    0x0, 0x0, 0xb, 0xff, 0xff, 0xf6, 0x0, 0x0,
    0x0, 0x0, 0x0, 0xbf, 0xff, 0xff, 0x60, 0x0,
    0x0, 0x0, 0x0, 0xc, 0xff, 0xff, 0xf6, 0x0,
    0x0, 0x0, 0x0, 0x0, 0xcf, 0xff, 0xff, 0x60,
    0x0, 0x0, 0x0, 0x0, 0xc, 0xff, 0xff, 0xf0,
    0x0, 0x0, 0x0, 0x0, 0x0, 0xcf, 0xff, 0xa0,
    0x0, 0x0, 0x0, 0x0, 0x0, 0xb, 0xfa, 0x0,
    0x0, 0x0, 0x0, 0x0, 0x0, 0x0, 0x20, 0x0,

    /* U+F054 "" */
    0x0, 0x78, 0x0, 0x0, 0x0, 0x0, 0x0, 0x0,
    0xa, 0xff, 0xb0, 0x0, 0x0, 0x0, 0x0, 0x0,
    0x6f, 0xff, 0xfb, 0x0, 0x0, 0x0, 0x0, 0x0,
    0x4f, 0xff, 0xff, 0xb0, 0x0, 0x0, 0x0, 0x0,
    0x7, 0xff, 0xff, 0xfb, 0x0, 0x0, 0x0, 0x0,
    0x0, 0x7f, 0xff, 0xff, 0xb0, 0x0, 0x0, 0x0,
    0x0, 0x7, 0xff, 0xff, 0xfb, 0x0, 0x0, 0x0,
    0x0, 0x0, 0x7f, 0xff, 0xff, 0xb0, 0x0, 0x0,
    0x0, 0x0, 0x7, 0xff, 0xff, 0xfb, 0x0, 0x0,
    0x0, 0x0, 0x0, 0x7f, 0xff, 0xff, 0xb0, 0x0,
    0x0, 0x0, 0x0, 0x7, 0xff, 0xff, 0xfb, 0x0,
    0x0, 0x0, 0x0, 0x0, 0x7f, 0xff, 0xff, 0xa0,
    0x0, 0x0, 0x0, 0x0, 0x1e, 0xff, 0xff, 0xf0,
    0x0, 0x0, 0x0, 0x1, 0xcf, 0xff, 0xff, 0x50,
    0x0, 0x0, 0x0, 0x1c, 0xff, 0xff, 0xf5, 0x0,
    0x0, 0x0, 0x1, 0xcf, 0xff, 0xff, 0x50, 0x0,
    0x0, 0x0, 0x1c, 0xff, 0xff, 0xf5, 0x0, 0x0,
    0x0, 0x1, 0xcf, 0xff, 0xff, 0x50, 0x0, 0x0,
    0x0, 0x1c, 0xff, 0xff, 0xf5, 0x0, 0x0, 0x0,
    0x1, 0xdf, 0xff, 0xff, 0x50, 0x0, 0x0, 0x0,
    0x1d, 0xff, 0xff, 0xf5, 0x0, 0x0, 0x0, 0x0,
    0x7f, 0xff, 0xff, 0x50, 0x0, 0x0, 0x0, 0x0,
    0x2f, 0xff, 0xf5, 0x0, 0x0, 0x0, 0x0, 0x0,
    0x3, 0xff, 0x50, 0x0, 0x0, 0x0, 0x0, 0x0,
    0x0, 0x11, 0x0, 0x0, 0x0, 0x0, 0x0, 0x0,

    /* U+F067 "" */
    0x0, 0x0, 0x0, 0x0, 0x0, 0x5a, 0xa8, 0x10,
    0x0, 0x0, 0x0, 0x0, 0x0, 0x0, 0x0, 0x0,
    0x0, 0x3f, 0xff, 0xfb, 0x0, 0x0, 0x0, 0x0,
    0x0, 0x0, 0x0, 0x0, 0x0, 0x5, 0xff, 0xff,
    0xd0, 0x0, 0x0, 0x0, 0x0, 0x0, 0x0, 0x0,
    0x0, 0x0, 0x6f, 0xff, 0xfe, 0x0, 0x0, 0x0,
    0x0, 0x0, 0x0, 0x0, 0x0, 0x0, 0x6, 0xff,
    0xff, 0xe0, 0x0, 0x0, 0x0, 0x0, 0x0, 0x0,
    0x0, 0x0, 0x0, 0x6f, 0xff, 0xfe, 0x0, 0x0,
    0x0, 0x0, 0x0, 0x0, 0x0, 0x0, 0x0, 0x6,
    0xff, 0xff, 0xe0, 0x0, 0x0, 0x0, 0x0, 0x0,
    0x0, 0x0, 0x0, 0x0, 0x6f, 0xff, 0xfe, 0x0,
    0x0, 0x0, 0x0, 0x0, 0x0, 0x0, 0x0, 0x0,
    0x6, 0xff, 0xff, 0xe0, 0x0, 0x0, 0x0, 0x0,
    0x0, 0x0, 0x0, 0x0, 0x0, 0x6f, 0xff, 0xfe,
    0x0, 0x0, 0x0, 0x0, 0x0, 0x6f, 0xff, 0xff,
    0xff, 0xff, 0xff, 0xff, 0xff, 0xff, 0xff, 0xff,
    0xfc, 0x1f, 0xff, 0xff, 0xff, 0xff, 0xff, 0xff,
    0xff, 0xff, 0xff, 0xff, 0xff, 0xf7, 0xff, 0xff,
    0xff, 0xff, 0xff, 0xff, 0xff, 0xff, 0xff, 0xff,
    0xff, 0xff, 0x8f, 0xff, 0xff, 0xff, 0xff, 0xff,
    0xff, 0xff, 0xff, 0xff, 0xff, 0xff, 0xf7, 0x9f,
    0xff, 0xff, 0xff, 0xff, 0xff, 0xff, 0xff, 0xff,
    0xff, 0xff, 0xfe, 0x20, 0x23, 0x33, 0x33, 0x33,
    0x8f, 0xff, 0xfe, 0x33, 0x33, 0x33, 0x33, 0x10,
    0x0, 0x0, 0x0, 0x0, 0x6, 0xff, 0xff, 0xe0,
    0x0, 0x0, 0x0, 0x0, 0x0, 0x0, 0x0, 0x0,
    0x0, 0x6f, 0xff, 0xfe, 0x0, 0x0, 0x0, 0x0,
    0x0, 0x0, 0x0, 0x0, 0x0, 0x6, 0xff, 0xff,
    0xe0, 0x0, 0x0, 0x0, 0x0, 0x0, 0x0, 0x0,
    0x0, 0x0, 0x6f, 0xff, 0xfe, 0x0, 0x0, 0x0,
    0x0, 0x0, 0x0, 0x0, 0x0, 0x0, 0x6, 0xff,
    0xff, 0xe0, 0x0, 0x0, 0x0, 0x0, 0x0, 0x0,
    0x0, 0x0, 0x0, 0x6f, 0xff, 0xfe, 0x0, 0x0,
    0x0, 0x0, 0x0, 0x0, 0x0, 0x0, 0x0, 0x6,
    0xff, 0xff, 0xe0, 0x0, 0x0, 0x0, 0x0, 0x0,
    0x0, 0x0, 0x0, 0x0, 0x4f, 0xff, 0xfc, 0x0,
    0x0, 0x0, 0x0, 0x0, 0x0, 0x0, 0x0, 0x0,
    0x0, 0x8d, 0xdc, 0x30, 0x0, 0x0, 0x0, 0x0,
    0x0,

    /* U+F068 "" */
    0x1, 0x22, 0x22, 0x22, 0x22, 0x22, 0x22, 0x22,
    0x22, 0x22, 0x22, 0x10, 0x8, 0xff, 0xff, 0xff,
    0xff, 0xff, 0xff, 0xff, 0xff, 0xff, 0xff, 0xff,
    0xe1, 0xff, 0xff, 0xff, 0xff, 0xff, 0xff, 0xff,
    0xff, 0xff, 0xff, 0xff, 0xff, 0x7f, 0xff, 0xff,
    0xff, 0xff, 0xff, 0xff, 0xff, 0xff, 0xff, 0xff,
    0xff, 0xf8, 0xff, 0xff, 0xff, 0xff, 0xff, 0xff,
    0xff, 0xff, 0xff, 0xff, 0xff, 0xff, 0x77, 0xff,
    0xff, 0xff, 0xff, 0xff, 0xff, 0xff, 0xff, 0xff,
    0xff, 0xff, 0xe1, 0x1, 0x22, 0x22, 0x22, 0x22,
    0x22, 0x22, 0x22, 0x22, 0x22, 0x22, 0x10, 0x0,

    /* U+F06E "" */
    0x0, 0x0, 0x0, 0x0, 0x0, 0x26, 0xad, 0xef,
    0xfe, 0xc9, 0x50, 0x0, 0x0, 0x0, 0x0, 0x0,
    0x0, 0x0, 0x0, 0x0, 0x5c, 0xff, 0xff, 0xff,
    0xff, 0xff, 0xff, 0xa2, 0x0, 0x0, 0x0, 0x0,
    0x0, 0x0, 0x0, 0x3c, 0xff, 0xff, 0xff, 0xba,
    0xbd, 0xff, 0xff, 0xff, 0x91, 0x0, 0x0, 0x0,
    0x0, 0x0, 0x8, 0xff, 0xff, 0xfd, 0x50, 0x0,
    0x0, 0x18, 0xff, 0xff, 0xfe, 0x40, 0x0, 0x0,
    0x0, 0x0, 0xbf, 0xff, 0xff, 0xa0, 0x0, 0x0,
    0x0, 0x0, 0x3e, 0xff, 0xff, 0xf6, 0x0, 0x0,
    0x0, 0xc, 0xff, 0xff, 0xfb, 0x0, 0x0, 0x39,
    0x95, 0x0, 0x2, 0xef, 0xff, 0xff, 0x70, 0x0,
    0x0, 0xaf, 0xff, 0xff, 0xe0, 0x0, 0x0, 0x3f,
    0xff, 0xd2, 0x0, 0x5f, 0xff, 0xff, 0xf5, 0x0,
    0x7, 0xff, 0xff, 0xff, 0x70, 0x0, 0x0, 0x3f,
    0xff, 0xfe, 0x10, 0xd, 0xff, 0xff, 0xff, 0x20,
    0x2f, 0xff, 0xff, 0xff, 0x20, 0x0, 0x0, 0xaf,
    0xff, 0xff, 0x80, 0x8, 0xff, 0xff, 0xff, 0xc0,
    0xbf, 0xff, 0xff, 0xff, 0x0, 0x48, 0x6b, 0xff,
    0xff, 0xff, 0xd0, 0x5, 0xff, 0xff, 0xff, 0xf5,
    0xff, 0xff, 0xff, 0xfe, 0x0, 0x7f, 0xff, 0xff,
    0xff, 0xff, 0xf0, 0x4, 0xff, 0xff, 0xff, 0xf9,
    0xbf, 0xff, 0xff, 0xff, 0x0, 0x6f, 0xff, 0xff,
    0xff, 0xff, 0xe0, 0x5, 0xff, 0xff, 0xff, 0xf5,
    0x1f, 0xff, 0xff, 0xff, 0x20, 0x1f, 0xff, 0xff,
    0xff, 0xff, 0x90, 0x8, 0xff, 0xff, 0xff, 0xc0,
    0x6, 0xff, 0xff, 0xff, 0x70, 0x8, 0xff, 0xff,
    0xff, 0xff, 0x20, 0xd, 0xff, 0xff, 0xff, 0x20,
    0x0, 0xaf, 0xff, 0xff, 0xe0, 0x0, 0xaf, 0xff,
    0xff, 0xf4, 0x0, 0x5f, 0xff, 0xff, 0xf5, 0x0,
    0x0, 0xb, 0xff, 0xff, 0xfb, 0x0, 0x4, 0xad,
    0xc8, 0x10, 0x2, 0xef, 0xff, 0xff, 0x70, 0x0,
    0x0, 0x0, 0xbf, 0xff, 0xff, 0xa0, 0x0, 0x0,
    0x0, 0x0, 0x3e, 0xff, 0xff, 0xf6, 0x0, 0x0,
    0x0, 0x0, 0x7, 0xff, 0xff, 0xfd, 0x50, 0x0,
    0x0, 0x18, 0xff, 0xff, 0xfe, 0x40, 0x0, 0x0,
    0x0, 0x0, 0x0, 0x3c, 0xff, 0xff, 0xff, 0xba,
    0xac, 0xff, 0xff, 0xff, 0x91, 0x0, 0x0, 0x0,
    0x0, 0x0, 0x0, 0x0, 0x4c, 0xff, 0xff, 0xff,
    0xff, 0xff, 0xff, 0xa2, 0x0, 0x0, 0x0, 0x0,
    0x0, 0x0, 0x0, 0x0, 0x0, 0x26, 0xad, 0xff,
    0xfe, 0xc9, 0x50, 0x0, 0x0, 0x0, 0x0, 0x0,

    /* U+F070 "" */
    0x4, 0x40, 0x0, 0x0, 0x0, 0x0, 0x0, 0x0,
    0x0, 0x0, 0x0, 0x0, 0x0, 0x0, 0x0, 0x0,
    0x0, 0x4, 0xff, 0x80, 0x0, 0x0, 0x0, 0x0,
    0x0, 0x0, 0x0, 0x0, 0x0, 0x0, 0x0, 0x0,
    0x0, 0x0, 0x0, 0xef, 0xff, 0xc1, 0x0, 0x0,
    0x0, 0x0, 0x0, 0x0, 0x0, 0x0, 0x0, 0x0,
    0x0, 0x0, 0x0, 0x0, 0x8, 0xff, 0xff, 0xe3,
    0x0, 0x0, 0x0, 0x0, 0x0, 0x0, 0x0, 0x0,
    0x0, 0x0, 0x0, 0x0, 0x0, 0x0, 0x5, 0xff,
    0xff, 0xf7, 0x0, 0x0, 0x26, 0xad, 0xff, 0xed,
    0xb7, 0x30, 0x0, 0x0, 0x0, 0x0, 0x0, 0x0,
    0x2, 0xdf, 0xff, 0xfa, 0x16, 0xdf, 0xff, 0xff,
    0xff, 0xff, 0xff, 0xd7, 0x0, 0x0, 0x0, 0x0,
    0x0, 0x0, 0x0, 0xaf, 0xff, 0xff, 0xff, 0xff,
    0xff, 0xba, 0xbe, 0xff, 0xff, 0xfe, 0x60, 0x0,
    0x0, 0x0, 0x0, 0x0, 0x0, 0x7f, 0xff, 0xff,
    0xff, 0xc5, 0x0, 0x0, 0x3, 0xbf, 0xff, 0xff,
    0xb1, 0x0, 0x0, 0x0, 0x0, 0x0, 0x0, 0x3e,
    0xff, 0xff, 0xd0, 0x0, 0x0, 0x0, 0x0, 0x7f,
    0xff, 0xff, 0xe2, 0x0, 0x0, 0x0, 0x0, 0x0,
    0x0, 0x1b, 0xff, 0xff, 0xc1, 0x6, 0xba, 0x50,
    0x0, 0x7f, 0xff, 0xff, 0xe2, 0x0, 0x0, 0x0,
    0x0, 0x0, 0x0, 0x8, 0xff, 0xff, 0xe4, 0x7f,
    0xff, 0xc1, 0x0, 0xbf, 0xff, 0xff, 0xd1, 0x0,
    0x0, 0x0, 0xad, 0x20, 0x0, 0x4, 0xff, 0xff,
    0xfc, 0xff, 0xff, 0xc0, 0x3, 0xff, 0xff, 0xff,
    0xb0, 0x0, 0x0, 0x5f, 0xff, 0x50, 0x0, 0x2,
    0xdf, 0xff, 0xff, 0xff, 0xff, 0x50, 0xe, 0xff,
    0xff, 0xff, 0x50, 0x0, 0xe, 0xff, 0xff, 0x90,
    0x0, 0x0, 0xaf, 0xff, 0xff, 0xff, 0xfa, 0x0,
    0xbf, 0xff, 0xff, 0xfe, 0x0, 0x2, 0xff, 0xff,
    0xff, 0xc2, 0x0, 0x0, 0x6f, 0xff, 0xff, 0xff,
    0xb0, 0xa, 0xff, 0xff, 0xff, 0xf2, 0x0, 0xe,
    0xff, 0xff, 0xff, 0xc0, 0x0, 0x0, 0x3e, 0xff,
    0xff, 0xfa, 0x0, 0xcf, 0xff, 0xff, 0xfe, 0x0,
    0x0, 0x5f, 0xff, 0xff, 0xff, 0x0, 0x0, 0x0,
    0x1b, 0xff, 0xff, 0xd2, 0xe, 0xff, 0xff, 0xff,
    0x50, 0x0, 0x0, 0xbf, 0xff, 0xff, 0xf4, 0x0,
    0x0, 0x0, 0x7, 0xff, 0xff, 0xf9, 0xff, 0xff,
    0xff, 0x90, 0x0, 0x0, 0x0, 0xdf, 0xff, 0xff,
    0xc0, 0x0, 0x0, 0x0, 0x4, 0xef, 0xff, 0xff,
    0xff, 0xff, 0xc0, 0x0, 0x0, 0x0, 0x2, 0xef,
    0xff, 0xff, 0x80, 0x0, 0x0, 0x0, 0x1, 0xcf,
    0xff, 0xff, 0xff, 0xe1, 0x0, 0x0, 0x0, 0x0,
    0x2, 0xdf, 0xff, 0xff, 0x70, 0x0, 0x0, 0x0,
    0x0, 0x9f, 0xff, 0xff, 0xe2, 0x0, 0x0, 0x0,
    0x0, 0x0, 0x1, 0xbf, 0xff, 0xff, 0xc4, 0x0,
    0x0, 0x0, 0x0, 0x5f, 0xff, 0xff, 0x60, 0x0,
    0x0, 0x0, 0x0, 0x0, 0x0, 0x6e, 0xff, 0xff,
    0xfe, 0xba, 0xb5, 0x0, 0x0, 0x2d, 0xff, 0xff,
    0xa0, 0x0, 0x0, 0x0, 0x0, 0x0, 0x0, 0x7,
    0xdf, 0xff, 0xff, 0xff, 0xf8, 0x0, 0x0, 0xa,
    0xff, 0xff, 0xd2, 0x0, 0x0, 0x0, 0x0, 0x0,
    0x0, 0x0, 0x37, 0xbd, 0xef, 0xfd, 0xb4, 0x0,
    0x0, 0x7, 0xff, 0xff, 0xf5, 0x0, 0x0, 0x0,
    0x0, 0x0, 0x0, 0x0, 0x0, 0x0, 0x0, 0x0,
    0x0, 0x0, 0x0, 0x3, 0xef, 0xff, 0xf8, 0x0,
    0x0, 0x0, 0x0, 0x0, 0x0, 0x0, 0x0, 0x0,
    0x0, 0x0, 0x0, 0x0, 0x0, 0x1, 0xcf, 0xff,
    0xe0, 0x0, 0x0, 0x0, 0x0, 0x0, 0x0, 0x0,
    0x0, 0x0, 0x0, 0x0, 0x0, 0x0, 0x0, 0x0,
    0x8f, 0xf4, 0x0, 0x0, 0x0, 0x0, 0x0, 0x0,
    0x0, 0x0, 0x0, 0x0, 0x0, 0x0, 0x0, 0x0,
    0x0, 0x0, 0x44, 0x0,

    /* U+F071 "" */
    0x0, 0x0, 0x0, 0x0, 0x0, 0x0, 0x0, 0x4,
    0x87, 0x10, 0x0, 0x0, 0x0, 0x0, 0x0, 0x0,
    0x0, 0x0, 0x0, 0x0, 0x0, 0x0, 0x0, 0x5,
    0xff, 0xfd, 0x0, 0x0, 0x0, 0x0, 0x0, 0x0,
    0x0, 0x0, 0x0, 0x0, 0x0, 0x0, 0x0, 0x1,
    0xef, 0xff, 0xf7, 0x0, 0x0, 0x0, 0x0, 0x0,
    0x0, 0x0, 0x0, 0x0, 0x0, 0x0, 0x0, 0x0,
    0x8f, 0xff, 0xff, 0xf1, 0x0, 0x0, 0x0, 0x0,
    0x0, 0x0, 0x0, 0x0, 0x0, 0x0, 0x0, 0x0,
    0x2f, 0xff, 0xff, 0xff, 0xa0, 0x0, 0x0, 0x0,
    0x0, 0x0, 0x0, 0x0, 0x0, 0x0, 0x0, 0x0,
    0xb, 0xff, 0xff, 0xff, 0xff, 0x30, 0x0, 0x0,
    0x0, 0x0, 0x0, 0x0, 0x0, 0x0, 0x0, 0x0,
    0x4, 0xff, 0xff, 0xff, 0xff, 0xfc, 0x0, 0x0,
    0x0, 0x0, 0x0, 0x0, 0x0, 0x0, 0x0, 0x0,
    0x0, 0xdf, 0xff, 0xff, 0xff, 0xff, 0xf5, 0x0,
    0x0, 0x0, 0x0, 0x0, 0x0, 0x0, 0x0, 0x0,
    0x0, 0x6f, 0xff, 0xff, 0xff, 0xff, 0xff, 0xe0,
    0x0, 0x0, 0x0, 0x0, 0x0, 0x0, 0x0, 0x0,
    0x0, 0x1e, 0xff, 0xff, 0xff, 0xff, 0xff, 0xff,
    0x80, 0x0, 0x0, 0x0, 0x0, 0x0, 0x0, 0x0,
    0x0, 0x9, 0xff, 0xff, 0x80, 0x0, 0x1e, 0xff,
    0xff, 0x10, 0x0, 0x0, 0x0, 0x0, 0x0, 0x0,
    0x0, 0x2, 0xff, 0xff, 0xf6, 0x0, 0x0, 0xef,
    0xff, 0xfa, 0x0, 0x0, 0x0, 0x0, 0x0, 0x0,
    0x0, 0x0, 0xbf, 0xff, 0xff, 0x70, 0x0, 0xf,
    0xff, 0xff, 0xf3, 0x0, 0x0, 0x0, 0x0, 0x0,
    0x0, 0x0, 0x4f, 0xff, 0xff, 0xf8, 0x0, 0x0,
    0xff, 0xff, 0xff, 0xc0, 0x0, 0x0, 0x0, 0x0,
    0x0, 0x0, 0xd, 0xff, 0xff, 0xff, 0x80, 0x0,
    0xf, 0xff, 0xff, 0xff, 0x50, 0x0, 0x0, 0x0,
    0x0, 0x0, 0x7, 0xff, 0xff, 0xff, 0xf9, 0x0,
    0x1, 0xff, 0xff, 0xff, 0xfe, 0x0, 0x0, 0x0,
    0x0, 0x0, 0x1, 0xff, 0xff, 0xff, 0xff, 0xa0,
    0x0, 0x2f, 0xff, 0xff, 0xff, 0xf8, 0x0, 0x0,
    0x0, 0x0, 0x0, 0x9f, 0xff, 0xff, 0xff, 0xfb,
    0x0, 0x3, 0xff, 0xff, 0xff, 0xff, 0xf2, 0x0,
    0x0, 0x0, 0x0, 0x2f, 0xff, 0xff, 0xff, 0xff,
    0xd1, 0x0, 0x6f, 0xff, 0xff, 0xff, 0xff, 0xa0,
    0x0, 0x0, 0x0, 0xb, 0xff, 0xff, 0xff, 0xff,
    0xff, 0xff, 0xff, 0xff, 0xff, 0xff, 0xff, 0xff,
    0x30, 0x0, 0x0, 0x5, 0xff, 0xff, 0xff, 0xff,
    0xff, 0xf5, 0x1, 0xbf, 0xff, 0xff, 0xff, 0xff,
    0xfc, 0x0, 0x0, 0x0, 0xdf, 0xff, 0xff, 0xff,
    0xff, 0xf7, 0x0, 0x0, 0xef, 0xff, 0xff, 0xff,
    0xff, 0xf6, 0x0, 0x0, 0x7f, 0xff, 0xff, 0xff,
    0xff, 0xff, 0x40, 0x0, 0xc, 0xff, 0xff, 0xff,
    0xff, 0xff, 0xe0, 0x0, 0x1f, 0xff, 0xff, 0xff,
    0xff, 0xff, 0xf8, 0x0, 0x1, 0xff, 0xff, 0xff,
    0xff, 0xff, 0xff, 0x80, 0x9, 0xff, 0xff, 0xff,
    0xff, 0xff, 0xff, 0xf6, 0x13, 0xcf, 0xff, 0xff,
    0xff, 0xff, 0xff, 0xff, 0x10, 0xff, 0xff, 0xff,
    0xff, 0xff, 0xff, 0xff, 0xff, 0xff, 0xff, 0xff,
    0xff, 0xff, 0xff, 0xff, 0xf7, 0xe, 0xff, 0xff,
    0xff, 0xff, 0xff, 0xff, 0xff, 0xff, 0xff, 0xff,
    0xff, 0xff, 0xff, 0xff, 0xff, 0x60, 0x7f, 0xff,
    0xff, 0xff, 0xff, 0xff, 0xff, 0xff, 0xff, 0xff,
    0xff, 0xff, 0xff, 0xff, 0xff, 0xe0, 0x0, 0x48,
    0x99, 0x99, 0x99, 0x99, 0x99, 0x99, 0x99, 0x99,
    0x99, 0x99, 0x99, 0x99, 0x98, 0x71, 0x0,

    /* U+F074 "" */
    0x0, 0x0, 0x0, 0x0, 0x0, 0x0, 0x0, 0x0,
    0x0, 0x0, 0x6, 0xa2, 0x0, 0x0, 0x0, 0x0,
    0x0, 0x0, 0x0, 0x0, 0x0, 0x0, 0x0, 0x0,
    0xf, 0xfe, 0x30, 0x0, 0x0, 0x0, 0x0, 0x0,
    0x0, 0x0, 0x0, 0x0, 0x0, 0x0, 0xf, 0xff,
    0xe3, 0x0, 0x24, 0x44, 0x44, 0x30, 0x0, 0x0,
    0x0, 0x0, 0x2, 0x44, 0x4f, 0xff, 0xfe, 0x30,
    0xff, 0xff, 0xff, 0xfb, 0x0, 0x0, 0x0, 0x0,
    0x3f, 0xff, 0xff, 0xff, 0xff, 0xe3, 0xff, 0xff,
    0xff, 0xff, 0xa0, 0x0, 0x0, 0x3, 0xff, 0xff,
    0xff, 0xff, 0xff, 0xfd, 0xff, 0xff, 0xff, 0xff,
    0xf9, 0x0, 0x0, 0x2e, 0xff, 0xff, 0xff, 0xff,
    0xff, 0xfd, 0xff, 0xff, 0xff, 0xff, 0xff, 0x80,
    0x1, 0xef, 0xff, 0xff, 0xff, 0xff, 0xff, 0xd1,
    0x12, 0x22, 0x26, 0xff, 0xff, 0xa0, 0x1d, 0xff,
    0xff, 0xd2, 0x2f, 0xff, 0xfd, 0x10, 0x0, 0x0,
    0x0, 0x7f, 0xfb, 0x0, 0xcf, 0xff, 0xfd, 0x10,
    0xf, 0xff, 0xd1, 0x0, 0x0, 0x0, 0x0, 0x8,
    0xc0, 0xc, 0xff, 0xff, 0xe2, 0x0, 0xe, 0xfd,
    0x10, 0x0, 0x0, 0x0, 0x0, 0x0, 0x0, 0xbf,
    0xff, 0xfe, 0x20, 0x0, 0x4, 0x81, 0x0, 0x0,
    0x0, 0x0, 0x0, 0x0, 0xa, 0xff, 0xff, 0xf3,
    0x0, 0x0, 0x0, 0x0, 0x0, 0x0, 0x0, 0x0,
    0x0, 0x0, 0x9f, 0xff, 0xff, 0x40, 0x0, 0x0,
    0x4, 0x81, 0x0, 0x0, 0x0, 0x0, 0x0, 0x8,
    0xff, 0xff, 0xf5, 0x5, 0xe2, 0x0, 0xe, 0xfd,
    0x10, 0x0, 0x0, 0x0, 0x0, 0x7f, 0xff, 0xff,
    0x60, 0x4f, 0xfd, 0x10, 0xf, 0xff, 0xd1, 0x0,
    0x12, 0x22, 0x26, 0xff, 0xff, 0xf7, 0x3, 0xff,
    0xff, 0xd2, 0x2f, 0xff, 0xfd, 0x10, 0xff, 0xff,
    0xff, 0xff, 0xff, 0x80, 0x1, 0xef, 0xff, 0xff,
    0xff, 0xff, 0xff, 0xd1, 0xff, 0xff, 0xff, 0xff,
    0xf9, 0x0, 0x0, 0x2e, 0xff, 0xff, 0xff, 0xff,
    0xff, 0xfd, 0xff, 0xff, 0xff, 0xff, 0xa0, 0x0,
    0x0, 0x3, 0xff, 0xff, 0xff, 0xff, 0xff, 0xfd,
    0xff, 0xff, 0xff, 0xfb, 0x0, 0x0, 0x0, 0x0,
    0x3f, 0xff, 0xff, 0xff, 0xff, 0xe2, 0x24, 0x44,
    0x44, 0x30, 0x0, 0x0, 0x0, 0x0, 0x2, 0x44,
    0x4f, 0xff, 0xfe, 0x30, 0x0, 0x0, 0x0, 0x0,
    0x0, 0x0, 0x0, 0x0, 0x0, 0x0, 0xf, 0xff,
    0xe3, 0x0, 0x0, 0x0, 0x0, 0x0, 0x0, 0x0,
    0x0, 0x0, 0x0, 0x0, 0xf, 0xfe, 0x30, 0x0,
    0x0, 0x0, 0x0, 0x0, 0x0, 0x0, 0x0, 0x0,
    0x0, 0x0, 0x6, 0xa2, 0x0, 0x0,

    /* U+F077 "" */
    0x0, 0x0, 0x0, 0x0, 0x0, 0x7, 0xb2, 0x0,
    0x0, 0x0, 0x0, 0x0, 0x0, 0x0, 0x0, 0x0,
    0x0, 0x8, 0xff, 0xe2, 0x0, 0x0, 0x0, 0x0,
    0x0, 0x0, 0x0, 0x0, 0x0, 0x8, 0xff, 0xff,
    0xe2, 0x0, 0x0, 0x0, 0x0, 0x0, 0x0, 0x0,
    0x0, 0x8, 0xff, 0xff, 0xff, 0xe2, 0x0, 0x0,
    0x0, 0x0, 0x0, 0x0, 0x0, 0x8, 0xff, 0xff,
    0xff, 0xff, 0xe2, 0x0, 0x0, 0x0, 0x0, 0x0,
    0x0, 0x8, 0xff, 0xff, 0xff, 0xff, 0xff, 0xe2,
    0x0, 0x0, 0x0, 0x0, 0x0, 0x8, 0xff, 0xff,
    0xfa, 0x3f, 0xff, 0xff, 0xe2, 0x0, 0x0, 0x0,
    0x0, 0x8, 0xff, 0xff, 0xfa, 0x0, 0x3f, 0xff,
    0xff, 0xe2, 0x0, 0x0, 0x0, 0x8, 0xff, 0xff,
    0xfa, 0x0, 0x0, 0x3f, 0xff, 0xff, 0xe2, 0x0,
    0x0, 0x8, 0xff, 0xff, 0xfa, 0x0, 0x0, 0x0,
    0x3f, 0xff, 0xff, 0xe2, 0x0, 0x8, 0xff, 0xff,
    0xfa, 0x0, 0x0, 0x0, 0x0, 0x3f, 0xff, 0xff,
    0xe2, 0x6, 0xff, 0xff, 0xfa, 0x0, 0x0, 0x0,
    0x0, 0x0, 0x3f, 0xff, 0xff, 0xe0, 0x9f, 0xff,
    0xfa, 0x0, 0x0, 0x0, 0x0, 0x0, 0x0, 0x3f,
    0xff, 0xff, 0x11, 0xdf, 0xfa, 0x0, 0x0, 0x0,
    0x0, 0x0, 0x0, 0x0, 0x3f, 0xff, 0x60, 0x1,
    0xa8, 0x0, 0x0, 0x0, 0x0, 0x0, 0x0, 0x0,
    0x0, 0x3b, 0x50, 0x0,

    /* U+F078 "" */
    0x1, 0xa8, 0x0, 0x0, 0x0, 0x0, 0x0, 0x0,
    0x0, 0x0, 0x3b, 0x50, 0x1, 0xdf, 0xfa, 0x0,
    0x0, 0x0, 0x0, 0x0, 0x0, 0x0, 0x3f, 0xff,
    0x60, 0x9f, 0xff, 0xfa, 0x0, 0x0, 0x0, 0x0,
    0x0, 0x0, 0x3f, 0xff, 0xff, 0x16, 0xff, 0xff,
    0xfa, 0x0, 0x0, 0x0, 0x0, 0x0, 0x3f, 0xff,
    0xff, 0xd0, 0x8, 0xff, 0xff, 0xfa, 0x0, 0x0,
    0x0, 0x0, 0x3f, 0xff, 0xff, 0xe2, 0x0, 0x8,
    0xff, 0xff, 0xfa, 0x0, 0x0, 0x0, 0x3f, 0xff,
    0xff, 0xe2, 0x0, 0x0, 0x8, 0xff, 0xff, 0xfa,
    0x0, 0x0, 0x3f, 0xff, 0xff, 0xe2, 0x0, 0x0,
    0x0, 0x8, 0xff, 0xff, 0xfa, 0x0, 0x3f, 0xff,
    0xff, 0xe2, 0x0, 0x0, 0x0, 0x0, 0x8, 0xff,
    0xff, 0xfa, 0x3f, 0xff, 0xff, 0xe2, 0x0, 0x0,
    0x0, 0x0, 0x0, 0x8, 0xff, 0xff, 0xff, 0xff,
    0xff, 0xe2, 0x0, 0x0, 0x0, 0x0, 0x0, 0x0,
    0x8, 0xff, 0xff, 0xff, 0xff, 0xe2, 0x0, 0x0,
    0x0, 0x0, 0x0, 0x0, 0x0, 0x8, 0xff, 0xff,
    0xff, 0xe2, 0x0, 0x0, 0x0, 0x0, 0x0, 0x0,
    0x0, 0x0, 0x8, 0xff, 0xff, 0xe2, 0x0, 0x0,
    0x0, 0x0, 0x0, 0x0, 0x0, 0x0, 0x0, 0x8,
    0xff, 0xe2, 0x0, 0x0, 0x0, 0x0, 0x0, 0x0,
    0x0, 0x0, 0x0, 0x0, 0x6, 0xa2, 0x0, 0x0,
    0x0, 0x0, 0x0, 0x0,

    /* U+F079 "" */
    0x0, 0x0, 0x0, 0x42, 0x0, 0x0, 0x0, 0x0,
    0x0, 0x0, 0x0, 0x0, 0x0, 0x0, 0x0, 0x0,
    0x0, 0x0, 0x0, 0x0, 0x9f, 0xf4, 0x0, 0x0,
    0x0, 0x0, 0x0, 0x0, 0x0, 0x0, 0x0, 0x0,
    0x0, 0x0, 0x0, 0x0, 0x0, 0x9f, 0xff, 0xf4,
    0x0, 0x0, 0x57, 0x77, 0x77, 0x77, 0x77, 0x77,
    0x77, 0x60, 0x0, 0x0, 0x0, 0x0, 0x9f, 0xff,
    0xff, 0xf4, 0x0, 0x4f, 0xff, 0xff, 0xff, 0xff,
    0xff, 0xff, 0xff, 0x70, 0x0, 0x0, 0x0, 0x9f,
    0xff, 0xff, 0xff, 0xf4, 0x2, 0xff, 0xff, 0xff,
    0xff, 0xff, 0xff, 0xff, 0xf9, 0x0, 0x0, 0x0,
    0x9f, 0xff, 0xff, 0xff, 0xff, 0xf4, 0x4, 0xff,
    0xff, 0xff, 0xff, 0xff, 0xff, 0xff, 0x90, 0x0,
    0x0, 0x9f, 0xff, 0xff, 0xff, 0xef, 0xff, 0xf4,
    0x0, 0x0, 0x0, 0x0, 0x0, 0x0, 0xef, 0xf9,
    0x0, 0x0, 0xf, 0xff, 0xf4, 0xef, 0xf9, 0x9f,
    0xff, 0x90, 0x0, 0x0, 0x0, 0x0, 0x0, 0xe,
    0xff, 0x90, 0x0, 0x0, 0x7f, 0xf5, 0xe, 0xff,
    0x90, 0xaf, 0xe2, 0x0, 0x0, 0x0, 0x0, 0x0,
    0x0, 0xef, 0xf9, 0x0, 0x0, 0x0, 0x32, 0x0,
    0xef, 0xf9, 0x0, 0x41, 0x0, 0x0, 0x0, 0x0,
    0x0, 0x0, 0xe, 0xff, 0x90, 0x0, 0x0, 0x0,
    0x0, 0xe, 0xff, 0x90, 0x0, 0x0, 0x0, 0x0,
    0x0, 0x0, 0x0, 0x0, 0xef, 0xf9, 0x0, 0x0,
    0x0, 0x0, 0x0, 0xef, 0xf9, 0x0, 0x0, 0x0,
    0x0, 0x0, 0x0, 0x0, 0x0, 0xe, 0xff, 0x90,
    0x0, 0x0, 0x0, 0x0, 0xe, 0xff, 0x90, 0x0,
    0x0, 0x0, 0x0, 0x0, 0x0, 0x0, 0x0, 0xef,
    0xf9, 0x0, 0x0, 0x0, 0x0, 0x0, 0xef, 0xf9,
    0x0, 0x0, 0x0, 0x0, 0x0, 0x0, 0x19, 0x80,
    0xe, 0xff, 0x90, 0x2a, 0x70, 0x0, 0x0, 0xe,
    0xff, 0x90, 0x0, 0x0, 0x0, 0x0, 0x0, 0xc,
    0xff, 0xa0, 0xef, 0xf9, 0x2e, 0xff, 0x60, 0x0,
    0x0, 0xef, 0xf9, 0x0, 0x0, 0x0, 0x0, 0x0,
    0x0, 0xef, 0xff, 0x9e, 0xff, 0xad, 0xff, 0xf9,
    0x0, 0x0, 0xe, 0xff, 0xc7, 0x77, 0x77, 0x77,
    0x77, 0x73, 0x4, 0xff, 0xff, 0xff, 0xff, 0xff,
    0xfc, 0x10, 0x0, 0x0, 0xef, 0xff, 0xff, 0xff,
    0xff, 0xff, 0xff, 0xf5, 0x4, 0xff, 0xff, 0xff,
    0xff, 0xfc, 0x10, 0x0, 0x0, 0xe, 0xff, 0xff,
    0xff, 0xff, 0xff, 0xff, 0xff, 0xf0, 0x4, 0xff,
    0xff, 0xff, 0xfc, 0x10, 0x0, 0x0, 0x0, 0x9f,
    0xff, 0xff, 0xff, 0xff, 0xff, 0xff, 0xfa, 0x0,
    0x3, 0xff, 0xff, 0xfc, 0x10, 0x0, 0x0, 0x0,
    0x0, 0x0, 0x0, 0x0, 0x0, 0x0, 0x0, 0x0,
    0x0, 0x0, 0x3, 0xff, 0xfc, 0x10, 0x0, 0x0,
    0x0, 0x0, 0x0, 0x0, 0x0, 0x0, 0x0, 0x0,
    0x0, 0x0, 0x0, 0x0, 0x3, 0xdb, 0x0, 0x0,
    0x0,

    /* U+F07B "" */
    0x1b, 0xff, 0xff, 0xff, 0xff, 0xfc, 0x10, 0x0,
    0x0, 0x0, 0x0, 0x0, 0x0, 0x0, 0xbf, 0xff,
    0xff, 0xff, 0xff, 0xff, 0xc1, 0x0, 0x0, 0x0,
    0x0, 0x0, 0x0, 0x0, 0xff, 0xff, 0xff, 0xff,
    0xff, 0xff, 0xfc, 0x10, 0x0, 0x0, 0x0, 0x0,
    0x0, 0x0, 0xff, 0xff, 0xff, 0xff, 0xff, 0xff,
    0xff, 0xc8, 0x88, 0x88, 0x88, 0x88, 0x87, 0x30,
    0xff, 0xff, 0xff, 0xff, 0xff, 0xff, 0xff, 0xff,
    0xff, 0xff, 0xff, 0xff, 0xff, 0xf5, 0xff, 0xff,
    0xff, 0xff, 0xff, 0xff, 0xff, 0xff, 0xff, 0xff,
    0xff, 0xff, 0xff, 0xfe, 0xff, 0xff, 0xff, 0xff,
    0xff, 0xff, 0xff, 0xff, 0xff, 0xff, 0xff, 0xff,
    0xff, 0xff, 0xff, 0xff, 0xff, 0xff, 0xff, 0xff,
    0xff, 0xff, 0xff, 0xff, 0xff, 0xff, 0xff, 0xff,
    0xff, 0xff, 0xff, 0xff, 0xff, 0xff, 0xff, 0xff,
    0xff, 0xff, 0xff, 0xff, 0xff, 0xff, 0xff, 0xff,
    0xff, 0xff, 0xff, 0xff, 0xff, 0xff, 0xff, 0xff,
    0xff, 0xff, 0xff, 0xff, 0xff, 0xff, 0xff, 0xff,
    0xff, 0xff, 0xff, 0xff, 0xff, 0xff, 0xff, 0xff,
    0xff, 0xff, 0xff, 0xff, 0xff, 0xff, 0xff, 0xff,
    0xff, 0xff, 0xff, 0xff, 0xff, 0xff, 0xff, 0xff,
    0xff, 0xff, 0xff, 0xff, 0xff, 0xff, 0xff, 0xff,
    0xff, 0xff, 0xff, 0xff, 0xff, 0xff, 0xff, 0xff,
    0xff, 0xff, 0xff, 0xff, 0xff, 0xff, 0xff, 0xff,
    0xff, 0xff, 0xff, 0xff, 0xff, 0xff, 0xff, 0xff,
    0xff, 0xff, 0xff, 0xff, 0xff, 0xff, 0xff, 0xff,
    0xff, 0xff, 0xff, 0xff, 0xff, 0xff, 0xff, 0xff,
    0xff, 0xff, 0xff, 0xff, 0xff, 0xff, 0xff, 0xff,
    0xff, 0xff, 0xff, 0xff, 0xff, 0xff, 0xff, 0xff,
    0xff, 0xff, 0xff, 0xff, 0xff, 0xff, 0xff, 0xff,
    0xff, 0xff, 0xff, 0xff, 0xff, 0xff, 0xff, 0xff,
    0xff, 0xff, 0xff, 0xff, 0xff, 0xff, 0xff, 0xff,
    0xff, 0xff, 0xff, 0xff, 0xff, 0xff, 0xff, 0xff,
    0xff, 0xff, 0xbf, 0xff, 0xff, 0xff, 0xff, 0xff,
    0xff, 0xff, 0xff, 0xff, 0xff, 0xff, 0xff, 0xfb,
    0x1b, 0xff, 0xff, 0xff, 0xff, 0xff, 0xff, 0xff,
    0xff, 0xff, 0xff, 0xff, 0xff, 0xb1,

    /* U+F093 "" */
    0x0, 0x0, 0x0, 0x0, 0x0, 0x0, 0x3, 0x10,
    0x0, 0x0, 0x0, 0x0, 0x0, 0x0, 0x0, 0x0,
    0x0, 0x0, 0x0, 0x0, 0x7f, 0xe2, 0x0, 0x0,
    0x0, 0x0, 0x0, 0x0, 0x0, 0x0, 0x0, 0x0,
    0x0, 0x7, 0xff, 0xfe, 0x20, 0x0, 0x0, 0x0,
    0x0, 0x0, 0x0, 0x0, 0x0, 0x0, 0x0, 0x7f,
    0xff, 0xff, 0xe2, 0x0, 0x0, 0x0, 0x0, 0x0,
    0x0, 0x0, 0x0, 0x0, 0x7, 0xff, 0xff, 0xff,
    0xfe, 0x20, 0x0, 0x0, 0x0, 0x0, 0x0, 0x0,
    0x0, 0x0, 0x7f, 0xff, 0xff, 0xff, 0xff, 0xe2,
    0x0, 0x0, 0x0, 0x0, 0x0, 0x0, 0x0, 0x7,
    0xff, 0xff, 0xff, 0xff, 0xff, 0xfe, 0x20, 0x0,
    0x0, 0x0, 0x0, 0x0, 0x0, 0x7f, 0xff, 0xff,
    0xff, 0xff, 0xff, 0xff, 0xe2, 0x0, 0x0, 0x0,
    0x0, 0x0, 0x7, 0xff, 0xff, 0xff, 0xff, 0xff,
    0xff, 0xff, 0xfe, 0x20, 0x0, 0x0, 0x0, 0x0,
    0x5f, 0xff, 0xff, 0xff, 0xff, 0xff, 0xff, 0xff,
    0xff, 0xe0, 0x0, 0x0, 0x0, 0x0, 0x6f, 0xff,
    0xff, 0xff, 0xff, 0xff, 0xff, 0xff, 0xff, 0xf0,
    0x0, 0x0, 0x0, 0x0, 0x2, 0x22, 0x22, 0xcf,
    0xff, 0xff, 0xf6, 0x22, 0x22, 0x10, 0x0, 0x0,
    0x0, 0x0, 0x0, 0x0, 0x0, 0xbf, 0xff, 0xff,
    0xf4, 0x0, 0x0, 0x0, 0x0, 0x0, 0x0, 0x0,
    0x0, 0x0, 0x0, 0xbf, 0xff, 0xff, 0xf4, 0x0,
    0x0, 0x0, 0x0, 0x0, 0x0, 0x0, 0x0, 0x0,
    0x0, 0xbf, 0xff, 0xff, 0xf4, 0x0, 0x0, 0x0,
    0x0, 0x0, 0x0, 0x0, 0x0, 0x0, 0x0, 0xbf,
    0xff, 0xff, 0xf4, 0x0, 0x0, 0x0, 0x0, 0x0,
    0x0, 0x0, 0x0, 0x0, 0x0, 0xbf, 0xff, 0xff,
    0xf4, 0x0, 0x0, 0x0, 0x0, 0x0, 0x0, 0x0,
    0x0, 0x0, 0x0, 0xbf, 0xff, 0xff, 0xf4, 0x0,
    0x0, 0x0, 0x0, 0x0, 0x0, 0x0, 0x0, 0x0,
    0x0, 0xbf, 0xff, 0xff, 0xf4, 0x0, 0x0, 0x0,
    0x0, 0x0, 0x1, 0x11, 0x11, 0x11, 0x0, 0xbf,
    0xff, 0xff, 0xf4, 0x0, 0x11, 0x11, 0x11, 0x10,
    0xbf, 0xff, 0xff, 0xff, 0xc0, 0xaf, 0xff, 0xff,
    0xf3, 0xc, 0xff, 0xff, 0xff, 0xfb, 0xff, 0xff,
    0xff, 0xff, 0xf1, 0x18, 0x99, 0x99, 0x60, 0x1f,
    0xff, 0xff, 0xff, 0xff, 0xff, 0xff, 0xff, 0xff,
    0xfc, 0x10, 0x0, 0x0, 0x1, 0xcf, 0xff, 0xff,
    0xff, 0xff, 0xff, 0xff, 0xff, 0xff, 0xff, 0xfc,
    0xcc, 0xcc, 0xcf, 0xff, 0xff, 0xff, 0xff, 0xff,
    0xff, 0xff, 0xff, 0xff, 0xff, 0xff, 0xff, 0xff,
    0xff, 0xff, 0xff, 0xff, 0xff, 0xff, 0xff, 0xff,
    0xff, 0xff, 0xff, 0xff, 0xff, 0xff, 0xff, 0xf4,
    0x1e, 0xb0, 0x8f, 0xff, 0xff, 0xff, 0xff, 0xff,
    0xff, 0xff, 0xff, 0xff, 0xff, 0xf5, 0x2e, 0xc1,
    0x8f, 0xff, 0xef, 0xff, 0xff, 0xff, 0xff, 0xff,
    0xff, 0xff, 0xff, 0xff, 0xff, 0xff, 0xff, 0xfe,
    0x37, 0x88, 0x88, 0x88, 0x88, 0x88, 0x88, 0x88,
    0x88, 0x88, 0x88, 0x88, 0x88, 0x73,

    /* U+F095 "" */
    0x0, 0x0, 0x0, 0x0, 0x0, 0x0, 0x0, 0x0,
    0x0, 0x0, 0x6, 0x62, 0x0, 0x0, 0x0, 0x0,
    0x0, 0x0, 0x0, 0x0, 0x0, 0x0, 0x0, 0x0,
    0x4, 0xff, 0xfe, 0xb7, 0x30, 0x0, 0x0, 0x0,
    0x0, 0x0, 0x0, 0x0, 0x0, 0x0, 0x0, 0xbf,
    0xff, 0xff, 0xff, 0xc0, 0x0, 0x0, 0x0, 0x0,
    0x0, 0x0, 0x0, 0x0, 0x0, 0x2f, 0xff, 0xff,
    0xff, 0xff, 0x0, 0x0, 0x0, 0x0, 0x0, 0x0,
    0x0, 0x0, 0x0, 0x9, 0xff, 0xff, 0xff, 0xff,
    0xe0, 0x0, 0x0, 0x0, 0x0, 0x0, 0x0, 0x0,
    0x0, 0x1, 0xff, 0xff, 0xff, 0xff, 0xfe, 0x0,
    0x0, 0x0, 0x0, 0x0, 0x0, 0x0, 0x0, 0x0,
    0x7f, 0xff, 0xff, 0xff, 0xff, 0xc0, 0x0, 0x0,
    0x0, 0x0, 0x0, 0x0, 0x0, 0x0, 0xd, 0xff,
    0xff, 0xff, 0xff, 0xfa, 0x0, 0x0, 0x0, 0x0,
    0x0, 0x0, 0x0, 0x0, 0x0, 0xbf, 0xff, 0xff,
    0xff, 0xff, 0x70, 0x0, 0x0, 0x0, 0x0, 0x0,
    0x0, 0x0, 0x0, 0x0, 0xbf, 0xff, 0xff, 0xff,
    0xf3, 0x0, 0x0, 0x0, 0x0, 0x0, 0x0, 0x0,
    0x0, 0x0, 0x0, 0x8f, 0xff, 0xff, 0xff, 0x0,
    0x0, 0x0, 0x0, 0x0, 0x0, 0x0, 0x0, 0x0,
    0x0, 0x0, 0x7f, 0xff, 0xff, 0x90, 0x0, 0x0,
    0x0, 0x0, 0x0, 0x0, 0x0, 0x0, 0x0, 0x0,
    0xa, 0xff, 0xff, 0xf4, 0x0, 0x0, 0x0, 0x0,
    0x0, 0x0, 0x0, 0x0, 0x0, 0x0, 0x3, 0xff,
    0xff, 0xfd, 0x0, 0x0, 0x0, 0x0, 0x0, 0x0,
    0x0, 0x0, 0x0, 0x0, 0x0, 0xcf, 0xff, 0xff,
    0x50, 0x0, 0x0, 0x0, 0x0, 0x0, 0x0, 0x0,
    0x0, 0x0, 0x0, 0x9f, 0xff, 0xff, 0xc0, 0x0,
    0x0, 0x0, 0x0, 0x0, 0x0, 0x0, 0x0, 0x0,
    0x0, 0x6f, 0xff, 0xff, 0xf3, 0x0, 0x0, 0x0,
    0x0, 0x0, 0x26, 0x10, 0x0, 0x0, 0x0, 0x5f,
    0xff, 0xff, 0xf8, 0x0, 0x0, 0x0, 0x0, 0x4,
    0xbf, 0xfc, 0x0, 0x0, 0x0, 0x6f, 0xff, 0xff,
    0xfc, 0x0, 0x0, 0x0, 0x0, 0x6d, 0xff, 0xff,
    0xfa, 0x0, 0x0, 0xaf, 0xff, 0xff, 0xfe, 0x10,
    0x0, 0x0, 0x7, 0xff, 0xff, 0xff, 0xff, 0xf7,
    0x5, 0xef, 0xff, 0xff, 0xfe, 0x20, 0x0, 0x0,
    0x0, 0xff, 0xff, 0xff, 0xff, 0xff, 0xfd, 0xff,
    0xff, 0xff, 0xfe, 0x20, 0x0, 0x0, 0x0, 0xc,
    0xff, 0xff, 0xff, 0xff, 0xff, 0xff, 0xff, 0xff,
    0xfd, 0x20, 0x0, 0x0, 0x0, 0x0, 0x8f, 0xff,
    0xff, 0xff, 0xff, 0xff, 0xff, 0xff, 0xfa, 0x0,
    0x0, 0x0, 0x0, 0x0, 0x4, 0xff, 0xff, 0xff,
    0xff, 0xff, 0xff, 0xff, 0xe6, 0x0, 0x0, 0x0,
    0x0, 0x0, 0x0, 0x1f, 0xff, 0xff, 0xff, 0xff,
    0xff, 0xff, 0x91, 0x0, 0x0, 0x0, 0x0, 0x0,
    0x0, 0x0, 0xdf, 0xff, 0xff, 0xff, 0xff, 0xe9,
    0x10, 0x0, 0x0, 0x0, 0x0, 0x0, 0x0, 0x0,
    0x9, 0xff, 0xff, 0xff, 0xd9, 0x40, 0x0, 0x0,
    0x0, 0x0, 0x0, 0x0, 0x0, 0x0, 0x0, 0x17,
    0x76, 0x53, 0x0, 0x0, 0x0, 0x0, 0x0, 0x0,
    0x0, 0x0, 0x0, 0x0, 0x0,

    /* U+F0C4 "" */
    0x0, 0x5, 0x99, 0x72, 0x0, 0x0, 0x0, 0x0,
    0x0, 0x0, 0x0, 0x0, 0x0, 0x2d, 0xff, 0xff,
    0xf7, 0x0, 0x0, 0x0, 0x0, 0x1, 0x7b, 0xb8,
    0x10, 0x1e, 0xff, 0xff, 0xff, 0xf7, 0x0, 0x0,
    0x0, 0x2, 0xef, 0xff, 0xfe, 0x38, 0xff, 0xff,
    0xef, 0xff, 0xf1, 0x0, 0x0, 0x2, 0xef, 0xff,
    0xff, 0xf4, 0xdf, 0xfe, 0x10, 0x7f, 0xff, 0x50,
    0x0, 0x2, 0xef, 0xff, 0xff, 0xf5, 0xf, 0xff,
    0x80, 0x0, 0xff, 0xf7, 0x0, 0x2, 0xef, 0xff,
    0xff, 0xf5, 0x0, 0xef, 0xfc, 0x0, 0x4f, 0xff,
    0x60, 0x2, 0xef, 0xff, 0xff, 0xf5, 0x0, 0xa,
    0xff, 0xfd, 0xbf, 0xff, 0xf4, 0x3, 0xef, 0xff,
    0xff, 0xf5, 0x0, 0x0, 0x2f, 0xff, 0xff, 0xff,
    0xff, 0xe5, 0xef, 0xff, 0xff, 0xf5, 0x0, 0x0,
    0x0, 0x4f, 0xff, 0xff, 0xff, 0xff, 0xff, 0xff,
    0xff, 0xf5, 0x0, 0x0, 0x0, 0x0, 0x18, 0xcd,
    0xff, 0xff, 0xff, 0xff, 0xff, 0xf5, 0x0, 0x0,
    0x0, 0x0, 0x0, 0x0, 0x5, 0xff, 0xff, 0xff,
    0xff, 0xf5, 0x0, 0x0, 0x0, 0x0, 0x0, 0x0,
    0x0, 0x7, 0xff, 0xff, 0xff, 0xf7, 0x0, 0x0,
    0x0, 0x0, 0x0, 0x0, 0x0, 0x3, 0xef, 0xff,
    0xff, 0xff, 0xe2, 0x0, 0x0, 0x0, 0x0, 0x0,
    0x5, 0x99, 0xef, 0xff, 0xff, 0xff, 0xff, 0xe2,
    0x0, 0x0, 0x0, 0x0, 0x2d, 0xff, 0xff, 0xff,
    0xff, 0xff, 0xff, 0xff, 0xe2, 0x0, 0x0, 0x0,
    0x1e, 0xff, 0xff, 0xff, 0xff, 0xf9, 0xff, 0xff,
    0xff, 0xe2, 0x0, 0x0, 0x8, 0xff, 0xff, 0xef,
    0xff, 0xf5, 0x5, 0xff, 0xff, 0xff, 0xe2, 0x0,
    0x0, 0xdf, 0xfe, 0x10, 0x7f, 0xff, 0x50, 0x5,
    0xff, 0xff, 0xff, 0xe2, 0x0, 0xf, 0xff, 0x80,
    0x0, 0xff, 0xf7, 0x0, 0x5, 0xff, 0xff, 0xff,
    0xe2, 0x0, 0xef, 0xfc, 0x0, 0x4f, 0xff, 0x60,
    0x0, 0x5, 0xff, 0xff, 0xff, 0xe2, 0xa, 0xff,
    0xfd, 0xbf, 0xff, 0xf2, 0x0, 0x0, 0x5, 0xff,
    0xff, 0xff, 0xe2, 0x2f, 0xff, 0xff, 0xff, 0xf9,
    0x0, 0x0, 0x0, 0x4, 0xff, 0xff, 0xff, 0x40,
    0x4f, 0xff, 0xff, 0xfb, 0x0, 0x0, 0x0, 0x0,
    0x3, 0xbe, 0xfb, 0x30, 0x0, 0x18, 0xcd, 0xb5,
    0x0, 0x0, 0x0, 0x0, 0x0, 0x0, 0x0, 0x0,
    0x0,

    /* U+F0C5 "" */
    0x0, 0x0, 0x0, 0x1, 0x44, 0x44, 0x44, 0x44,
    0x42, 0x3, 0x0, 0x0, 0x0, 0x0, 0x0, 0x0,
    0xdf, 0xff, 0xff, 0xff, 0xff, 0x80, 0xeb, 0x0,
    0x0, 0x0, 0x0, 0x0, 0xf, 0xff, 0xff, 0xff,
    0xff, 0xf8, 0xe, 0xfb, 0x0, 0x0, 0x0, 0x0,
    0x0, 0xff, 0xff, 0xff, 0xff, 0xff, 0x80, 0xef,
    0xfb, 0x0, 0x0, 0x0, 0x0, 0xf, 0xff, 0xff,
    0xff, 0xff, 0xf8, 0xe, 0xff, 0xfb, 0x0, 0x0,
    0x0, 0x0, 0xff, 0xff, 0xff, 0xff, 0xff, 0x80,
    0xef, 0xff, 0xf4, 0xaf, 0xff, 0xf4, 0xf, 0xff,
    0xff, 0xff, 0xff, 0xfa, 0x0, 0x0, 0x0, 0xf,
    0xff, 0xff, 0x40, 0xff, 0xff, 0xff, 0xff, 0xff,
    0xfc, 0xbb, 0xbb, 0xb3, 0xff, 0xff, 0xf4, 0xf,
    0xff, 0xff, 0xff, 0xff, 0xff, 0xff, 0xff, 0xff,
    0x5f, 0xff, 0xff, 0x40, 0xff, 0xff, 0xff, 0xff,
    0xff, 0xff, 0xff, 0xff, 0xf5, 0xff, 0xff, 0xf4,
    0xf, 0xff, 0xff, 0xff, 0xff, 0xff, 0xff, 0xff,
    0xff, 0x5f, 0xff, 0xff, 0x40, 0xff, 0xff, 0xff,
    0xff, 0xff, 0xff, 0xff, 0xff, 0xf5, 0xff, 0xff,
    0xf4, 0xf, 0xff, 0xff, 0xff, 0xff, 0xff, 0xff,
    0xff, 0xff, 0x5f, 0xff, 0xff, 0x40, 0xff, 0xff,
    0xff, 0xff, 0xff, 0xff, 0xff, 0xff, 0xf5, 0xff,
    0xff, 0xf4, 0xf, 0xff, 0xff, 0xff, 0xff, 0xff,
    0xff, 0xff, 0xff, 0x5f, 0xff, 0xff, 0x40, 0xff,
    0xff, 0xff, 0xff, 0xff, 0xff, 0xff, 0xff, 0xf5,
    0xff, 0xff, 0xf4, 0xf, 0xff, 0xff, 0xff, 0xff,
    0xff, 0xff, 0xff, 0xff, 0x5f, 0xff, 0xff, 0x40,
    0xff, 0xff, 0xff, 0xff, 0xff, 0xff, 0xff, 0xff,
    0xf5, 0xff, 0xff, 0xf4, 0xf, 0xff, 0xff, 0xff,
    0xff, 0xff, 0xff, 0xff, 0xff, 0x5f, 0xff, 0xff,
    0x40, 0xff, 0xff, 0xff, 0xff, 0xff, 0xff, 0xff,
    0xff, 0xf5, 0xff, 0xff, 0xf4, 0xf, 0xff, 0xff,
    0xff, 0xff, 0xff, 0xff, 0xff, 0xff, 0x5f, 0xff,
    0xff, 0x40, 0xff, 0xff, 0xff, 0xff, 0xff, 0xff,
    0xff, 0xff, 0xf5, 0xff, 0xff, 0xf5, 0xa, 0xff,
    0xff, 0xff, 0xff, 0xff, 0xff, 0xff, 0xfe, 0x1f,
    0xff, 0xff, 0xb0, 0x0, 0x0, 0x0, 0x0, 0x0,
    0x0, 0x0, 0x0, 0x0, 0xff, 0xff, 0xff, 0xa2,
    0x0, 0x0, 0x0, 0x0, 0x0, 0x0, 0x0, 0x0,
    0xf, 0xff, 0xff, 0xff, 0xff, 0xff, 0xff, 0xff,
    0xff, 0x80, 0x0, 0x0, 0x0, 0xff, 0xff, 0xff,
    0xff, 0xff, 0xff, 0xff, 0xff, 0xf8, 0x0, 0x0,
    0x0, 0xe, 0xff, 0xff, 0xff, 0xff, 0xff, 0xff,
    0xff, 0xff, 0x60, 0x0, 0x0, 0x0, 0x37, 0x88,
    0x88, 0x88, 0x88, 0x88, 0x88, 0x88, 0x60, 0x0,
    0x0, 0x0, 0x0,

    /* U+F0C7 "" */
    0x4, 0x88, 0x88, 0x88, 0x88, 0x88, 0x88, 0x88,
    0x87, 0x20, 0x0, 0x0, 0x6, 0xff, 0xff, 0xff,
    0xff, 0xff, 0xff, 0xff, 0xff, 0xff, 0x40, 0x0,
    0x0, 0xef, 0xff, 0xff, 0xff, 0xff, 0xff, 0xff,
    0xff, 0xff, 0xff, 0x40, 0x0, 0xf, 0xff, 0xff,
    0xff, 0xff, 0xff, 0xff, 0xff, 0xff, 0xff, 0xff,
    0x40, 0x0, 0xff, 0xf9, 0x0, 0x0, 0x0, 0x0,
    0x0, 0x0, 0xd, 0xff, 0xff, 0x40, 0xf, 0xff,
    0x80, 0x0, 0x0, 0x0, 0x0, 0x0, 0x0, 0xbf,
    0xff, 0xff, 0x30, 0xff, 0xf8, 0x0, 0x0, 0x0,
    0x0, 0x0, 0x0, 0xb, 0xff, 0xff, 0xfe, 0xf,
    0xff, 0x80, 0x0, 0x0, 0x0, 0x0, 0x0, 0x0,
    0xbf, 0xff, 0xff, 0xf3, 0xff, 0xf8, 0x0, 0x0,
    0x0, 0x0, 0x0, 0x0, 0xb, 0xff, 0xff, 0xff,
    0x4f, 0xff, 0x80, 0x0, 0x0, 0x0, 0x0, 0x0,
    0x0, 0xbf, 0xff, 0xff, 0xf4, 0xff, 0xfd, 0x77,
    0x77, 0x77, 0x77, 0x77, 0x77, 0x7e, 0xff, 0xff,
    0xff, 0x4f, 0xff, 0xff, 0xff, 0xff, 0xff, 0xff,
    0xff, 0xff, 0xff, 0xff, 0xff, 0xf4, 0xff, 0xff,
    0xff, 0xff, 0xff, 0xff, 0xff, 0xff, 0xff, 0xff,
    0xff, 0xff, 0x4f, 0xff, 0xff, 0xff, 0xff, 0xff,
    0xff, 0xff, 0xff, 0xff, 0xff, 0xff, 0xf4, 0xff,
    0xff, 0xff, 0xff, 0xff, 0x82, 0x15, 0xef, 0xff,
    0xff, 0xff, 0xff, 0x4f, 0xff, 0xff, 0xff, 0xff,
    0x70, 0x0, 0x3, 0xff, 0xff, 0xff, 0xff, 0xf4,
    0xff, 0xff, 0xff, 0xff, 0xf0, 0x0, 0x0, 0xb,
    0xff, 0xff, 0xff, 0xff, 0x4f, 0xff, 0xff, 0xff,
    0xfc, 0x0, 0x0, 0x0, 0x8f, 0xff, 0xff, 0xff,
    0xf4, 0xff, 0xff, 0xff, 0xff, 0xe0, 0x0, 0x0,
    0x9, 0xff, 0xff, 0xff, 0xff, 0x4f, 0xff, 0xff,
    0xff, 0xff, 0x30, 0x0, 0x0, 0xef, 0xff, 0xff,
    0xff, 0xf4, 0xff, 0xff, 0xff, 0xff, 0xfd, 0x10,
    0x0, 0x9f, 0xff, 0xff, 0xff, 0xff, 0x4f, 0xff,
    0xff, 0xff, 0xff, 0xfe, 0xa9, 0xdf, 0xff, 0xff,
    0xff, 0xff, 0xf4, 0xff, 0xff, 0xff, 0xff, 0xff,
    0xff, 0xff, 0xff, 0xff, 0xff, 0xff, 0xff, 0x3a,
    0xff, 0xff, 0xff, 0xff, 0xff, 0xff, 0xff, 0xff,
    0xff, 0xff, 0xff, 0xe0, 0x1a, 0xef, 0xff, 0xff,
    0xff, 0xff, 0xff, 0xff, 0xff, 0xff, 0xff, 0xc3,
    0x0,

    /* U+F0C9 "" */
    0x0, 0x0, 0x0, 0x0, 0x0, 0x0, 0x0, 0x0,
    0x0, 0x0, 0x0, 0x0, 0xd, 0xff, 0xff, 0xff,
    0xff, 0xff, 0xff, 0xff, 0xff, 0xff, 0xff, 0xff,
    0xf5, 0xff, 0xff, 0xff, 0xff, 0xff, 0xff, 0xff,
    0xff, 0xff, 0xff, 0xff, 0xff, 0x8f, 0xff, 0xff,
    0xff, 0xff, 0xff, 0xff, 0xff, 0xff, 0xff, 0xff,
    0xff, 0xf8, 0xae, 0xee, 0xee, 0xee, 0xee, 0xee,
    0xee, 0xee, 0xee, 0xee, 0xee, 0xed, 0x40, 0x0,
    0x0, 0x0, 0x0, 0x0, 0x0, 0x0, 0x0, 0x0,
    0x0, 0x0, 0x0, 0x0, 0x0, 0x0, 0x0, 0x0,
    0x0, 0x0, 0x0, 0x0, 0x0, 0x0, 0x0, 0x0,
    0x0, 0x0, 0x0, 0x0, 0x0, 0x0, 0x0, 0x0,
    0x0, 0x0, 0x0, 0x0, 0x0, 0x0, 0x0, 0x0,
    0x0, 0x0, 0x0, 0x0, 0x0, 0x0, 0x0, 0x0,
    0x7, 0xbb, 0xbb, 0xbb, 0xbb, 0xbb, 0xbb, 0xbb,
    0xbb, 0xbb, 0xbb, 0xbb, 0xa2, 0xff, 0xff, 0xff,
    0xff, 0xff, 0xff, 0xff, 0xff, 0xff, 0xff, 0xff,
    0xff, 0x7f, 0xff, 0xff, 0xff, 0xff, 0xff, 0xff,
    0xff, 0xff, 0xff, 0xff, 0xff, 0xf8, 0xef, 0xff,
    0xff, 0xff, 0xff, 0xff, 0xff, 0xff, 0xff, 0xff,
    0xff, 0xff, 0x61, 0x44, 0x44, 0x44, 0x44, 0x44,
    0x44, 0x44, 0x44, 0x44, 0x44, 0x44, 0x30, 0x0,
    0x0, 0x0, 0x0, 0x0, 0x0, 0x0, 0x0, 0x0,
    0x0, 0x0, 0x0, 0x0, 0x0, 0x0, 0x0, 0x0,
    0x0, 0x0, 0x0, 0x0, 0x0, 0x0, 0x0, 0x0,
    0x0, 0x0, 0x0, 0x0, 0x0, 0x0, 0x0, 0x0,
    0x0, 0x0, 0x0, 0x0, 0x0, 0x0, 0x0, 0x0,
    0x0, 0x0, 0x0, 0x0, 0x0, 0x0, 0x0, 0x0,
    0x0, 0xae, 0xee, 0xee, 0xee, 0xee, 0xee, 0xee,
    0xee, 0xee, 0xee, 0xee, 0xed, 0x4f, 0xff, 0xff,
    0xff, 0xff, 0xff, 0xff, 0xff, 0xff, 0xff, 0xff,
    0xff, 0xf8, 0xff, 0xff, 0xff, 0xff, 0xff, 0xff,
    0xff, 0xff, 0xff, 0xff, 0xff, 0xff, 0x8d, 0xff,
    0xff, 0xff, 0xff, 0xff, 0xff, 0xff, 0xff, 0xff,
    0xff, 0xff, 0xf5, 0x0, 0x0, 0x0, 0x0, 0x0,
    0x0, 0x0, 0x0, 0x0, 0x0, 0x0, 0x0, 0x0,

    /* U+F0E0 "" */
    0x1b, 0xff, 0xff, 0xff, 0xff, 0xff, 0xff, 0xff,
    0xff, 0xff, 0xff, 0xff, 0xff, 0xb1, 0xbf, 0xff,
    0xff, 0xff, 0xff, 0xff, 0xff, 0xff, 0xff, 0xff,
    0xff, 0xff, 0xff, 0xfb, 0xff, 0xff, 0xff, 0xff,
    0xff, 0xff, 0xff, 0xff, 0xff, 0xff, 0xff, 0xff,
    0xff, 0xff, 0xff, 0xff, 0xff, 0xff, 0xff, 0xff,
    0xff, 0xff, 0xff, 0xff, 0xff, 0xff, 0xff, 0xff,
    0xaf, 0xff, 0xff, 0xff, 0xff, 0xff, 0xff, 0xff,
    0xff, 0xff, 0xff, 0xff, 0xff, 0xfa, 0x7, 0xff,
    0xff, 0xff, 0xff, 0xff, 0xff, 0xff, 0xff, 0xff,
    0xff, 0xff, 0xff, 0x70, 0x0, 0x3e, 0xff, 0xff,
    0xff, 0xff, 0xff, 0xff, 0xff, 0xff, 0xff, 0xff,
    0xe3, 0x0, 0xe5, 0x1, 0xbf, 0xff, 0xff, 0xff,
    0xff, 0xff, 0xff, 0xff, 0xff, 0xfb, 0x10, 0x5e,
    0xff, 0x90, 0x7, 0xff, 0xff, 0xff, 0xff, 0xff,
    0xff, 0xff, 0xff, 0x70, 0x9, 0xff, 0xff, 0xfd,
    0x20, 0x3d, 0xff, 0xff, 0xff, 0xff, 0xff, 0xff,
    0xd3, 0x2, 0xdf, 0xff, 0xff, 0xff, 0xf6, 0x0,
    0xaf, 0xff, 0xff, 0xff, 0xff, 0xfa, 0x0, 0x6f,
    0xff, 0xff, 0xff, 0xff, 0xff, 0xa1, 0x6, 0xff,
    0xff, 0xff, 0xff, 0x60, 0xa, 0xff, 0xff, 0xff,
    0xff, 0xff, 0xff, 0xfe, 0x30, 0x2d, 0xff, 0xff,
    0xd2, 0x3, 0xdf, 0xff, 0xff, 0xff, 0xff, 0xff,
    0xff, 0xff, 0xf6, 0x0, 0x7e, 0xe7, 0x0, 0x7f,
    0xff, 0xff, 0xff, 0xff, 0xff, 0xff, 0xff, 0xff,
    0xff, 0xb1, 0x0, 0x0, 0x1b, 0xff, 0xff, 0xff,
    0xff, 0xff, 0xff, 0xff, 0xff, 0xff, 0xff, 0xff,
    0x95, 0x59, 0xff, 0xff, 0xff, 0xff, 0xff, 0xff,
    0xff, 0xff, 0xff, 0xff, 0xff, 0xff, 0xff, 0xff,
    0xff, 0xff, 0xff, 0xff, 0xff, 0xff, 0xff, 0xff,
    0xff, 0xff, 0xff, 0xff, 0xff, 0xff, 0xff, 0xff,
    0xff, 0xff, 0xff, 0xff, 0xff, 0xff, 0xff, 0xff,
    0xff, 0xff, 0xff, 0xff, 0xff, 0xff, 0xff, 0xff,
    0xff, 0xff, 0xbf, 0xff, 0xff, 0xff, 0xff, 0xff,
    0xff, 0xff, 0xff, 0xff, 0xff, 0xff, 0xff, 0xfb,
    0x1b, 0xff, 0xff, 0xff, 0xff, 0xff, 0xff, 0xff,
    0xff, 0xff, 0xff, 0xff, 0xff, 0xb1,

    /* U+F0E7 "" */
    0x0, 0x8, 0xbb, 0xbb, 0xbb, 0xbb, 0x80, 0x0,
    0x0, 0x0, 0x3, 0xff, 0xff, 0xff, 0xff, 0xff,
    0x20, 0x0, 0x0, 0x0, 0x6f, 0xff, 0xff, 0xff,
    0xff, 0xf0, 0x0, 0x0, 0x0, 0x8, 0xff, 0xff,
    0xff, 0xff, 0xfb, 0x0, 0x0, 0x0, 0x0, 0xaf,
    0xff, 0xff, 0xff, 0xff, 0x50, 0x0, 0x0, 0x0,
    0xc, 0xff, 0xff, 0xff, 0xff, 0xf1, 0x0, 0x0,
    0x0, 0x0, 0xef, 0xff, 0xff, 0xff, 0xfb, 0x0,
    0x0, 0x0, 0x0, 0xf, 0xff, 0xff, 0xff, 0xff,
    0x60, 0x0, 0x0, 0x0, 0x3, 0xff, 0xff, 0xff,
    0xff, 0xf1, 0x0, 0x0, 0x0, 0x0, 0x5f, 0xff,
    0xff, 0xff, 0xff, 0xff, 0xff, 0xff, 0xd2, 0x7,
    0xff, 0xff, 0xff, 0xff, 0xff, 0xff, 0xff, 0xff,
    0x70, 0x9f, 0xff, 0xff, 0xff, 0xff, 0xff, 0xff,
    0xff, 0xf1, 0xb, 0xff, 0xff, 0xff, 0xff, 0xff,
    0xff, 0xff, 0xf7, 0x0, 0xdf, 0xff, 0xff, 0xff,
    0xff, 0xff, 0xff, 0xfd, 0x0, 0xf, 0xff, 0xff,
    0xff, 0xff, 0xff, 0xff, 0xff, 0x50, 0x0, 0xaf,
    0xff, 0xff, 0xff, 0xff, 0xff, 0xff, 0xb0, 0x0,
    0x0, 0x0, 0x0, 0x0, 0x5f, 0xff, 0xff, 0xf2,
    0x0, 0x0, 0x0, 0x0, 0x0, 0x8, 0xff, 0xff,
    0xf9, 0x0, 0x0, 0x0, 0x0, 0x0, 0x0, 0xcf,
    0xff, 0xfe, 0x10, 0x0, 0x0, 0x0, 0x0, 0x0,
    0xf, 0xff, 0xff, 0x60, 0x0, 0x0, 0x0, 0x0,
    0x0, 0x3, 0xff, 0xff, 0xd0, 0x0, 0x0, 0x0,
    0x0, 0x0, 0x0, 0x7f, 0xff, 0xf4, 0x0, 0x0,
    0x0, 0x0, 0x0, 0x0, 0xb, 0xff, 0xfb, 0x0,
    0x0, 0x0, 0x0, 0x0, 0x0, 0x0, 0xef, 0xff,
    0x20, 0x0, 0x0, 0x0, 0x0, 0x0, 0x0, 0x2f,
    0xff, 0x80, 0x0, 0x0, 0x0, 0x0, 0x0, 0x0,
    0x6, 0xff, 0xe0, 0x0, 0x0, 0x0, 0x0, 0x0,
    0x0, 0x0, 0xaf, 0xf6, 0x0, 0x0, 0x0, 0x0,
    0x0, 0x0, 0x0, 0x9, 0xfc, 0x0, 0x0, 0x0,
    0x0, 0x0, 0x0, 0x0, 0x0, 0x3, 0x0, 0x0,
    0x0, 0x0, 0x0, 0x0,

    /* U+F0EA "" */
    0x0, 0x0, 0x0, 0x1, 0x43, 0x0, 0x0, 0x0,
    0x0, 0x0, 0x0, 0x0, 0x0, 0x0, 0x0, 0x7,
    0xff, 0xfe, 0x30, 0x0, 0x0, 0x0, 0x0, 0x0,
    0x0, 0x49, 0x99, 0x99, 0xff, 0xef, 0xfe, 0x99,
    0x99, 0x81, 0x0, 0x0, 0x0, 0xf, 0xff, 0xff,
    0xff, 0xa0, 0x1e, 0xff, 0xff, 0xff, 0x90, 0x0,
    0x0, 0x0, 0xff, 0xff, 0xff, 0xfa, 0x1, 0xef,
    0xff, 0xff, 0xfa, 0x0, 0x0, 0x0, 0xf, 0xff,
    0xff, 0xff, 0xff, 0xff, 0xff, 0xff, 0xff, 0xa0,
    0x0, 0x0, 0x0, 0xff, 0xff, 0xff, 0xff, 0xff,
    0xff, 0xff, 0xff, 0xfa, 0x0, 0x0, 0x0, 0xf,
    0xff, 0xff, 0xff, 0xfc, 0x64, 0x44, 0x44, 0x44,
    0x30, 0x0, 0x0, 0x0, 0xff, 0xff, 0xff, 0xfb,
    0x0, 0x0, 0x0, 0x0, 0x0, 0x0, 0x0, 0x0,
    0xf, 0xff, 0xff, 0xff, 0x20, 0xaf, 0xff, 0xff,
    0xff, 0xa0, 0xd6, 0x0, 0x0, 0xff, 0xff, 0xff,
    0xf0, 0x1f, 0xff, 0xff, 0xff, 0xfa, 0xe, 0xf6,
    0x0, 0xf, 0xff, 0xff, 0xff, 0x1, 0xff, 0xff,
    0xff, 0xff, 0xa0, 0xef, 0xf6, 0x0, 0xff, 0xff,
    0xff, 0xf0, 0x1f, 0xff, 0xff, 0xff, 0xfa, 0xe,
    0xff, 0xf6, 0xf, 0xff, 0xff, 0xff, 0x1, 0xff,
    0xff, 0xff, 0xff, 0xa0, 0xef, 0xff, 0xf3, 0xff,
    0xff, 0xff, 0xf0, 0x1f, 0xff, 0xff, 0xff, 0xfa,
    0x4, 0x44, 0x44, 0x1f, 0xff, 0xff, 0xff, 0x1,
    0xff, 0xff, 0xff, 0xff, 0xe1, 0x0, 0x0, 0x0,
    0xff, 0xff, 0xff, 0xf0, 0x1f, 0xff, 0xff, 0xff,
    0xff, 0xff, 0xff, 0xff, 0x5f, 0xff, 0xff, 0xff,
    0x1, 0xff, 0xff, 0xff, 0xff, 0xff, 0xff, 0xff,
    0xf5, 0xff, 0xff, 0xff, 0xf0, 0x1f, 0xff, 0xff,
    0xff, 0xff, 0xff, 0xff, 0xff, 0x5f, 0xff, 0xff,
    0xff, 0x1, 0xff, 0xff, 0xff, 0xff, 0xff, 0xff,
    0xff, 0xf5, 0xff, 0xff, 0xff, 0xf0, 0x1f, 0xff,
    0xff, 0xff, 0xff, 0xff, 0xff, 0xff, 0x5f, 0xff,
    0xff, 0xff, 0x1, 0xff, 0xff, 0xff, 0xff, 0xff,
    0xff, 0xff, 0xf5, 0xaf, 0xff, 0xff, 0xf0, 0x1f,
    0xff, 0xff, 0xff, 0xff, 0xff, 0xff, 0xff, 0x50,
    0x0, 0x0, 0x0, 0x1, 0xff, 0xff, 0xff, 0xff,
    0xff, 0xff, 0xff, 0xf5, 0x0, 0x0, 0x0, 0x0,
    0x1f, 0xff, 0xff, 0xff, 0xff, 0xff, 0xff, 0xff,
    0x50, 0x0, 0x0, 0x0, 0x1, 0xff, 0xff, 0xff,
    0xff, 0xff, 0xff, 0xff, 0xf5, 0x0, 0x0, 0x0,
    0x0, 0x1f, 0xff, 0xff, 0xff, 0xff, 0xff, 0xff,
    0xff, 0x50, 0x0, 0x0, 0x0, 0x0, 0xef, 0xff,
    0xff, 0xff, 0xff, 0xff, 0xff, 0xf2, 0x0, 0x0,
    0x0, 0x0, 0x1, 0x44, 0x44, 0x44, 0x44, 0x44,
    0x44, 0x42, 0x0,

    /* U+F0F3 "" */
    0x0, 0x0, 0x0, 0x0, 0x0, 0x7, 0xa2, 0x0,
    0x0, 0x0, 0x0, 0x0, 0x0, 0x0, 0x0, 0x0,
    0x0, 0x5, 0xff, 0xd0, 0x0, 0x0, 0x0, 0x0,
    0x0, 0x0, 0x0, 0x0, 0x0, 0x0, 0x7f, 0xff,
    0x0, 0x0, 0x0, 0x0, 0x0, 0x0, 0x0, 0x0,
    0x0, 0x2, 0x8d, 0xff, 0xfa, 0x50, 0x0, 0x0,
    0x0, 0x0, 0x0, 0x0, 0x0, 0x9, 0xff, 0xff,
    0xff, 0xff, 0xd4, 0x0, 0x0, 0x0, 0x0, 0x0,
    0x0, 0x1c, 0xff, 0xff, 0xff, 0xff, 0xff, 0xf5,
    0x0, 0x0, 0x0, 0x0, 0x0, 0xc, 0xff, 0xff,
    0xff, 0xff, 0xff, 0xff, 0xf4, 0x0, 0x0, 0x0,
    0x0, 0x6, 0xff, 0xff, 0xff, 0xff, 0xff, 0xff,
    0xff, 0xd0, 0x0, 0x0, 0x0, 0x0, 0xef, 0xff,
    0xff, 0xff, 0xff, 0xff, 0xff, 0xff, 0x50, 0x0,
    0x0, 0x0, 0x3f, 0xff, 0xff, 0xff, 0xff, 0xff,
    0xff, 0xff, 0xfb, 0x0, 0x0, 0x0, 0x6, 0xff,
    0xff, 0xff, 0xff, 0xff, 0xff, 0xff, 0xff, 0xd0,
    0x0, 0x0, 0x0, 0x7f, 0xff, 0xff, 0xff, 0xff,
    0xff, 0xff, 0xff, 0xff, 0x0, 0x0, 0x0, 0x8,
    0xff, 0xff, 0xff, 0xff, 0xff, 0xff, 0xff, 0xff,
    0xf0, 0x0, 0x0, 0x0, 0x9f, 0xff, 0xff, 0xff,
    0xff, 0xff, 0xff, 0xff, 0xff, 0x10, 0x0, 0x0,
    0xc, 0xff, 0xff, 0xff, 0xff, 0xff, 0xff, 0xff,
    0xff, 0xf4, 0x0, 0x0, 0x0, 0xff, 0xff, 0xff,
    0xff, 0xff, 0xff, 0xff, 0xff, 0xff, 0x70, 0x0,
    0x0, 0x3f, 0xff, 0xff, 0xff, 0xff, 0xff, 0xff,
    0xff, 0xff, 0xfb, 0x0, 0x0, 0x9, 0xff, 0xff,
    0xff, 0xff, 0xff, 0xff, 0xff, 0xff, 0xff, 0xf1,
    0x0, 0x3, 0xff, 0xff, 0xff, 0xff, 0xff, 0xff,
    0xff, 0xff, 0xff, 0xff, 0xa0, 0x1, 0xef, 0xff,
    0xff, 0xff, 0xff, 0xff, 0xff, 0xff, 0xff, 0xff,
    0xff, 0x70, 0xbf, 0xff, 0xff, 0xff, 0xff, 0xff,
    0xff, 0xff, 0xff, 0xff, 0xff, 0xff, 0x3e, 0xff,
    0xff, 0xff, 0xff, 0xff, 0xff, 0xff, 0xff, 0xff,
    0xff, 0xff, 0xf7, 0x6f, 0xff, 0xff, 0xff, 0xff,
    0xff, 0xff, 0xff, 0xff, 0xff, 0xff, 0xfd, 0x10,
    0x0, 0x0, 0x0, 0x0, 0x0, 0x0, 0x0, 0x0,
    0x0, 0x0, 0x0, 0x0, 0x0, 0x0, 0x0, 0x0,
    0x0, 0x0, 0x0, 0x0, 0x0, 0x0, 0x0, 0x0,
    0x0, 0x0, 0x0, 0x0, 0x3, 0xff, 0xff, 0xff,
    0xb0, 0x0, 0x0, 0x0, 0x0, 0x0, 0x0, 0x0,
    0x0, 0xe, 0xff, 0xff, 0xf6, 0x0, 0x0, 0x0,
    0x0, 0x0, 0x0, 0x0, 0x0, 0x0, 0x3e, 0xff,
    0xf9, 0x0, 0x0, 0x0, 0x0, 0x0, 0x0, 0x0,
    0x0, 0x0, 0x0, 0x15, 0x73, 0x0, 0x0, 0x0,
    0x0, 0x0, 0x0,

    /* U+F11C "" */
    0x1b, 0xff, 0xff, 0xff, 0xff, 0xff, 0xff, 0xff,
    0xff, 0xff, 0xff, 0xff, 0xff, 0xff, 0xfe, 0x50,
    0xbf, 0xff, 0xff, 0xff, 0xff, 0xff, 0xff, 0xff,
    0xff, 0xff, 0xff, 0xff, 0xff, 0xff, 0xff, 0xf3,
    0xff, 0xff, 0xff, 0xff, 0xff, 0xff, 0xff, 0xff,
    0xff, 0xff, 0xff, 0xff, 0xff, 0xff, 0xff, 0xf7,
    0xff, 0xfd, 0x88, 0x9f, 0xf8, 0x88, 0xff, 0x98,
    0x8e, 0xfa, 0x88, 0xbf, 0xd8, 0x89, 0xff, 0xf8,
    0xff, 0xf8, 0x0, 0xf, 0xc0, 0x0, 0xcf, 0x0,
    0xa, 0xf1, 0x0, 0x4f, 0x70, 0x0, 0xff, 0xf8,
    0xff, 0xf8, 0x0, 0xf, 0xc0, 0x0, 0xcf, 0x0,
    0xa, 0xf1, 0x0, 0x4f, 0x70, 0x0, 0xff, 0xf8,
    0xff, 0xf9, 0x0, 0x1f, 0xd0, 0x0, 0xdf, 0x10,
    0xc, 0xf3, 0x0, 0x6f, 0x90, 0x1, 0xff, 0xf8,
    0xff, 0xff, 0xff, 0xff, 0xff, 0xff, 0xff, 0xff,
    0xff, 0xff, 0xff, 0xff, 0xff, 0xff, 0xff, 0xf8,
    0xff, 0xff, 0xff, 0xdc, 0xce, 0xfe, 0xcc, 0xdf,
    0xfc, 0xcd, 0xff, 0xcc, 0xcf, 0xff, 0xff, 0xf8,
    0xff, 0xff, 0xff, 0x20, 0x6, 0xf6, 0x0, 0x3f,
    0x80, 0x0, 0xfd, 0x0, 0xa, 0xff, 0xff, 0xf8,
    0xff, 0xff, 0xff, 0x20, 0x6, 0xf6, 0x0, 0x2f,
    0x80, 0x0, 0xed, 0x0, 0xa, 0xff, 0xff, 0xf8,
    0xff, 0xff, 0xff, 0x20, 0x6, 0xf6, 0x0, 0x3f,
    0x80, 0x0, 0xfd, 0x0, 0xa, 0xff, 0xff, 0xf8,
    0xff, 0xff, 0xff, 0xdc, 0xce, 0xfe, 0xcc, 0xdf,
    0xfc, 0xcd, 0xff, 0xcc, 0xcf, 0xff, 0xff, 0xf8,
    0xff, 0xff, 0xff, 0xff, 0xff, 0xff, 0xff, 0xff,
    0xff, 0xff, 0xff, 0xff, 0xff, 0xff, 0xff, 0xf8,
    0xff, 0xf9, 0x0, 0x1f, 0xd0, 0x0, 0x0, 0x0,
    0x0, 0x0, 0x0, 0x6f, 0x90, 0x1, 0xff, 0xf8,
    0xff, 0xf8, 0x0, 0xf, 0xc0, 0x0, 0x0, 0x0,
    0x0, 0x0, 0x0, 0x4f, 0x70, 0x0, 0xff, 0xf8,
    0xff, 0xf8, 0x0, 0xf, 0xc0, 0x0, 0x0, 0x0,
    0x0, 0x0, 0x0, 0x4f, 0x70, 0x0, 0xff, 0xf8,
    0xff, 0xfd, 0x88, 0x9f, 0xf8, 0x88, 0x88, 0x88,
    0x88, 0x88, 0x88, 0xbf, 0xd8, 0x89, 0xff, 0xf8,
    0xff, 0xff, 0xff, 0xff, 0xff, 0xff, 0xff, 0xff,
    0xff, 0xff, 0xff, 0xff, 0xff, 0xff, 0xff, 0xf7,
    0xbf, 0xff, 0xff, 0xff, 0xff, 0xff, 0xff, 0xff,
    0xff, 0xff, 0xff, 0xff, 0xff, 0xff, 0xff, 0xf3,
    0x1b, 0xff, 0xff, 0xff, 0xff, 0xff, 0xff, 0xff,
    0xff, 0xff, 0xff, 0xff, 0xff, 0xff, 0xfe, 0x50,

    /* U+F124 "" */
    0x0, 0x0, 0x0, 0x0, 0x0, 0x0, 0x0, 0x0,
    0x0, 0x0, 0x0, 0x0, 0x5, 0x72, 0x0, 0x0,
    0x0, 0x0, 0x0, 0x0, 0x0, 0x0, 0x0, 0x0,
    0x0, 0x0, 0x6, 0xef, 0xff, 0x40, 0x0, 0x0,
    0x0, 0x0, 0x0, 0x0, 0x0, 0x0, 0x0, 0x0,
    0x18, 0xef, 0xff, 0xff, 0xd0, 0x0, 0x0, 0x0,
    0x0, 0x0, 0x0, 0x0, 0x0, 0x0, 0x29, 0xff,
    0xff, 0xff, 0xff, 0xe0, 0x0, 0x0, 0x0, 0x0,
    0x0, 0x0, 0x0, 0x0, 0x3a, 0xff, 0xff, 0xff,
    0xff, 0xff, 0x90, 0x0, 0x0, 0x0, 0x0, 0x0,
    0x0, 0x0, 0x4c, 0xff, 0xff, 0xff, 0xff, 0xff,
    0xff, 0x20, 0x0, 0x0, 0x0, 0x0, 0x0, 0x0,
    0x6d, 0xff, 0xff, 0xff, 0xff, 0xff, 0xff, 0xfb,
    0x0, 0x0, 0x0, 0x0, 0x0, 0x1, 0x7e, 0xff,
    0xff, 0xff, 0xff, 0xff, 0xff, 0xff, 0xf3, 0x0,
    0x0, 0x0, 0x0, 0x1, 0x8f, 0xff, 0xff, 0xff,
    0xff, 0xff, 0xff, 0xff, 0xff, 0xc0, 0x0, 0x0,
    0x0, 0x2, 0xaf, 0xff, 0xff, 0xff, 0xff, 0xff,
    0xff, 0xff, 0xff, 0xff, 0x50, 0x0, 0x0, 0x4,
    0xbf, 0xff, 0xff, 0xff, 0xff, 0xff, 0xff, 0xff,
    0xff, 0xff, 0xfd, 0x0, 0x0, 0x1, 0xbf, 0xff,
    0xff, 0xff, 0xff, 0xff, 0xff, 0xff, 0xff, 0xff,
    0xff, 0xf6, 0x0, 0x0, 0xb, 0xff, 0xff, 0xff,
    0xff, 0xff, 0xff, 0xff, 0xff, 0xff, 0xff, 0xff,
    0xe0, 0x0, 0x0, 0xf, 0xff, 0xff, 0xff, 0xff,
    0xff, 0xff, 0xff, 0xff, 0xff, 0xff, 0xff, 0x70,
    0x0, 0x0, 0xd, 0xff, 0xff, 0xff, 0xff, 0xff,
    0xff, 0xff, 0xff, 0xff, 0xff, 0xff, 0x10, 0x0,
    0x0, 0x4, 0xff, 0xff, 0xff, 0xff, 0xff, 0xff,
    0xff, 0xff, 0xff, 0xff, 0xf9, 0x0, 0x0, 0x0,
    0x0, 0x3, 0x44, 0x44, 0x44, 0x44, 0x4d, 0xff,
    0xff, 0xff, 0xff, 0xf2, 0x0, 0x0, 0x0, 0x0,
    0x0, 0x0, 0x0, 0x0, 0x0, 0xc, 0xff, 0xff,
    0xff, 0xff, 0xa0, 0x0, 0x0, 0x0, 0x0, 0x0,
    0x0, 0x0, 0x0, 0x0, 0xc, 0xff, 0xff, 0xff,
    0xff, 0x30, 0x0, 0x0, 0x0, 0x0, 0x0, 0x0,
    0x0, 0x0, 0x0, 0xc, 0xff, 0xff, 0xff, 0xfb,
    0x0, 0x0, 0x0, 0x0, 0x0, 0x0, 0x0, 0x0,
    0x0, 0x0, 0xc, 0xff, 0xff, 0xff, 0xf4, 0x0,
    0x0, 0x0, 0x0, 0x0, 0x0, 0x0, 0x0, 0x0,
    0x0, 0xc, 0xff, 0xff, 0xff, 0xd0, 0x0, 0x0,
    0x0, 0x0, 0x0, 0x0, 0x0, 0x0, 0x0, 0x0,
    0xc, 0xff, 0xff, 0xff, 0x50, 0x0, 0x0, 0x0,
    0x0, 0x0, 0x0, 0x0, 0x0, 0x0, 0x0, 0xc,
    0xff, 0xff, 0xfe, 0x0, 0x0, 0x0, 0x0, 0x0,
    0x0, 0x0, 0x0, 0x0, 0x0, 0x0, 0xc, 0xff,
    0xff, 0xf7, 0x0, 0x0, 0x0, 0x0, 0x0, 0x0,
    0x0, 0x0, 0x0, 0x0, 0x0, 0xb, 0xff, 0xff,
    0xf0, 0x0, 0x0, 0x0, 0x0, 0x0, 0x0, 0x0,
    0x0, 0x0, 0x0, 0x0, 0xa, 0xff, 0xff, 0x80,
    0x0, 0x0, 0x0, 0x0, 0x0, 0x0, 0x0, 0x0,
    0x0, 0x0, 0x0, 0x2, 0xff, 0xfd, 0x0, 0x0,
    0x0, 0x0, 0x0, 0x0, 0x0, 0x0, 0x0, 0x0,
    0x0, 0x0, 0x0, 0x17, 0x60, 0x0, 0x0, 0x0,
    0x0, 0x0, 0x0,

    /* U+F15B "" */
    0x14, 0x44, 0x44, 0x44, 0x44, 0x44, 0x10, 0x30,
    0x0, 0x0, 0xd, 0xff, 0xff, 0xff, 0xff, 0xff,
    0xf4, 0xf, 0xa0, 0x0, 0x0, 0xff, 0xff, 0xff,
    0xff, 0xff, 0xff, 0x40, 0xff, 0xa0, 0x0, 0xf,
    0xff, 0xff, 0xff, 0xff, 0xff, 0xf4, 0xf, 0xff,
    0xa0, 0x0, 0xff, 0xff, 0xff, 0xff, 0xff, 0xff,
    0x40, 0xff, 0xff, 0xa0, 0xf, 0xff, 0xff, 0xff,
    0xff, 0xff, 0xf4, 0xf, 0xff, 0xff, 0xa0, 0xff,
    0xff, 0xff, 0xff, 0xff, 0xff, 0x40, 0xff, 0xff,
    0xff, 0x9f, 0xff, 0xff, 0xff, 0xff, 0xff, 0xf4,
    0xb, 0xbb, 0xbb, 0xbb, 0xff, 0xff, 0xff, 0xff,
    0xff, 0xff, 0x80, 0x0, 0x0, 0x0, 0xf, 0xff,
    0xff, 0xff, 0xff, 0xff, 0xff, 0xff, 0xff, 0xff,
    0xff, 0xff, 0xff, 0xff, 0xff, 0xff, 0xff, 0xff,
    0xff, 0xff, 0xff, 0xff, 0xff, 0xff, 0xff, 0xff,
    0xff, 0xff, 0xff, 0xff, 0xff, 0xff, 0xff, 0xff,
    0xff, 0xff, 0xff, 0xff, 0xff, 0xff, 0xff, 0xff,
    0xff, 0xff, 0xff, 0xff, 0xff, 0xff, 0xff, 0xff,
    0xff, 0xff, 0xff, 0xff, 0xff, 0xff, 0xff, 0xff,
    0xff, 0xff, 0xff, 0xff, 0xff, 0xff, 0xff, 0xff,
    0xff, 0xff, 0xff, 0xff, 0xff, 0xff, 0xff, 0xff,
    0xff, 0xff, 0xff, 0xff, 0xff, 0xff, 0xff, 0xff,
    0xff, 0xff, 0xff, 0xff, 0xff, 0xff, 0xff, 0xff,
    0xff, 0xff, 0xff, 0xff, 0xff, 0xff, 0xff, 0xff,
    0xff, 0xff, 0xff, 0xff, 0xff, 0xff, 0xff, 0xff,
    0xff, 0xff, 0xff, 0xff, 0xff, 0xff, 0xff, 0xff,
    0xff, 0xff, 0xff, 0xff, 0xff, 0xff, 0xff, 0xff,
    0xff, 0xff, 0xff, 0xff, 0xff, 0xff, 0xff, 0xff,
    0xff, 0xff, 0xff, 0xff, 0xff, 0xff, 0xff, 0xff,
    0xff, 0xff, 0xff, 0xff, 0xff, 0xff, 0xff, 0xff,
    0xff, 0xff, 0xff, 0xff, 0xff, 0xff, 0xff, 0xff,
    0xff, 0xff, 0xff, 0xff, 0xff, 0xff, 0xff, 0xff,
    0xff, 0xff, 0xff, 0xff, 0xff, 0xff, 0xff, 0xff,
    0xff, 0xff, 0xff, 0xff, 0xff, 0xff, 0xff, 0xff,
    0xff, 0xff, 0xff, 0xff, 0xff, 0xff, 0xff, 0xff,
    0xff, 0xff, 0xff, 0xfd, 0xff, 0xff, 0xff, 0xff,
    0xff, 0xff, 0xff, 0xff, 0xff, 0xfd, 0x14, 0x44,
    0x44, 0x44, 0x44, 0x44, 0x44, 0x44, 0x44, 0x44,
    0x10,

    /* U+F1EB "" */
    0x0, 0x0, 0x0, 0x0, 0x0, 0x0, 0x0, 0x0,
    0x0, 0x0, 0x0, 0x0, 0x0, 0x0, 0x0, 0x0,
    0x0, 0x0, 0x0, 0x0, 0x0, 0x0, 0x0, 0x3,
    0x69, 0xab, 0xcb, 0xa9, 0x63, 0x0, 0x0, 0x0,
    0x0, 0x0, 0x0, 0x0, 0x0, 0x0, 0x0, 0x27,
    0xcf, 0xff, 0xff, 0xff, 0xff, 0xff, 0xff, 0xc7,
    0x20, 0x0, 0x0, 0x0, 0x0, 0x0, 0x0, 0x3,
    0xbf, 0xff, 0xff, 0xff, 0xff, 0xff, 0xff, 0xff,
    0xff, 0xff, 0xb3, 0x0, 0x0, 0x0, 0x0, 0x0,
    0x2c, 0xff, 0xff, 0xff, 0xff, 0xff, 0xff, 0xff,
    0xff, 0xff, 0xff, 0xff, 0xfc, 0x20, 0x0, 0x0,
    0x0, 0x8f, 0xff, 0xff, 0xff, 0xff, 0xfd, 0xba,
    0xaa, 0xbd, 0xff, 0xff, 0xff, 0xff, 0xff, 0x80,
    0x0, 0x1, 0xdf, 0xff, 0xff, 0xff, 0xc7, 0x30,
    0x0, 0x0, 0x0, 0x0, 0x37, 0xcf, 0xff, 0xff,
    0xff, 0xd1, 0x3, 0xef, 0xff, 0xff, 0xf9, 0x20,
    0x0, 0x0, 0x0, 0x0, 0x0, 0x0, 0x0, 0x29,
    0xff, 0xff, 0xff, 0xe3, 0xef, 0xff, 0xff, 0xb2,
    0x0, 0x0, 0x0, 0x0, 0x0, 0x0, 0x0, 0x0,
    0x0, 0x2, 0xbf, 0xff, 0xff, 0xe7, 0xff, 0xff,
    0x60, 0x0, 0x0, 0x0, 0x0, 0x0, 0x0, 0x0,
    0x0, 0x0, 0x0, 0x0, 0x6f, 0xff, 0xf7, 0x7,
    0xfe, 0x20, 0x0, 0x0, 0x0, 0x48, 0xbe, 0xff,
    0xfd, 0xb8, 0x40, 0x0, 0x0, 0x0, 0x2d, 0xf7,
    0x0, 0x4, 0x10, 0x0, 0x0, 0x18, 0xef, 0xff,
    0xff, 0xff, 0xff, 0xff, 0xe8, 0x10, 0x0, 0x0,
    0x14, 0x0, 0x0, 0x0, 0x0, 0x0, 0x6e, 0xff,
    0xff, 0xff, 0xff, 0xff, 0xff, 0xff, 0xfe, 0x60,
    0x0, 0x0, 0x0, 0x0, 0x0, 0x0, 0x1, 0xbf,
    0xff, 0xff, 0xff, 0xff, 0xff, 0xff, 0xff, 0xff,
    0xff, 0xb1, 0x0, 0x0, 0x0, 0x0, 0x0, 0x0,
    0xbf, 0xff, 0xff, 0xff, 0xc8, 0x76, 0x78, 0xcf,
    0xff, 0xff, 0xff, 0xc0, 0x0, 0x0, 0x0, 0x0,
    0x0, 0x8, 0xff, 0xff, 0xe7, 0x0, 0x0, 0x0,
    0x0, 0x7, 0xef, 0xff, 0xf8, 0x0, 0x0, 0x0,
    0x0, 0x0, 0x0, 0x9, 0xff, 0x90, 0x0, 0x0,
    0x0, 0x0, 0x0, 0x0, 0x9f, 0xf9, 0x0, 0x0,
    0x0, 0x0, 0x0, 0x0, 0x0, 0x6, 0x40, 0x0,
    0x0, 0x0, 0x0, 0x0, 0x0, 0x0, 0x47, 0x0,
    0x0, 0x0, 0x0, 0x0, 0x0, 0x0, 0x0, 0x0,
    0x0, 0x0, 0x0, 0x1, 0x0, 0x0, 0x0, 0x0,
    0x0, 0x0, 0x0, 0x0, 0x0, 0x0, 0x0, 0x0,
    0x0, 0x0, 0x0, 0x0, 0x7f, 0xff, 0x70, 0x0,
    0x0, 0x0, 0x0, 0x0, 0x0, 0x0, 0x0, 0x0,
    0x0, 0x0, 0x0, 0x0, 0x0, 0x7f, 0xff, 0xff,
    0x70, 0x0, 0x0, 0x0, 0x0, 0x0, 0x0, 0x0,
    0x0, 0x0, 0x0, 0x0, 0x0, 0x0, 0xe, 0xff,
    0xff, 0xfe, 0x0, 0x0, 0x0, 0x0, 0x0, 0x0,
    0x0, 0x0, 0x0, 0x0, 0x0, 0x0, 0x0, 0x0,
    0xff, 0xff, 0xff, 0xf0, 0x0, 0x0, 0x0, 0x0,
    0x0, 0x0, 0x0, 0x0, 0x0, 0x0, 0x0, 0x0,
    0x0, 0xc, 0xff, 0xff, 0xfc, 0x0, 0x0, 0x0,
    0x0, 0x0, 0x0, 0x0, 0x0, 0x0, 0x0, 0x0,
    0x0, 0x0, 0x0, 0x4f, 0xff, 0xff, 0x40, 0x0,
    0x0, 0x0, 0x0, 0x0, 0x0, 0x0, 0x0, 0x0,
    0x0, 0x0, 0x0, 0x0, 0x0, 0x3b, 0xdb, 0x30,
    0x0, 0x0, 0x0, 0x0, 0x0, 0x0, 0x0,

    /* U+F240 "" */
    0x2, 0x67, 0x77, 0x77, 0x77, 0x77, 0x77, 0x77,
    0x77, 0x77, 0x77, 0x77, 0x77, 0x77, 0x77, 0x74,
    0x0, 0x5, 0xff, 0xff, 0xff, 0xff, 0xff, 0xff,
    0xff, 0xff, 0xff, 0xff, 0xff, 0xff, 0xff, 0xff,
    0xff, 0xf9, 0x0, 0xdf, 0xff, 0xff, 0xff, 0xff,
    0xff, 0xff, 0xff, 0xff, 0xff, 0xff, 0xff, 0xff,
    0xff, 0xff, 0xff, 0xf1, 0xf, 0xff, 0xff, 0xff,
    0xff, 0xff, 0xff, 0xff, 0xff, 0xff, 0xff, 0xff,
    0xff, 0xff, 0xff, 0xff, 0xff, 0x30, 0xff, 0xf8,
    0x0, 0x0, 0x0, 0x0, 0x0, 0x0, 0x0, 0x0,
    0x0, 0x0, 0x0, 0x0, 0x4, 0xff, 0xff, 0x9f,
    0xff, 0x80, 0x0, 0x0, 0x0, 0x0, 0x0, 0x0,
    0x0, 0x0, 0x0, 0x0, 0x0, 0x0, 0x4f, 0xff,
    0xff, 0xff, 0xf8, 0xc, 0xff, 0xff, 0xff, 0xff,
    0xff, 0xff, 0xff, 0xff, 0xff, 0xff, 0xff, 0x4,
    0xff, 0xff, 0xff, 0xff, 0x80, 0xcf, 0xff, 0xff,
    0xff, 0xff, 0xff, 0xff, 0xff, 0xff, 0xff, 0xff,
    0xf0, 0x28, 0xcf, 0xff, 0xff, 0xf8, 0xc, 0xff,
    0xff, 0xff, 0xff, 0xff, 0xff, 0xff, 0xff, 0xff,
    0xff, 0xff, 0x0, 0x8, 0xff, 0xff, 0xff, 0x80,
    0xcf, 0xff, 0xff, 0xff, 0xff, 0xff, 0xff, 0xff,
    0xff, 0xff, 0xff, 0xf0, 0x0, 0x8f, 0xff, 0xff,
    0xf8, 0xc, 0xff, 0xff, 0xff, 0xff, 0xff, 0xff,
    0xff, 0xff, 0xff, 0xff, 0xff, 0x0, 0x8, 0xff,
    0xff, 0xff, 0x80, 0xcf, 0xff, 0xff, 0xff, 0xff,
    0xff, 0xff, 0xff, 0xff, 0xff, 0xff, 0xf0, 0x3f,
    0xff, 0xff, 0xff, 0xf8, 0xc, 0xff, 0xff, 0xff,
    0xff, 0xff, 0xff, 0xff, 0xff, 0xff, 0xff, 0xff,
    0x4, 0xff, 0xff, 0xff, 0xff, 0x80, 0x0, 0x0,
    0x0, 0x0, 0x0, 0x0, 0x0, 0x0, 0x0, 0x0,
    0x0, 0x0, 0x4f, 0xff, 0xfe, 0xff, 0xfb, 0x77,
    0x77, 0x77, 0x77, 0x77, 0x77, 0x77, 0x77, 0x77,
    0x77, 0x77, 0x77, 0x79, 0xff, 0xfa, 0x3f, 0xff,
    0xff, 0xff, 0xff, 0xff, 0xff, 0xff, 0xff, 0xff,
    0xff, 0xff, 0xff, 0xff, 0xff, 0xff, 0xff, 0x30,
    0xbf, 0xff, 0xff, 0xff, 0xff, 0xff, 0xff, 0xff,
    0xff, 0xff, 0xff, 0xff, 0xff, 0xff, 0xff, 0xff,
    0xe0, 0x1, 0xbf, 0xff, 0xff, 0xff, 0xff, 0xff,
    0xff, 0xff, 0xff, 0xff, 0xff, 0xff, 0xff, 0xff,
    0xff, 0xd3, 0x0, 0x0, 0x0, 0x0, 0x0, 0x0,
    0x0, 0x0, 0x0, 0x0, 0x0, 0x0, 0x0, 0x0,
    0x0, 0x0, 0x0, 0x0, 0x0,

    /* U+F241 "" */
    0x2, 0x67, 0x77, 0x77, 0x77, 0x77, 0x77, 0x77,
    0x77, 0x77, 0x77, 0x77, 0x77, 0x77, 0x77, 0x74,
    0x0, 0x5, 0xff, 0xff, 0xff, 0xff, 0xff, 0xff,
    0xff, 0xff, 0xff, 0xff, 0xff, 0xff, 0xff, 0xff,
    0xff, 0xf9, 0x0, 0xdf, 0xff, 0xff, 0xff, 0xff,
    0xff, 0xff, 0xff, 0xff, 0xff, 0xff, 0xff, 0xff,
    0xff, 0xff, 0xff, 0xf1, 0xf, 0xff, 0xff, 0xff,
    0xff, 0xff, 0xff, 0xff, 0xff, 0xff, 0xff, 0xff,
    0xff, 0xff, 0xff, 0xff, 0xff, 0x30, 0xff, 0xf8,
    0x0, 0x0, 0x0, 0x0, 0x0, 0x0, 0x0, 0x0,
    0x0, 0x0, 0x0, 0x0, 0x4, 0xff, 0xff, 0x9f,
    0xff, 0x80, 0x0, 0x0, 0x0, 0x0, 0x0, 0x0,
    0x0, 0x0, 0x0, 0x0, 0x0, 0x0, 0x4f, 0xff,
    0xff, 0xff, 0xf8, 0xe, 0xff, 0xff, 0xff, 0xff,
    0xff, 0xff, 0xff, 0xff, 0x90, 0x0, 0x0, 0x4,
    0xff, 0xff, 0xff, 0xff, 0x80, 0xef, 0xff, 0xff,
    0xff, 0xff, 0xff, 0xff, 0xff, 0xf9, 0x0, 0x0,
    0x0, 0x28, 0xcf, 0xff, 0xff, 0xf8, 0xe, 0xff,
    0xff, 0xff, 0xff, 0xff, 0xff, 0xff, 0xff, 0x90,
    0x0, 0x0, 0x0, 0x8, 0xff, 0xff, 0xff, 0x80,
    0xef, 0xff, 0xff, 0xff, 0xff, 0xff, 0xff, 0xff,
    0xf9, 0x0, 0x0, 0x0, 0x0, 0x8f, 0xff, 0xff,
    0xf8, 0xe, 0xff, 0xff, 0xff, 0xff, 0xff, 0xff,
    0xff, 0xff, 0x90, 0x0, 0x0, 0x0, 0x8, 0xff,
    0xff, 0xff, 0x80, 0xef, 0xff, 0xff, 0xff, 0xff,
    0xff, 0xff, 0xff, 0xf9, 0x0, 0x0, 0x0, 0x3f,
    0xff, 0xff, 0xff, 0xf8, 0xe, 0xff, 0xff, 0xff,
    0xff, 0xff, 0xff, 0xff, 0xff, 0x90, 0x0, 0x0,
    0x4, 0xff, 0xff, 0xff, 0xff, 0x80, 0x0, 0x0,
    0x0, 0x0, 0x0, 0x0, 0x0, 0x0, 0x0, 0x0,
    0x0, 0x0, 0x4f, 0xff, 0xfe, 0xff, 0xfb, 0x77,
    0x77, 0x77, 0x77, 0x77, 0x77, 0x77, 0x77, 0x77,
    0x77, 0x77, 0x77, 0x79, 0xff, 0xfa, 0x3f, 0xff,
    0xff, 0xff, 0xff, 0xff, 0xff, 0xff, 0xff, 0xff,
    0xff, 0xff, 0xff, 0xff, 0xff, 0xff, 0xff, 0x30,
    0xbf, 0xff, 0xff, 0xff, 0xff, 0xff, 0xff, 0xff,
    0xff, 0xff, 0xff, 0xff, 0xff, 0xff, 0xff, 0xff,
    0xe0, 0x1, 0xbf, 0xff, 0xff, 0xff, 0xff, 0xff,
    0xff, 0xff, 0xff, 0xff, 0xff, 0xff, 0xff, 0xff,
    0xff, 0xd3, 0x0, 0x0, 0x0, 0x0, 0x0, 0x0,
    0x0, 0x0, 0x0, 0x0, 0x0, 0x0, 0x0, 0x0,
    0x0, 0x0, 0x0, 0x0, 0x0,

    /* U+F242 "" */
    0x2, 0x67, 0x77, 0x77, 0x77, 0x77, 0x77, 0x77,
    0x77, 0x77, 0x77, 0x77, 0x77, 0x77, 0x77, 0x74,
    0x0, 0x5, 0xff, 0xff, 0xff, 0xff, 0xff, 0xff,
    0xff, 0xff, 0xff, 0xff, 0xff, 0xff, 0xff, 0xff,
    0xff, 0xf9, 0x0, 0xdf, 0xff, 0xff, 0xff, 0xff,
    0xff, 0xff, 0xff, 0xff, 0xff, 0xff, 0xff, 0xff,
    0xff, 0xff, 0xff, 0xf1, 0xf, 0xff, 0xff, 0xff,
    0xff, 0xff, 0xff, 0xff, 0xff, 0xff, 0xff, 0xff,
    0xff, 0xff, 0xff, 0xff, 0xff, 0x30, 0xff, 0xf8,
    0x0, 0x0, 0x0, 0x0, 0x0, 0x0, 0x0, 0x0,
    0x0, 0x0, 0x0, 0x0, 0x4, 0xff, 0xff, 0x9f,
    0xff, 0x80, 0x0, 0x0, 0x0, 0x0, 0x0, 0x0,
    0x0, 0x0, 0x0, 0x0, 0x0, 0x0, 0x4f, 0xff,
    0xff, 0xff, 0xf8, 0xe, 0xff, 0xff, 0xff, 0xff,
    0xff, 0xf5, 0x0, 0x0, 0x0, 0x0, 0x0, 0x4,
    0xff, 0xff, 0xff, 0xff, 0x80, 0xef, 0xff, 0xff,
    0xff, 0xff, 0xff, 0x50, 0x0, 0x0, 0x0, 0x0,
    0x0, 0x28, 0xcf, 0xff, 0xff, 0xf8, 0xe, 0xff,
    0xff, 0xff, 0xff, 0xff, 0xf5, 0x0, 0x0, 0x0,
    0x0, 0x0, 0x0, 0x8, 0xff, 0xff, 0xff, 0x80,
    0xef, 0xff, 0xff, 0xff, 0xff, 0xff, 0x50, 0x0,
    0x0, 0x0, 0x0, 0x0, 0x0, 0x8f, 0xff, 0xff,
    0xf8, 0xe, 0xff, 0xff, 0xff, 0xff, 0xff, 0xf5,
    0x0, 0x0, 0x0, 0x0, 0x0, 0x0, 0x8, 0xff,
    0xff, 0xff, 0x80, 0xef, 0xff, 0xff, 0xff, 0xff,
    0xff, 0x50, 0x0, 0x0, 0x0, 0x0, 0x0, 0x3f,
    0xff, 0xff, 0xff, 0xf8, 0xe, 0xff, 0xff, 0xff,
    0xff, 0xff, 0xf5, 0x0, 0x0, 0x0, 0x0, 0x0,
    0x4, 0xff, 0xff, 0xff, 0xff, 0x80, 0x0, 0x0,
    0x0, 0x0, 0x0, 0x0, 0x0, 0x0, 0x0, 0x0,
    0x0, 0x0, 0x4f, 0xff, 0xfe, 0xff, 0xfb, 0x77,
    0x77, 0x77, 0x77, 0x77, 0x77, 0x77, 0x77, 0x77,
    0x77, 0x77, 0x77, 0x79, 0xff, 0xfa, 0x3f, 0xff,
    0xff, 0xff, 0xff, 0xff, 0xff, 0xff, 0xff, 0xff,
    0xff, 0xff, 0xff, 0xff, 0xff, 0xff, 0xff, 0x30,
    0xbf, 0xff, 0xff, 0xff, 0xff, 0xff, 0xff, 0xff,
    0xff, 0xff, 0xff, 0xff, 0xff, 0xff, 0xff, 0xff,
    0xe0, 0x1, 0xbf, 0xff, 0xff, 0xff, 0xff, 0xff,
    0xff, 0xff, 0xff, 0xff, 0xff, 0xff, 0xff, 0xff,
    0xff, 0xd3, 0x0, 0x0, 0x0, 0x0, 0x0, 0x0,
    0x0, 0x0, 0x0, 0x0, 0x0, 0x0, 0x0, 0x0,
    0x0, 0x0, 0x0, 0x0, 0x0,

    /* U+F243 "" */
    0x2, 0x67, 0x77, 0x77, 0x77, 0x77, 0x77, 0x77,
    0x77, 0x77, 0x77, 0x77, 0x77, 0x77, 0x77, 0x74,
    0x0, 0x5, 0xff, 0xff, 0xff, 0xff, 0xff, 0xff,
    0xff, 0xff, 0xff, 0xff, 0xff, 0xff, 0xff, 0xff,
    0xff, 0xf9, 0x0, 0xdf, 0xff, 0xff, 0xff, 0xff,
    0xff, 0xff, 0xff, 0xff, 0xff, 0xff, 0xff, 0xff,
    0xff, 0xff, 0xff, 0xf1, 0xf, 0xff, 0xff, 0xff,
    0xff, 0xff, 0xff, 0xff, 0xff, 0xff, 0xff, 0xff,
    0xff, 0xff, 0xff, 0xff, 0xff, 0x30, 0xff, 0xf8,
    0x0, 0x0, 0x0, 0x0, 0x0, 0x0, 0x0, 0x0,
    0x0, 0x0, 0x0, 0x0, 0x4, 0xff, 0xff, 0x9f,
    0xff, 0x80, 0x0, 0x0, 0x0, 0x0, 0x0, 0x0,
    0x0, 0x0, 0x0, 0x0, 0x0, 0x0, 0x4f, 0xff,
    0xff, 0xff, 0xf8, 0xe, 0xff, 0xff, 0xff, 0x10,
    0x0, 0x0, 0x0, 0x0, 0x0, 0x0, 0x0, 0x4,
    0xff, 0xff, 0xff, 0xff, 0x80, 0xef, 0xff, 0xff,
    0xf1, 0x0, 0x0, 0x0, 0x0, 0x0, 0x0, 0x0,
    0x0, 0x28, 0xcf, 0xff, 0xff, 0xf8, 0xe, 0xff,
    0xff, 0xff, 0x10, 0x0, 0x0, 0x0, 0x0, 0x0,
    0x0, 0x0, 0x0, 0x8, 0xff, 0xff, 0xff, 0x80,
    0xef, 0xff, 0xff, 0xf1, 0x0, 0x0, 0x0, 0x0,
    0x0, 0x0, 0x0, 0x0, 0x0, 0x8f, 0xff, 0xff,
    0xf8, 0xe, 0xff, 0xff, 0xff, 0x10, 0x0, 0x0,
    0x0, 0x0, 0x0, 0x0, 0x0, 0x0, 0x8, 0xff,
    0xff, 0xff, 0x80, 0xef, 0xff, 0xff, 0xf1, 0x0,
    0x0, 0x0, 0x0, 0x0, 0x0, 0x0, 0x0, 0x3f,
    0xff, 0xff, 0xff, 0xf8, 0xe, 0xff, 0xff, 0xff,
    0x10, 0x0, 0x0, 0x0, 0x0, 0x0, 0x0, 0x0,
    0x4, 0xff, 0xff, 0xff, 0xff, 0x80, 0x0, 0x0,
    0x0, 0x0, 0x0, 0x0, 0x0, 0x0, 0x0, 0x0,
    0x0, 0x0, 0x4f, 0xff, 0xfe, 0xff, 0xfb, 0x77,
    0x77, 0x77, 0x77, 0x77, 0x77, 0x77, 0x77, 0x77,
    0x77, 0x77, 0x77, 0x79, 0xff, 0xfa, 0x3f, 0xff,
    0xff, 0xff, 0xff, 0xff, 0xff, 0xff, 0xff, 0xff,
    0xff, 0xff, 0xff, 0xff, 0xff, 0xff, 0xff, 0x30,
    0xbf, 0xff, 0xff, 0xff, 0xff, 0xff, 0xff, 0xff,
    0xff, 0xff, 0xff, 0xff, 0xff, 0xff, 0xff, 0xff,
    0xe0, 0x1, 0xbf, 0xff, 0xff, 0xff, 0xff, 0xff,
    0xff, 0xff, 0xff, 0xff, 0xff, 0xff, 0xff, 0xff,
    0xff, 0xd3, 0x0, 0x0, 0x0, 0x0, 0x0, 0x0,
    0x0, 0x0, 0x0, 0x0, 0x0, 0x0, 0x0, 0x0,
    0x0, 0x0, 0x0, 0x0, 0x0,

    /* U+F244 "" */
    0x2, 0x67, 0x77, 0x77, 0x77, 0x77, 0x77, 0x77,
    0x77, 0x77, 0x77, 0x77, 0x77, 0x77, 0x77, 0x74,
    0x0, 0x5, 0xff, 0xff, 0xff, 0xff, 0xff, 0xff,
    0xff, 0xff, 0xff, 0xff, 0xff, 0xff, 0xff, 0xff,
    0xff, 0xf9, 0x0, 0xdf, 0xff, 0xff, 0xff, 0xff,
    0xff, 0xff, 0xff, 0xff, 0xff, 0xff, 0xff, 0xff,
    0xff, 0xff, 0xff, 0xf1, 0xf, 0xff, 0xff, 0xff,
    0xff, 0xff, 0xff, 0xff, 0xff, 0xff, 0xff, 0xff,
    0xff, 0xff, 0xff, 0xff, 0xff, 0x30, 0xff, 0xf8,
    0x0, 0x0, 0x0, 0x0, 0x0, 0x0, 0x0, 0x0,
    0x0, 0x0, 0x0, 0x0, 0x4, 0xff, 0xff, 0x9f,
    0xff, 0x80, 0x0, 0x0, 0x0, 0x0, 0x0, 0x0,
    0x0, 0x0, 0x0, 0x0, 0x0, 0x0, 0x4f, 0xff,
    0xff, 0xff, 0xf8, 0x0, 0x0, 0x0, 0x0, 0x0,
    0x0, 0x0, 0x0, 0x0, 0x0, 0x0, 0x0, 0x4,
    0xff, 0xff, 0xff, 0xff, 0x80, 0x0, 0x0, 0x0,
    0x0, 0x0, 0x0, 0x0, 0x0, 0x0, 0x0, 0x0,
    0x0, 0x28, 0xcf, 0xff, 0xff, 0xf8, 0x0, 0x0,
    0x0, 0x0, 0x0, 0x0, 0x0, 0x0, 0x0, 0x0,
    0x0, 0x0, 0x0, 0x8, 0xff, 0xff, 0xff, 0x80,
    0x0, 0x0, 0x0, 0x0, 0x0, 0x0, 0x0, 0x0,
    0x0, 0x0, 0x0, 0x0, 0x0, 0x8f, 0xff, 0xff,
    0xf8, 0x0, 0x0, 0x0, 0x0, 0x0, 0x0, 0x0,
    0x0, 0x0, 0x0, 0x0, 0x0, 0x0, 0x8, 0xff,
    0xff, 0xff, 0x80, 0x0, 0x0, 0x0, 0x0, 0x0,
    0x0, 0x0, 0x0, 0x0, 0x0, 0x0, 0x0, 0x3f,
    0xff, 0xff, 0xff, 0xf8, 0x0, 0x0, 0x0, 0x0,
    0x0, 0x0, 0x0, 0x0, 0x0, 0x0, 0x0, 0x0,
    0x4, 0xff, 0xff, 0xff, 0xff, 0x80, 0x0, 0x0,
    0x0, 0x0, 0x0, 0x0, 0x0, 0x0, 0x0, 0x0,
    0x0, 0x0, 0x4f, 0xff, 0xfe, 0xff, 0xfb, 0x77,
    0x77, 0x77, 0x77, 0x77, 0x77, 0x77, 0x77, 0x77,
    0x77, 0x77, 0x77, 0x79, 0xff, 0xfa, 0x3f, 0xff,
    0xff, 0xff, 0xff, 0xff, 0xff, 0xff, 0xff, 0xff,
    0xff, 0xff, 0xff, 0xff, 0xff, 0xff, 0xff, 0x30,
    0xbf, 0xff, 0xff, 0xff, 0xff, 0xff, 0xff, 0xff,
    0xff, 0xff, 0xff, 0xff, 0xff, 0xff, 0xff, 0xff,
    0xe0, 0x1, 0xbf, 0xff, 0xff, 0xff, 0xff, 0xff,
    0xff, 0xff, 0xff, 0xff, 0xff, 0xff, 0xff, 0xff,
    0xff, 0xd3, 0x0, 0x0, 0x0, 0x0, 0x0, 0x0,
    0x0, 0x0, 0x0, 0x0, 0x0, 0x0, 0x0, 0x0,
    0x0, 0x0, 0x0, 0x0, 0x0,

    /* U+F287 "" */
    0x0, 0x0, 0x0, 0x0, 0x0, 0x0, 0x0, 0x0,
    0x0, 0x0, 0x10, 0x0, 0x0, 0x0, 0x0, 0x0,
    0x0, 0x0, 0x0, 0x0, 0x0, 0x0, 0x0, 0x0,
    0x0, 0x0, 0x0, 0x5e, 0xfe, 0x40, 0x0, 0x0,
    0x0, 0x0, 0x0, 0x0, 0x0, 0x0, 0x0, 0x0,
    0x0, 0x0, 0x0, 0x1, 0x23, 0xff, 0xff, 0xf1,
    0x0, 0x0, 0x0, 0x0, 0x0, 0x0, 0x0, 0x0,
    0x0, 0x0, 0x0, 0x0, 0x1, 0xbf, 0xff, 0xff,
    0xff, 0xf5, 0x0, 0x0, 0x0, 0x0, 0x0, 0x0,
    0x0, 0x0, 0x0, 0x0, 0x0, 0x0, 0xb, 0xff,
    0xcd, 0xff, 0xff, 0xf4, 0x0, 0x0, 0x0, 0x0,
    0x0, 0x0, 0x0, 0x0, 0x0, 0x0, 0x0, 0x0,
    0x5f, 0xe1, 0x0, 0xcf, 0xff, 0xc0, 0x0, 0x0,
    0x0, 0x0, 0x0, 0x0, 0x0, 0x0, 0x0, 0x0,
    0x0, 0x0, 0xdf, 0x50, 0x0, 0x7, 0xa7, 0x0,
    0x0, 0x0, 0x0, 0x0, 0x0, 0x0, 0x0, 0x2,
    0x10, 0x0, 0x0, 0x4, 0xfd, 0x0, 0x0, 0x0,
    0x0, 0x0, 0x0, 0x0, 0x0, 0x0, 0x0, 0x0,
    0x4, 0xef, 0xfc, 0x20, 0x0, 0xc, 0xf5, 0x0,
    0x0, 0x0, 0x0, 0x0, 0x0, 0x0, 0x7, 0x40,
    0x0, 0x0, 0x4f, 0xff, 0xff, 0xe1, 0x0, 0x4f,
    0xe0, 0x0, 0x0, 0x0, 0x0, 0x0, 0x0, 0x0,
    0xc, 0xfb, 0x20, 0x0, 0xcf, 0xff, 0xff, 0xfa,
    0x35, 0xef, 0x94, 0x44, 0x44, 0x44, 0x44, 0x44,
    0x44, 0x44, 0x4d, 0xff, 0xf7, 0x0, 0xff, 0xff,
    0xff, 0xff, 0xff, 0xff, 0xff, 0xff, 0xff, 0xff,
    0xff, 0xff, 0xff, 0xff, 0xff, 0xff, 0xff, 0xd0,
    0xef, 0xff, 0xff, 0xfe, 0xbb, 0xbb, 0xbc, 0xff,
    0xcb, 0xbb, 0xbb, 0xbb, 0xbb, 0xbb, 0xbf, 0xff,
    0xfe, 0x50, 0x8f, 0xff, 0xff, 0xf4, 0x0, 0x0,
    0x0, 0x9f, 0xa0, 0x0, 0x0, 0x0, 0x0, 0x0,
    0xc, 0xff, 0x80, 0x0, 0xb, 0xff, 0xff, 0x80,
    0x0, 0x0, 0x0, 0xe, 0xf2, 0x0, 0x0, 0x0,
    0x0, 0x0, 0xc, 0xb2, 0x0, 0x0, 0x0, 0x58,
    0x73, 0x0, 0x0, 0x0, 0x0, 0x7, 0xfa, 0x0,
    0x0, 0x0, 0x0, 0x0, 0x0, 0x0, 0x0, 0x0,
    0x0, 0x0, 0x0, 0x0, 0x0, 0x0, 0x0, 0x1,
    0xff, 0x20, 0x6, 0xdd, 0xdd, 0xc2, 0x0, 0x0,
    0x0, 0x0, 0x0, 0x0, 0x0, 0x0, 0x0, 0x0,
    0x0, 0x0, 0x8f, 0xc0, 0x9, 0xff, 0xff, 0xf4,
    0x0, 0x0, 0x0, 0x0, 0x0, 0x0, 0x0, 0x0,
    0x0, 0x0, 0x0, 0x0, 0xc, 0xff, 0xde, 0xff,
    0xff, 0xf4, 0x0, 0x0, 0x0, 0x0, 0x0, 0x0,
    0x0, 0x0, 0x0, 0x0, 0x0, 0x0, 0x1, 0xaf,
    0xff, 0xff, 0xff, 0xf4, 0x0, 0x0, 0x0, 0x0,
    0x0, 0x0, 0x0, 0x0, 0x0, 0x0, 0x0, 0x0,
    0x0, 0x0, 0x19, 0xff, 0xff, 0xf4, 0x0, 0x0,
    0x0, 0x0, 0x0, 0x0, 0x0, 0x0, 0x0, 0x0,
    0x0, 0x0, 0x0, 0x0, 0x8, 0xff, 0xff, 0xf4,
    0x0, 0x0, 0x0, 0x0, 0x0, 0x0, 0x0, 0x0,
    0x0, 0x0, 0x0, 0x0, 0x0, 0x0, 0x0, 0x0,
    0x0, 0x0, 0x0, 0x0, 0x0, 0x0,

    /* U+F293 "" */
    0x0, 0x0, 0x0, 0x0, 0x1, 0x34, 0x32, 0x0,
    0x0, 0x0, 0x0, 0x0, 0x0, 0x0, 0x3a, 0xef,
    0xff, 0xff, 0xfb, 0x50, 0x0, 0x0, 0x0, 0x0,
    0xa, 0xff, 0xff, 0xff, 0xff, 0xff, 0xfc, 0x10,
    0x0, 0x0, 0x1, 0xcf, 0xff, 0xff, 0xc7, 0xff,
    0xff, 0xff, 0xd1, 0x0, 0x0, 0xb, 0xff, 0xff,
    0xff, 0xc0, 0x8f, 0xff, 0xff, 0xfc, 0x0, 0x0,
    0x5f, 0xff, 0xff, 0xff, 0xc0, 0x9, 0xff, 0xff,
    0xff, 0x50, 0x0, 0xcf, 0xff, 0xff, 0xff, 0xc0,
    0x0, 0xaf, 0xff, 0xff, 0xb0, 0x2, 0xff, 0xff,
    0xff, 0xff, 0xc0, 0x0, 0xb, 0xff, 0xff, 0xf1,
    0x6, 0xff, 0xff, 0xaf, 0xff, 0xc0, 0x39, 0x0,
    0xcf, 0xff, 0xf5, 0xa, 0xff, 0xf9, 0x3, 0xef,
    0xc0, 0x3f, 0x90, 0x1d, 0xff, 0xf8, 0xc, 0xff,
    0xfd, 0x10, 0x3e, 0xc0, 0x2f, 0xb0, 0xc, 0xff,
    0xfa, 0xe, 0xff, 0xff, 0xd1, 0x3, 0xb0, 0x2b,
    0x0, 0xaf, 0xff, 0xfc, 0xf, 0xff, 0xff, 0xfd,
    0x10, 0x10, 0x0, 0x9, 0xff, 0xff, 0xfd, 0xf,
    0xff, 0xff, 0xff, 0xd1, 0x0, 0x0, 0x7f, 0xff,
    0xff, 0xfe, 0x1f, 0xff, 0xff, 0xff, 0xfd, 0x10,
    0x5, 0xff, 0xff, 0xff, 0xfe, 0x1f, 0xff, 0xff,
    0xff, 0xfb, 0x0, 0x3, 0xff, 0xff, 0xff, 0xfe,
    0xf, 0xff, 0xff, 0xff, 0xb0, 0x0, 0x0, 0x3f,
    0xff, 0xff, 0xfd, 0xf, 0xff, 0xff, 0xfb, 0x0,
    0x20, 0x11, 0x4, 0xff, 0xff, 0xfd, 0xe, 0xff,
    0xff, 0xb0, 0x5, 0xc0, 0x2d, 0x10, 0x5f, 0xff,
    0xfc, 0xc, 0xff, 0xfb, 0x0, 0x5f, 0xc0, 0x2f,
    0xd0, 0x7, 0xff, 0xfa, 0x9, 0xff, 0xfb, 0x5,
    0xff, 0xc0, 0x3f, 0x60, 0x1d, 0xff, 0xf7, 0x5,
    0xff, 0xff, 0xdf, 0xff, 0xc0, 0x36, 0x1, 0xdf,
    0xff, 0xf4, 0x1, 0xff, 0xff, 0xff, 0xff, 0xd0,
    0x0, 0x1d, 0xff, 0xff, 0xf0, 0x0, 0xaf, 0xff,
    0xff, 0xff, 0xd0, 0x1, 0xdf, 0xff, 0xff, 0xa0,
    0x0, 0x2f, 0xff, 0xff, 0xff, 0xd0, 0x1d, 0xff,
    0xff, 0xff, 0x20, 0x0, 0x6, 0xff, 0xff, 0xff,
    0xd1, 0xcf, 0xff, 0xff, 0xf8, 0x0, 0x0, 0x0,
    0x6f, 0xff, 0xff, 0xec, 0xff, 0xff, 0xff, 0xb0,
    0x0, 0x0, 0x0, 0x2, 0xaf, 0xff, 0xff, 0xff,
    0xff, 0xe7, 0x0, 0x0, 0x0, 0x0, 0x0, 0x1,
    0x58, 0xab, 0xba, 0x84, 0x0, 0x0, 0x0,

    /* U+F2ED "" */
    0x0, 0x0, 0x0, 0x0, 0x14, 0x44, 0x44, 0x43,
    0x0, 0x0, 0x0, 0x0, 0x0, 0x0, 0x0, 0x0,
    0x1f, 0xff, 0xff, 0xff, 0xf9, 0x0, 0x0, 0x0,
    0x0, 0x58, 0x88, 0x88, 0x8c, 0xff, 0xff, 0xff,
    0xff, 0xf8, 0x88, 0x88, 0x88, 0x1f, 0xff, 0xff,
    0xff, 0xff, 0xff, 0xff, 0xff, 0xff, 0xff, 0xff,
    0xff, 0xf7, 0xff, 0xff, 0xff, 0xff, 0xff, 0xff,
    0xff, 0xff, 0xff, 0xff, 0xff, 0xff, 0x8b, 0xff,
    0xff, 0xff, 0xff, 0xff, 0xff, 0xff, 0xff, 0xff,
    0xff, 0xff, 0xe4, 0x0, 0x0, 0x0, 0x0, 0x0,
    0x0, 0x0, 0x0, 0x0, 0x0, 0x0, 0x0, 0x0,
    0x28, 0x88, 0x88, 0x88, 0x88, 0x88, 0x88, 0x88,
    0x88, 0x88, 0x86, 0x0, 0x4, 0xff, 0xff, 0xff,
    0xff, 0xff, 0xff, 0xff, 0xff, 0xff, 0xff, 0xc0,
    0x0, 0x4f, 0xff, 0xff, 0xff, 0xff, 0xff, 0xff,
    0xff, 0xff, 0xff, 0xfc, 0x0, 0x4, 0xff, 0xff,
    0xff, 0xff, 0xff, 0xff, 0xff, 0xff, 0xff, 0xff,
    0xc0, 0x0, 0x4f, 0xff, 0xf5, 0x5f, 0xff, 0x92,
    0xff, 0xfc, 0x1c, 0xff, 0xfc, 0x0, 0x4, 0xff,
    0xff, 0x22, 0xff, 0xf6, 0xe, 0xff, 0xa0, 0xaf,
    0xff, 0xc0, 0x0, 0x4f, 0xff, 0xf2, 0x2f, 0xff,
    0x60, 0xef, 0xfa, 0xa, 0xff, 0xfc, 0x0, 0x4,
    0xff, 0xff, 0x22, 0xff, 0xf6, 0xe, 0xff, 0xa0,
    0xaf, 0xff, 0xc0, 0x0, 0x4f, 0xff, 0xf2, 0x2f,
    0xff, 0x60, 0xef, 0xfa, 0xa, 0xff, 0xfc, 0x0,
    0x4, 0xff, 0xff, 0x22, 0xff, 0xf6, 0xe, 0xff,
    0xa0, 0xaf, 0xff, 0xc0, 0x0, 0x4f, 0xff, 0xf2,
    0x2f, 0xff, 0x60, 0xef, 0xfa, 0xa, 0xff, 0xfc,
    0x0, 0x4, 0xff, 0xff, 0x22, 0xff, 0xf6, 0xe,
    0xff, 0xa0, 0xaf, 0xff, 0xc0, 0x0, 0x4f, 0xff,
    0xf2, 0x2f, 0xff, 0x60, 0xef, 0xfa, 0xa, 0xff,
    0xfc, 0x0, 0x4, 0xff, 0xff, 0x22, 0xff, 0xf6,
    0xe, 0xff, 0xa0, 0xaf, 0xff, 0xc0, 0x0, 0x4f,
    0xff, 0xf2, 0x2f, 0xff, 0x60, 0xef, 0xfa, 0xa,
    0xff, 0xfc, 0x0, 0x4, 0xff, 0xff, 0x22, 0xff,
    0xf6, 0xe, 0xff, 0xa0, 0xaf, 0xff, 0xc0, 0x0,
    0x4f, 0xff, 0xf2, 0x2f, 0xff, 0x60, 0xef, 0xfa,
    0xa, 0xff, 0xfc, 0x0, 0x4, 0xff, 0xff, 0x55,
    0xff, 0xf9, 0x2f, 0xff, 0xc1, 0xcf, 0xff, 0xc0,
    0x0, 0x3f, 0xff, 0xff, 0xff, 0xff, 0xff, 0xff,
    0xff, 0xff, 0xff, 0xfb, 0x0, 0x2, 0xff, 0xff,
    0xff, 0xff, 0xff, 0xff, 0xff, 0xff, 0xff, 0xff,
    0xa0, 0x0, 0x9, 0xff, 0xff, 0xff, 0xff, 0xff,
    0xff, 0xff, 0xff, 0xff, 0xf2, 0x0, 0x0, 0x4,
    0x78, 0x88, 0x88, 0x88, 0x88, 0x88, 0x88, 0x88,
    0x61, 0x0, 0x0,

    /* U+F304 "" */
    0x0, 0x0, 0x0, 0x0, 0x0, 0x0, 0x0, 0x0,
    0x0, 0x0, 0x0, 0x66, 0x10, 0x0, 0x0, 0x0,
    0x0, 0x0, 0x0, 0x0, 0x0, 0x0, 0x0, 0x0,
    0x1, 0xdf, 0xfe, 0x30, 0x0, 0x0, 0x0, 0x0,
    0x0, 0x0, 0x0, 0x0, 0x0, 0x0, 0x1, 0xef,
    0xff, 0xff, 0x30, 0x0, 0x0, 0x0, 0x0, 0x0,
    0x0, 0x0, 0x0, 0x0, 0x1, 0xef, 0xff, 0xff,
    0xff, 0x30, 0x0, 0x0, 0x0, 0x0, 0x0, 0x0,
    0x0, 0x0, 0x0, 0x9f, 0xff, 0xff, 0xff, 0xff,
    0x30, 0x0, 0x0, 0x0, 0x0, 0x0, 0x0, 0x0,
    0x1, 0x0, 0xbf, 0xff, 0xff, 0xff, 0xfc, 0x0,
    0x0, 0x0, 0x0, 0x0, 0x0, 0x0, 0x1, 0xec,
    0x0, 0xbf, 0xff, 0xff, 0xff, 0xf0, 0x0, 0x0,
    0x0, 0x0, 0x0, 0x0, 0x1, 0xef, 0xfc, 0x0,
    0xbf, 0xff, 0xff, 0xfb, 0x0, 0x0, 0x0, 0x0,
    0x0, 0x0, 0x1, 0xef, 0xff, 0xfc, 0x0, 0xbf,
    0xff, 0xfe, 0x10, 0x0, 0x0, 0x0, 0x0, 0x0,
    0x1, 0xef, 0xff, 0xff, 0xfc, 0x0, 0xbf, 0xfe,
    0x10, 0x0, 0x0, 0x0, 0x0, 0x0, 0x1, 0xef,
    0xff, 0xff, 0xff, 0xfc, 0x0, 0xbe, 0x10, 0x0,
    0x0, 0x0, 0x0, 0x0, 0x1, 0xef, 0xff, 0xff,
    0xff, 0xff, 0xfc, 0x0, 0x10, 0x0, 0x0, 0x0,
    0x0, 0x0, 0x1, 0xef, 0xff, 0xff, 0xff, 0xff,
    0xff, 0xfa, 0x0, 0x0, 0x0, 0x0, 0x0, 0x0,
    0x1, 0xef, 0xff, 0xff, 0xff, 0xff, 0xff, 0xfe,
    0x20, 0x0, 0x0, 0x0, 0x0, 0x0, 0x1, 0xef,
    0xff, 0xff, 0xff, 0xff, 0xff, 0xfe, 0x20, 0x0,
    0x0, 0x0, 0x0, 0x0, 0x1, 0xef, 0xff, 0xff,
    0xff, 0xff, 0xff, 0xfe, 0x20, 0x0, 0x0, 0x0,
    0x0, 0x0, 0x1, 0xef, 0xff, 0xff, 0xff, 0xff,
    0xff, 0xfe, 0x20, 0x0, 0x0, 0x0, 0x0, 0x0,
    0x1, 0xef, 0xff, 0xff, 0xff, 0xff, 0xff, 0xfe,
    0x20, 0x0, 0x0, 0x0, 0x0, 0x0, 0x1, 0xef,
    0xff, 0xff, 0xff, 0xff, 0xff, 0xfe, 0x20, 0x0,
    0x0, 0x0, 0x0, 0x0, 0x1, 0xef, 0xff, 0xff,
    0xff, 0xff, 0xff, 0xfe, 0x20, 0x0, 0x0, 0x0,
    0x0, 0x0, 0x1, 0xef, 0xff, 0xff, 0xff, 0xff,
    0xff, 0xfe, 0x20, 0x0, 0x0, 0x0, 0x0, 0x0,
    0x0, 0x5f, 0xff, 0xff, 0xff, 0xff, 0xff, 0xfe,
    0x20, 0x0, 0x0, 0x0, 0x0, 0x0, 0x0, 0x7,
    0xff, 0xff, 0xff, 0xff, 0xff, 0xfe, 0x20, 0x0,
    0x0, 0x0, 0x0, 0x0, 0x0, 0x0, 0x9f, 0xff,
    0xff, 0xff, 0xff, 0xfe, 0x20, 0x0, 0x0, 0x0,
    0x0, 0x0, 0x0, 0x0, 0xb, 0xff, 0xff, 0xff,
    0xff, 0xfe, 0x20, 0x0, 0x0, 0x0, 0x0, 0x0,
    0x0, 0x0, 0x0, 0xdf, 0xff, 0xff, 0xff, 0xfe,
    0x20, 0x0, 0x0, 0x0, 0x0, 0x0, 0x0, 0x0,
    0x0, 0xf, 0xff, 0xff, 0xff, 0xfe, 0x20, 0x0,
    0x0, 0x0, 0x0, 0x0, 0x0, 0x0, 0x0, 0x0,
    0xef, 0xff, 0xff, 0xec, 0x20, 0x0, 0x0, 0x0,
    0x0, 0x0, 0x0, 0x0, 0x0, 0x0, 0x3, 0x76,
    0x42, 0x0, 0x0, 0x0, 0x0, 0x0, 0x0, 0x0,
    0x0, 0x0, 0x0, 0x0, 0x0,

    /* U+F55A "" */
    0x0, 0x0, 0x0, 0x0, 0x8, 0xef, 0xff, 0xff,
    0xff, 0xff, 0xff, 0xff, 0xff, 0xff, 0xff, 0xff,
    0xd5, 0x0, 0x0, 0x0, 0x0, 0xb, 0xff, 0xff,
    0xff, 0xff, 0xff, 0xff, 0xff, 0xff, 0xff, 0xff,
    0xff, 0xff, 0xf5, 0x0, 0x0, 0x0, 0xb, 0xff,
    0xff, 0xff, 0xff, 0xff, 0xff, 0xff, 0xff, 0xff,
    0xff, 0xff, 0xff, 0xff, 0xd0, 0x0, 0x0, 0xb,
    0xff, 0xff, 0xff, 0xff, 0xff, 0xff, 0xff, 0xff,
    0xff, 0xff, 0xff, 0xff, 0xff, 0xff, 0x0, 0x0,
    0xb, 0xff, 0xff, 0xff, 0xff, 0xff, 0x99, 0xff,
    0xff, 0xff, 0x99, 0xff, 0xff, 0xff, 0xff, 0xf0,
    0x0, 0xb, 0xff, 0xff, 0xff, 0xff, 0xff, 0x80,
    0x8, 0xff, 0xff, 0x80, 0x7, 0xff, 0xff, 0xff,
    0xff, 0x0, 0xb, 0xff, 0xff, 0xff, 0xff, 0xff,
    0xe0, 0x0, 0x8, 0xff, 0x80, 0x0, 0xe, 0xff,
    0xff, 0xff, 0xf0, 0xb, 0xff, 0xff, 0xff, 0xff,
    0xff, 0xff, 0x80, 0x0, 0x8, 0x80, 0x0, 0x8,
    0xff, 0xff, 0xff, 0xff, 0xb, 0xff, 0xff, 0xff,
    0xff, 0xff, 0xff, 0xff, 0x80, 0x0, 0x0, 0x0,
    0x8, 0xff, 0xff, 0xff, 0xff, 0xfa, 0xff, 0xff,
    0xff, 0xff, 0xff, 0xff, 0xff, 0xff, 0x80, 0x0,
    0x0, 0x8, 0xff, 0xff, 0xff, 0xff, 0xff, 0xff,
    0xff, 0xff, 0xff, 0xff, 0xff, 0xff, 0xff, 0xff,
    0x40, 0x0, 0x4, 0xff, 0xff, 0xff, 0xff, 0xff,
    0xfa, 0xff, 0xff, 0xff, 0xff, 0xff, 0xff, 0xff,
    0xff, 0x80, 0x0, 0x0, 0x8, 0xff, 0xff, 0xff,
    0xff, 0xff, 0xb, 0xff, 0xff, 0xff, 0xff, 0xff,
    0xff, 0xff, 0x80, 0x0, 0x0, 0x0, 0x8, 0xff,
    0xff, 0xff, 0xff, 0xf0, 0xb, 0xff, 0xff, 0xff,
    0xff, 0xff, 0xff, 0x80, 0x0, 0x8, 0x80, 0x0,
    0x8, 0xff, 0xff, 0xff, 0xff, 0x0, 0xb, 0xff,
    0xff, 0xff, 0xff, 0xff, 0xe0, 0x0, 0x8, 0xff,
    0x80, 0x0, 0xe, 0xff, 0xff, 0xff, 0xf0, 0x0,
    0xb, 0xff, 0xff, 0xff, 0xff, 0xff, 0x80, 0x8,
    0xff, 0xff, 0x80, 0x8, 0xff, 0xff, 0xff, 0xff,
    0x0, 0x0, 0xb, 0xff, 0xff, 0xff, 0xff, 0xff,
    0x99, 0xff, 0xff, 0xff, 0x99, 0xff, 0xff, 0xff,
    0xff, 0xf0, 0x0, 0x0, 0xb, 0xff, 0xff, 0xff,
    0xff, 0xff, 0xff, 0xff, 0xff, 0xff, 0xff, 0xff,
    0xff, 0xff, 0xff, 0x0, 0x0, 0x0, 0xb, 0xff,
    0xff, 0xff, 0xff, 0xff, 0xff, 0xff, 0xff, 0xff,
    0xff, 0xff, 0xff, 0xff, 0xd0, 0x0, 0x0, 0x0,
    0xa, 0xff, 0xff, 0xff, 0xff, 0xff, 0xff, 0xff,
    0xff, 0xff, 0xff, 0xff, 0xff, 0xf5, 0x0, 0x0,
    0x0, 0x0, 0x8, 0xef, 0xff, 0xff, 0xff, 0xff,
    0xff, 0xff, 0xff, 0xff, 0xff, 0xff, 0xd5, 0x0,

    /* U+F7C2 "" */
    0x0, 0x0, 0x0, 0x17, 0x88, 0x88, 0x88, 0x88,
    0x87, 0x50, 0x0, 0x0, 0x0, 0x1d, 0xff, 0xff,
    0xff, 0xff, 0xff, 0xff, 0xc1, 0x0, 0x0, 0x2d,
    0xff, 0xff, 0xff, 0xff, 0xff, 0xff, 0xff, 0xa0,
    0x0, 0x2e, 0xff, 0xff, 0xff, 0xff, 0xff, 0xff,
    0xff, 0xff, 0x0, 0x2e, 0xff, 0x20, 0x1f, 0xa0,
    0xe, 0xd0, 0x8, 0xff, 0xf0, 0x2e, 0xff, 0xf2,
    0x1, 0xfa, 0x0, 0xed, 0x0, 0x8f, 0xff, 0x3e,
    0xff, 0xff, 0x20, 0x1f, 0xa0, 0xe, 0xd0, 0x8,
    0xff, 0xfe, 0xff, 0xff, 0xf2, 0x1, 0xfa, 0x0,
    0xed, 0x0, 0x8f, 0xff, 0xff, 0xff, 0xff, 0x20,
    0x1f, 0xa0, 0xe, 0xd0, 0x8, 0xff, 0xff, 0xff,
    0xff, 0xff, 0xff, 0xff, 0xff, 0xff, 0xff, 0xff,
    0xff, 0xff, 0xff, 0xff, 0xff, 0xff, 0xff, 0xff,
    0xff, 0xff, 0xff, 0xff, 0xff, 0xff, 0xff, 0xff,
    0xff, 0xff, 0xff, 0xff, 0xff, 0xff, 0xff, 0xff,
    0xff, 0xff, 0xff, 0xff, 0xff, 0xff, 0xff, 0xff,
    0xff, 0xff, 0xff, 0xff, 0xff, 0xff, 0xff, 0xff,
    0xff, 0xff, 0xff, 0xff, 0xff, 0xff, 0xff, 0xff,
    0xff, 0xff, 0xff, 0xff, 0xff, 0xff, 0xff, 0xff,
    0xff, 0xff, 0xff, 0xff, 0xff, 0xff, 0xff, 0xff,
    0xff, 0xff, 0xff, 0xff, 0xff, 0xff, 0xff, 0xff,
    0xff, 0xff, 0xff, 0xff, 0xff, 0xff, 0xff, 0xff,
    0xff, 0xff, 0xff, 0xff, 0xff, 0xff, 0xff, 0xff,
    0xff, 0xff, 0xff, 0xff, 0xff, 0xff, 0xff, 0xff,
    0xff, 0xff, 0xff, 0xff, 0xff, 0xff, 0xff, 0xff,
    0xff, 0xff, 0xff, 0xff, 0xff, 0xff, 0xff, 0xff,
    0xff, 0xff, 0xff, 0xff, 0xff, 0xff, 0xff, 0xff,
    0xff, 0xff, 0xff, 0xff, 0xff, 0xff, 0xff, 0xff,
    0xff, 0xff, 0xff, 0xff, 0xff, 0xff, 0xff, 0xff,
    0xff, 0xff, 0xff, 0xff, 0xff, 0xff, 0xff, 0xff,
    0xff, 0xff, 0xff, 0xff, 0xff, 0xff, 0xff, 0xff,
    0xff, 0xff, 0xff, 0xff, 0xff, 0xff, 0xfe, 0xff,
    0xff, 0xff, 0xff, 0xff, 0xff, 0xff, 0xff, 0xff,
    0xfe, 0x8f, 0xff, 0xff, 0xff, 0xff, 0xff, 0xff,
    0xff, 0xff, 0xff, 0x80, 0xaf, 0xff, 0xff, 0xff,
    0xff, 0xff, 0xff, 0xff, 0xff, 0x90, 0x0, 0x24,
    0x44, 0x44, 0x44, 0x44, 0x44, 0x44, 0x44, 0x20,
    0x0,

    /* U+F8A2 "" */
    0x0, 0x0, 0x0, 0x0, 0x0, 0x0, 0x0, 0x0,
    0x0, 0x0, 0x0, 0x0, 0x0, 0x4, 0x0, 0x0,
    0x0, 0x0, 0x0, 0x0, 0x0, 0x0, 0x0, 0x0,
    0x0, 0x0, 0x0, 0x9, 0xf1, 0x0, 0x0, 0x0,
    0x0, 0x0, 0x0, 0x0, 0x0, 0x0, 0x0, 0x0,
    0x0, 0x9, 0xff, 0x10, 0x0, 0x0, 0x0, 0x0,
    0x0, 0x0, 0x0, 0x0, 0x0, 0x0, 0x0, 0x9,
    0xff, 0xf1, 0x0, 0x0, 0x0, 0x5c, 0x50, 0x0,
    0x0, 0x0, 0x0, 0x0, 0x0, 0x3, 0xff, 0xff,
    0x10, 0x0, 0x0, 0x7f, 0xfd, 0x0, 0x0, 0x0,
    0x0, 0x0, 0x0, 0x0, 0x4f, 0xff, 0xf1, 0x0,
    0x0, 0x8f, 0xff, 0xd0, 0x0, 0x0, 0x0, 0x0,
    0x0, 0x0, 0x4, 0xff, 0xff, 0x10, 0x0, 0x9f,
    0xff, 0xfd, 0x0, 0x0, 0x0, 0x0, 0x0, 0x0,
    0x0, 0x4f, 0xff, 0xf1, 0x0, 0xaf, 0xff, 0xff,
    0xd0, 0x0, 0x0, 0x0, 0x0, 0x0, 0x0, 0x4,
    0xff, 0xff, 0x10, 0xbf, 0xff, 0xff, 0xff, 0xff,
    0xff, 0xff, 0xff, 0xff, 0xff, 0xff, 0xff, 0xff,
    0xf1, 0xaf, 0xff, 0xff, 0xff, 0xff, 0xff, 0xff,
    0xff, 0xff, 0xff, 0xff, 0xff, 0xff, 0xff, 0x1c,
    0xff, 0xff, 0xff, 0xff, 0xff, 0xff, 0xff, 0xff,
    0xff, 0xff, 0xff, 0xff, 0xff, 0xf1, 0x2e, 0xff,
    0xff, 0xff, 0xff, 0xff, 0xff, 0xff, 0xff, 0xff,
    0xff, 0xff, 0xff, 0xfe, 0x0, 0x1d, 0xff, 0xff,
    0xfe, 0x55, 0x55, 0x55, 0x55, 0x55, 0x55, 0x55,
    0x55, 0x55, 0x10, 0x0, 0x1c, 0xff, 0xff, 0xd0,
    0x0, 0x0, 0x0, 0x0, 0x0, 0x0, 0x0, 0x0,
    0x0, 0x0, 0x0, 0xc, 0xff, 0xfd, 0x0, 0x0,
    0x0, 0x0, 0x0, 0x0, 0x0, 0x0, 0x0, 0x0,
    0x0, 0x0, 0xb, 0xff, 0xd0, 0x0, 0x0, 0x0,
    0x0, 0x0, 0x0, 0x0, 0x0, 0x0, 0x0, 0x0,
    0x0, 0xa, 0xf9, 0x0, 0x0, 0x0, 0x0, 0x0,
    0x0, 0x0, 0x0, 0x0, 0x0, 0x0, 0x0, 0x0,
    0x1, 0x0, 0x0, 0x0, 0x0, 0x0, 0x0, 0x0,
    0x0, 0x0, 0x0, 0x0
};


/*---------------------
 *  GLYPH DESCRIPTION
 *--------------------*/

static const lv_font_fmt_txt_glyph_dsc_t glyph_dsc[] = {
    {.bitmap_index = 0, .adv_w = 0, .box_w = 0, .box_h = 0, .ofs_x = 0, .ofs_y = 0} /* id = 0 reserved */,
    {.bitmap_index = 0, .adv_w = 102, .box_w = 0, .box_h = 0, .ofs_x = 0, .ofs_y = 0},
    {.bitmap_index = 0, .adv_w = 166, .box_w = 6, .box_h = 22, .ofs_x = 2, .ofs_y = 0},
    {.bitmap_index = 66, .adv_w = 257, .box_w = 12, .box_h = 10, .ofs_x = 2, .ofs_y = 12},
    {.bitmap_index = 126, .adv_w = 264, .box_w = 15, .box_h = 21, .ofs_x = 1, .ofs_y = 0},
    {.bitmap_index = 284, .adv_w = 264, .box_w = 14, .box_h = 27, .ofs_x = 1, .ofs_y = -3},
    {.bitmap_index = 473, .adv_w = 431, .box_w = 27, .box_h = 21, .ofs_x = 0, .ofs_y = 0},
    {.bitmap_index = 757, .adv_w = 332, .box_w = 21, .box_h = 21, .ofs_x = 0, .ofs_y = 0},
    {.bitmap_index = 978, .adv_w = 146, .box_w = 5, .box_h = 10, .ofs_x = 2, .ofs_y = 12},
    {.bitmap_index = 1003, .adv_w = 169, .box_w = 8, .box_h = 30, .ofs_x = 2, .ofs_y = -6},
    {.bitmap_index = 1123, .adv_w = 169, .box_w = 8, .box_h = 30, .ofs_x = 1, .ofs_y = -6},
    {.bitmap_index = 1243, .adv_w = 227, .box_w = 12, .box_h = 11, .ofs_x = 1, .ofs_y = 11},
    {.bitmap_index = 1309, .adv_w = 264, .box_w = 15, .box_h = 15, .ofs_x = 1, .ofs_y = 3},
    {.bitmap_index = 1422, .adv_w = 146, .box_w = 7, .box_h = 12, .ofs_x = 1, .ofs_y = -7},
    {.bitmap_index = 1464, .adv_w = 166, .box_w = 9, .box_h = 3, .ofs_x = 1, .ofs_y = 7},
    {.bitmap_index = 1478, .adv_w = 146, .box_w = 7, .box_h = 6, .ofs_x = 1, .ofs_y = 0},
    {.bitmap_index = 1499, .adv_w = 173, .box_w = 11, .box_h = 28, .ofs_x = 0, .ofs_y = -6},
    {.bitmap_index = 1653, .adv_w = 264, .box_w = 15, .box_h = 21, .ofs_x = 1, .ofs_y = 0},
    {.bitmap_index = 1811, .adv_w = 264, .box_w = 13, .box_h = 21, .ofs_x = 2, .ofs_y = 0},
    {.bitmap_index = 1948, .adv_w = 264, .box_w = 16, .box_h = 21, .ofs_x = 0, .ofs_y = 0},
    {.bitmap_index = 2116, .adv_w = 264, .box_w = 15, .box_h = 21, .ofs_x = 0, .ofs_y = 0},
    {.bitmap_index = 2274, .adv_w = 264, .box_w = 16, .box_h = 21, .ofs_x = 0, .ofs_y = 0},
    {.bitmap_index = 2442, .adv_w = 264, .box_w = 15, .box_h = 21, .ofs_x = 0, .ofs_y = 0},
    {.bitmap_index = 2600, .adv_w = 264, .box_w = 15, .box_h = 21, .ofs_x = 1, .ofs_y = 0},
    {.bitmap_index = 2758, .adv_w = 264, .box_w = 15, .box_h = 21, .ofs_x = 1, .ofs_y = 0},
    {.bitmap_index = 2916, .adv_w = 264, .box_w = 15, .box_h = 21, .ofs_x = 1, .ofs_y = 0},
    {.bitmap_index = 3074, .adv_w = 264, .box_w = 15, .box_h = 21, .ofs_x = 1, .ofs_y = 0},
    {.bitmap_index = 3232, .adv_w = 146, .box_w = 7, .box_h = 16, .ofs_x = 1, .ofs_y = 0},
    {.bitmap_index = 3288, .adv_w = 146, .box_w = 7, .box_h = 23, .ofs_x = 1, .ofs_y = -7},
    {.bitmap_index = 3369, .adv_w = 264, .box_w = 15, .box_h = 15, .ofs_x = 1, .ofs_y = 3},
    {.bitmap_index = 3482, .adv_w = 264, .box_w = 15, .box_h = 10, .ofs_x = 1, .ofs_y = 6},
    {.bitmap_index = 3557, .adv_w = 264, .box_w = 15, .box_h = 15, .ofs_x = 1, .ofs_y = 3},
    {.bitmap_index = 3670, .adv_w = 230, .box_w = 13, .box_h = 22, .ofs_x = 1, .ofs_y = 0},
    {.bitmap_index = 3813, .adv_w = 451, .box_w = 26, .box_h = 26, .ofs_x = 1, .ofs_y = -5},
    {.bitmap_index = 4151, .adv_w = 287, .box_w = 20, .box_h = 21, .ofs_x = -1, .ofs_y = 0},
    {.bitmap_index = 4361, .adv_w = 305, .box_w = 16, .box_h = 21, .ofs_x = 2, .ofs_y = 0},
    {.bitmap_index = 4529, .adv_w = 294, .box_w = 17, .box_h = 21, .ofs_x = 1, .ofs_y = 0},
    {.bitmap_index = 4708, .adv_w = 320, .box_w = 17, .box_h = 21, .ofs_x = 2, .ofs_y = 0},
    {.bitmap_index = 4887, .adv_w = 276, .box_w = 14, .box_h = 21, .ofs_x = 2, .ofs_y = 0},
    {.bitmap_index = 5034, .adv_w = 262, .box_w = 14, .box_h = 21, .ofs_x = 2, .ofs_y = 0},
    {.bitmap_index = 5181, .adv_w = 321, .box_w = 18, .box_h = 21, .ofs_x = 1, .ofs_y = 0},
    {.bitmap_index = 5370, .adv_w = 339, .box_w = 17, .box_h = 21, .ofs_x = 2, .ofs_y = 0},
    {.bitmap_index = 5549, .adv_w = 148, .box_w = 5, .box_h = 21, .ofs_x = 2, .ofs_y = 0},
    {.bitmap_index = 5602, .adv_w = 254, .box_w = 14, .box_h = 21, .ofs_x = 0, .ofs_y = 0},
    {.bitmap_index = 5749, .adv_w = 307, .box_w = 18, .box_h = 21, .ofs_x = 2, .ofs_y = 0},
    {.bitmap_index = 5938, .adv_w = 259, .box_w = 14, .box_h = 21, .ofs_x = 2, .ofs_y = 0},
    {.bitmap_index = 6085, .adv_w = 382, .box_w = 20, .box_h = 21, .ofs_x = 2, .ofs_y = 0},
    {.bitmap_index = 6295, .adv_w = 336, .box_w = 17, .box_h = 21, .ofs_x = 2, .ofs_y = 0},
    {.bitmap_index = 6474, .adv_w = 345, .box_w = 20, .box_h = 21, .ofs_x = 1, .ofs_y = 0},
    {.bitmap_index = 6684, .adv_w = 299, .box_w = 16, .box_h = 21, .ofs_x = 2, .ofs_y = 0},
    {.bitmap_index = 6852, .adv_w = 345, .box_w = 20, .box_h = 27, .ofs_x = 1, .ofs_y = -6},
    {.bitmap_index = 7122, .adv_w = 306, .box_w = 17, .box_h = 21, .ofs_x = 2, .ofs_y = 0},
    {.bitmap_index = 7301, .adv_w = 280, .box_w = 16, .box_h = 21, .ofs_x = 1, .ofs_y = 0},
    {.bitmap_index = 7469, .adv_w = 280, .box_w = 17, .box_h = 21, .ofs_x = 0, .ofs_y = 0},
    {.bitmap_index = 7648, .adv_w = 335, .box_w = 17, .box_h = 21, .ofs_x = 2, .ofs_y = 0},
    {.bitmap_index = 7827, .adv_w = 277, .box_w = 19, .box_h = 21, .ofs_x = -1, .ofs_y = 0},
    {.bitmap_index = 8027, .adv_w = 410, .box_w = 26, .box_h = 21, .ofs_x = 0, .ofs_y = 0},
    {.bitmap_index = 8300, .adv_w = 281, .box_w = 18, .box_h = 21, .ofs_x = 0, .ofs_y = 0},
    {.bitmap_index = 8489, .adv_w = 260, .box_w = 18, .box_h = 21, .ofs_x = -1, .ofs_y = 0},
    {.bitmap_index = 8678, .adv_w = 275, .box_w = 16, .box_h = 21, .ofs_x = 1, .ofs_y = 0},
    {.bitmap_index = 8846, .adv_w = 169, .box_w = 8, .box_h = 28, .ofs_x = 2, .ofs_y = -6},
    {.bitmap_index = 8958, .adv_w = 173, .box_w = 11, .box_h = 28, .ofs_x = 0, .ofs_y = -6},
    {.bitmap_index = 9112, .adv_w = 169, .box_w = 7, .box_h = 28, .ofs_x = 1, .ofs_y = -6},
    {.bitmap_index = 9210, .adv_w = 264, .box_w = 14, .box_h = 13, .ofs_x = 1, .ofs_y = 9},
    {.bitmap_index = 9301, .adv_w = 254, .box_w = 16, .box_h = 3, .ofs_x = 0, .ofs_y = -4},
    {.bitmap_index = 9325, .adv_w = 280, .box_w = 8, .box_h = 8, .ofs_x = 3, .ofs_y = 18},
    {.bitmap_index = 9357, .adv_w = 265, .box_w = 14, .box_h = 16, .ofs_x = 1, .ofs_y = 0},
    {.bitmap_index = 9469, .adv_w = 289, .box_w = 15, .box_h = 22, .ofs_x = 2, .ofs_y = 0},
    {.bitmap_index = 9634, .adv_w = 236, .box_w = 13, .box_h = 16, .ofs_x = 1, .ofs_y = 0},
    {.bitmap_index = 9738, .adv_w = 289, .box_w = 15, .box_h = 22, .ofs_x = 1, .ofs_y = 0},
    {.bitmap_index = 9903, .adv_w = 260, .box_w = 15, .box_h = 16, .ofs_x = 1, .ofs_y = 0},
    {.bitmap_index = 10023, .adv_w = 167, .box_w = 12, .box_h = 22, .ofs_x = 0, .ofs_y = 0},
    {.bitmap_index = 10155, .adv_w = 267, .box_w = 16, .box_h = 22, .ofs_x = 1, .ofs_y = -6},
    {.bitmap_index = 10331, .adv_w = 287, .box_w = 14, .box_h = 22, .ofs_x = 2, .ofs_y = 0},
    {.bitmap_index = 10485, .adv_w = 136, .box_w = 6, .box_h = 22, .ofs_x = 1, .ofs_y = 0},
    {.bitmap_index = 10551, .adv_w = 137, .box_w = 9, .box_h = 28, .ofs_x = -2, .ofs_y = -6},
    {.bitmap_index = 10677, .adv_w = 271, .box_w = 15, .box_h = 22, .ofs_x = 2, .ofs_y = 0},
    {.bitmap_index = 10842, .adv_w = 141, .box_w = 7, .box_h = 22, .ofs_x = 2, .ofs_y = 0},
    {.bitmap_index = 10919, .adv_w = 432, .box_w = 23, .box_h = 16, .ofs_x = 2, .ofs_y = 0},
    {.bitmap_index = 11103, .adv_w = 287, .box_w = 14, .box_h = 16, .ofs_x = 2, .ofs_y = 0},
    {.bitmap_index = 11215, .adv_w = 280, .box_w = 16, .box_h = 16, .ofs_x = 1, .ofs_y = 0},
    {.bitmap_index = 11343, .adv_w = 289, .box_w = 15, .box_h = 22, .ofs_x = 2, .ofs_y = -6},
    {.bitmap_index = 11508, .adv_w = 289, .box_w = 15, .box_h = 22, .ofs_x = 1, .ofs_y = -6},
    {.bitmap_index = 11673, .adv_w = 195, .box_w = 11, .box_h = 16, .ofs_x = 2, .ofs_y = 0},
    {.bitmap_index = 11761, .adv_w = 222, .box_w = 13, .box_h = 16, .ofs_x = 0, .ofs_y = 0},
    {.bitmap_index = 11865, .adv_w = 189, .box_w = 12, .box_h = 20, .ofs_x = 0, .ofs_y = 0},
    {.bitmap_index = 11985, .adv_w = 285, .box_w = 14, .box_h = 16, .ofs_x = 2, .ofs_y = 0},
    {.bitmap_index = 12097, .adv_w = 258, .box_w = 16, .box_h = 16, .ofs_x = 0, .ofs_y = 0},
    {.bitmap_index = 12225, .adv_w = 387, .box_w = 24, .box_h = 16, .ofs_x = 0, .ofs_y = 0},
    {.bitmap_index = 12417, .adv_w = 252, .box_w = 16, .box_h = 16, .ofs_x = 0, .ofs_y = 0},
    {.bitmap_index = 12545, .adv_w = 257, .box_w = 16, .box_h = 22, .ofs_x = 0, .ofs_y = -6},
    {.bitmap_index = 12721, .adv_w = 229, .box_w = 13, .box_h = 16, .ofs_x = 1, .ofs_y = 0},
    {.bitmap_index = 12825, .adv_w = 169, .box_w = 9, .box_h = 28, .ofs_x = 1, .ofs_y = -6},
    {.bitmap_index = 12951, .adv_w = 133, .box_w = 4, .box_h = 32, .ofs_x = 2, .ofs_y = -8},
    {.bitmap_index = 13015, .adv_w = 169, .box_w = 9, .box_h = 28, .ofs_x = 1, .ofs_y = -6},
    {.bitmap_index = 13141, .adv_w = 264, .box_w = 16, .box_h = 5, .ofs_x = 0, .ofs_y = 8},
    {.bitmap_index = 13181, .adv_w = 448, .box_w = 28, .box_h = 25, .ofs_x = 0, .ofs_y = -2},
    {.bitmap_index = 13531, .adv_w = 448, .box_w = 26, .box_h = 26, .ofs_x = 0, .ofs_y = -2},
    {.bitmap_index = 13869, .adv_w = 448, .box_w = 26, .box_h = 25, .ofs_x = 1, .ofs_y = -2},
    {.bitmap_index = 14194, .adv_w = 448, .box_w = 26, .box_h = 26, .ofs_x = 1, .ofs_y = -2},
    {.bitmap_index = 14532, .adv_w = 448, .box_w = 28, .box_h = 27, .ofs_x = 0, .ofs_y = -3},
    {.bitmap_index = 14910, .adv_w = 448, .box_w = 26, .box_h = 27, .ofs_x = 1, .ofs_y = -2},
    {.bitmap_index = 15261, .adv_w = 448, .box_w = 28, .box_h = 28, .ofs_x = 0, .ofs_y = -3},
    {.bitmap_index = 15653, .adv_w = 448, .box_w = 28, .box_h = 29, .ofs_x = 0, .ofs_y = -4},
    {.bitmap_index = 16059, .adv_w = 448, .box_w = 28, .box_h = 21, .ofs_x = 0, .ofs_y = 0},
    {.bitmap_index = 16353, .adv_w = 448, .box_w = 28, .box_h = 25, .ofs_x = 0, .ofs_y = -2},
    {.bitmap_index = 16703, .adv_w = 448, .box_w = 28, .box_h = 21, .ofs_x = 0, .ofs_y = 0},
    {.bitmap_index = 16997, .adv_w = 308, .box_w = 20, .box_h = 21, .ofs_x = 0, .ofs_y = 0},
    {.bitmap_index = 17207, .adv_w = 448, .box_w = 28, .box_h = 29, .ofs_x = 0, .ofs_y = -4},
    {.bitmap_index = 17613, .adv_w = 448, .box_w = 27, .box_h = 29, .ofs_x = 1, .ofs_y = -4},
    {.bitmap_index = 18005, .adv_w = 504, .box_w = 32, .box_h = 25, .ofs_x = 0, .ofs_y = -2},
    {.bitmap_index = 18405, .adv_w = 448, .box_w = 28, .box_h = 29, .ofs_x = 0, .ofs_y = -4},
    {.bitmap_index = 18811, .adv_w = 504, .box_w = 32, .box_h = 21, .ofs_x = 0, .ofs_y = 0},
    {.bitmap_index = 19147, .adv_w = 448, .box_w = 28, .box_h = 29, .ofs_x = 0, .ofs_y = -4},
    {.bitmap_index = 19553, .adv_w = 224, .box_w = 14, .box_h = 23, .ofs_x = 0, .ofs_y = -1},
    {.bitmap_index = 19714, .adv_w = 336, .box_w = 21, .box_h = 23, .ofs_x = 0, .ofs_y = -1},
    {.bitmap_index = 19956, .adv_w = 504, .box_w = 32, .box_h = 27, .ofs_x = 0, .ofs_y = -3},
    {.bitmap_index = 20388, .adv_w = 448, .box_w = 28, .box_h = 21, .ofs_x = 0, .ofs_y = 0},
    {.bitmap_index = 20682, .adv_w = 308, .box_w = 20, .box_h = 29, .ofs_x = 0, .ofs_y = -4},
    {.bitmap_index = 20972, .adv_w = 392, .box_w = 18, .box_h = 26, .ofs_x = 3, .ofs_y = -3},
    {.bitmap_index = 21206, .adv_w = 392, .box_w = 25, .box_h = 29, .ofs_x = 0, .ofs_y = -4},
    {.bitmap_index = 21569, .adv_w = 392, .box_w = 25, .box_h = 25, .ofs_x = 0, .ofs_y = -2},
    {.bitmap_index = 21882, .adv_w = 392, .box_w = 25, .box_h = 25, .ofs_x = 0, .ofs_y = -2},
    {.bitmap_index = 22195, .adv_w = 392, .box_w = 18, .box_h = 26, .ofs_x = 3, .ofs_y = -3},
    {.bitmap_index = 22429, .adv_w = 392, .box_w = 26, .box_h = 25, .ofs_x = -1, .ofs_y = -2},
    {.bitmap_index = 22754, .adv_w = 280, .box_w = 16, .box_h = 25, .ofs_x = 1, .ofs_y = -2},
    {.bitmap_index = 22954, .adv_w = 280, .box_w = 16, .box_h = 25, .ofs_x = 1, .ofs_y = -2},
    {.bitmap_index = 23154, .adv_w = 392, .box_w = 25, .box_h = 25, .ofs_x = 0, .ofs_y = -2},
    {.bitmap_index = 23467, .adv_w = 392, .box_w = 25, .box_h = 7, .ofs_x = 0, .ofs_y = 7},
    {.bitmap_index = 23555, .adv_w = 504, .box_w = 32, .box_h = 21, .ofs_x = 0, .ofs_y = 0},
    {.bitmap_index = 23891, .adv_w = 560, .box_w = 35, .box_h = 29, .ofs_x = 0, .ofs_y = -4},
    {.bitmap_index = 24399, .adv_w = 504, .box_w = 33, .box_h = 29, .ofs_x = -1, .ofs_y = -4},
    {.bitmap_index = 24878, .adv_w = 448, .box_w = 28, .box_h = 25, .ofs_x = 0, .ofs_y = -2},
    {.bitmap_index = 25228, .adv_w = 392, .box_w = 25, .box_h = 15, .ofs_x = 0, .ofs_y = 3},
    {.bitmap_index = 25416, .adv_w = 392, .box_w = 25, .box_h = 15, .ofs_x = 0, .ofs_y = 3},
    {.bitmap_index = 25604, .adv_w = 560, .box_w = 35, .box_h = 22, .ofs_x = 0, .ofs_y = 0},
    {.bitmap_index = 25989, .adv_w = 448, .box_w = 28, .box_h = 21, .ofs_x = 0, .ofs_y = 0},
    {.bitmap_index = 26283, .adv_w = 448, .box_w = 28, .box_h = 29, .ofs_x = 0, .ofs_y = -4},
    {.bitmap_index = 26689, .adv_w = 448, .box_w = 29, .box_h = 29, .ofs_x = -1, .ofs_y = -4},
    {.bitmap_index = 27110, .adv_w = 392, .box_w = 25, .box_h = 25, .ofs_x = 0, .ofs_y = -2},
    {.bitmap_index = 27423, .adv_w = 392, .box_w = 25, .box_h = 29, .ofs_x = 0, .ofs_y = -4},
    {.bitmap_index = 27786, .adv_w = 392, .box_w = 25, .box_h = 25, .ofs_x = 0, .ofs_y = -2},
    {.bitmap_index = 28099, .adv_w = 392, .box_w = 25, .box_h = 23, .ofs_x = 0, .ofs_y = -1},
    {.bitmap_index = 28387, .adv_w = 448, .box_w = 28, .box_h = 21, .ofs_x = 0, .ofs_y = 0},
    {.bitmap_index = 28681, .adv_w = 280, .box_w = 19, .box_h = 29, .ofs_x = -1, .ofs_y = -4},
    {.bitmap_index = 28957, .adv_w = 392, .box_w = 25, .box_h = 29, .ofs_x = 0, .ofs_y = -4},
    {.bitmap_index = 29320, .adv_w = 392, .box_w = 25, .box_h = 29, .ofs_x = 0, .ofs_y = -4},
    {.bitmap_index = 29683, .adv_w = 504, .box_w = 32, .box_h = 21, .ofs_x = 0, .ofs_y = 0},
    {.bitmap_index = 30019, .adv_w = 448, .box_w = 30, .box_h = 29, .ofs_x = -1, .ofs_y = -4},
    {.bitmap_index = 30454, .adv_w = 336, .box_w = 21, .box_h = 29, .ofs_x = 0, .ofs_y = -4},
    {.bitmap_index = 30759, .adv_w = 560, .box_w = 35, .box_h = 26, .ofs_x = 0, .ofs_y = -2},
    {.bitmap_index = 31214, .adv_w = 560, .box_w = 35, .box_h = 19, .ofs_x = 0, .ofs_y = 1},
    {.bitmap_index = 31547, .adv_w = 560, .box_w = 35, .box_h = 19, .ofs_x = 0, .ofs_y = 1},
    {.bitmap_index = 31880, .adv_w = 560, .box_w = 35, .box_h = 19, .ofs_x = 0, .ofs_y = 1},
    {.bitmap_index = 32213, .adv_w = 560, .box_w = 35, .box_h = 19, .ofs_x = 0, .ofs_y = 1},
    {.bitmap_index = 32546, .adv_w = 560, .box_w = 35, .box_h = 19, .ofs_x = 0, .ofs_y = 1},
    {.bitmap_index = 32879, .adv_w = 560, .box_w = 36, .box_h = 23, .ofs_x = 0, .ofs_y = -1},
    {.bitmap_index = 33293, .adv_w = 392, .box_w = 22, .box_h = 29, .ofs_x = 1, .ofs_y = -4},
    {.bitmap_index = 33612, .adv_w = 392, .box_w = 25, .box_h = 29, .ofs_x = 0, .ofs_y = -4},
    {.bitmap_index = 33975, .adv_w = 448, .box_w = 29, .box_h = 29, .ofs_x = -1, .ofs_y = -4},
    {.bitmap_index = 34396, .adv_w = 560, .box_w = 35, .box_h = 21, .ofs_x = 0, .ofs_y = 0},
    {.bitmap_index = 34764, .adv_w = 336, .box_w = 21, .box_h = 29, .ofs_x = 0, .ofs_y = -4},
    {.bitmap_index = 35069, .adv_w = 451, .box_w = 29, .box_h = 19, .ofs_x = 0, .ofs_y = 1}
};

/*---------------------
 *  CHARACTER MAPPING
 *--------------------*/

static const uint16_t unicode_list_1[] = {
    0x0, 0xc65, 0x2906, 0x2c1a, 0x3556, 0x418b, 0x4229, 0x9999,
    0x99a0, 0x99a3, 0x99a4, 0x99a5, 0x99a9, 0x99ab, 0x99ad, 0x99b1,
    0x99b4, 0x99b9, 0x99be, 0x99bf, 0x99c0, 0x99d6, 0x99db, 0x99e0,
    0x99e3, 0x99e4, 0x99e5, 0x99e9, 0x99ea, 0x99eb, 0x99ec, 0x99ff,
    0x9a00, 0x9a06, 0x9a08, 0x9a09, 0x9a0c, 0x9a0f, 0x9a10, 0x9a11,
    0x9a13, 0x9a2b, 0x9a2d, 0x9a5c, 0x9a5d, 0x9a5f, 0x9a61, 0x9a78,
    0x9a7f, 0x9a82, 0x9a8b, 0x9ab4, 0x9abc, 0x9af3, 0x9b83, 0x9bd8,
    0x9bd9, 0x9bda, 0x9bdb, 0x9bdc, 0x9c1f, 0x9c2b, 0x9c85, 0x9c9c,
    0x9ef2, 0xa15a, 0xa23a
};

/*Collect the unicode lists and glyph_id offsets*/
static const lv_font_fmt_txt_cmap_t cmaps[] =
{
    {
        .range_start = 32, .range_length = 95, .glyph_id_start = 1,
        .unicode_list = NULL, .glyph_id_ofs_list = NULL, .list_length = 0, .type = LV_FONT_FMT_TXT_CMAP_FORMAT0_TINY
    },
    {
        .range_start = 22120, .range_length = 41531, .glyph_id_start = 96,
        .unicode_list = unicode_list_1, .glyph_id_ofs_list = NULL, .list_length = 67, .type = LV_FONT_FMT_TXT_CMAP_SPARSE_TINY
    }
};

/*-----------------
 *    KERNING
 *----------------*/


/*Map glyph_ids to kern left classes*/
static const uint8_t kern_left_class_mapping[] =
{
    0, 0, 0, 1, 0, 0, 0, 0,
    1, 2, 0, 0, 0, 3, 4, 3,
    5, 0, 0, 0, 0, 0, 0, 0,
    0, 0, 0, 6, 6, 0, 0, 0,
    0, 0, 7, 8, 9, 10, 11, 12,
    13, 0, 0, 14, 15, 16, 0, 0,
    10, 17, 10, 18, 19, 20, 21, 22,
    23, 24, 25, 26, 2, 27, 0, 0,
    0, 0, 28, 29, 30, 0, 31, 32,
    33, 34, 0, 0, 35, 36, 34, 34,
    29, 29, 37, 38, 39, 40, 37, 41,
    42, 43, 44, 45, 2, 0, 0, 0,
    0, 0, 0, 0, 0, 0, 0, 0,
    0, 0, 0, 0, 0, 0, 0, 0,
    0, 0, 0, 0, 0, 0, 0, 0,
    0, 0, 0, 0, 0, 0, 0, 0,
    0, 0, 0, 0, 0, 0, 0, 0,
    0, 0, 0, 0, 0, 0, 0, 0,
    0, 0, 0, 0, 0, 0, 0, 0,
    0, 0, 0, 0, 0, 0, 0, 0,
    0, 0, 0
};

/*Map glyph_ids to kern right classes*/
static const uint8_t kern_right_class_mapping[] =
{
    0, 0, 1, 2, 0, 0, 0, 0,
    2, 0, 3, 4, 0, 5, 6, 7,
    8, 0, 0, 0, 0, 0, 0, 0,
    0, 0, 0, 9, 10, 0, 0, 0,
    11, 0, 12, 0, 13, 0, 0, 0,
    13, 0, 0, 14, 0, 0, 0, 0,
    13, 0, 13, 0, 15, 16, 17, 18,
    19, 20, 21, 22, 0, 23, 3, 0,
    0, 0, 24, 0, 25, 25, 25, 26,
    27, 0, 28, 29, 0, 0, 30, 30,
    25, 30, 25, 30, 31, 32, 33, 34,
    35, 36, 37, 38, 0, 0, 3, 0,
    0, 0, 0, 0, 0, 0, 0, 0,
    0, 0, 0, 0, 0, 0, 0, 0,
    0, 0, 0, 0, 0, 0, 0, 0,
    0, 0, 0, 0, 0, 0, 0, 0,
    0, 0, 0, 0, 0, 0, 0, 0,
    0, 0, 0, 0, 0, 0, 0, 0,
    0, 0, 0, 0, 0, 0, 0, 0,
    0, 0, 0, 0, 0, 0, 0, 0,
    0, 0, 0
};

/*Kern values between classes*/
static const int8_t kern_class_values[] =
{
    0, 0, 0, 0, -65, 0, -65, 0,
    0, 0, 0, -34, 0, -55, -5, 0,
    0, 0, 0, -5, 0, 0, 0, 0,
    -10, 0, 0, 0, 0, 0, -10, 0,
    0, 0, 0, 0, 0, 0, 0, 0,
    0, 0, 0, 0, 0, 0, 0, 0,
    0, 0, 0, -10, 0, 0, 0, 0,
    0, 0, 0, 0, 0, 0, 0, 0,
    0, 0, 41, 0, 0, 0, 0, 0,
    0, 0, 0, 0, 0, -60, 0, -82,
    0, 0, 0, 0, 0, 0, 0, 0,
    0, 0, 0, -51, -13, -37, -19, 0,
    -54, 0, 0, 0, -5, 0, 0, 0,
    17, 0, 0, -30, 0, -27, -16, 0,
    -10, 0, 0, 0, 0, 0, 0, 0,
    0, 0, 0, 0, 0, 0, 0, -10,
    -13, -27, 0, -10, -5, -17, -37, -10,
    0, 0, 0, 0, 0, 0, 0, 0,
    0, -12, 0, -7, 0, -9, 0, 0,
    0, 0, 0, 0, 0, 0, 0, 0,
    0, 0, 0, -20, -5, -41, 0, 0,
    0, 0, 0, 0, 0, 0, 0, -14,
    -10, 0, -5, 6, 6, 0, 0, 0,
    -10, 0, 0, 0, 0, 0, 0, 0,
    0, -17, 0, 0, 0, 0, 0, 0,
    0, 0, 0, 0, 0, 0, 0, 0,
    0, 0, -17, 0, 0, 0, 0, 0,
    0, 0, 2, 0, 0, 0, 0, 0,
    0, 0, 0, 0, 0, -34, 0, -44,
    0, 0, 0, 0, 0, 0, -17, -1,
    -5, 0, 0, -34, -6, -9, 0, -2,
    -9, -2, -20, 9, 0, -5, 0, 0,
    0, 0, 9, -9, -1, -7, -4, -4,
    -7, 0, 0, 0, 0, -15, 0, 0,
    0, 0, 0, 0, 0, 0, 0, -9,
    -9, -14, 0, -5, -4, -4, -9, -4,
    0, 0, 0, 0, 0, 0, 0, 0,
    0, -5, 0, -9, -5, -5, -9, 0,
    0, 0, 0, 0, 0, -17, 0, 0,
    0, 0, 0, 0, -17, -5, -14, -7,
    -9, -4, -4, -4, -7, -5, 0, 0,
    0, 0, -10, 0, 0, 0, 0, -17,
    -5, -9, -5, 0, -9, 0, 0, 0,
    0, -13, 0, 0, 0, -7, 0, 0,
    0, -5, 0, -26, 0, -14, 0, -5,
    -1, -13, -10, -10, 0, 0, 0, 0,
    0, 0, 0, 0, 0, 0, 0, 0,
    0, -9, 0, -7, 0, 0, 0, 0,
    0, 0, 0, 0, 0, 0, 0, 0,
    0, 0, 0, 0, 0, 0, 0, 0,
    0, 0, 0, 0, -5, 0, 0, 0,
    0, 0, 0, -14, 0, -5, 0, -21,
    -5, 0, 0, 0, 0, 0, -44, 0,
    -44, -27, 0, 0, 0, -20, -5, -69,
    -13, 0, 0, -2, -2, -14, -5, -15,
    0, -19, -9, 0, -14, 0, 0, -10,
    -13, -5, -9, -16, -12, -17, -12, -23,
    0, 0, 0, -12, 0, 0, 0, 0,
    0, 0, 0, -4, 0, 0, 0, -10,
    0, -9, -4, 0, 0, 0, 0, 0,
    0, 0, 0, 0, 0, 0, 0, 0,
    0, 0, 0, 0, 0, 0, 0, 0,
    0, 0, -14, 0, -14, 0, 0, 0,
    0, 0, 0, -20, 0, 0, 0, 0,
    0, 0, 0, 0, 0, 0, 0, 0,
    0, 0, 0, 0, 0, 0, 0, 0,
    0, 0, 0, 0, 0, -16, 0, -20,
    0, -23, 0, 0, 0, 0, -7, -5,
    -13, 0, -9, -13, -9, -9, -5, 0,
    -12, 0, 0, 0, -7, 0, 0, 0,
    -5, 0, 0, -24, -6, -16, -12, -12,
    -16, -9, 0, -64, 0, -85, 0, -24,
    0, 0, 0, 0, -24, -2, -17, 0,
    -13, -61, -17, -40, -30, 0, -42, 0,
    -41, 0, -7, -9, -4, 0, 0, 0,
    0, -13, -5, -25, -19, 0, -25, 0,
    0, 0, 0, 0, -65, -13, -65, -29,
    0, 0, 0, -25, 0, -73, -5, -9,
    0, 0, 0, -14, -5, -30, 0, -18,
    -11, 0, -10, 0, 0, 0, -5, 0,
    0, 0, 0, -9, 0, -10, 0, 0,
    0, -5, 0, -16, 0, 0, 0, 0,
    0, -4, 0, -7, -7, -9, 0, -4,
    1, -4, -5, -5, 0, -4, -5, 0,
    -4, 0, 0, 0, 0, 0, 0, 0,
    0, -7, 0, -7, 0, 0, 0, -7,
    0, 9, 0, 0, 0, 0, 0, 0,
    0, -9, -9, -10, 0, 0, 0, 0,
    -9, 0, 0, 0, 0, 0, 0, 0,
    0, 0, 0, -14, 0, 0, 0, 0,
    0, -5, 0, 0, 0, 0, -58, -34,
    -58, -38, -10, -10, 0, -20, -14, -63,
    -15, 0, 0, 0, 0, -10, -9, -24,
    0, -34, -37, -7, -34, 0, 0, -22,
    -30, -7, -22, -13, -13, -15, -13, -34,
    0, 0, 0, 0, -12, 0, -12, -10,
    0, 0, 0, -7, 0, -27, -5, 0,
    0, -4, 0, -5, -9, 0, 0, -4,
    0, 0, -5, 0, 0, 0, -4, 0,
    0, 0, 0, -7, 0, 0, 0, 0,
    0, 0, -37, -10, -37, -17, 0, 0,
    0, -9, -5, -34, -5, 0, -5, 5,
    0, 0, 0, -10, 0, -16, -9, 0,
    -10, 0, 0, -10, -9, 0, -15, -5,
    -5, -9, -5, -11, 0, 0, 0, 0,
    -19, -5, -19, -7, 0, 0, 0, 0,
    -1, -26, -1, 0, 0, 0, 0, 0,
    0, -1, 0, -7, 0, 0, -3, 0,
    0, 0, 0, 0, 0, 0, 0, 0,
    0, -5, 0, -5, 0, -5, 0, -17,
    0, 0, 0, 0, 0, -2, -13, -5,
    -9, -10, -5, 0, 0, 0, 0, 0,
    0, -5, -7, -12, 0, 0, 0, 0,
    0, -12, -5, -12, -9, -5, -12, -9,
    0, 0, 0, 0, -54, -37, -54, -27,
    -17, -17, -7, -9, -9, -51, -9, -9,
    -5, 0, 0, 0, 0, -12, 0, -38,
    -26, 0, -30, 0, 0, -20, -26, -23,
    -19, -9, -14, -19, -9, -27, 0, 0,
    0, 0, 0, -13, 0, 0, 0, 0,
    0, -1, -10, -13, -15, 0, -5, -1,
    -1, 0, -9, -7, 0, -7, -8, -10,
    -6, 0, 0, 0, 0, -9, -9, -7,
    -7, -14, -7, 0, 0, 0, 0, 0,
    0, 0, 0, 0, 0, 0, 0, 0,
    0, 0, 0, -37, -10, -23, -10, 0,
    -34, 0, 0, 0, 0, 0, 13, 0,
    34, 0, 0, 0, 0, -10, -5, 0,
    3, 0, 0, 0, 0, -24, 0, 0,
    0, 0, 0, 0, -14, 0, 0, 0,
    0, -14, 0, -12, -4, 0, -14, 0,
    0, 0, 0, 0, 0, 0, 0, 0,
    0, -9, 0, 0, 0, 0, 0, 0,
    0, -10, 0, -6, -5, 1, -5, 0,
    0, 0, -14, 0, 0, 0, 0, -30,
    0, -10, 0, -4, -27, 0, -17, -6,
    0, -2, 0, 0, 0, 0, -2, -13,
    0, -4, -4, -13, -4, -5, 0, 0,
    0, 0, 0, -16, 0, 0, 0, 0,
    0, 0, 0, 0, 0, -10, 0, -9,
    0, 0, -14, 0, 0, -5, -13, 0,
    -5, 0, 0, 0, 0, -5, 0, 1,
    1, 0, 1, 0, 0, 0, 0, -13,
    0, 5, 0, 0, 0, 0, -7, 0,
    0, -10, -10, -14, 0, -12, -5, 0,
    -17, 0, -16, -6, 0, -2, -5, 0,
    0, 0, 0, -5, 0, -2, -2, -7,
    -2, -3, 3, 20, 20, 0, -31, -9,
    -31, -3, 0, 0, 12, 0, 0, 0,
    0, 22, 0, 32, 22, 13, 25, 0,
    20, -10, -5, 0, -6, 0, -5, 0,
    -4, 0, 0, 3, 0, -4, 0, -9,
    0, 0, 3, -13, 0, 0, 0, 17,
    0, 0, -22, 0, 0, 0, 0, -17,
    0, 0, 0, 0, -9, 0, 0, -9,
    -9, 0, 0, 0, 22, 0, 0, 0,
    0, -4, -4, 0, 4, -9, 0, 0,
    0, -13, 0, 0, 0, 0, 0, 0,
    -7, 0, 0, 0, 0, -14, 0, -5,
    0, 0, -12, 0, 0, 0, 0, 0,
    0, 0, 0, 0, 0, 0, 0, 0,
    0, 0, 0, 0, 0, 0, 0, -10,
    3, -37, 3, 0, 3, 3, -14, 0,
    0, 0, 0, -24, 0, 0, 0, 0,
    -8, 0, 0, -5, -13, 0, -5, 0,
    -5, 0, 0, -16, -9, 0, 0, -7,
    0, -7, 0, 0, 0, 0, 0, 0,
    0, 0, 0, 0, 0, 0, 0, 0,
    0, 0, 0, 0, 0, 0, 0, 0,
    0, 0, 0, 0, 0, 0, 5, 0,
    0, 0, 0, 0, 0, 0, 0, 0,
    0, 0, 0, -9, 0, 0, 0, 0,
    0, 0, 0, 0, 0, 0, 0, -10,
    0, -9, 0, 0, -15, 0, 0, 0,
    0, 0, 0, 0, 0, 0, 0, 0,
    0, 0, 0, 0, 0, 0, 0, 0,
    0, 0, -40, -14, -40, -13, 6, 6,
    0, -9, 0, -34, 0, 0, 0, 0,
    0, 0, 0, -5, 3, -14, -5, 0,
    -5, 0, 0, 0, -4, 0, 0, 6,
    4, 0, 6, -4, 0, 0, 0, -17,
    0, 5, 0, 0, 0, 0, -11, 0,
    0, 0, 0, -14, 0, -5, 0, 0,
    -10, 0, 0, 0, 0, 0, 0, 0,
    0, 0, 0, -10, 0, 0, 0, 0,
    0, 0, 0, 0, 0, 0, -4, -17,
    -4, 0, 3, 3, -17, 0, 0, 0,
    0, -9, 0, 0, 0, 0, -4, 0,
    0, -10, -9, 0, -5, 0, 0, 0,
    -5, -10, 0, 0, 0, -7, 0, 0,
    0, 0, 0, -5, -27, -7, -27, -10,
    0, 0, 0, -6, 0, -20, 0, -10,
    0, -5, 0, 0, -9, -5, 0, -10,
    -4, 0, 0, 0, -5, 0, 0, 0,
    0, 0, 0, 0, 0, -14, 0, 0,
    0, -5, -37, 0, -37, -2, 0, 0,
    0, -4, 0, -15, 0, -14, 0, -5,
    0, -9, -14, 0, 0, -5, -4, 0,
    0, 0, -5, 0, 0, 0, 0, 0,
    0, 0, 0, -13, -9, 0, 0, -11,
    7, -9, -7, 0, 0, 7, 0, 0,
    -5, 0, -4, -13, 0, -9, 0, -5,
    -19, 0, 0, -5, -13, 0, 0, 0,
    0, 0, 0, -14, 0, 0, 0, 0,
    -5, 0, 0, 0, 0, 0, -27, 0,
    -27, -3, 0, 0, 0, 0, 0, -20,
    0, -10, 0, -4, 0, -4, -7, 0,
    0, -10, -4, 0, 0, 0, -5, 0,
    0, 0, 0, 0, 0, -9, 0, -14,
    0, 0, 0, 0, 0, -12, 0, 0,
    0, 0, 0, 0, 0, 0, 0, -12,
    0, 0, 0, 0, -10, 0, 0, -9,
    -5, 0, -1, 0, 0, 0, 0, 0,
    -5, -4, 0, 0, -4, 0
};


/*Collect the kern class' data in one place*/
static const lv_font_fmt_txt_kern_classes_t kern_classes =
{
    .class_pair_values   = kern_class_values,
    .left_class_mapping  = kern_left_class_mapping,
    .right_class_mapping = kern_right_class_mapping,
    .left_class_cnt      = 45,
    .right_class_cnt     = 38,
};

/*--------------------
 *  ALL CUSTOM DATA
 *--------------------*/

#if LVGL_VERSION_MAJOR == 8
/*Store all the custom data of the font*/
static  lv_font_fmt_txt_glyph_cache_t cache;
#endif

#if LVGL_VERSION_MAJOR >= 8
static const lv_font_fmt_txt_dsc_t font_dsc = {
#else
static lv_font_fmt_txt_dsc_t font_dsc = {
#endif
    .glyph_bitmap = glyph_bitmap,
    .glyph_dsc = glyph_dsc,
    .cmaps = cmaps,
    .kern_dsc = &kern_classes,
    .kern_scale = 16,
    .cmap_num = 2,
    .bpp = 4,
    .kern_classes = 1,
    .bitmap_format = 0,
#if LVGL_VERSION_MAJOR == 8
    .cache = &cache
#endif
};



/*-----------------
 *  PUBLIC FONT
 *----------------*/

/*Initialize a public general font descriptor*/
#if LVGL_VERSION_MAJOR >= 8
const lv_font_t lv_font_SourceHanSansSCBold_28 = {
#else
lv_font_t lv_font_SourceHanSansSCBold_28 = {
#endif
    .get_glyph_dsc = lv_font_get_glyph_dsc_fmt_txt,    /*Function pointer to get glyph's data*/
    .get_glyph_bitmap = lv_font_get_bitmap_fmt_txt,    /*Function pointer to get glyph's bitmap*/
    .line_height = 28,          /*The maximum line height required by the font*/
    .base_line = 4,             /*Baseline measured from the bottom of the line*/
#if !(LVGL_VERSION_MAJOR == 6 && LVGL_VERSION_MINOR == 0)
    .subpx = LV_FONT_SUBPX_NONE,
#endif
#if LV_VERSION_CHECK(7, 4, 0) || LVGL_VERSION_MAJOR >= 8
    .underline_position = -3,
    .underline_thickness = 1,
#endif
    .dsc = &font_dsc,          /*The custom font data. Will be accessed by `get_glyph_bitmap/dsc` */
#if LV_VERSION_CHECK(8, 2, 0) || LVGL_VERSION_MAJOR >= 9
    .fallback = NULL,
#endif
    .user_data = NULL,
};



#endif /*#if LV_FONT_SOURCEHANSANSSCBOLD_28*/

