/*******************************************************************************
 * Size: 24 px
 * Bpp: 4
 * Opts: undefined
 ******************************************************************************/

#ifdef LV_LVGL_H_INCLUDE_SIMPLE
#include "lvgl.h"
#else
#include "lvgl.h"
#endif

#ifndef LV_FONT_GUDIANCHINESE_24
#define LV_FONT_GUDIANCHINESE_24 1
#endif

#if LV_FONT_GUDIANCHINESE_24

/*-----------------
 *    BITMAPS
 *----------------*/

/*Store the image of the glyphs*/
static LV_ATTRIBUTE_LARGE_CONST const uint8_t glyph_bitmap[] = {
    /* U+0020 " " */

    /* U+0021 "!" */
    0x8, 0xdb, 0x20, 0xc, 0xff, 0xe0, 0x4, 0xff,
    0xf3, 0x2, 0xff, 0xf4, 0x2, 0xff, 0xf4, 0x3,
    0xff, 0xf3, 0x3, 0xff, 0xf3, 0x4, 0xff, 0xf3,
    0x4, 0xff, 0xf2, 0x5, 0xff, 0xf1, 0x5, 0xff,
    0xf2, 0x7, 0xff, 0xf1, 0x1, 0xef, 0xd0, 0x0,
    0x18, 0x30, 0x0, 0x0, 0x0, 0x4, 0x85, 0x0,
    0xe, 0xff, 0xb0, 0x1, 0xaf, 0xd0,

    /* U+0022 "\"" */
    0x0, 0x55, 0x0, 0x0, 0x1, 0xff, 0x25, 0xd3,
    0x5, 0xff, 0x3e, 0xf9, 0xa, 0xfe, 0x5f, 0xf6,
    0xd, 0xf9, 0xaf, 0xe0, 0xe, 0xf3, 0xaf, 0x70,
    0xf, 0xb0, 0xcd, 0x0, 0xf, 0x20, 0xd4, 0x0,
    0x8, 0x0, 0x90, 0x0, 0x0, 0x0, 0x10, 0x0,

    /* U+0023 "#" */
    0x0, 0x0, 0x0, 0x0, 0x0, 0xe, 0x90, 0x0,
    0x0, 0x0, 0x0, 0x0, 0x0, 0x0, 0x0, 0xff,
    0xc0, 0x0, 0x0, 0x0, 0x0, 0x0, 0x8c, 0x20,
    0xe, 0xff, 0x20, 0x0, 0x0, 0x0, 0x0, 0x8,
    0xfb, 0x3, 0xdf, 0xf5, 0x0, 0x0, 0x0, 0x0,
    0x0, 0x8f, 0xfd, 0xff, 0xff, 0xe3, 0x0, 0x0,
    0x0, 0x4, 0xbe, 0xff, 0xff, 0xff, 0xff, 0xb0,
    0x0, 0x0, 0x0, 0x6f, 0xff, 0xff, 0xff, 0xff,
    0xc3, 0x0, 0x0, 0x0, 0x0, 0x4e, 0xff, 0xa9,
    0xff, 0xf5, 0x0, 0x0, 0x0, 0x0, 0x0, 0xcf,
    0xf3, 0x8e, 0xff, 0x60, 0x0, 0x0, 0x0, 0x0,
    0xd, 0xff, 0x50, 0xdf, 0xf9, 0x30, 0x0, 0x0,
    0x0, 0x0, 0xef, 0xf5, 0x7f, 0xff, 0xff, 0xe4,
    0x0, 0x0, 0x1, 0x9f, 0xff, 0xff, 0xff, 0xff,
    0xff, 0xe0, 0x0, 0x4a, 0xff, 0xff, 0xff, 0xff,
    0xff, 0xff, 0xfb, 0x0, 0xef, 0xff, 0xff, 0xff,
    0xda, 0xff, 0xf9, 0x0, 0x0, 0x9, 0xff, 0xff,
    0xff, 0xf0, 0xf, 0xff, 0xb0, 0x0, 0x0, 0x5,
    0x84, 0x1e, 0xff, 0x4, 0xff, 0xfc, 0x0, 0x0,
    0x0, 0x0, 0x0, 0x3d, 0xb0, 0x1f, 0xff, 0xe0,
    0x0, 0x0, 0x0, 0x0, 0x0, 0x0, 0x0, 0xaf,
    0xfc, 0x0, 0x0, 0x0, 0x0, 0x0, 0x0, 0x0,
    0x0, 0x8c, 0x30, 0x0, 0x0,

    /* U+0024 "$" */
    0x0, 0x0, 0x0, 0x0, 0x0, 0x0, 0x0, 0x0,
    0x0, 0x0, 0x0, 0xa, 0xf5, 0x0, 0x0, 0x0,
    0x0, 0x0, 0x3, 0x8f, 0xfd, 0x10, 0x0, 0x0,
    0x0, 0x2, 0xcf, 0xff, 0xff, 0xf4, 0x0, 0x0,
    0x0, 0x3f, 0xff, 0xff, 0xfe, 0x67, 0x0, 0x0,
    0x0, 0x9f, 0xff, 0xbf, 0xfd, 0x0, 0x0, 0x0,
    0x0, 0x5f, 0xff, 0x6f, 0xfc, 0x0, 0x0, 0x0,
    0x0, 0xaf, 0xff, 0xff, 0xfe, 0x62, 0x0, 0x0,
    0x6, 0xf5, 0xbf, 0xff, 0xff, 0xff, 0xc4, 0x0,
    0xf, 0xf1, 0x5, 0xdf, 0xff, 0xff, 0xff, 0x70,
    0xe, 0xf5, 0x0, 0xaf, 0xfc, 0xbf, 0xff, 0xf3,
    0xa, 0xfd, 0x0, 0xbf, 0xf9, 0xbf, 0xff, 0xf4,
    0x4, 0xff, 0xa1, 0xdf, 0xff, 0xff, 0xff, 0xd0,
    0x0, 0x9f, 0xff, 0xff, 0xff, 0xff, 0xfe, 0x20,
    0x0, 0x8, 0xff, 0xff, 0xff, 0xff, 0xa1, 0x0,
    0x0, 0x0, 0x3c, 0xff, 0xff, 0xa3, 0x0, 0x0,
    0x0, 0x0, 0x0, 0xef, 0xf6, 0x0, 0x0, 0x0,
    0x0, 0x0, 0x0, 0x7f, 0xf7, 0x0, 0x0, 0x0,
    0x0, 0x0, 0x0, 0x9, 0xf4, 0x0, 0x0, 0x0,

    /* U+0025 "%" */
    0x0, 0x0, 0x0, 0x0, 0x0, 0x0, 0x7b, 0x50,
    0x0, 0x0, 0x0, 0x0, 0x0, 0x0, 0xaf, 0xf0,
    0x0, 0x0, 0x10, 0x0, 0x0, 0x2, 0xef, 0xf1,
    0x0, 0x9, 0xff, 0xa2, 0x0, 0xc, 0xff, 0xb0,
    0x0, 0x3f, 0xcf, 0xff, 0x20, 0x8f, 0xff, 0x20,
    0x0, 0xeb, 0x9, 0xff, 0x65, 0xff, 0xf8, 0x0,
    0x4, 0xfe, 0x9f, 0xff, 0x5f, 0xff, 0xd0, 0x0,
    0x0, 0xef, 0xff, 0xf7, 0xcf, 0xff, 0x30, 0x0,
    0x0, 0x19, 0xfc, 0x48, 0xff, 0xf9, 0x0, 0x0,
    0x0, 0x0, 0x0, 0x4f, 0xff, 0xd0, 0x0, 0x0,
    0x0, 0x0, 0x2, 0xef, 0xff, 0x30, 0x0, 0x0,
    0x0, 0x0, 0xc, 0xff, 0xf9, 0xdf, 0xea, 0x20,
    0x0, 0x0, 0x9f, 0xff, 0xca, 0xff, 0xff, 0xf3,
    0x0, 0x5, 0xff, 0xff, 0x4f, 0xf7, 0xbf, 0xf9,
    0x0, 0x2f, 0xff, 0xf6, 0x7f, 0xfb, 0xff, 0xfb,
    0x1, 0xdf, 0xff, 0xc0, 0xaf, 0xff, 0xff, 0xf5,
    0xb, 0xff, 0xff, 0x30, 0x4f, 0xff, 0xff, 0x90,
    0xf, 0xff, 0xf9, 0x0, 0x8, 0xff, 0xf8, 0x0,
    0x5, 0xff, 0xc0, 0x0, 0x0, 0x16, 0x20, 0x0,
    0x0, 0x25, 0x0, 0x0, 0x0, 0x0, 0x0, 0x0,

    /* U+0026 "&" */
    0x0, 0x0, 0x7, 0xdf, 0xfd, 0x70, 0x0, 0x0,
    0x0, 0x0, 0xbf, 0xff, 0xff, 0xfd, 0x10, 0x0,
    0x0, 0x4, 0xff, 0x82, 0x24, 0xef, 0xb0, 0x0,
    0x0, 0x7, 0xfd, 0x0, 0x0, 0xaf, 0xf3, 0x0,
    0x0, 0x5, 0xfe, 0x0, 0x1, 0xff, 0xff, 0xc1,
    0x0, 0x1, 0xff, 0x50, 0x3e, 0xff, 0xbe, 0xfb,
    0x0, 0x0, 0xbf, 0xe8, 0xff, 0xfb, 0x4f, 0xfd,
    0x0, 0x0, 0x6f, 0xff, 0xff, 0xa0, 0x9f, 0xfa,
    0x0, 0x0, 0x5f, 0xff, 0xf7, 0x3, 0xff, 0xf4,
    0x0, 0x3, 0xdf, 0xff, 0xd0, 0xc, 0xff, 0xd0,
    0x0, 0x4f, 0xff, 0xff, 0xf6, 0x6f, 0xff, 0x50,
    0x2, 0xff, 0xff, 0xdf, 0xff, 0xff, 0xfc, 0x0,
    0xc, 0xff, 0xf6, 0x1d, 0xff, 0xff, 0xf4, 0x0,
    0xf, 0xff, 0xa0, 0xa, 0xff, 0xff, 0xf0, 0x0,
    0xa, 0xff, 0xd9, 0xef, 0xff, 0xff, 0xf7, 0x0,
    0x4, 0xff, 0xff, 0xff, 0xff, 0xff, 0xfe, 0x0,
    0x0, 0x5e, 0xff, 0xff, 0xfa, 0x5b, 0xf9, 0x0,
    0x0, 0x1, 0xaf, 0xc8, 0x20, 0x0, 0x0, 0x0,

    /* U+0027 "'" */
    0x0, 0x79, 0x0, 0xd, 0xf4, 0x3, 0xff, 0x30,
    0x9f, 0xe0, 0xc, 0xf7, 0x0, 0xee, 0x10, 0xf,
    0x60, 0x0, 0xd0, 0x0, 0x6, 0x0, 0x0,

    /* U+0028 "(" */
    0x0, 0x0, 0x0, 0x47, 0x30, 0x0, 0x0, 0x1,
    0xcf, 0xff, 0x60, 0x0, 0x1, 0xdf, 0xff, 0xff,
    0x10, 0x0, 0xaf, 0xff, 0xff, 0xd3, 0x0, 0x2f,
    0xff, 0xfa, 0x30, 0x0, 0xa, 0xff, 0xf7, 0x0,
    0x0, 0x1, 0xff, 0xfc, 0x0, 0x0, 0x0, 0x7f,
    0xff, 0x40, 0x0, 0x0, 0xc, 0xff, 0xd0, 0x0,
    0x0, 0x0, 0xff, 0xf8, 0x0, 0x0, 0x0, 0x4f,
    0xff, 0x30, 0x0, 0x0, 0x6, 0xff, 0xf0, 0x0,
    0x0, 0x0, 0x7f, 0xfc, 0x0, 0x0, 0x0, 0x8,
    0xff, 0xa0, 0x0, 0x0, 0x0, 0x7f, 0xf8, 0x0,
    0x0, 0x0, 0x3, 0xff, 0x80, 0x0, 0x0, 0x0,
    0xf, 0xfd, 0x0, 0x0, 0x0, 0x0, 0xdf, 0xfe,
    0x84, 0x10, 0x3, 0x5, 0xff, 0xff, 0xff, 0xff,
    0x70, 0xb, 0xff, 0xff, 0xff, 0xc0, 0x0, 0xd,
    0xff, 0xff, 0xc0, 0x0, 0x0, 0x19, 0xfe, 0x60,
    0x0, 0x0, 0x0, 0x1, 0x0, 0x0, 0x0,

    /* U+0029 ")" */
    0x0, 0x0, 0x63, 0x0, 0x0, 0x0, 0x0, 0x9,
    0xff, 0xa0, 0x0, 0x0, 0x0, 0x9, 0xff, 0xfc,
    0x10, 0x0, 0x0, 0x1, 0xff, 0xff, 0xd0, 0x0,
    0x0, 0x0, 0x18, 0xff, 0xf7, 0x0, 0x0, 0x0,
    0x0, 0x3f, 0xff, 0x10, 0x0, 0x0, 0x0, 0x7,
    0xff, 0x80, 0x0, 0x0, 0x0, 0x0, 0xff, 0xd0,
    0x0, 0x0, 0x0, 0x0, 0xdf, 0xf2, 0x0, 0x0,
    0x0, 0x0, 0xdf, 0xf5, 0x0, 0x0, 0x0, 0x0,
    0xff, 0xf6, 0x0, 0x0, 0x0, 0x4, 0xff, 0xf6,
    0x0, 0x0, 0x0, 0x9, 0xff, 0xf4, 0x0, 0x0,
    0x0, 0x1f, 0xff, 0xf1, 0x0, 0x0, 0x0, 0xbf,
    0xff, 0xd0, 0x0, 0x0, 0x5, 0xff, 0xff, 0x60,
    0x0, 0x0, 0x2f, 0xff, 0xfd, 0x0, 0x0, 0x0,
    0xcf, 0xff, 0xf4, 0x0, 0x0, 0xa, 0xff, 0xff,
    0x80, 0x0, 0x0, 0x9f, 0xff, 0xf7, 0x0, 0x0,
    0x4d, 0xff, 0xff, 0x50, 0x0, 0x0, 0x1a, 0xfe,
    0x92, 0x0, 0x0, 0x0,

    /* U+002A "*" */
    0x0, 0x0, 0x0, 0x0, 0x0, 0x0, 0x0, 0x0,
    0xca, 0x0, 0x0, 0x8, 0x50, 0xf, 0xf5, 0xdc,
    0x0, 0xaf, 0xe9, 0xff, 0xff, 0x30, 0x0, 0x7f,
    0xff, 0xff, 0x30, 0x0, 0x0, 0x4f, 0xff, 0xc1,
    0x0, 0x0, 0x5f, 0xff, 0xff, 0xe3, 0x0, 0x6f,
    0xff, 0xff, 0xff, 0xe1, 0xf, 0xfc, 0xcf, 0xf1,
    0xad, 0x10, 0x46, 0x4, 0xfe, 0x0, 0x0, 0x0,
    0x0, 0x5, 0x40, 0x0, 0x0,

    /* U+002B "+" */
    0x0, 0x0, 0x0, 0x4e, 0xa3, 0x0, 0x0, 0x0,
    0x0, 0x0, 0xc, 0xff, 0xf3, 0x0, 0x0, 0x0,
    0x0, 0x0, 0x9f, 0xff, 0xa0, 0x0, 0x0, 0x0,
    0x0, 0x2, 0xff, 0xfa, 0x0, 0x0, 0x0, 0x0,
    0x0, 0xe, 0xff, 0x90, 0x0, 0x0, 0x0, 0x55,
    0x3, 0xff, 0xff, 0xff, 0xb0, 0x3, 0xbf, 0xdf,
    0xff, 0xff, 0xff, 0xff, 0x60, 0xff, 0xff, 0xff,
    0xff, 0xff, 0xfe, 0xc1, 0x8, 0xff, 0xff, 0xff,
    0xff, 0x60, 0x0, 0x0, 0x4, 0x86, 0x20, 0xff,
    0xf5, 0x0, 0x0, 0x0, 0x0, 0x0, 0xf, 0xff,
    0x50, 0x0, 0x0, 0x0, 0x0, 0x21, 0xff, 0xf5,
    0x0, 0x0, 0x0, 0x0, 0x4, 0x8f, 0xff, 0x60,
    0x0, 0x0, 0x0, 0x0, 0xb, 0xff, 0xf6, 0x0,
    0x0, 0x0, 0x0, 0x0, 0x2f, 0xff, 0x60, 0x0,
    0x0, 0x0, 0x0, 0x0, 0x3d, 0xf2, 0x0, 0x0,

    /* U+002C "," */
    0x0, 0x2f, 0xd8, 0x0, 0x0, 0xaf, 0xf8, 0x0,
    0xf, 0xfe, 0x20, 0x7, 0xfc, 0x10, 0x2, 0xd6,
    0x0, 0x0, 0x60, 0x0, 0x0,

    /* U+002D "-" */
    0x0, 0x1, 0x35, 0x79, 0xcd, 0xa5, 0x0, 0xa,
    0xff, 0xff, 0xff, 0xff, 0xff, 0xb0, 0xd, 0xff,
    0xff, 0xff, 0xff, 0xff, 0xe0, 0x1, 0xaf, 0xfe,
    0xcb, 0xa9, 0x88, 0x20,

    /* U+002E "." */
    0x0, 0x2, 0x0, 0x8, 0xef, 0xf3, 0xd, 0xff,
    0xf8, 0x2, 0xcf, 0x80,

    /* U+002F "/" */
    0x0, 0x2, 0x61, 0x0, 0x0, 0x5f, 0xd1, 0x0,
    0x9, 0xff, 0x60, 0x0, 0xcf, 0xf7, 0x0, 0xe,
    0xff, 0x60, 0x0, 0xff, 0xf3, 0x0, 0x2f, 0xff,
    0x0, 0x5, 0xff, 0xd0, 0x0, 0x8f, 0xfa, 0x0,
    0xc, 0xff, 0x70, 0x0, 0xff, 0xf4, 0x0, 0x2f,
    0xff, 0x10, 0x6, 0xff, 0xe0, 0x0, 0x9f, 0xfc,
    0x0, 0xc, 0xff, 0x90, 0x0, 0xff, 0xf5, 0x0,
    0x2f, 0xff, 0x20, 0x4, 0xff, 0xf0, 0x0, 0x7f,
    0xfc, 0x0, 0x7, 0xff, 0xa0, 0x0, 0x2f, 0xf8,
    0x0, 0x0, 0x8d, 0x20, 0x0,

    /* U+0030 "0" */
    0x0, 0x0, 0x0, 0x0, 0x0, 0x0, 0x0, 0x0,
    0x4, 0xbf, 0x90, 0x0, 0x0, 0x0, 0xaf, 0xff,
    0xfc, 0x0, 0x0, 0x2, 0xff, 0xfa, 0xff, 0x80,
    0x0, 0xa, 0xff, 0xe0, 0xaf, 0xf0, 0x0, 0x2f,
    0xff, 0x60, 0x8f, 0xf2, 0x0, 0x9f, 0xfe, 0x0,
    0x8f, 0xf4, 0x0, 0xef, 0xf9, 0x0, 0xaf, 0xf5,
    0x4, 0xff, 0xf5, 0x0, 0xcf, 0xf7, 0x8, 0xff,
    0xf2, 0x0, 0xff, 0xf6, 0xc, 0xff, 0xe0, 0x2,
    0xff, 0xf5, 0xf, 0xff, 0xb0, 0x7, 0xff, 0xf2,
    0xf, 0xff, 0x90, 0xd, 0xff, 0xf0, 0xd, 0xff,
    0x80, 0x8f, 0xff, 0xa0, 0x8, 0xff, 0xe9, 0xff,
    0xff, 0x40, 0x4, 0xff, 0xff, 0xff, 0xfd, 0x0,
    0x0, 0xcf, 0xff, 0xff, 0xf4, 0x0, 0x0, 0x1c,
    0xff, 0xff, 0x80, 0x0, 0x0, 0x0, 0x7d, 0xc4,
    0x0, 0x0,

    /* U+0031 "1" */
    0x3, 0xa6, 0x0, 0xc, 0xff, 0xc0, 0x29, 0xff,
    0xf3, 0x0, 0xef, 0xf6, 0x0, 0xff, 0xf5, 0x0,
    0xff, 0xf3, 0x1, 0xff, 0xf2, 0x1, 0xff, 0xf1,
    0x2, 0xff, 0xf0, 0x2, 0xff, 0xf0, 0x3, 0xff,
    0xf0, 0x5, 0xff, 0xe0, 0x6, 0xff, 0xe0, 0x29,
    0xff, 0xd0, 0x2f, 0xff, 0xd0, 0xe, 0xff, 0xc0,
    0xa, 0xff, 0xb0, 0x2, 0xff, 0x70, 0x0, 0x25,
    0x0,

    /* U+0032 "2" */
    0x0, 0x0, 0x6c, 0xfc, 0x50, 0x0, 0x0, 0x0,
    0x2c, 0xff, 0xff, 0xf9, 0x0, 0x0, 0x0, 0xdf,
    0xff, 0xff, 0xff, 0x60, 0x0, 0x0, 0xdf, 0xfb,
    0x9e, 0xff, 0xd0, 0x0, 0x0, 0x39, 0x20, 0xb,
    0xff, 0xd0, 0x0, 0x0, 0x0, 0x0, 0x3f, 0xff,
    0xa0, 0x0, 0x0, 0x0, 0x0, 0xcf, 0xff, 0x20,
    0x0, 0x0, 0x0, 0x8, 0xff, 0xf6, 0x0, 0x0,
    0x0, 0x0, 0x3f, 0xff, 0xb0, 0x0, 0x0, 0x0,
    0x0, 0xef, 0xfe, 0x10, 0x0, 0x0, 0x0, 0x9,
    0xff, 0xf3, 0x0, 0x10, 0x0, 0x0, 0x4f, 0xff,
    0x90, 0x0, 0x50, 0x0, 0x0, 0xef, 0xff, 0x40,
    0x10, 0xd3, 0x0, 0x9, 0xff, 0xff, 0xff, 0xff,
    0xfe, 0x0, 0xf, 0xff, 0xff, 0xff, 0xff, 0xff,
    0xa0, 0xd, 0xff, 0xff, 0xff, 0xff, 0xff, 0xf2,
    0x5, 0xff, 0xff, 0xff, 0xff, 0xff, 0xf5, 0x0,
    0x4d, 0xfc, 0x73, 0x10, 0x39, 0xa0,

    /* U+0033 "3" */
    0x0, 0x19, 0xef, 0xc7, 0x0, 0x0, 0x4, 0xef,
    0xff, 0xff, 0xd3, 0x0, 0xc, 0xff, 0xfd, 0xff,
    0xfe, 0x0, 0x3, 0x94, 0x0, 0x6f, 0xff, 0x40,
    0x0, 0x0, 0x0, 0xcf, 0xff, 0x20, 0x0, 0x0,
    0x8, 0xff, 0xfb, 0x0, 0x0, 0x0, 0x7f, 0xff,
    0xe1, 0x0, 0x0, 0x1a, 0xff, 0xff, 0x20, 0x0,
    0x7, 0xff, 0xff, 0xff, 0xe5, 0x0, 0xe, 0xff,
    0xff, 0xff, 0xff, 0x90, 0x1, 0xef, 0xb6, 0x37,
    0xff, 0xf3, 0x0, 0x0, 0x0, 0x7, 0xff, 0xf4,
    0x0, 0x0, 0x0, 0x2f, 0xff, 0xf2, 0x0, 0x0,
    0x1, 0xef, 0xff, 0xc0, 0x7, 0x93, 0x5e, 0xff,
    0xff, 0x30, 0x7, 0xff, 0xff, 0xff, 0xf8, 0x0,
    0x1, 0xdf, 0xff, 0xff, 0x60, 0x0, 0x0, 0x7,
    0xed, 0x81, 0x0, 0x0,

    /* U+0034 "4" */
    0x0, 0x0, 0x0, 0x0, 0x10, 0x0, 0x0, 0x0,
    0x0, 0x30, 0x0, 0xfe, 0x40, 0x0, 0x0, 0x0,
    0xce, 0x10, 0xdf, 0xe0, 0x0, 0x0, 0x0, 0xbf,
    0x90, 0xaf, 0xf0, 0x0, 0x0, 0x0, 0xdf, 0xb0,
    0x8f, 0xf0, 0x0, 0x0, 0x1, 0xff, 0x90, 0x9f,
    0xe0, 0x0, 0x0, 0x8, 0xff, 0x40, 0xcf, 0xc0,
    0x0, 0x0, 0x1f, 0xfd, 0x0, 0xff, 0xf9, 0x10,
    0x0, 0xaf, 0xfa, 0x8, 0xff, 0xff, 0xd1, 0x7,
    0xff, 0xff, 0xff, 0xff, 0xff, 0xf6, 0xf, 0xff,
    0xff, 0xff, 0xff, 0xfe, 0xa1, 0xb, 0xff, 0xff,
    0xff, 0xff, 0xa0, 0x0, 0x0, 0xac, 0x73, 0x1e,
    0xff, 0x50, 0x0, 0x0, 0x0, 0x0, 0xf, 0xff,
    0x30, 0x0, 0x0, 0x0, 0x0, 0x4f, 0xff, 0x10,
    0x0, 0x0, 0x0, 0x8, 0xcf, 0xff, 0x0, 0x0,
    0x0, 0x0, 0x5, 0xff, 0xff, 0x0, 0x0, 0x0,
    0x0, 0x1, 0xff, 0xfc, 0x0, 0x0, 0x0, 0x0,
    0x0, 0x2d, 0xf4, 0x0, 0x0, 0x0, 0x0, 0x0,
    0x0, 0x0, 0x0, 0x0,

    /* U+0035 "5" */
    0x0, 0x1, 0x0, 0x0, 0x0, 0x0, 0x0, 0x2,
    0xf6, 0x0, 0x2, 0x62, 0x0, 0x0, 0x1f, 0xf1,
    0x6d, 0xff, 0xf7, 0x0, 0x1, 0xff, 0xff, 0xff,
    0xff, 0xf1, 0x0, 0x3f, 0xff, 0xff, 0xff, 0xfe,
    0x10, 0x6, 0xff, 0x0, 0x0, 0x0, 0x0, 0x0,
    0xaf, 0xf0, 0x0, 0x0, 0x0, 0x0, 0xe, 0xfe,
    0x0, 0x0, 0x0, 0x0, 0x4, 0xff, 0xfc, 0xdf,
    0xfa, 0x10, 0x0, 0xaf, 0xff, 0xff, 0xff, 0xfc,
    0x0, 0xf, 0xff, 0xff, 0xff, 0xff, 0xf7, 0x0,
    0xef, 0xfd, 0x62, 0x9, 0xff, 0xa0, 0xb, 0xfc,
    0x10, 0x0, 0xef, 0xf9, 0x0, 0xbb, 0x0, 0x0,
    0x9f, 0xff, 0x50, 0xc, 0xc0, 0x0, 0x7f, 0xff,
    0xe0, 0x0, 0xbf, 0x32, 0xaf, 0xff, 0xf6, 0x0,
    0x6, 0xff, 0xff, 0xff, 0xfb, 0x0, 0x0, 0xc,
    0xff, 0xff, 0xf9, 0x0, 0x0, 0x0, 0xa, 0xff,
    0xb4, 0x0, 0x0, 0x0, 0x0, 0x0, 0x0, 0x0,
    0x0, 0x0,

    /* U+0036 "6" */
    0x0, 0x0, 0x0, 0x2, 0x0, 0x0, 0x0, 0x0,
    0x1, 0xbf, 0xf2, 0x0, 0x0, 0x0, 0xc, 0xff,
    0xf7, 0x0, 0x0, 0x0, 0x8f, 0xff, 0xe2, 0x0,
    0x0, 0x3, 0xff, 0xfe, 0x30, 0x0, 0x0, 0xc,
    0xff, 0xf2, 0x0, 0x0, 0x0, 0x3f, 0xff, 0x70,
    0x0, 0x0, 0x0, 0x8f, 0xff, 0x0, 0x0, 0x0,
    0x0, 0xef, 0xff, 0xda, 0x71, 0x0, 0x2, 0xff,
    0xff, 0xff, 0xfe, 0x30, 0x7, 0xff, 0xff, 0x99,
    0xff, 0xf0, 0xb, 0xff, 0xf1, 0x0, 0xbf, 0xf2,
    0xe, 0xff, 0xc0, 0x3, 0xff, 0xf2, 0xf, 0xff,
    0xb0, 0xc, 0xff, 0xf0, 0xd, 0xff, 0xf9, 0xcf,
    0xff, 0xb0, 0x9, 0xff, 0xff, 0xff, 0xff, 0x60,
    0x2, 0xff, 0xff, 0xff, 0xff, 0x10, 0x0, 0x3d,
    0xff, 0xff, 0xf9, 0x0, 0x0, 0x0, 0x6c, 0xfe,
    0x70, 0x0,

    /* U+0037 "7" */
    0x0, 0x32, 0x26, 0xad, 0xfd, 0x60, 0xc, 0xff,
    0xff, 0xff, 0xff, 0xf5, 0xe, 0xff, 0xff, 0xff,
    0xff, 0xf9, 0x4, 0xef, 0xfc, 0x9d, 0xff, 0xf3,
    0x0, 0x14, 0x10, 0x6, 0xff, 0x90, 0x0, 0x0,
    0x0, 0xa, 0xff, 0x50, 0x0, 0x0, 0x0, 0xd,
    0xff, 0x20, 0x0, 0x0, 0x0, 0xf, 0xff, 0x0,
    0x0, 0x0, 0x0, 0x2f, 0xfd, 0x0, 0x0, 0x0,
    0x0, 0x5f, 0xfc, 0x0, 0x0, 0x0, 0x0, 0x8f,
    0xfb, 0x0, 0x0, 0x0, 0x0, 0xbf, 0xfb, 0x0,
    0x0, 0x0, 0x20, 0xef, 0xfa, 0x0, 0x0, 0x0,
    0x58, 0xff, 0xf9, 0x0, 0x0, 0x0, 0xe, 0xff,
    0xf8, 0x0, 0x0, 0x0, 0x8, 0xff, 0xf6, 0x0,
    0x0, 0x0, 0x4, 0xff, 0xf0, 0x0, 0x0, 0x0,
    0x0, 0x6f, 0x70, 0x0,

    /* U+0038 "8" */
    0x0, 0x0, 0x7, 0xed, 0x50, 0x0, 0x0, 0x1,
    0xcf, 0xff, 0xf8, 0x0, 0x0, 0xc, 0xff, 0xcd,
    0xff, 0x10, 0x0, 0x6f, 0xf6, 0x5, 0xff, 0x10,
    0x0, 0xbf, 0xb0, 0xd, 0xff, 0x0, 0x0, 0xbf,
    0x91, 0xcf, 0xff, 0x70, 0x0, 0x6f, 0xff, 0xff,
    0xfa, 0x0, 0x0, 0x1e, 0xff, 0xff, 0xc0, 0x0,
    0x0, 0x6, 0xff, 0xff, 0xf5, 0x0, 0x0, 0x1d,
    0xff, 0xff, 0xff, 0x70, 0x0, 0xbf, 0xfc, 0x34,
    0xff, 0xf1, 0x6, 0xff, 0xf3, 0x2, 0xff, 0xf4,
    0xc, 0xff, 0xa0, 0xc, 0xff, 0xf3, 0xf, 0xff,
    0xc6, 0xdf, 0xff, 0xe0, 0xf, 0xff, 0xff, 0xff,
    0xff, 0x60, 0xb, 0xff, 0xff, 0xff, 0xf9, 0x0,
    0x3, 0xff, 0xff, 0xff, 0x70, 0x0, 0x0, 0x2c,
    0xfe, 0x91, 0x0, 0x0,

    /* U+0039 "9" */
    0x0, 0x0, 0x4b, 0xea, 0x20, 0x0, 0x0, 0x1b,
    0xff, 0xff, 0xfa, 0x30, 0x0, 0xdf, 0xff, 0x88,
    0xff, 0xe0, 0x8, 0xff, 0xf4, 0xa, 0xff, 0xe0,
    0xf, 0xff, 0x70, 0x3f, 0xff, 0x80, 0xf, 0xff,
    0x52, 0xdf, 0xff, 0x10, 0xa, 0xff, 0xff, 0xff,
    0xfc, 0x0, 0x5, 0xff, 0xff, 0xff, 0xf8, 0x0,
    0x0, 0x6f, 0xff, 0xff, 0xf4, 0x0, 0x0, 0x1,
    0x9d, 0xff, 0xf2, 0x0, 0x0, 0x0, 0x0, 0xef,
    0xf2, 0x0, 0x0, 0x0, 0x1, 0xff, 0xf2, 0x0,
    0x0, 0x0, 0x4, 0xff, 0xf2, 0x0, 0x0, 0x0,
    0x6, 0xff, 0xf1, 0x0, 0x0, 0x0, 0x8, 0xff,
    0xf2, 0x0, 0x0, 0x0, 0x7, 0xff, 0xf3, 0x0,
    0x0, 0x0, 0x1, 0xff, 0xf2, 0x0, 0x0, 0x0,
    0x0, 0x6f, 0xe0, 0x0, 0x0, 0x0, 0x0, 0x1,
    0x0, 0x0,

    /* U+003A ":" */
    0x0, 0x34, 0x0, 0xc, 0xff, 0xe1, 0x9, 0xff,
    0xf5, 0x0, 0x7c, 0xd2, 0x0, 0x0, 0x0, 0x0,
    0x0, 0x0, 0x0, 0x0, 0x0, 0x0, 0x0, 0x0,
    0x0, 0x0, 0x0, 0x2, 0x86, 0x10, 0xf, 0xff,
    0xd0, 0xd, 0xff, 0xf3, 0x1, 0xdf, 0xe1,

    /* U+003B ";" */
    0x0, 0x2, 0x41, 0x0, 0x9, 0xff, 0xf3, 0x0,
    0x5f, 0xff, 0x80, 0x0, 0x38, 0xb3, 0x0, 0x0,
    0x0, 0x0, 0x0, 0x0, 0x0, 0x0, 0x0, 0x0,
    0x0, 0x0, 0x0, 0x0, 0x0, 0x0, 0x0, 0x0,
    0x0, 0x0, 0x0, 0x0, 0x2f, 0xd8, 0x0, 0x0,
    0xaf, 0xf8, 0x0, 0xf, 0xfe, 0x20, 0x7, 0xfc,
    0x10, 0x2, 0xd6, 0x0, 0x0, 0x60, 0x0, 0x0,

    /* U+003C "<" */
    0x0, 0x0, 0x0, 0x0, 0x6, 0x71, 0x0, 0x0,
    0x0, 0x0, 0x4, 0xef, 0xf9, 0x0, 0x0, 0x0,
    0x0, 0x9f, 0xff, 0xf6, 0x0, 0x0, 0x0, 0x2d,
    0xff, 0xff, 0x50, 0x0, 0x0, 0x6, 0xff, 0xff,
    0xc1, 0x0, 0x0, 0x2, 0xcf, 0xff, 0xf8, 0x0,
    0x0, 0x0, 0xe, 0xff, 0xff, 0x50, 0x0, 0x0,
    0x0, 0xc, 0xff, 0xfa, 0x0, 0x0, 0x0, 0x0,
    0x1, 0xcf, 0xff, 0xb3, 0x0, 0x0, 0x0, 0x0,
    0x6, 0xef, 0xff, 0xa1, 0x0, 0x0, 0x0, 0x0,
    0x9, 0xff, 0xff, 0x80, 0x0, 0x0, 0x0, 0x0,
    0x5f, 0xff, 0xfe, 0x40, 0x0, 0x0, 0x0, 0x2,
    0xdf, 0xff, 0xf2, 0x0, 0x0, 0x0, 0x0, 0x7,
    0xff, 0xfb, 0x0, 0x0, 0x0, 0x0, 0x0, 0x18,
    0xe6,

    /* U+003D "=" */
    0x0, 0x0, 0x0, 0x28, 0xdf, 0xb3, 0x0, 0x0,
    0x1, 0x6c, 0xff, 0xff, 0xfd, 0x0, 0x7, 0xff,
    0xff, 0xff, 0xff, 0xfe, 0x10, 0x1, 0xcf, 0xff,
    0xfe, 0xa8, 0x62, 0x0, 0x0, 0x5, 0x85, 0x20,
    0x0, 0x0, 0x0, 0x0, 0x0, 0x0, 0x0, 0x14,
    0x20, 0x0, 0x0, 0x2, 0x57, 0xad, 0xff, 0xfd,
    0x50, 0xc, 0xff, 0xff, 0xff, 0xff, 0xff, 0xe1,
    0xc, 0xff, 0xff, 0xff, 0xff, 0xff, 0xc1, 0x0,
    0xaf, 0xda, 0x86, 0x31, 0x0, 0x0,

    /* U+003E ">" */
    0x7, 0x86, 0x30, 0x0, 0x0, 0x0, 0x0, 0xdf,
    0xff, 0xfb, 0x73, 0x0, 0x0, 0x1, 0xbf, 0xff,
    0xff, 0xfe, 0x92, 0x0, 0x0, 0x39, 0xff, 0xff,
    0xff, 0xf3, 0x0, 0x0, 0x0, 0x5c, 0xff, 0xff,
    0xc0, 0x0, 0x0, 0x0, 0x5f, 0xff, 0xfc, 0x0,
    0x0, 0x0, 0x3f, 0xff, 0xfb, 0x20, 0x0, 0x0,
    0x3f, 0xff, 0xfb, 0x0, 0x0, 0x0, 0x3f, 0xff,
    0xfa, 0x0, 0x0, 0x0, 0x3f, 0xff, 0xfc, 0x0,
    0x0, 0x0, 0x3f, 0xff, 0xfd, 0x10, 0x0, 0x0,
    0x2f, 0xff, 0xfd, 0x10, 0x0, 0x0, 0x4, 0xff,
    0xfd, 0x10, 0x0, 0x0, 0x0, 0x9, 0xfc, 0x20,
    0x0, 0x0, 0x0,

    /* U+003F "?" */
    0x0, 0x5, 0xcf, 0xfc, 0x60, 0x0, 0x1, 0xbf,
    0xff, 0xff, 0xfd, 0x30, 0xc, 0xff, 0xfe, 0xcf,
    0xff, 0xd0, 0xd, 0xfe, 0x60, 0xb, 0xff, 0xf1,
    0x1, 0x71, 0x0, 0x6f, 0xff, 0xb0, 0x0, 0x0,
    0x1, 0xff, 0xfd, 0x0, 0x0, 0x0, 0x7, 0xff,
    0xf3, 0x0, 0x0, 0x0, 0xc, 0xff, 0xb0, 0x0,
    0x0, 0x0, 0xf, 0xff, 0x50, 0x0, 0x0, 0x0,
    0x1f, 0xff, 0x30, 0x0, 0x0, 0x0, 0xf, 0xff,
    0x30, 0x0, 0x0, 0x0, 0xd, 0xff, 0x30, 0x0,
    0x0, 0x0, 0x5, 0xff, 0x30, 0x0, 0x0, 0x0,
    0x0, 0x67, 0x0, 0x0, 0x0, 0x0, 0x0, 0x0,
    0x0, 0x0, 0x0, 0x0, 0x19, 0x83, 0x0, 0x0,
    0x0, 0x0, 0x6f, 0xff, 0x70, 0x0, 0x0, 0x0,
    0x7, 0xff, 0xa0, 0x0, 0x0, 0x0, 0x0, 0x1,
    0x0, 0x0,

    /* U+0040 "@" */
    0x0, 0x0, 0x0, 0x47, 0xae, 0xfd, 0xb6, 0x10,
    0x0, 0x0, 0x0, 0x3d, 0xff, 0xff, 0xff, 0xff,
    0xe5, 0x0, 0x0, 0x5, 0xff, 0xfe, 0x96, 0x44,
    0x69, 0xff, 0x60, 0x0, 0x4f, 0xff, 0xa0, 0x0,
    0x0, 0x0, 0x3f, 0xf1, 0x0, 0xef, 0xf9, 0x5,
    0xbc, 0x87, 0x50, 0xa, 0xf7, 0x6, 0xff, 0xd0,
    0xbf, 0xf7, 0x9f, 0xf6, 0x7, 0xfa, 0xb, 0xff,
    0x77, 0xff, 0x60, 0x9f, 0xf9, 0x9, 0xfb, 0xf,
    0xff, 0x5e, 0xff, 0x0, 0xef, 0xf6, 0xe, 0xfa,
    0xf, 0xff, 0x5b, 0xff, 0x6b, 0xff, 0xf9, 0xbf,
    0xf5, 0xf, 0xff, 0x55, 0xff, 0xff, 0xff, 0xff,
    0xff, 0xd0, 0xb, 0xff, 0x90, 0xbf, 0xff, 0xfb,
    0xef, 0xff, 0x40, 0x6, 0xff, 0xe0, 0x7, 0xec,
    0x40, 0xb, 0xff, 0x0, 0x1, 0xff, 0xf8, 0x0,
    0x0, 0x0, 0x6f, 0xfb, 0x0, 0x0, 0x9f, 0xff,
    0x50, 0x0, 0x4c, 0xff, 0xf7, 0x0, 0x0, 0x1e,
    0xff, 0xfc, 0xbe, 0xff, 0xff, 0xd0, 0x0, 0x0,
    0x2, 0xdf, 0xff, 0xff, 0xff, 0xfd, 0x20, 0x0,
    0x0, 0x0, 0x8, 0xff, 0xff, 0xff, 0xa1, 0x0,
    0x0, 0x0, 0x0, 0x0, 0x39, 0xee, 0x93, 0x0,
    0x0, 0x0,

    /* U+0041 "A" */
    0x0, 0x0, 0x0, 0x1d, 0xff, 0xf8, 0x0, 0x0,
    0x0, 0x0, 0x1b, 0xff, 0xff, 0xf7, 0x0, 0x0,
    0x0, 0x0, 0xa, 0xff, 0xff, 0xb0, 0x0, 0x0,
    0x0, 0x1, 0xff, 0xff, 0xfe, 0x0, 0x0, 0x0,
    0x0, 0x8f, 0xff, 0xff, 0xf1, 0x0, 0x0, 0x0,
    0x1f, 0xfe, 0x8, 0xff, 0x30, 0x0, 0x0, 0x8,
    0xff, 0x80, 0x7f, 0xf6, 0x0, 0x0, 0x1, 0xff,
    0xf1, 0x2d, 0xff, 0xa0, 0x0, 0x0, 0x8f, 0xfe,
    0xbf, 0xff, 0xfd, 0x0, 0x1, 0x1f, 0xff, 0xff,
    0xff, 0xff, 0xf0, 0x0, 0x6f, 0xff, 0xff, 0x94,
    0x9f, 0xff, 0x10, 0xb, 0xff, 0xfb, 0x0, 0x3,
    0xff, 0xf4, 0x1, 0xff, 0xfc, 0x98, 0x0, 0x2f,
    0xff, 0x60, 0x7f, 0xff, 0x30, 0x8c, 0x21, 0xff,
    0xf9, 0xd, 0xff, 0xa0, 0x0, 0x8f, 0x9f, 0xff,
    0xb0, 0xef, 0xf3, 0x0, 0x0, 0x9f, 0xff, 0xfc,
    0x3, 0xeb, 0x0, 0x0, 0x0, 0x9f, 0xff, 0xc0,
    0x0, 0x0, 0x0, 0x0, 0x0, 0x3c, 0xf6,

    /* U+0042 "B" */
    0x0, 0xba, 0x40, 0x17, 0xcf, 0xf9, 0x10, 0x0,
    0x6f, 0xff, 0xbf, 0xff, 0xff, 0xfe, 0x30, 0x0,
    0x8f, 0xff, 0xff, 0xfe, 0xff, 0xfc, 0x0, 0x4,
    0xff, 0xf9, 0x30, 0xb, 0xff, 0xe0, 0x0, 0x4f,
    0xff, 0x0, 0x3, 0xff, 0xfa, 0x0, 0x4, 0xff,
    0xd0, 0x4, 0xef, 0xff, 0x20, 0x0, 0x4f, 0xfa,
    0x8, 0xff, 0xff, 0x60, 0x0, 0x5, 0xff, 0xde,
    0xff, 0xff, 0xfc, 0x0, 0x0, 0x6f, 0xff, 0xff,
    0xff, 0xff, 0xfd, 0x10, 0x7, 0xff, 0xff, 0xfc,
    0x85, 0xdf, 0xfa, 0x0, 0x8f, 0xfc, 0x72, 0x0,
    0xc, 0xff, 0xd0, 0x9, 0xff, 0x70, 0x0, 0x5,
    0xff, 0xfc, 0x0, 0xbf, 0xf7, 0x0, 0x4, 0xff,
    0xff, 0x70, 0x1d, 0xff, 0x60, 0x7, 0xff, 0xff,
    0xd0, 0xc, 0xff, 0xfb, 0xbe, 0xff, 0xff, 0xf3,
    0x0, 0xaf, 0xff, 0xff, 0xff, 0xff, 0xe4, 0x0,
    0x5, 0xff, 0xff, 0xff, 0xfe, 0x70, 0x0, 0x0,
    0x9, 0xfa, 0x36, 0x53, 0x0, 0x0, 0x0, 0x0,
    0x3, 0x0, 0x0, 0x0, 0x0, 0x0, 0x0,

    /* U+0043 "C" */
    0x0, 0x0, 0x1, 0x8e, 0xfd, 0x81, 0x0, 0x0,
    0x0, 0x4e, 0xff, 0xff, 0xfd, 0x10, 0x0, 0x5,
    0xff, 0xff, 0xff, 0xff, 0x90, 0x0, 0x2f, 0xff,
    0xff, 0xd9, 0x76, 0x70, 0x0, 0xaf, 0xff, 0xe3,
    0x0, 0x0, 0x0, 0x2, 0xff, 0xfd, 0x10, 0x0,
    0x0, 0x0, 0x8, 0xff, 0xf3, 0x0, 0x0, 0x0,
    0x0, 0xc, 0xff, 0xc0, 0x0, 0x0, 0x0, 0x0,
    0xf, 0xff, 0x70, 0x0, 0x0, 0x0, 0x0, 0xf,
    0xff, 0x40, 0x0, 0x0, 0x0, 0x0, 0xe, 0xff,
    0x20, 0x0, 0x0, 0x0, 0x0, 0xa, 0xff, 0x50,
    0x0, 0x0, 0x12, 0x0, 0x5, 0xff, 0xd0, 0x0,
    0x5, 0xff, 0xd0, 0x1, 0xef, 0xfc, 0x44, 0xaf,
    0xff, 0xf6, 0x0, 0x4f, 0xff, 0xff, 0xff, 0xff,
    0xf7, 0x0, 0x5, 0xff, 0xff, 0xff, 0xff, 0xf2,
    0x0, 0x0, 0x2b, 0xff, 0xff, 0xff, 0x60, 0x0,
    0x0, 0x0, 0x5b, 0xff, 0xc3, 0x0,

    /* U+0044 "D" */
    0x5, 0xfd, 0x46, 0x9c, 0xef, 0xfc, 0x50, 0x0,
    0xa, 0xff, 0xff, 0xff, 0xff, 0xff, 0xfa, 0x0,
    0x0, 0xbf, 0xff, 0xff, 0xff, 0xff, 0xff, 0xb0,
    0x0, 0xaf, 0xfa, 0x65, 0x44, 0x48, 0xff, 0xf3,
    0x0, 0xaf, 0xf6, 0x0, 0x0, 0x0, 0xff, 0xf8,
    0x0, 0xbf, 0xf5, 0x0, 0x0, 0x3, 0xff, 0xf7,
    0x0, 0xbf, 0xf5, 0x0, 0x0, 0x8, 0xff, 0xf5,
    0x0, 0xbf, 0xf5, 0x0, 0x0, 0xe, 0xff, 0xf2,
    0x0, 0xbf, 0xf5, 0x0, 0x0, 0x7f, 0xff, 0xc0,
    0x0, 0xaf, 0xf6, 0x0, 0x3, 0xff, 0xff, 0x40,
    0x0, 0xbf, 0xf7, 0x0, 0x2e, 0xff, 0xfa, 0x0,
    0x0, 0xbf, 0xf8, 0x2, 0xdf, 0xff, 0xe1, 0x0,
    0x0, 0xcf, 0xf8, 0x3e, 0xff, 0xff, 0x30, 0x0,
    0x0, 0xdf, 0xfe, 0xff, 0xff, 0xf5, 0x0, 0x0,
    0x0, 0xcf, 0xff, 0xff, 0xff, 0x50, 0x0, 0x0,
    0x0, 0xaf, 0xff, 0xff, 0xd3, 0x0, 0x0, 0x0,
    0x0, 0x7f, 0xff, 0xf7, 0x0, 0x0, 0x0, 0x0,
    0x0, 0x1e, 0xb2, 0x0, 0x0, 0x0, 0x0, 0x0,
    0x0, 0x0, 0x0, 0x0, 0x0, 0x0, 0x0, 0x0,

    /* U+0045 "E" */
    0x0, 0x0, 0x0, 0x0, 0x0, 0x0, 0x22, 0x0,
    0x0, 0x0, 0x0, 0x6, 0x91, 0x58, 0xcf, 0xff,
    0xe3, 0x0, 0x0, 0x4, 0xff, 0xff, 0xff, 0xff,
    0xff, 0xfd, 0x0, 0x0, 0x1, 0xff, 0xff, 0xff,
    0xff, 0xfe, 0xd8, 0x0, 0x0, 0x0, 0x2d, 0xff,
    0xc8, 0x42, 0x20, 0x0, 0x0, 0x0, 0x4, 0xe8,
    0x10, 0x0, 0x0, 0x0, 0x0, 0x0, 0x0, 0x7,
    0xff, 0x0, 0x0, 0x0, 0x0, 0x0, 0x0, 0x0,
    0x7, 0xff, 0x20, 0x0, 0x1, 0xa5, 0x0, 0x0,
    0x0, 0x8, 0xff, 0x72, 0x59, 0xdf, 0xff, 0xf8,
    0x0, 0x0, 0xb, 0xff, 0xff, 0xff, 0xff, 0xff,
    0xff, 0x50, 0x0, 0xe, 0xff, 0xff, 0xff, 0xff,
    0xff, 0xff, 0x90, 0x0, 0x3f, 0xff, 0xff, 0xd7,
    0x21, 0x70, 0x26, 0x0, 0x0, 0x9f, 0xfe, 0x72,
    0x0, 0x0, 0x27, 0x0, 0x0, 0x0, 0xef, 0xf7,
    0x0, 0x0, 0x0, 0xa, 0x60, 0x0, 0x7, 0xff,
    0xfb, 0x46, 0x8b, 0xdf, 0xee, 0xf4, 0x0, 0xd,
    0xff, 0xff, 0xff, 0xff, 0xff, 0xff, 0xff, 0x40,
    0xf, 0xff, 0xff, 0xff, 0xff, 0xff, 0xff, 0xff,
    0xd0, 0x8, 0xff, 0xff, 0xfe, 0xdb, 0xbb, 0xce,
    0xff, 0xc0, 0x0, 0x8f, 0xc5, 0x10, 0x0, 0x0,
    0x0, 0x25, 0x10,

    /* U+0046 "F" */
    0x0, 0x5, 0x0, 0x27, 0xbf, 0xd5, 0x0, 0x7,
    0xee, 0xce, 0xff, 0xff, 0xff, 0x20, 0xa, 0xff,
    0xff, 0xff, 0xff, 0xfe, 0x10, 0x2, 0xef, 0xfe,
    0xbd, 0xd6, 0x10, 0x0, 0x0, 0xbf, 0xc0, 0x3,
    0x0, 0x0, 0x0, 0x0, 0xcf, 0xe0, 0x0, 0x0,
    0x0, 0x0, 0x0, 0xdf, 0xe0, 0x0, 0x3a, 0x91,
    0x0, 0x0, 0xef, 0xd5, 0x9e, 0xff, 0xff, 0x60,
    0x0, 0xff, 0xff, 0xff, 0xff, 0xff, 0xf2, 0x0,
    0xff, 0xff, 0xff, 0xff, 0xff, 0xe1, 0x1, 0xff,
    0xe8, 0x53, 0x10, 0x0, 0x0, 0x2, 0xff, 0xc0,
    0x0, 0x0, 0x0, 0x0, 0x3, 0xff, 0xc0, 0x0,
    0x0, 0x0, 0x0, 0x4, 0xff, 0xc0, 0x0, 0x0,
    0x0, 0x0, 0xd, 0xff, 0xc0, 0x0, 0x0, 0x0,
    0x0, 0xb, 0xff, 0xc0, 0x0, 0x0, 0x0, 0x0,
    0x5, 0xff, 0xb0, 0x0, 0x0, 0x0, 0x0, 0x0,
    0x8f, 0x50, 0x0, 0x0, 0x0, 0x0, 0x0, 0x0,
    0x0, 0x0, 0x0, 0x0, 0x0,

    /* U+0047 "G" */
    0x0, 0x0, 0x1, 0x6b, 0xfe, 0x70, 0x0, 0x0,
    0x0, 0x0, 0x3e, 0xff, 0xff, 0xf6, 0x0, 0x0,
    0x0, 0x2, 0xef, 0xff, 0xc6, 0x33, 0x0, 0x0,
    0x0, 0x1e, 0xff, 0xf5, 0x0, 0x0, 0x0, 0x0,
    0x0, 0x9f, 0xff, 0x70, 0x0, 0x0, 0x0, 0x0,
    0x1, 0xff, 0xfb, 0x0, 0x0, 0x0, 0x0, 0x0,
    0x7, 0xff, 0xf3, 0x47, 0x48, 0xcf, 0xff, 0xe0,
    0xb, 0xff, 0xe0, 0x7f, 0xff, 0xff, 0xff, 0xf2,
    0xe, 0xff, 0xa0, 0xa, 0xff, 0xff, 0xfd, 0x90,
    0xf, 0xff, 0x90, 0x0, 0x47, 0xff, 0xd0, 0x0,
    0xe, 0xff, 0x80, 0x0, 0x0, 0xcf, 0xd0, 0x0,
    0xa, 0xff, 0xb0, 0x0, 0x1, 0xff, 0xf0, 0x0,
    0x3, 0xff, 0xf5, 0x0, 0x1c, 0xff, 0xf0, 0x0,
    0x0, 0xdf, 0xff, 0xbb, 0xff, 0xff, 0xf0, 0x0,
    0x0, 0x3f, 0xff, 0xff, 0xff, 0xff, 0xf0, 0x0,
    0x0, 0x3, 0xef, 0xff, 0xff, 0xff, 0xe0, 0x0,
    0x0, 0x0, 0x1a, 0xff, 0xfd, 0xff, 0xc0, 0x0,
    0x0, 0x0, 0x0, 0x15, 0x10, 0x5f, 0x50, 0x0,
    0x0, 0x0, 0x0, 0x0, 0x0, 0x0, 0x0, 0x0,

    /* U+0048 "H" */
    0x0, 0x0, 0x0, 0x0, 0x6, 0xe8, 0x0, 0x6,
    0xd8, 0x0, 0x0, 0x7, 0xff, 0xa0, 0x8, 0xff,
    0x90, 0x0, 0x1, 0xff, 0xf2, 0x2, 0xff, 0xf0,
    0x0, 0x0, 0xdf, 0xf4, 0x0, 0xff, 0xf1, 0x0,
    0x0, 0xbf, 0xf4, 0x0, 0xff, 0xf0, 0x0, 0x0,
    0xaf, 0xf3, 0x0, 0xff, 0xf0, 0x0, 0x0, 0xbf,
    0xf2, 0x0, 0xff, 0xe3, 0x6a, 0xdf, 0xff, 0xf2,
    0x1, 0xff, 0xff, 0xff, 0xff, 0xff, 0xf2, 0x3,
    0xff, 0xff, 0xff, 0xfe, 0xff, 0xf2, 0x4, 0xff,
    0xd8, 0x64, 0x10, 0xff, 0xf2, 0x6, 0xff, 0xa0,
    0x0, 0x0, 0xff, 0xf1, 0xc, 0xff, 0xa0, 0x0,
    0x1, 0xff, 0xf3, 0xf, 0xff, 0x90, 0x0, 0x16,
    0xff, 0xf4, 0xd, 0xff, 0x80, 0x0, 0xb, 0xff,
    0xf5, 0xc, 0xff, 0x70, 0x0, 0x7, 0xff, 0xf7,
    0x4, 0xff, 0x40, 0x0, 0x3, 0xff, 0xf5, 0x0,
    0x45, 0x0, 0x0, 0x0, 0x4d, 0xc0,

    /* U+0049 "I" */
    0x0, 0x0, 0x0, 0x3, 0x0, 0x0, 0x0, 0x7,
    0x52, 0x8e, 0xff, 0x70, 0x0, 0x0, 0xef, 0xff,
    0xff, 0xfd, 0x0, 0x0, 0x8, 0xff, 0xff, 0xfb,
    0x20, 0x0, 0x0, 0x5, 0xef, 0xff, 0x0, 0x0,
    0x0, 0x0, 0x0, 0xdf, 0xf1, 0x0, 0x0, 0x0,
    0x0, 0xc, 0xff, 0x10, 0x0, 0x0, 0x0, 0x0,
    0xdf, 0xf0, 0x0, 0x0, 0x0, 0x0, 0xd, 0xff,
    0x0, 0x0, 0x0, 0x0, 0x0, 0xdf, 0xf1, 0x0,
    0x0, 0x0, 0x0, 0xe, 0xff, 0x0, 0x0, 0x0,
    0x0, 0x0, 0xef, 0xf0, 0x0, 0x0, 0x0, 0x0,
    0xf, 0xff, 0x10, 0x0, 0x0, 0x0, 0x0, 0xff,
    0xf0, 0x0, 0x0, 0x0, 0x1, 0x1f, 0xff, 0x24,
    0x10, 0x0, 0x5b, 0xfa, 0xef, 0xff, 0xfd, 0x10,
    0xf, 0xff, 0xff, 0xff, 0xff, 0xfb, 0x0, 0xaf,
    0xff, 0xff, 0xff, 0xff, 0xf3, 0x0, 0xaf, 0xd7,
    0x20, 0x16, 0xbb, 0x0, 0x0, 0x0, 0x0, 0x0,
    0x0, 0x0,

    /* U+004A "J" */
    0x0, 0x0, 0x0, 0x0, 0x0, 0x0, 0x0, 0x2,
    0x49, 0x13, 0x58, 0xbd, 0xfe, 0x80, 0xf, 0xff,
    0xff, 0xff, 0xff, 0xff, 0xf9, 0xb, 0xff, 0xff,
    0xff, 0xff, 0xff, 0xe9, 0x0, 0x6e, 0xec, 0xaf,
    0xfa, 0x10, 0x0, 0x0, 0x0, 0x0, 0x2f, 0xf8,
    0x0, 0x0, 0x0, 0x0, 0x0, 0x1f, 0xfa, 0x0,
    0x0, 0x0, 0x0, 0x0, 0x1f, 0xfb, 0x0, 0x0,
    0x0, 0x0, 0x0, 0x2f, 0xfc, 0x0, 0x0, 0x0,
    0x0, 0x0, 0x3f, 0xfd, 0x0, 0x0, 0x0, 0x0,
    0x0, 0x3f, 0xfd, 0x0, 0x0, 0x0, 0x0, 0x0,
    0x5f, 0xfd, 0x0, 0x0, 0x0, 0x10, 0x0, 0x6f,
    0xfd, 0x0, 0x0, 0x0, 0x70, 0x0, 0x9f, 0xfd,
    0x0, 0x0, 0x0, 0xc4, 0x1, 0xff, 0xfd, 0x0,
    0x0, 0x0, 0x8f, 0x7c, 0xff, 0xfc, 0x0, 0x0,
    0x0, 0x4f, 0xff, 0xff, 0xf9, 0x0, 0x0, 0x0,
    0x6, 0xff, 0xff, 0xf1, 0x0, 0x0, 0x0, 0x0,
    0x1a, 0xea, 0x20, 0x0, 0x0,

    /* U+004B "K" */
    0x0, 0xd, 0x81, 0x0, 0x0, 0x0, 0x0, 0x0,
    0x0, 0x4f, 0xfe, 0x10, 0x0, 0x20, 0x0, 0x0,
    0x0, 0x2d, 0xff, 0x50, 0x7, 0xff, 0x60, 0x0,
    0x0, 0x9, 0xff, 0x70, 0x2, 0xff, 0xf5, 0x0,
    0x0, 0xa, 0xff, 0x50, 0xc, 0xff, 0xf8, 0x0,
    0x0, 0xa, 0xff, 0x30, 0xbf, 0xff, 0xe1, 0x0,
    0x0, 0xb, 0xff, 0x4c, 0xff, 0xfa, 0x10, 0x0,
    0x0, 0xd, 0xff, 0xef, 0xfb, 0x50, 0x0, 0x0,
    0x0, 0xe, 0xff, 0xfc, 0x30, 0x40, 0x0, 0x0,
    0x0, 0x9f, 0xff, 0xf3, 0x0, 0x71, 0x0, 0x0,
    0x0, 0xaf, 0xff, 0xff, 0xc6, 0x6b, 0x0, 0x0,
    0x0, 0x2f, 0xff, 0xff, 0xff, 0xff, 0x90, 0x0,
    0x0, 0x4f, 0xff, 0x7c, 0xff, 0xff, 0xf8, 0x0,
    0x5, 0x7f, 0xff, 0x30, 0x8f, 0xff, 0xff, 0x50,
    0xb, 0xff, 0xff, 0x20, 0x5, 0xff, 0xff, 0xe0,
    0x7, 0xff, 0xff, 0x0, 0x0, 0x3d, 0xff, 0xc1,
    0x3, 0xff, 0xfb, 0x0, 0x0, 0x0, 0x27, 0x40,
    0x0, 0x6f, 0xe2, 0x0, 0x0, 0x0, 0x0, 0x0,
    0x0, 0x1, 0x0, 0x0, 0x0, 0x0, 0x0, 0x0,

    /* U+004C "L" */
    0x0, 0x3, 0x30, 0x0, 0x0, 0x0, 0x0, 0x0,
    0xc, 0xfe, 0x40, 0x0, 0x0, 0x0, 0x0, 0x8,
    0xff, 0xf1, 0x0, 0x0, 0x0, 0x0, 0x3, 0xff,
    0xf6, 0x0, 0x0, 0x0, 0x0, 0x1, 0xff, 0xf7,
    0x0, 0x0, 0x0, 0x0, 0x2, 0xff, 0xf8, 0x0,
    0x0, 0x0, 0x0, 0x3, 0xff, 0xf6, 0x0, 0x0,
    0x0, 0x0, 0x5, 0xff, 0xf4, 0x0, 0x0, 0x0,
    0x0, 0x7, 0xff, 0xf1, 0x0, 0x0, 0x0, 0x0,
    0x9, 0xff, 0xe0, 0x0, 0x0, 0x0, 0x0, 0xc,
    0xff, 0xa0, 0x0, 0x0, 0x0, 0x0, 0xf, 0xff,
    0x60, 0x0, 0x0, 0x0, 0x0, 0x2f, 0xff, 0x30,
    0x0, 0x0, 0x0, 0x0, 0x6f, 0xfe, 0x0, 0x2,
    0x0, 0x0, 0x0, 0xcf, 0xff, 0xaa, 0xcd, 0xb1,
    0x0, 0x8, 0xff, 0xff, 0xff, 0xff, 0xfe, 0x20,
    0xf, 0xff, 0xff, 0xff, 0xff, 0xff, 0xc0, 0xa,
    0xff, 0xff, 0xff, 0xff, 0xff, 0xd0, 0x0, 0xaf,
    0xe8, 0x41, 0x1, 0x57, 0x30, 0x0, 0x0, 0x0,
    0x0, 0x0, 0x0, 0x0,

    /* U+004D "M" */
    0x0, 0x0, 0x0, 0x0, 0x0, 0x0, 0x0, 0x0,
    0x0, 0x0, 0x0, 0x0, 0x0, 0x1e, 0xf7, 0x0,
    0x9, 0xe9, 0x10, 0x0, 0x0, 0x0, 0x0, 0x9,
    0xff, 0xf1, 0x0, 0xef, 0xfd, 0x10, 0x0, 0x0,
    0x0, 0x0, 0xe, 0xff, 0xa0, 0x0, 0xff, 0xfb,
    0x0, 0x0, 0x0, 0x0, 0x4, 0xff, 0xff, 0x10,
    0x4f, 0xff, 0xf3, 0x0, 0x0, 0x0, 0x0, 0xaf,
    0xff, 0xf5, 0x8, 0xff, 0xff, 0xa0, 0x0, 0x0,
    0x0, 0xf, 0xff, 0xff, 0x80, 0xdf, 0xff, 0xff,
    0x0, 0x0, 0x0, 0x7, 0xff, 0xff, 0xfa, 0x3f,
    0xfb, 0xaf, 0xf4, 0x0, 0x0, 0x0, 0xef, 0xf7,
    0xef, 0xc9, 0xff, 0x67, 0xff, 0x90, 0x0, 0x1,
    0x4f, 0xff, 0x2c, 0xff, 0xff, 0xf1, 0x4f, 0xfe,
    0x0, 0x0, 0x7d, 0xff, 0xc0, 0xbf, 0xff, 0xfc,
    0x1, 0xff, 0xf3, 0x0, 0xc, 0xff, 0xf7, 0x9,
    0xff, 0xff, 0x70, 0xf, 0xff, 0x70, 0x1, 0xff,
    0xff, 0x10, 0x8f, 0xff, 0xf1, 0x0, 0xef, 0xfb,
    0x0, 0x6f, 0xff, 0xb0, 0x7, 0xff, 0xfb, 0x1,
    0x1d, 0xff, 0xf0, 0xa, 0xff, 0xf4, 0x0, 0x5f,
    0xff, 0x50, 0x8, 0xef, 0xff, 0x20, 0xef, 0xfe,
    0x0, 0x0, 0xdf, 0xf1, 0x0, 0x2f, 0xff, 0xf5,
    0xf, 0xff, 0x80, 0x0, 0x4, 0xea, 0x0, 0x0,
    0x8f, 0xff, 0x80, 0x6f, 0xd0, 0x0, 0x0, 0x0,
    0x0, 0x0, 0x0, 0xaf, 0xf5, 0x0, 0x31, 0x0,
    0x0, 0x0, 0x0, 0x0, 0x0, 0x0, 0x69, 0x0,

    /* U+004E "N" */
    0x0, 0x0, 0x0, 0x0, 0x0, 0x0, 0x0, 0x0,
    0x0, 0x7c, 0x70, 0x0, 0x0, 0xdf, 0xc1, 0x0,
    0xe, 0xff, 0x60, 0x0, 0x3d, 0xff, 0x90, 0x0,
    0x5f, 0xfe, 0x10, 0x0, 0x6f, 0xfc, 0x0, 0x3,
    0xff, 0xf9, 0x0, 0x8, 0xff, 0xc0, 0x0, 0x6f,
    0xff, 0xf1, 0x0, 0xaf, 0xf8, 0x0, 0x9, 0xff,
    0xff, 0x70, 0xe, 0xff, 0x50, 0x0, 0xcf, 0xff,
    0xfd, 0x1, 0xff, 0xf1, 0x0, 0xf, 0xff, 0xdf,
    0xf2, 0x5f, 0xfe, 0x0, 0x4, 0xff, 0xd7, 0xff,
    0x78, 0xff, 0xa0, 0x0, 0x7f, 0xfa, 0x3f, 0xfc,
    0xcf, 0xf6, 0x0, 0x3b, 0xff, 0x70, 0xef, 0xff,
    0xff, 0x30, 0xb, 0xff, 0xf4, 0xb, 0xff, 0xff,
    0xf1, 0x0, 0xaf, 0xff, 0x10, 0x8f, 0xff, 0xfe,
    0x0, 0xc, 0xff, 0xe0, 0x3, 0xff, 0xff, 0xb0,
    0x0, 0xef, 0xfb, 0x0, 0xe, 0xff, 0xf8, 0x0,
    0xf, 0xff, 0x70, 0x0, 0x9f, 0xff, 0x50, 0x0,
    0xdf, 0xf4, 0x0, 0x1, 0xdf, 0xf3, 0x0, 0x3,
    0xea, 0x0, 0x0, 0x1, 0xcb, 0x0, 0x0,

    /* U+004F "O" */
    0x0, 0x0, 0x0, 0x39, 0xfe, 0x91, 0x0, 0x0,
    0x0, 0x0, 0x1b, 0xff, 0xff, 0xfe, 0x40, 0x0,
    0x0, 0x2, 0xef, 0xff, 0xff, 0xff, 0xf5, 0x0,
    0x0, 0xc, 0xff, 0xfd, 0x31, 0x4d, 0xff, 0x10,
    0x0, 0x7f, 0xff, 0xd1, 0x0, 0x3, 0xff, 0x70,
    0x2, 0xff, 0xfe, 0x20, 0x0, 0x0, 0xff, 0xb0,
    0x8, 0xff, 0xf7, 0x0, 0x0, 0x0, 0xff, 0xe0,
    0xc, 0xff, 0xf1, 0x0, 0x0, 0x3, 0xff, 0xf0,
    0xe, 0xff, 0xe0, 0x0, 0x0, 0x8, 0xff, 0xf0,
    0xf, 0xff, 0xb0, 0x0, 0x0, 0xe, 0xff, 0xf0,
    0xf, 0xff, 0x90, 0x0, 0x0, 0x5f, 0xff, 0xd0,
    0xd, 0xff, 0x90, 0x0, 0x2, 0xef, 0xff, 0xa0,
    0x7, 0xff, 0xd0, 0x0, 0x2d, 0xff, 0xff, 0x50,
    0x3, 0xff, 0xf7, 0x39, 0xff, 0xff, 0xfe, 0x0,
    0x0, 0xcf, 0xff, 0xff, 0xff, 0xff, 0xf6, 0x0,
    0x0, 0x2e, 0xff, 0xff, 0xff, 0xff, 0xc0, 0x0,
    0x0, 0x2, 0xdf, 0xff, 0xff, 0xfe, 0x20, 0x0,
    0x0, 0x0, 0xa, 0xff, 0xff, 0x91, 0x0, 0x0,
    0x0, 0x0, 0x0, 0x15, 0x20, 0x0, 0x0, 0x0,

    /* U+0050 "P" */
    0x0, 0x10, 0x27, 0xad, 0xfe, 0xb5, 0x0, 0x0,
    0x8f, 0xef, 0xff, 0xff, 0xff, 0xfb, 0x0, 0x3,
    0xff, 0xff, 0xff, 0xff, 0xff, 0xf9, 0x0, 0x8,
    0xff, 0xc4, 0x10, 0x1f, 0xff, 0xf1, 0x0, 0x3f,
    0xf9, 0x0, 0x7, 0xff, 0xff, 0x0, 0x2, 0xff,
    0xa0, 0x4, 0xff, 0xff, 0xa0, 0x0, 0x3f, 0xfc,
    0x5, 0xff, 0xff, 0xe1, 0x0, 0x3, 0xff, 0xfd,
    0xff, 0xff, 0xf3, 0x0, 0x0, 0x3f, 0xff, 0xff,
    0xff, 0xe4, 0x0, 0x0, 0x3, 0xff, 0xff, 0xff,
    0xa1, 0x0, 0x0, 0x0, 0x4f, 0xff, 0xfa, 0x30,
    0x0, 0x0, 0x0, 0x7, 0xff, 0xf3, 0x0, 0x0,
    0x0, 0x0, 0x0, 0x9f, 0xfe, 0x0, 0x0, 0x0,
    0x0, 0x0, 0x2b, 0xff, 0xe0, 0x0, 0x0, 0x0,
    0x0, 0xa, 0xff, 0xfd, 0x0, 0x0, 0x0, 0x0,
    0x0, 0x6f, 0xff, 0xc0, 0x0, 0x0, 0x0, 0x0,
    0x0, 0xef, 0xf8, 0x0, 0x0, 0x0, 0x0, 0x0,
    0x3, 0xda, 0x0, 0x0, 0x0, 0x0, 0x0,

    /* U+0051 "Q" */
    0x0, 0x0, 0x2a, 0xdf, 0xfe, 0x91, 0x0, 0x0,
    0x0, 0x0, 0x1, 0xdf, 0xff, 0xff, 0xff, 0x50,
    0x0, 0x0, 0x0, 0xd, 0xff, 0xff, 0xfc, 0xef,
    0xf8, 0x0, 0x0, 0x0, 0x9f, 0xff, 0xf9, 0x10,
    0x9, 0xff, 0x70, 0x0, 0x2, 0xff, 0xfe, 0x20,
    0x0, 0x0, 0xbf, 0xf1, 0x0, 0x8, 0xff, 0xf5,
    0x0, 0x0, 0x0, 0x5f, 0xf8, 0x0, 0xc, 0xff,
    0xd0, 0x0, 0x0, 0x0, 0x2f, 0xfd, 0x0, 0xf,
    0xff, 0x80, 0x0, 0x0, 0x0, 0x3f, 0xff, 0x20,
    0xf, 0xff, 0x50, 0x0, 0x0, 0x0, 0x4f, 0xff,
    0x30, 0xe, 0xff, 0x50, 0x8, 0xfd, 0x70, 0x8f,
    0xff, 0x40, 0xa, 0xff, 0x70, 0x8, 0xef, 0xfe,
    0xef, 0xff, 0x30, 0x5, 0xff, 0xc0, 0x0, 0x7,
    0xff, 0xff, 0xff, 0x10, 0x1, 0xff, 0xf5, 0x0,
    0x0, 0xbf, 0xff, 0xfd, 0x0, 0x0, 0x9f, 0xff,
    0x96, 0x8e, 0xff, 0xff, 0xff, 0x90, 0x0, 0xd,
    0xff, 0xff, 0xff, 0xff, 0xff, 0xff, 0xf4, 0x0,
    0x1, 0xcf, 0xff, 0xff, 0xff, 0xff, 0xef, 0xfb,
    0x0, 0x0, 0x8, 0xff, 0xff, 0xff, 0xc3, 0x19,
    0xe4, 0x0, 0x0, 0x0, 0x18, 0xdf, 0xb5, 0x0,
    0x0, 0x0,

    /* U+0052 "R" */
    0x0, 0x0, 0x0, 0x25, 0x9b, 0xdf, 0xeb, 0x60,
    0x0, 0x0, 0x0, 0xae, 0xff, 0xff, 0xff, 0xff,
    0xfe, 0x20, 0x0, 0x0, 0xdf, 0xff, 0xff, 0xff,
    0xff, 0xff, 0xc0, 0x0, 0x0, 0xc, 0xfa, 0x31,
    0x10, 0x6f, 0xff, 0xf0, 0x0, 0x0, 0x3, 0xff,
    0x20, 0x1, 0xef, 0xff, 0xc0, 0x0, 0x0, 0x3,
    0xff, 0x70, 0x1d, 0xff, 0xff, 0x60, 0x0, 0x0,
    0x6, 0xff, 0x71, 0xdf, 0xff, 0xfb, 0x0, 0x0,
    0x0, 0xa, 0xff, 0xce, 0xff, 0xff, 0xb0, 0x0,
    0x0, 0x0, 0x1f, 0xff, 0xff, 0xff, 0xf8, 0x0,
    0x0, 0x0, 0x0, 0x8f, 0xff, 0xff, 0xfe, 0x40,
    0x0, 0x0, 0x0, 0x0, 0xef, 0xff, 0xff, 0xa0,
    0x2, 0x0, 0x0, 0x0, 0x7, 0xff, 0xf7, 0xef,
    0xfe, 0x64, 0x20, 0x0, 0x2, 0x3f, 0xff, 0xe0,
    0x2e, 0xff, 0xff, 0xc0, 0x0, 0x6, 0xff, 0xff,
    0x60, 0x2, 0xef, 0xff, 0xfb, 0x0, 0xc, 0xff,
    0xfd, 0x0, 0x0, 0x2e, 0xff, 0xff, 0x90, 0xf,
    0xff, 0xf5, 0x0, 0x0, 0x1, 0xdf, 0xff, 0xf4,
    0xb, 0xff, 0xa0, 0x0, 0x0, 0x0, 0xa, 0xff,
    0xfc, 0x0, 0x65, 0x0, 0x0, 0x0, 0x0, 0x0,
    0x6b, 0xf4,

    /* U+0053 "S" */
    0x0, 0x0, 0x4b, 0xef, 0xc5, 0x0, 0x0, 0x0,
    0x0, 0xaf, 0xff, 0xff, 0xf8, 0x0, 0x0, 0x0,
    0xcf, 0xff, 0xfc, 0xaa, 0xd0, 0x0, 0x0, 0x7f,
    0xff, 0xa1, 0x0, 0x1, 0x0, 0x0, 0xd, 0xff,
    0xc0, 0x0, 0x0, 0x0, 0x0, 0x0, 0xff, 0xf5,
    0x0, 0x0, 0x0, 0x0, 0x0, 0xe, 0xff, 0x30,
    0x0, 0x0, 0x0, 0x0, 0x0, 0x9f, 0xfc, 0x41,
    0x0, 0x0, 0x0, 0x0, 0x1, 0xdf, 0xff, 0xff,
    0xca, 0x60, 0x0, 0x0, 0x1, 0xaf, 0xff, 0xff,
    0xff, 0xe7, 0x0, 0x0, 0x0, 0x3a, 0xff, 0xff,
    0xff, 0xf8, 0x0, 0x0, 0x0, 0x0, 0x38, 0xdf,
    0xff, 0xf2, 0x0, 0x0, 0x0, 0x0, 0x9, 0xff,
    0xff, 0x60, 0xb7, 0x0, 0x0, 0x7, 0xff, 0xff,
    0xf3, 0xd, 0xfe, 0x86, 0x8d, 0xff, 0xff, 0xfc,
    0x0, 0x3f, 0xff, 0xff, 0xff, 0xff, 0xff, 0x30,
    0x0, 0x2b, 0xff, 0xff, 0xff, 0xfd, 0x30, 0x0,
    0x0, 0x5, 0xaf, 0xfe, 0xb6, 0x0, 0x0,

    /* U+0054 "T" */
    0x0, 0x2, 0x30, 0x3, 0x69, 0xcf, 0xfc, 0x50,
    0x6, 0xcf, 0x7b, 0xff, 0xff, 0xff, 0xff, 0xf8,
    0xf, 0xff, 0xff, 0xff, 0xff, 0xff, 0xff, 0xfd,
    0x8, 0xff, 0xff, 0xff, 0xff, 0x67, 0x43, 0x43,
    0x0, 0x4b, 0xb7, 0x3e, 0xff, 0x0, 0x0, 0x0,
    0x0, 0x0, 0x0, 0xe, 0xff, 0x10, 0x0, 0x0,
    0x0, 0x0, 0x0, 0xe, 0xff, 0x10, 0x0, 0x0,
    0x0, 0x0, 0x0, 0xf, 0xff, 0x20, 0x0, 0x0,
    0x0, 0x0, 0x0, 0xf, 0xff, 0x30, 0x0, 0x0,
    0x0, 0x0, 0x0, 0x1f, 0xff, 0x40, 0x0, 0x0,
    0x0, 0x0, 0x0, 0x2f, 0xff, 0x50, 0x0, 0x0,
    0x0, 0x0, 0x0, 0x3f, 0xff, 0x60, 0x0, 0x0,
    0x0, 0x0, 0x2, 0x4f, 0xff, 0x70, 0x0, 0x0,
    0x0, 0x0, 0x6, 0xbf, 0xff, 0x80, 0x0, 0x0,
    0x0, 0x0, 0x0, 0xef, 0xff, 0xa0, 0x0, 0x0,
    0x0, 0x0, 0x0, 0x8f, 0xff, 0xa0, 0x0, 0x0,
    0x0, 0x0, 0x0, 0x2e, 0xff, 0x90, 0x0, 0x0,
    0x0, 0x0, 0x0, 0x3, 0xed, 0x20, 0x0, 0x0,
    0x0, 0x0, 0x0, 0x0, 0x0, 0x0, 0x0, 0x0,

    /* U+0055 "U" */
    0x0, 0x0, 0x0, 0x0, 0x0, 0x0, 0x0, 0x2,
    0xdd, 0x10, 0x0, 0x4, 0xf5, 0x0, 0x7, 0xff,
    0x80, 0x0, 0x4, 0xff, 0x0, 0xb, 0xff, 0x90,
    0x0, 0x4, 0xff, 0x10, 0xd, 0xff, 0x80, 0x0,
    0x4, 0xff, 0x40, 0xf, 0xff, 0x60, 0x0, 0x4,
    0xff, 0x60, 0xf, 0xff, 0x50, 0x0, 0x4, 0xff,
    0x80, 0xf, 0xff, 0x50, 0x0, 0x5, 0xff, 0xa0,
    0xf, 0xff, 0x50, 0x0, 0x5, 0xff, 0xb0, 0xf,
    0xff, 0x70, 0x0, 0x6, 0xff, 0xd0, 0xf, 0xff,
    0x90, 0x0, 0x8, 0xff, 0xe0, 0xf, 0xff, 0xb0,
    0x0, 0x9, 0xff, 0xe0, 0xe, 0xff, 0xe0, 0x0,
    0xd, 0xff, 0xe0, 0x9, 0xff, 0xf1, 0x0, 0x6f,
    0xff, 0xf0, 0x4, 0xff, 0xf6, 0x3, 0xff, 0xff,
    0xd0, 0x0, 0xdf, 0xff, 0xdf, 0xff, 0xff, 0xa0,
    0x0, 0x2e, 0xff, 0xff, 0xff, 0xff, 0x30, 0x0,
    0x1, 0xaf, 0xff, 0xff, 0xf9, 0x0, 0x0, 0x0,
    0x4, 0xae, 0xfe, 0x70, 0x0,

    /* U+0056 "V" */
    0x4, 0x0, 0x0, 0x0, 0x0, 0x2d, 0xff, 0x70,
    0xd, 0xf9, 0x0, 0x0, 0x0, 0x34, 0xef, 0xf4,
    0xf, 0xff, 0xa0, 0x0, 0x0, 0x0, 0xef, 0xf9,
    0xc, 0xff, 0xf2, 0x0, 0x0, 0x5, 0xff, 0xf8,
    0x0, 0xcf, 0xf9, 0x0, 0x0, 0xb, 0xff, 0xf2,
    0x0, 0x8f, 0xfd, 0x0, 0x0, 0x2f, 0xff, 0xb0,
    0x0, 0x4f, 0xff, 0x20, 0x0, 0xaf, 0xff, 0x40,
    0x0, 0x1f, 0xff, 0x60, 0x2, 0xff, 0xfc, 0x0,
    0x0, 0xc, 0xff, 0xa0, 0xb, 0xff, 0xf4, 0x0,
    0x0, 0x8, 0xff, 0xe0, 0x3f, 0xff, 0xb0, 0x0,
    0x0, 0x3, 0xff, 0xf3, 0xdf, 0xff, 0x30, 0x0,
    0x0, 0x0, 0xff, 0xfd, 0xff, 0xfb, 0x0, 0x0,
    0x0, 0x0, 0xcf, 0xff, 0xff, 0xf3, 0x0, 0x0,
    0x0, 0x0, 0x8f, 0xff, 0xff, 0xb0, 0x0, 0x0,
    0x0, 0x0, 0x2f, 0xff, 0xff, 0x30, 0x0, 0x0,
    0x0, 0x0, 0xd, 0xff, 0xfb, 0x0, 0x0, 0x0,
    0x0, 0x0, 0x3, 0xef, 0xf2, 0x0, 0x0, 0x0,
    0x0, 0x0, 0x0, 0x2a, 0x60, 0x0, 0x0, 0x0,

    /* U+0057 "W" */
    0xc, 0xb6, 0x0, 0x0, 0xac, 0x50, 0x0, 0x8,
    0xfb, 0x0, 0xff, 0xf6, 0x0, 0xc, 0xff, 0x80,
    0x0, 0xbf, 0xf9, 0x7, 0xff, 0xd0, 0x0, 0x8f,
    0xff, 0x20, 0x7, 0xff, 0xb0, 0x3f, 0xff, 0x10,
    0xb, 0xff, 0xf7, 0x0, 0xaf, 0xfa, 0x0, 0xff,
    0xf5, 0x0, 0xff, 0xff, 0xc0, 0xe, 0xff, 0x70,
    0xc, 0xff, 0x80, 0x4f, 0xff, 0xff, 0x3, 0xff,
    0xf2, 0x0, 0x8f, 0xfc, 0x8, 0xff, 0xff, 0xf3,
    0x9f, 0xfd, 0x0, 0x6, 0xff, 0xf0, 0xdf, 0xfb,
    0xff, 0x5e, 0xff, 0x80, 0x0, 0x4f, 0xff, 0x4f,
    0xfd, 0x5f, 0xfd, 0xff, 0xf2, 0x0, 0x2, 0xff,
    0xfc, 0xff, 0x84, 0xff, 0xff, 0xfd, 0x0, 0x0,
    0xf, 0xff, 0xff, 0xf3, 0x2f, 0xff, 0xff, 0x70,
    0x0, 0x0, 0xef, 0xff, 0xfe, 0x1, 0xff, 0xff,
    0xf2, 0x0, 0x0, 0xb, 0xff, 0xff, 0xa0, 0xf,
    0xff, 0xfd, 0x0, 0x0, 0x0, 0x8f, 0xff, 0xf5,
    0x0, 0xdf, 0xff, 0x80, 0x0, 0x0, 0x1, 0xff,
    0xff, 0x0, 0x9, 0xff, 0xf4, 0x0, 0x0, 0x0,
    0xb, 0xff, 0xd0, 0x0, 0x6f, 0xff, 0x10, 0x0,
    0x0, 0x0, 0xa, 0xf6, 0x0, 0x1, 0xef, 0xd0,
    0x0, 0x0, 0x0, 0x0, 0x1, 0x0, 0x0, 0x1,
    0x82, 0x0, 0x0,

    /* U+0058 "X" */
    0x0, 0x0, 0x0, 0x0, 0x2, 0x10, 0x0, 0x0,
    0x0, 0x0, 0x0, 0x0, 0xef, 0x90, 0x0, 0x5,
    0xc5, 0x0, 0x0, 0x6f, 0xff, 0x40, 0x0, 0x7f,
    0xfa, 0x0, 0x3, 0xff, 0xf8, 0x0, 0x1, 0xef,
    0xf9, 0x0, 0xcf, 0xff, 0x40, 0x0, 0x3, 0xff,
    0xf5, 0x7f, 0xff, 0xb0, 0x0, 0x0, 0x7, 0xff,
    0xff, 0xff, 0xf1, 0x0, 0x0, 0x0, 0xa, 0xff,
    0xff, 0xf6, 0x0, 0x0, 0x0, 0x0, 0xd, 0xff,
    0xfa, 0x0, 0x0, 0x0, 0x0, 0x0, 0xbf, 0xff,
    0x80, 0x0, 0x0, 0x0, 0x0, 0x5f, 0xff, 0xff,
    0x50, 0x10, 0x0, 0x0, 0xe, 0xff, 0xff, 0xff,
    0x46, 0x0, 0x0, 0x4a, 0xff, 0xf5, 0xef, 0xff,
    0xd0, 0x0, 0xa, 0xff, 0xfa, 0x5, 0xff, 0xff,
    0x40, 0x1, 0xff, 0xff, 0x10, 0xc, 0xff, 0xfc,
    0x0, 0x9f, 0xff, 0x90, 0x0, 0x2f, 0xff, 0xf4,
    0xf, 0xff, 0xf1, 0x0, 0x0, 0x5f, 0xff, 0xb0,
    0xdf, 0xf8, 0x0, 0x0, 0x0, 0x5f, 0xfc, 0x3,
    0xea, 0x0, 0x0, 0x0, 0x0, 0x27, 0x30,

    /* U+0059 "Y" */
    0x0, 0x0, 0x0, 0x0, 0x0, 0x7e, 0x92, 0x0,
    0x0, 0x0, 0x0, 0x4, 0xcf, 0xff, 0xf2, 0xc,
    0xa1, 0x0, 0x5, 0x50, 0xef, 0xff, 0xa0, 0xcf,
    0xe1, 0x5, 0x70, 0x6f, 0xff, 0xf8, 0x8, 0xff,
    0xb5, 0xc0, 0x4f, 0xff, 0xfa, 0x10, 0x4f, 0xff,
    0xf4, 0x7f, 0xff, 0x81, 0x0, 0x0, 0xef, 0xff,
    0xff, 0xf9, 0x10, 0x0, 0x0, 0x6, 0xff, 0xff,
    0xf6, 0x0, 0x0, 0x0, 0x0, 0x5, 0x9b, 0xff,
    0x90, 0x0, 0x0, 0x0, 0x0, 0x0, 0x2f, 0xfc,
    0x0, 0x0, 0x0, 0x0, 0x0, 0x3, 0xff, 0xc0,
    0x0, 0x0, 0x0, 0x0, 0x0, 0x4f, 0xfd, 0x0,
    0x0, 0x0, 0x0, 0x0, 0x6, 0xff, 0xd0, 0x0,
    0x0, 0x0, 0x0, 0x0, 0x7f, 0xfd, 0x0, 0x0,
    0x0, 0x0, 0x0, 0x7a, 0xff, 0xd0, 0x0, 0x0,
    0x0, 0x0, 0x4, 0xff, 0xfd, 0x0, 0x0, 0x0,
    0x0, 0x0, 0xd, 0xff, 0xb0, 0x0, 0x0, 0x0,
    0x0, 0x0, 0x2e, 0xf6, 0x0, 0x0, 0x0, 0x0,
    0x0, 0x0, 0x2, 0x0, 0x0, 0x0, 0x0,

    /* U+005A "Z" */
    0x0, 0x1, 0x75, 0x25, 0x8b, 0xef, 0xa3, 0x0,
    0x0, 0x9, 0xff, 0xff, 0xff, 0xff, 0xff, 0xf4,
    0x0, 0x0, 0x7f, 0xff, 0xff, 0xff, 0xff, 0xff,
    0xa0, 0x0, 0x0, 0x9f, 0xff, 0xdc, 0xff, 0xff,
    0xf5, 0x0, 0x0, 0x0, 0x33, 0x0, 0x2f, 0xff,
    0xd1, 0x0, 0x0, 0x0, 0x0, 0x0, 0x8, 0xff,
    0xc1, 0x0, 0x0, 0x0, 0x0, 0x0, 0x0, 0xef,
    0xf1, 0x0, 0x0, 0x0, 0x0, 0x0, 0x0, 0x8f,
    0xf8, 0x0, 0x0, 0x0, 0x0, 0x0, 0x0, 0x2f,
    0xfe, 0x10, 0x0, 0x0, 0x0, 0x0, 0x0, 0xc,
    0xff, 0x60, 0x0, 0x0, 0x0, 0x0, 0x0, 0x8,
    0xff, 0xc0, 0x0, 0x0, 0x0, 0x0, 0x0, 0x7,
    0xff, 0xe2, 0x0, 0x0, 0x0, 0x0, 0x0, 0x9,
    0xff, 0xf4, 0x0, 0x0, 0x0, 0x0, 0x0, 0x2c,
    0xff, 0xfc, 0x24, 0x78, 0x67, 0x40, 0x0, 0xf,
    0xff, 0xff, 0xff, 0xff, 0xff, 0xff, 0x80, 0x0,
    0xdf, 0xff, 0xff, 0xff, 0xff, 0xff, 0xff, 0x80,
    0x3, 0xef, 0xff, 0xff, 0xff, 0xff, 0xff, 0xff,
    0x10, 0x0, 0x56, 0x66, 0x66, 0x78, 0xad, 0xff,
    0x80,

    /* U+005B "[" */
    0x0, 0x0, 0x0, 0x26, 0x97, 0x20, 0x0, 0x0,
    0x27, 0xdf, 0xff, 0xff, 0xc0, 0x9, 0xdf, 0xff,
    0xff, 0xff, 0xff, 0x80, 0xbf, 0xff, 0xff, 0xff,
    0xff, 0xf8, 0x0, 0xff, 0xff, 0xfd, 0xca, 0x86,
    0x0, 0xe, 0xff, 0x10, 0x0, 0x0, 0x0, 0x0,
    0xff, 0xf2, 0x0, 0x0, 0x0, 0x0, 0x2f, 0xff,
    0x30, 0x0, 0x0, 0x0, 0x5, 0xff, 0xf4, 0x0,
    0x0, 0x0, 0x0, 0x9f, 0xff, 0x50, 0x0, 0x0,
    0x0, 0xb, 0xff, 0xf5, 0x0, 0x0, 0x0, 0x0,
    0xef, 0xff, 0x50, 0x0, 0x0, 0x0, 0xf, 0xff,
    0xf4, 0x0, 0x0, 0x0, 0x2, 0xff, 0xff, 0x30,
    0x0, 0x0, 0x0, 0x4f, 0xff, 0xf1, 0x0, 0x0,
    0x0, 0x6, 0xff, 0xff, 0x0, 0x0, 0x0, 0x0,
    0x7f, 0xff, 0xf0, 0x0, 0x0, 0x0, 0x8, 0xff,
    0xff, 0x75, 0x8a, 0x84, 0x0, 0x7f, 0xff, 0xff,
    0xff, 0xff, 0xfb, 0x2, 0xff, 0xff, 0xff, 0xff,
    0xff, 0xf5, 0x8, 0xff, 0xff, 0xff, 0xff, 0xfe,
    0x10, 0x6, 0xde, 0xa6, 0x31, 0x0, 0x0,

    /* U+005C "\\" */
    0x1, 0x61, 0x0, 0x1, 0xdf, 0x50, 0x0, 0x6f,
    0xf8, 0x0, 0x7, 0xff, 0xb0, 0x0, 0x6f, 0xfd,
    0x0, 0x4, 0xff, 0xf0, 0x0, 0x1f, 0xff, 0x20,
    0x0, 0xef, 0xf4, 0x0, 0xb, 0xff, 0x80, 0x0,
    0x8f, 0xfb, 0x0, 0x5, 0xff, 0xe0, 0x0, 0x2f,
    0xff, 0x20, 0x0, 0xff, 0xf5, 0x0, 0xd, 0xff,
    0x80, 0x0, 0xaf, 0xfb, 0x0, 0x6, 0xff, 0xe0,
    0x0, 0x3f, 0xff, 0x10, 0x0, 0xff, 0xf4, 0x0,
    0xd, 0xff, 0x60, 0x0, 0xaf, 0xf7, 0x0, 0x8,
    0xff, 0x20, 0x0, 0x4f, 0x80,

    /* U+005D "]" */
    0x0, 0x0, 0x0, 0x15, 0x62, 0x0, 0x0, 0x1,
    0x48, 0xdf, 0xff, 0xfd, 0x30, 0x6, 0xff, 0xff,
    0xff, 0xff, 0xfe, 0x0, 0x2e, 0xff, 0xff, 0xff,
    0xff, 0xf4, 0x0, 0x19, 0xcc, 0xdf, 0xff, 0xfd,
    0x0, 0x0, 0x0, 0x0, 0xef, 0xfd, 0x0, 0x0,
    0x0, 0x0, 0xe, 0xff, 0xb0, 0x0, 0x0, 0x0,
    0x0, 0xff, 0xfb, 0x0, 0x0, 0x0, 0x0, 0x1f,
    0xff, 0xb0, 0x0, 0x0, 0x0, 0x3, 0xff, 0xfc,
    0x0, 0x0, 0x0, 0x0, 0x4f, 0xff, 0xc0, 0x0,
    0x0, 0x0, 0x6, 0xff, 0xfc, 0x0, 0x0, 0x0,
    0x0, 0x7f, 0xff, 0xb0, 0x0, 0x0, 0x0, 0x7,
    0xff, 0xfb, 0x0, 0x0, 0x0, 0x0, 0x8f, 0xff,
    0xb0, 0x0, 0x0, 0x0, 0x9, 0xff, 0xfa, 0x0,
    0x0, 0x0, 0x0, 0x9f, 0xff, 0xa0, 0x0, 0x0,
    0x0, 0xa, 0xff, 0xf9, 0x0, 0x0, 0x1, 0x6a,
    0xef, 0xff, 0xa0, 0x0, 0x8c, 0xff, 0xff, 0xff,
    0xfa, 0x0, 0x7f, 0xff, 0xff, 0xff, 0xff, 0xa0,
    0x0, 0x8f, 0xff, 0xff, 0xff, 0xd4, 0x0,

    /* U+005E "^" */
    0x0, 0x0, 0x17, 0x82, 0x0, 0x0, 0x0, 0x0,
    0x2e, 0xff, 0xf9, 0x0, 0x0, 0x0, 0x1e, 0xff,
    0xff, 0xfc, 0x10, 0x0, 0xc, 0xff, 0xf3, 0x8f,
    0xfc, 0x0, 0x7, 0xff, 0xf5, 0x0, 0xbf, 0xfa,
    0x0, 0xff, 0xfb, 0x0, 0x1, 0xef, 0xf5, 0xc,
    0xff, 0x20, 0x0, 0x2, 0xef, 0xb0, 0x18, 0x40,
    0x0, 0x0, 0x0, 0x63,

    /* U+005F "_" */
    0x0, 0x0, 0x0, 0x25, 0x79, 0xbc, 0x81, 0x7,
    0x89, 0xbe, 0xff, 0xff, 0xff, 0xfa, 0xd, 0xff,
    0xff, 0xff, 0xff, 0xff, 0xfc, 0x0, 0xaf, 0xff,
    0xdb, 0x87, 0x76, 0x51,

    /* U+0060 "`" */
    0x16, 0x0, 0x0, 0x2f, 0xa0, 0x0, 0xe, 0xf8,
    0x0, 0xe, 0xff, 0x40, 0x7, 0xff, 0xd0, 0x0,
    0x7f, 0xf4, 0x0, 0x4, 0xd7,

    /* U+0061 "a" */
    0x0, 0x3, 0xbf, 0xfc, 0x60, 0x0, 0x0, 0xb,
    0xfe, 0x98, 0xdf, 0x90, 0x0, 0x6, 0xf7, 0x0,
    0x0, 0xef, 0x50, 0x0, 0x34, 0x6, 0xbd, 0xbd,
    0xfb, 0x0, 0x0, 0x6f, 0xff, 0xfc, 0xff, 0xe0,
    0x0, 0x5f, 0xff, 0xb1, 0xf, 0xff, 0x0, 0xd,
    0xff, 0xc0, 0x6, 0xff, 0xd0, 0x1, 0xff, 0xf7,
    0x0, 0xdf, 0xf9, 0x0, 0xf, 0xff, 0x81, 0xaf,
    0xff, 0x70, 0x0, 0x9f, 0xff, 0xff, 0xff, 0xf9,
    0x24, 0x3, 0xff, 0xff, 0xff, 0xff, 0xff, 0x50,
    0x1, 0x7c, 0xfe, 0xca, 0xbe, 0xc1,

    /* U+0062 "b" */
    0x3, 0x30, 0x0, 0x0, 0x0, 0x0, 0xd, 0xfc,
    0x10, 0x0, 0x0, 0x0, 0x1c, 0xff, 0x90, 0x0,
    0x0, 0x0, 0x1, 0xff, 0xa0, 0x0, 0x0, 0x0,
    0x2, 0xff, 0xa0, 0x0, 0x0, 0x0, 0x2, 0xff,
    0x90, 0x0, 0x0, 0x0, 0x2, 0xff, 0xfc, 0xfd,
    0x60, 0x0, 0x3, 0xff, 0xff, 0xff, 0xfb, 0x0,
    0x4, 0xff, 0xff, 0xff, 0xff, 0x70, 0x5, 0xff,
    0xe6, 0x38, 0xff, 0xd0, 0x7, 0xff, 0x60, 0x2,
    0xff, 0xe0, 0x8, 0xff, 0x30, 0x7, 0xff, 0xe0,
    0xa, 0xff, 0x30, 0x1e, 0xff, 0xe0, 0xc, 0xff,
    0x20, 0xbf, 0xff, 0x90, 0xe, 0xff, 0xaa, 0xff,
    0xff, 0x10, 0xe, 0xff, 0xff, 0xff, 0xf4, 0x0,
    0xa, 0xff, 0xff, 0xfe, 0x30, 0x0, 0x1, 0xef,
    0xff, 0xc2, 0x0, 0x0, 0x0, 0x1, 0x31, 0x0,
    0x0, 0x0,

    /* U+0063 "c" */
    0x0, 0x0, 0x7c, 0xfe, 0x70, 0x0, 0x1, 0xdf,
    0xff, 0xff, 0x80, 0x0, 0xcf, 0xff, 0xf9, 0x65,
    0x0, 0x6f, 0xff, 0xa1, 0x0, 0x0, 0xe, 0xff,
    0xc0, 0x0, 0x0, 0x1, 0xff, 0xf5, 0x0, 0x0,
    0x0, 0x1f, 0xff, 0x10, 0x0, 0x0, 0x0, 0xcf,
    0xf3, 0x0, 0x7a, 0x80, 0x7, 0xff, 0xc8, 0xef,
    0xff, 0x50, 0x1d, 0xff, 0xff, 0xff, 0xf3, 0x0,
    0x2c, 0xff, 0xff, 0xf5, 0x0, 0x0, 0x5, 0xde,
    0x91, 0x0,

    /* U+0064 "d" */
    0x0, 0x0, 0x0, 0x3, 0x20, 0x0, 0x0, 0x0,
    0x0, 0xc, 0xfd, 0x10, 0x0, 0x0, 0x0, 0xe,
    0xff, 0xc0, 0x0, 0x0, 0x0, 0xa, 0xff, 0xf0,
    0x0, 0x0, 0x0, 0x3, 0xff, 0xf1, 0x0, 0x0,
    0x0, 0x3, 0xff, 0xf0, 0x0, 0x0, 0x0, 0x6,
    0xff, 0xc0, 0x0, 0x2, 0xaf, 0xff, 0xff, 0xa0,
    0x0, 0x3f, 0xff, 0xff, 0xff, 0x70, 0x0, 0xdf,
    0xff, 0xff, 0xff, 0x50, 0x5, 0xff, 0xfa, 0xd,
    0xff, 0x40, 0xb, 0xff, 0xf1, 0xd, 0xff, 0x30,
    0xf, 0xff, 0xa0, 0xf, 0xff, 0x30, 0x1f, 0xff,
    0x50, 0x2f, 0xff, 0x30, 0x2f, 0xff, 0x20, 0x8f,
    0xff, 0x40, 0xe, 0xff, 0x98, 0xff, 0xff, 0xf3,
    0xa, 0xff, 0xff, 0xff, 0xff, 0xf4, 0x1, 0xcf,
    0xff, 0xff, 0xff, 0xf4, 0x0, 0x8, 0xef, 0x90,
    0x3b, 0xe4, 0x0, 0x0, 0x0, 0x0, 0x0, 0x0,

    /* U+0065 "e" */
    0x0, 0x1, 0x9e, 0xfd, 0x81, 0x0, 0x0, 0x3,
    0xef, 0xff, 0xff, 0xe3, 0x0, 0x0, 0xdf, 0xfd,
    0x87, 0xff, 0xe0, 0x0, 0x7f, 0xff, 0x10, 0x5f,
    0xff, 0x30, 0xe, 0xff, 0xf8, 0xcf, 0xff, 0xf2,
    0x1, 0xff, 0xff, 0xff, 0xff, 0xfa, 0x0, 0x2f,
    0xff, 0xff, 0xff, 0xd5, 0x1, 0x70, 0xcf, 0xfe,
    0xa8, 0x40, 0x18, 0xf8, 0x7, 0xff, 0xf7, 0x45,
    0x9f, 0xff, 0x20, 0xb, 0xff, 0xff, 0xff, 0xff,
    0x90, 0x0, 0x8, 0xff, 0xff, 0xff, 0xc0, 0x0,
    0x0, 0x1, 0x7b, 0xfe, 0x91, 0x0,

    /* U+0066 "f" */
    0x0, 0x0, 0x8, 0xfd, 0x70, 0x0, 0x0, 0x4f,
    0xff, 0xf8, 0x0, 0x0, 0x9f, 0xff, 0xfd, 0x0,
    0x0, 0xbf, 0xf8, 0x1, 0x0, 0x0, 0xcf, 0xf4,
    0x0, 0x3, 0xab, 0xef, 0xff, 0xc3, 0x9, 0xff,
    0xff, 0xff, 0xfc, 0x2, 0xdf, 0xff, 0xfc, 0xa5,
    0x0, 0x6, 0xff, 0xf1, 0x0, 0x0, 0x0, 0xef,
    0xf2, 0x0, 0x0, 0x0, 0xef, 0xf3, 0x0, 0x0,
    0x0, 0xff, 0xf2, 0x0, 0x0, 0x3, 0xff, 0xf2,
    0x0, 0x3, 0x8, 0xff, 0xf0, 0x0, 0x1b, 0x1e,
    0xff, 0xc0, 0x0, 0xf, 0xff, 0xff, 0x70, 0x0,
    0xb, 0xff, 0xfe, 0x0, 0x0, 0x0, 0x7e, 0xf4,
    0x0, 0x0,

    /* U+0067 "g" */
    0x0, 0x1, 0x9e, 0xfc, 0x60, 0x0, 0x0, 0x1d,
    0xff, 0xff, 0xfc, 0x10, 0x0, 0x9f, 0xff, 0x7e,
    0xff, 0xb0, 0x0, 0xef, 0xf9, 0xb, 0xff, 0xd0,
    0x3, 0xff, 0xf3, 0xb, 0xff, 0xe0, 0x7, 0xff,
    0xf0, 0xb, 0xff, 0xe0, 0x8, 0xff, 0xd0, 0xb,
    0xff, 0xe0, 0x9, 0xff, 0xc0, 0xd, 0xff, 0xf0,
    0x7, 0xff, 0xe0, 0x1f, 0xff, 0xf0, 0x1, 0xef,
    0xff, 0xef, 0xff, 0xf0, 0x0, 0x5f, 0xff, 0xff,
    0xff, 0xf0, 0x0, 0x5, 0xef, 0xff, 0xff, 0xf0,
    0x0, 0x0, 0x0, 0x5, 0xff, 0xe0, 0x0, 0x0,
    0x0, 0x7, 0xff, 0xd0, 0x0, 0x0, 0x0, 0xb,
    0xff, 0xc0, 0x6, 0x0, 0x0, 0xf, 0xff, 0xa0,
    0x1e, 0x10, 0x0, 0x5f, 0xff, 0x70, 0xf, 0xc1,
    0x15, 0xef, 0xff, 0x20, 0x9, 0xff, 0xff, 0xff,
    0xfd, 0x0, 0x3, 0xef, 0xff, 0xff, 0xf4, 0x0,
    0x0, 0x17, 0xdf, 0xfd, 0x40, 0x0,

    /* U+0068 "h" */
    0x0, 0x5, 0xc7, 0x0, 0x0, 0x0, 0x0, 0x8f,
    0xf7, 0x0, 0x0, 0x0, 0xb, 0xff, 0xb0, 0x0,
    0x0, 0x0, 0x4f, 0xfc, 0x0, 0x0, 0x0, 0x6,
    0xff, 0x90, 0x0, 0x0, 0x0, 0x9f, 0xf7, 0x0,
    0x0, 0x0, 0xd, 0xff, 0xff, 0xfa, 0x0, 0x0,
    0xff, 0xff, 0xff, 0xf5, 0x0, 0x5f, 0xff, 0xdc,
    0xff, 0x70, 0xa, 0xff, 0xf2, 0x8f, 0xf5, 0x0,
    0xef, 0xfa, 0xc, 0xff, 0x30, 0x3f, 0xff, 0x40,
    0xff, 0xf0, 0x7, 0xff, 0xe0, 0x2f, 0xfd, 0x0,
    0xbf, 0xf9, 0x4, 0xff, 0xd7, 0xf, 0xff, 0x60,
    0x2f, 0xff, 0xd1, 0xff, 0xf3, 0x0, 0xcf, 0xfb,
    0xd, 0xff, 0x20, 0x6, 0xff, 0xa0, 0x2d, 0xc0,
    0x0, 0x6, 0xe6,

    /* U+0069 "i" */
    0x0, 0x12, 0x0, 0x1f, 0xff, 0xf5, 0x8, 0xff,
    0xf9, 0x0, 0x3a, 0x60, 0x0, 0x0, 0x0, 0x0,
    0x0, 0x0, 0x0, 0x40, 0x0, 0xc, 0xfe, 0x30,
    0x1, 0xff, 0xb0, 0x1, 0xff, 0xb0, 0x3, 0xff,
    0x80, 0x5, 0xff, 0x50, 0x7, 0xff, 0x40, 0x8,
    0xff, 0x20, 0xa, 0xff, 0x92, 0x9, 0xff, 0xf0,
    0x4, 0xff, 0xf0, 0x0, 0xcf, 0xf0, 0x0, 0x1a,
    0xb0,

    /* U+006A "j" */
    0x0, 0x0, 0x0, 0x10, 0x0, 0x0, 0x0, 0x7f,
    0xe2, 0x0, 0x6, 0xef, 0xff, 0xa0, 0x0, 0x1a,
    0xff, 0xe7, 0x0, 0x0, 0x7, 0x30, 0x0, 0x0,
    0x0, 0x0, 0x0, 0x0, 0x0, 0x2, 0x0, 0x0,
    0x0, 0x5, 0xfe, 0x40, 0x0, 0x0, 0x9f, 0xff,
    0x0, 0x0, 0x1, 0xff, 0xf2, 0x0, 0x0, 0x3f,
    0xff, 0x20, 0x0, 0x5, 0xff, 0xf0, 0x0, 0x0,
    0x7f, 0xff, 0x0, 0x0, 0x8, 0xff, 0xd0, 0x0,
    0x0, 0x8f, 0xfc, 0x0, 0x0, 0x9, 0xff, 0xa0,
    0x0, 0x0, 0xaf, 0xf9, 0x0, 0x0, 0xb, 0xff,
    0x80, 0x0, 0x0, 0xdf, 0xf7, 0x0, 0x0, 0xe,
    0xff, 0x50, 0x0, 0x0, 0xff, 0xf4, 0x0, 0x0,
    0x2f, 0xff, 0x30, 0x0, 0xa5, 0xff, 0xf3, 0x0,
    0xae, 0xbf, 0xff, 0x20, 0x3f, 0xff, 0xff, 0xf0,
    0x2, 0xff, 0xff, 0xf9, 0x0, 0xc, 0xff, 0xfd,
    0x0, 0x0, 0x9, 0xfa, 0x20, 0x0,

    /* U+006B "k" */
    0x0, 0x1, 0x0, 0x0, 0x0, 0x0, 0x0, 0x1,
    0xff, 0xd2, 0x0, 0x0, 0x0, 0x0, 0x3, 0x8f,
    0xf8, 0x0, 0x0, 0x0, 0x0, 0x0, 0x2f, 0xfa,
    0x0, 0x0, 0x0, 0x0, 0x0, 0x2f, 0xfb, 0x0,
    0x0, 0x0, 0x0, 0x0, 0x4f, 0xfa, 0x0, 0x0,
    0x0, 0x0, 0x0, 0x5f, 0xf9, 0x0, 0x0, 0x0,
    0x0, 0x0, 0x8f, 0xfb, 0x9d, 0xfa, 0x20, 0x0,
    0x0, 0xaf, 0xff, 0xff, 0xff, 0xf4, 0x0, 0x0,
    0xcf, 0xff, 0xfe, 0xff, 0xfe, 0x0, 0x0, 0xef,
    0xf9, 0x30, 0xff, 0xfc, 0x0, 0x0, 0xff, 0xf0,
    0xb, 0xff, 0xf3, 0x0, 0x2, 0xff, 0xf2, 0xcf,
    0xfa, 0x50, 0x0, 0x4, 0xff, 0xff, 0xff, 0x30,
    0x30, 0x0, 0x1d, 0xff, 0xff, 0xff, 0xa4, 0x80,
    0x0, 0x2f, 0xff, 0xe9, 0xef, 0xff, 0xf8, 0x0,
    0x2f, 0xff, 0xd0, 0x9, 0xff, 0xff, 0x40, 0x1f,
    0xff, 0xa0, 0x0, 0x6e, 0xff, 0xe0, 0x6, 0xfd,
    0x20, 0x0, 0x0, 0xae, 0x70, 0x0, 0x0, 0x0,
    0x0, 0x0, 0x0, 0x0,

    /* U+006C "l" */
    0x2, 0xd9, 0x20, 0x8, 0xff, 0xf1, 0xb, 0xef,
    0xf9, 0x0, 0x8f, 0xf9, 0x0, 0xaf, 0xf7, 0x0,
    0xdf, 0xf3, 0x0, 0xff, 0xf0, 0x2, 0xff, 0xc0,
    0x4, 0xff, 0x90, 0x6, 0xff, 0x70, 0x8, 0xff,
    0x50, 0xa, 0xff, 0x41, 0xc, 0xff, 0xb5, 0xe,
    0xff, 0xf6, 0xe, 0xff, 0xf5, 0x8, 0xff, 0xf4,
    0x2, 0xef, 0xf3, 0x0, 0x2c, 0xb1,

    /* U+006D "m" */
    0x0, 0x0, 0x0, 0x0, 0x0, 0x1, 0x20, 0x0,
    0x8, 0x50, 0x3b, 0xd6, 0x6, 0xff, 0xb2, 0x0,
    0xef, 0xef, 0xff, 0xfe, 0xff, 0xff, 0xb0, 0x9,
    0xff, 0xd6, 0xef, 0xfa, 0x7f, 0xfd, 0x0, 0x9f,
    0xf6, 0xd, 0xff, 0x13, 0xff, 0xb0, 0xc, 0xff,
    0x20, 0xff, 0xe0, 0x6f, 0xf7, 0x0, 0xff, 0xf0,
    0x3f, 0xfb, 0x8, 0xff, 0x40, 0x6f, 0xfc, 0x6,
    0xff, 0x90, 0xaf, 0xf3, 0xc, 0xff, 0x90, 0xaf,
    0xf7, 0xc, 0xff, 0x41, 0xff, 0xf6, 0xd, 0xff,
    0x50, 0xcf, 0xf6, 0xe, 0xff, 0x30, 0xaf, 0xf3,
    0xa, 0xff, 0xa0, 0x2c, 0xd0, 0x1, 0xbd, 0x0,
    0x5f, 0xfa, 0x0, 0x0, 0x0, 0x0, 0x0, 0x0,
    0x8d, 0x40,

    /* U+006E "n" */
    0x0, 0x30, 0x0, 0x18, 0xfd, 0x60, 0x6, 0xff,
    0x75, 0xef, 0xff, 0xf6, 0x4, 0xef, 0xff, 0xfb,
    0xcf, 0xfc, 0x0, 0xaf, 0xff, 0x50, 0x7f, 0xfc,
    0x0, 0xcf, 0xfc, 0x0, 0xaf, 0xf9, 0x0, 0xff,
    0xf7, 0x0, 0xdf, 0xf7, 0x4, 0xff, 0xf1, 0x0,
    0xff, 0xf5, 0xa, 0xff, 0xc0, 0x2, 0xff, 0xfa,
    0xf, 0xff, 0x80, 0x5, 0xff, 0xf7, 0x1f, 0xff,
    0x30, 0x3, 0xff, 0xf6, 0x8, 0xff, 0x0, 0x0,
    0xbf, 0xf6, 0x0, 0x43, 0x0, 0x0, 0x1c, 0xf3,
    0x0, 0x0, 0x0, 0x0, 0x0, 0x0,

    /* U+006F "o" */
    0x0, 0x0, 0x0, 0x0, 0x0, 0x0, 0x0, 0x8,
    0xff, 0xa2, 0x0, 0x0, 0x2d, 0xff, 0xff, 0xf4,
    0x0, 0xd, 0xff, 0x84, 0xdf, 0xe0, 0x7, 0xff,
    0x90, 0x5, 0xff, 0x50, 0xdf, 0xf1, 0x0, 0x5f,
    0xf8, 0x1f, 0xfb, 0x0, 0x9, 0xff, 0xa1, 0xff,
    0x90, 0x0, 0xef, 0xfa, 0xe, 0xfc, 0x0, 0x6f,
    0xff, 0x70, 0x9f, 0xf8, 0x8f, 0xff, 0xf1, 0x3,
    0xff, 0xff, 0xff, 0xf7, 0x0, 0x4, 0xff, 0xff,
    0xfa, 0x0, 0x0, 0x1, 0x9e, 0xd7, 0x0, 0x0,

    /* U+0070 "p" */
    0x0, 0x0, 0x28, 0xcf, 0xc5, 0x0, 0x0, 0x2,
    0xbf, 0xff, 0xff, 0xfc, 0x0, 0x0, 0xef, 0xff,
    0xff, 0xff, 0xf9, 0x0, 0x2f, 0xfb, 0x21, 0x2a,
    0xff, 0xf1, 0x0, 0x9f, 0x90, 0x0, 0x4f, 0xff,
    0x40, 0x9, 0xfb, 0x0, 0xc, 0xff, 0xf3, 0x0,
    0xaf, 0xc0, 0x6, 0xff, 0xff, 0x0, 0xa, 0xfd,
    0x2, 0xff, 0xff, 0x70, 0x0, 0xaf, 0xfb, 0xef,
    0xff, 0xb0, 0x0, 0xa, 0xff, 0xff, 0xff, 0xb0,
    0x0, 0x0, 0xaf, 0xff, 0xff, 0x90, 0x0, 0x0,
    0xb, 0xff, 0xfc, 0x50, 0x0, 0x0, 0x0, 0xdf,
    0xe3, 0x0, 0x0, 0x0, 0x1, 0x1e, 0xfc, 0x0,
    0x0, 0x0, 0x0, 0x18, 0xff, 0xb0, 0x0, 0x0,
    0x0, 0x0, 0xff, 0xfb, 0x0, 0x0, 0x0, 0x0,
    0xe, 0xff, 0xb0, 0x0, 0x0, 0x0, 0x0, 0xdf,
    0xfa, 0x0, 0x0, 0x0, 0x0, 0xb, 0xff, 0x90,
    0x0, 0x0, 0x0, 0x0, 0x5f, 0xf4, 0x0, 0x0,
    0x0, 0x0, 0x0, 0x68, 0x0, 0x0, 0x0, 0x0,
    0x0,

    /* U+0071 "q" */
    0x0, 0x0, 0x6c, 0xfc, 0x30, 0x0, 0x0, 0xbf,
    0xff, 0xff, 0x50, 0x0, 0xaf, 0xff, 0xed, 0xff,
    0x70, 0x5f, 0xff, 0xb1, 0x3f, 0xfb, 0xc, 0xff,
    0xb0, 0x9, 0xff, 0x80, 0xff, 0xf2, 0x2, 0xff,
    0xf4, 0x2f, 0xfe, 0x0, 0xbf, 0xff, 0x1, 0xff,
    0xf6, 0x9f, 0xff, 0xb0, 0xc, 0xff, 0xff, 0xff,
    0xf7, 0x0, 0x8f, 0xff, 0xff, 0xff, 0x40, 0x1,
    0xdf, 0xff, 0xff, 0xf2, 0x0, 0x1, 0xbf, 0xff,
    0xff, 0x10, 0x0, 0x0, 0x0, 0xcf, 0xf0, 0x0,
    0x0, 0x0, 0xa, 0xff, 0x22, 0x0, 0x0, 0x0,
    0xcf, 0xfc, 0x50, 0x0, 0x0, 0xd, 0xff, 0xf2,
    0x0, 0x0, 0x0, 0xff, 0xff, 0x0, 0x0, 0x0,
    0xd, 0xff, 0xc0, 0x0, 0x0, 0x0, 0x8f, 0xfb,
    0x0, 0x0, 0x0, 0x3, 0xff, 0xa0, 0x0, 0x0,
    0x0, 0x6, 0xf6, 0x0, 0x0, 0x0, 0x0, 0x0,
    0x0,

    /* U+0072 "r" */
    0x7, 0xd7, 0x0, 0x0, 0x0, 0x0, 0xb, 0xff,
    0x60, 0x0, 0x0, 0x0, 0x0, 0xff, 0xc0, 0x29,
    0xa5, 0x0, 0x0, 0xff, 0xfb, 0xff, 0xff, 0xa0,
    0x1, 0xff, 0xff, 0xff, 0xff, 0xf2, 0x4, 0xff,
    0xfd, 0x85, 0x1, 0x50, 0x7, 0xff, 0xf1, 0x0,
    0x0, 0x0, 0xb, 0xff, 0xb0, 0x0, 0x0, 0x0,
    0xe, 0xff, 0x60, 0x0, 0x0, 0x0, 0x1f, 0xff,
    0x40, 0x0, 0x0, 0x0, 0xe, 0xff, 0x20, 0x0,
    0x0, 0x0, 0x3, 0xec, 0x0, 0x0, 0x0, 0x0,
    0x0, 0x0, 0x0, 0x0, 0x0, 0x0,

    /* U+0073 "s" */
    0x0, 0x5, 0xcf, 0xea, 0x20, 0x0, 0x0, 0xaf,
    0xff, 0xff, 0xf4, 0x0, 0x7, 0xff, 0xff, 0xca,
    0xa6, 0x0, 0x9, 0xff, 0xe3, 0x0, 0x0, 0x0,
    0x4, 0xff, 0xe6, 0x30, 0x0, 0x0, 0x0, 0xaf,
    0xff, 0xff, 0xb2, 0x0, 0x0, 0x4, 0xdf, 0xff,
    0xff, 0x60, 0x0, 0x10, 0x3, 0x9f, 0xff, 0xf2,
    0x1d, 0x80, 0x14, 0xcf, 0xff, 0xf2, 0xf, 0xff,
    0xff, 0xff, 0xff, 0xa0, 0x4, 0xef, 0xff, 0xff,
    0xfa, 0x0, 0x0, 0x9, 0xef, 0xea, 0x40, 0x0,
    0x0, 0x0, 0x0, 0x0, 0x0, 0x0,

    /* U+0074 "t" */
    0x0, 0x0, 0x0, 0x0, 0x0, 0x0, 0x0, 0x0,
    0xb, 0xfd, 0x40, 0x0, 0x0, 0x0, 0xf, 0xff,
    0xf2, 0x0, 0x0, 0x0, 0x6, 0xff, 0xf5, 0x0,
    0x0, 0x0, 0x4, 0xff, 0xf5, 0x0, 0x0, 0x0,
    0x5, 0xff, 0xf3, 0x0, 0x0, 0x3, 0x6, 0xff,
    0xff, 0xb1, 0x7, 0xbd, 0x8e, 0xff, 0xff, 0xf8,
    0x1f, 0xff, 0xff, 0xff, 0xea, 0x70, 0x3, 0xcf,
    0xff, 0xff, 0x40, 0x0, 0x0, 0x1, 0x4f, 0xff,
    0x10, 0x0, 0x0, 0x0, 0x4f, 0xff, 0x1, 0x0,
    0x0, 0x0, 0x7f, 0xfd, 0x4, 0x0, 0x0, 0x0,
    0x9f, 0xfc, 0x9, 0x0, 0x0, 0x0, 0xbf, 0xfe,
    0x9a, 0x0, 0x0, 0x0, 0x9f, 0xff, 0xf9, 0x0,
    0x0, 0x0, 0x3f, 0xff, 0xf7, 0x0, 0x0, 0x0,
    0xa, 0xff, 0xf4, 0x0, 0x0, 0x0, 0x0, 0x6d,
    0xb1, 0x0,

    /* U+0075 "u" */
    0x0, 0x0, 0x0, 0x1, 0x0, 0x0, 0x48, 0x30,
    0x0, 0xdf, 0x70, 0xa, 0xff, 0x40, 0x1c, 0xff,
    0x10, 0xcf, 0xf9, 0x0, 0x8f, 0xf3, 0x8, 0xff,
    0x90, 0xb, 0xff, 0x20, 0xbf, 0xf6, 0x0, 0xef,
    0xf0, 0xe, 0xff, 0x40, 0x1f, 0xfe, 0x0, 0xff,
    0xf3, 0x9, 0xff, 0xc0, 0x2f, 0xff, 0x46, 0xff,
    0xfa, 0x0, 0xff, 0xff, 0xff, 0xff, 0xc7, 0x9,
    0xff, 0xff, 0xff, 0xff, 0xb0, 0x1d, 0xff, 0xff,
    0xff, 0xf8, 0x0, 0x6, 0xdf, 0xc2, 0xbf, 0x70,
    0x0, 0x0, 0x0, 0x0, 0x0,

    /* U+0076 "v" */
    0x0, 0x0, 0x0, 0x0, 0x0, 0x0, 0x0, 0x0,
    0x0, 0x0, 0x2, 0xed, 0x50, 0xe, 0xf8, 0x0,
    0x0, 0xc, 0xff, 0x10, 0x8f, 0xfb, 0x0, 0x3,
    0xff, 0xf0, 0x0, 0xaf, 0xf5, 0x0, 0xcf, 0xf9,
    0x0, 0x7, 0xff, 0xa0, 0x7f, 0xff, 0x10, 0x0,
    0x4f, 0xfd, 0x1f, 0xff, 0x80, 0x0, 0x2, 0xff,
    0xfc, 0xff, 0xd0, 0x0, 0x0, 0xf, 0xff, 0xff,
    0xf4, 0x0, 0x0, 0x0, 0xff, 0xff, 0xf9, 0x0,
    0x0, 0x0, 0xf, 0xff, 0xfd, 0x0, 0x0, 0x0,
    0x0, 0x8f, 0xff, 0x30, 0x0, 0x0, 0x0, 0x0,
    0x8f, 0xc0, 0x0, 0x0, 0x0, 0x0, 0x0, 0x0,
    0x0, 0x0, 0x0,

    /* U+0077 "w" */
    0x2, 0x0, 0x0, 0x2, 0x0, 0x0, 0xbc, 0x30,
    0xd, 0xe6, 0x0, 0x1f, 0xd0, 0x0, 0x8f, 0xe0,
    0x1, 0xff, 0x50, 0x1f, 0xf8, 0x0, 0xbf, 0xf0,
    0x0, 0xdf, 0xa0, 0x4f, 0xff, 0x1, 0xff, 0xc0,
    0x0, 0xdf, 0xc0, 0xaf, 0xff, 0x57, 0xff, 0x70,
    0x0, 0xdf, 0xe3, 0xff, 0xff, 0x9d, 0xff, 0x10,
    0x0, 0xdf, 0xfc, 0xff, 0xff, 0xff, 0xfb, 0x0,
    0x0, 0xdf, 0xff, 0xfa, 0xaf, 0xff, 0xf5, 0x0,
    0x0, 0xcf, 0xff, 0xf2, 0x6f, 0xff, 0xf0, 0x0,
    0x0, 0xbf, 0xff, 0x90, 0x1f, 0xff, 0xa0, 0x0,
    0x0, 0x6f, 0xff, 0x10, 0xa, 0xff, 0x50, 0x0,
    0x0, 0xb, 0xf7, 0x0, 0x1, 0xdd, 0x0, 0x0,
    0x0, 0x0, 0x0, 0x0, 0x0, 0x0, 0x0, 0x0,

    /* U+0078 "x" */
    0x0, 0x0, 0x0, 0x0, 0x5, 0x50, 0x0, 0x7,
    0x60, 0x0, 0x8f, 0xfb, 0x0, 0xdf, 0xfc, 0x10,
    0xaf, 0xfb, 0x1, 0xa9, 0xff, 0xb6, 0xff, 0xe1,
    0x0, 0x0, 0x7f, 0xff, 0xff, 0x40, 0x0, 0x0,
    0xe, 0xff, 0xf6, 0x0, 0x0, 0x0, 0x1e, 0xff,
    0xc0, 0x0, 0x0, 0x0, 0xcf, 0xff, 0xf3, 0x10,
    0x0, 0x1b, 0xff, 0xff, 0xfe, 0x70, 0x2, 0xff,
    0xff, 0x3f, 0xff, 0xc0, 0xc, 0xff, 0xf4, 0x8,
    0xff, 0xf3, 0x1f, 0xff, 0x80, 0x0, 0xdf, 0xfa,
    0x7, 0xf9, 0x0, 0x0, 0x8, 0xe6,

    /* U+0079 "y" */
    0x0, 0x2, 0x30, 0x0, 0x7, 0xd8, 0x0, 0x0,
    0x1e, 0xfb, 0x10, 0xa, 0xff, 0xa0, 0x0, 0x36,
    0xff, 0xa0, 0x6, 0xff, 0xf0, 0x0, 0x0, 0xff,
    0xe0, 0x7, 0xff, 0xf0, 0x0, 0x0, 0xff, 0xf0,
    0xb, 0xff, 0xd0, 0x0, 0x1, 0xff, 0xf0, 0xf,
    0xff, 0xa0, 0x0, 0x4, 0xff, 0xf0, 0x6f, 0xff,
    0x70, 0x0, 0x9, 0xff, 0xfd, 0xff, 0xff, 0x30,
    0x0, 0x1f, 0xff, 0xff, 0xff, 0xff, 0x10, 0x0,
    0x8f, 0xff, 0xff, 0xff, 0xff, 0x0, 0x0, 0x8f,
    0xff, 0xd3, 0xaf, 0xfe, 0x0, 0x0, 0x9, 0xfd,
    0x10, 0x9f, 0xfe, 0x0, 0x0, 0x0, 0x0, 0x0,
    0xcf, 0xfd, 0x0, 0x0, 0x0, 0x0, 0x0, 0xef,
    0xfc, 0x0, 0x3, 0x0, 0x0, 0x3, 0xff, 0xfb,
    0x0, 0x7, 0x50, 0x0, 0xc, 0xff, 0xf9, 0x0,
    0x1, 0xf5, 0x0, 0x6f, 0xff, 0xf5, 0x0, 0x0,
    0xbf, 0xaa, 0xff, 0xff, 0xf1, 0x0, 0x0, 0x1e,
    0xff, 0xff, 0xff, 0x70, 0x0, 0x0, 0x1, 0xbf,
    0xff, 0xfa, 0x0, 0x0, 0x0, 0x0, 0x4, 0xa9,
    0x30, 0x0, 0x0,

    /* U+007A "z" */
    0x0, 0x1, 0x88, 0x36, 0xdd, 0x80, 0x0, 0x0,
    0xaf, 0xfc, 0xff, 0xff, 0xf8, 0x0, 0x0, 0xbf,
    0xff, 0xff, 0xff, 0xfa, 0x0, 0x0, 0x2d, 0xff,
    0xff, 0xff, 0xd2, 0x0, 0x0, 0x0, 0x35, 0xff,
    0xfd, 0x10, 0x0, 0x0, 0x0, 0xb, 0xff, 0xc1,
    0x0, 0x0, 0x0, 0x0, 0xbf, 0xfd, 0x10, 0x0,
    0x0, 0x0, 0xb, 0xff, 0xd1, 0x0, 0x0, 0x0,
    0x1, 0xcf, 0xff, 0x31, 0x45, 0x27, 0x0, 0xd,
    0xff, 0xff, 0xff, 0xff, 0xff, 0x50, 0x1f, 0xff,
    0xff, 0xff, 0xff, 0xff, 0xf2, 0xa, 0xff, 0xff,
    0xff, 0xff, 0xff, 0xf7, 0x0, 0x68, 0x43, 0x10,
    0x2, 0x57, 0x90,

    /* U+007B "{" */
    0x0, 0x9, 0xee, 0x80, 0x0, 0x6, 0xff, 0xff,
    0xa0, 0x0, 0xbf, 0xff, 0xfe, 0x0, 0xe, 0xff,
    0xb3, 0x70, 0x0, 0xef, 0xf4, 0x0, 0x0, 0xe,
    0xff, 0x30, 0x0, 0x0, 0xdf, 0xf3, 0x0, 0x0,
    0x1e, 0xff, 0x40, 0x0, 0x5e, 0xff, 0xf4, 0x0,
    0x7, 0xff, 0xff, 0x40, 0x0, 0x9, 0xff, 0xf5,
    0x0, 0x0, 0xc, 0xff, 0x30, 0x0, 0x0, 0xdf,
    0xf1, 0x0, 0x0, 0x1f, 0xff, 0x0, 0x0, 0x5,
    0xff, 0xd0, 0x0, 0x0, 0x8f, 0xfb, 0x0, 0x10,
    0x7, 0xff, 0xa0, 0x9, 0x0, 0x3f, 0xfc, 0xb,
    0x70, 0x0, 0xff, 0xff, 0xf2, 0x0, 0x8, 0xff,
    0xfe, 0x0, 0x0, 0x9, 0xff, 0x70, 0x0, 0x0,
    0x4, 0x40, 0x0,

    /* U+007C "|" */
    0x4, 0x51, 0x0, 0xc, 0xfd, 0x10, 0xf, 0xff,
    0x80, 0xa, 0xff, 0xc0, 0x7, 0xff, 0xe0, 0x5,
    0xff, 0xf0, 0x5, 0xff, 0xf0, 0x4, 0xff, 0xf0,
    0x4, 0xff, 0xf0, 0x5, 0xff, 0xf0, 0x6, 0xff,
    0xf0, 0x7, 0xff, 0xe0, 0x7, 0xff, 0xe0, 0x8,
    0xff, 0xe0, 0x9, 0xff, 0xd0, 0xa, 0xff, 0xd0,
    0xb, 0xff, 0xd0, 0xb, 0xff, 0xd0, 0xa, 0xff,
    0xc0, 0x7, 0xff, 0xd0, 0x1, 0xff, 0xc0, 0x0,
    0x6f, 0x60,

    /* U+007D "}" */
    0x0, 0x78, 0x20, 0x0, 0x0, 0x2e, 0xff, 0xf4,
    0x0, 0x0, 0x0, 0x2e, 0xff, 0x0, 0x0, 0x0,
    0xe, 0xff, 0x30, 0x0, 0x0, 0x1f, 0xff, 0x40,
    0x0, 0x0, 0x4f, 0xff, 0x30, 0x0, 0x0, 0x7f,
    0xff, 0x10, 0x0, 0x0, 0x5f, 0xff, 0x0, 0x0,
    0x0, 0xf, 0xff, 0x40, 0x0, 0x0, 0xa, 0xff,
    0xfb, 0x10, 0x0, 0x1, 0xef, 0xff, 0xb0, 0x0,
    0x0, 0xcf, 0xff, 0xc0, 0x0, 0x0, 0xff, 0xf6,
    0x10, 0x0, 0x2, 0xff, 0xf0, 0x0, 0x0, 0x5,
    0xff, 0xe0, 0x0, 0x0, 0x8, 0xff, 0xe0, 0x0,
    0x0, 0xa, 0xff, 0xe0, 0x0, 0x0, 0xe, 0xff,
    0xe0, 0x0, 0x0, 0x3f, 0xff, 0xc0, 0x0, 0x55,
    0xdf, 0xff, 0x70, 0x0, 0x1f, 0xff, 0xfe, 0x10,
    0x0, 0x2, 0xbf, 0xa2, 0x0, 0x0,

    /* U+007E "~" */
    0x0, 0x0, 0x39, 0xda, 0x40, 0x0, 0x0, 0x0,
    0x0, 0x0, 0x0, 0x6e, 0xff, 0xff, 0xfb, 0x10,
    0x0, 0x0, 0x3, 0x90, 0x7, 0xff, 0xff, 0xff,
    0xff, 0xe2, 0x0, 0x0, 0x5f, 0xf0, 0xf, 0xff,
    0xd4, 0x1, 0xaf, 0xff, 0x30, 0x9, 0xff, 0xf0,
    0xc, 0xfc, 0x0, 0x0, 0xb, 0xff, 0xfb, 0xff,
    0xff, 0xe0, 0x3, 0xe6, 0x0, 0x0, 0x0, 0xbf,
    0xff, 0xff, 0xff, 0x80, 0x0, 0x0, 0x0, 0x0,
    0x0, 0x7, 0xff, 0xff, 0xfd, 0x0, 0x0, 0x0,
    0x0, 0x0, 0x0, 0x0, 0x39, 0xed, 0x70, 0x0,

    /* U+4E8E "于" */
    0x0, 0x0, 0x0, 0x0, 0x8, 0xdd, 0x60, 0x0,
    0x0, 0x0, 0x0, 0x30, 0x2, 0x5e, 0xff, 0xff,
    0x60, 0x0, 0x0, 0x0, 0xb, 0xba, 0xcf, 0xff,
    0xff, 0xfb, 0x0, 0x0, 0x0, 0x0, 0x8f, 0xff,
    0xff, 0xff, 0xff, 0xa0, 0x0, 0x0, 0x0, 0x1,
    0xdf, 0xff, 0xff, 0xfe, 0x81, 0x0, 0x0, 0x0,
    0x0, 0x0, 0x7e, 0xff, 0xd5, 0x0, 0x0, 0x0,
    0x0, 0x0, 0x0, 0x17, 0xaf, 0xff, 0xc0, 0x0,
    0x0, 0x0, 0x0, 0x0, 0x34, 0x62, 0xbf, 0xff,
    0xff, 0xfe, 0xc4, 0x0, 0x0, 0x31, 0x22, 0x7c,
    0xff, 0xff, 0xff, 0xff, 0xf5, 0x0, 0x41, 0x47,
    0xbe, 0xff, 0xff, 0xff, 0xff, 0xff, 0xf3, 0x5d,
    0xec, 0xff, 0xff, 0xff, 0xf3, 0x22, 0x58, 0xde,
    0x61, 0xef, 0xff, 0xff, 0xbb, 0xfe, 0x0, 0x0,
    0x0, 0x0, 0x1, 0x9f, 0xfc, 0x15, 0xbf, 0xe0,
    0x0, 0x0, 0x0, 0x0, 0x0, 0x1, 0x0, 0x5b,
    0xfe, 0x0, 0x0, 0x0, 0x0, 0x0, 0x0, 0x0,
    0x6, 0xcf, 0xf0, 0x0, 0x0, 0x0, 0x0, 0x0,
    0x0, 0x0, 0x6d, 0xff, 0x0, 0x0, 0x0, 0x0,
    0x0, 0x1, 0x52, 0x7, 0xff, 0xf1, 0x0, 0x0,
    0x0, 0x0, 0x0, 0x2, 0xde, 0xff, 0xff, 0x30,
    0x0, 0x0, 0x0, 0x0, 0x0, 0x7, 0xdf, 0xff,
    0xf4, 0x0, 0x0, 0x0, 0x0, 0x0, 0x0, 0xb,
    0xff, 0xff, 0x30, 0x0, 0x0, 0x0, 0x0, 0x0,
    0x0, 0x1d, 0xff, 0xb0, 0x0, 0x0, 0x0, 0x0,
    0x0, 0x0, 0x0, 0x9, 0xd2, 0x0, 0x0, 0x0,
    0x0,

    /* U+524D "前" */
    0x0, 0x0, 0x0, 0x0, 0x0, 0x0, 0x1, 0x30,
    0x0, 0x0, 0x0, 0x0, 0x0, 0x0, 0x0, 0x0,
    0x0, 0x9f, 0xf9, 0x0, 0x0, 0x0, 0x0, 0x0,
    0x0, 0x0, 0x0, 0x6b, 0xef, 0xff, 0x40, 0x0,
    0x0, 0x0, 0x0, 0x0, 0xbc, 0x9c, 0xa6, 0xff,
    0xff, 0x70, 0x0, 0x0, 0x0, 0x0, 0x9, 0xff,
    0xed, 0x5f, 0xfe, 0x93, 0x0, 0x0, 0x0, 0x0,
    0x0, 0x3f, 0xff, 0xd4, 0xfe, 0x84, 0x33, 0x33,
    0x10, 0x0, 0x0, 0x0, 0x3f, 0xff, 0x7e, 0xff,
    0xff, 0xff, 0xff, 0xf9, 0x10, 0x0, 0x0, 0x4b,
    0xff, 0xfe, 0xa7, 0x57, 0x8d, 0xff, 0xff, 0xc0,
    0x47, 0x9e, 0xff, 0xff, 0xa4, 0x0, 0x0, 0xaf,
    0xff, 0xcf, 0xf2, 0xcf, 0xff, 0xff, 0xa6, 0xdf,
    0xa0, 0x0, 0x4f, 0xff, 0x24, 0x50, 0x8f, 0xff,
    0xc5, 0x7f, 0xff, 0xf7, 0x0, 0x1f, 0xff, 0x0,
    0x0, 0x5, 0xa7, 0x3, 0xcf, 0xef, 0xf8, 0x7,
    0x1d, 0xfd, 0x0, 0x0, 0x0, 0x5, 0x4, 0x39,
    0xcf, 0xf9, 0xee, 0xc, 0xfb, 0x0, 0x0, 0x0,
    0x4, 0xee, 0xff, 0xff, 0xe9, 0xfe, 0xc, 0xfa,
    0x0, 0x0, 0x0, 0x5, 0xff, 0xee, 0xaf, 0xda,
    0xfc, 0xc, 0xfb, 0x0, 0x0, 0x0, 0x6, 0xfe,
    0xee, 0xff, 0xdb, 0xfb, 0xc, 0xfc, 0x0, 0x0,
    0x0, 0x7, 0xff, 0xff, 0xdf, 0xec, 0xfb, 0xc,
    0xfd, 0x0, 0x0, 0x0, 0xa, 0xff, 0xd4, 0x5f,
    0xfb, 0xfa, 0xc, 0xfd, 0x0, 0x0, 0x0, 0xc,
    0xfe, 0x72, 0x6f, 0xf3, 0xd9, 0xc, 0xfd, 0x0,
    0x0, 0x0, 0x9, 0xfe, 0xd, 0xff, 0xf2, 0x1c,
    0x8e, 0xfd, 0x0, 0x0, 0x0, 0x1, 0xfd, 0x7,
    0xff, 0xf3, 0x7, 0xff, 0xfe, 0x0, 0x0, 0x0,
    0x0, 0x5a, 0x0, 0xcf, 0xf1, 0x4, 0xff, 0xfd,
    0x0, 0x0, 0x0, 0x0, 0x0, 0x0, 0x1a, 0x80,
    0x0, 0xcf, 0xfa, 0x0, 0x0, 0x0, 0x0, 0x0,
    0x0, 0x0, 0x0, 0x0, 0x1e, 0xf2, 0x0, 0x0,
    0x0, 0x0, 0x0, 0x0, 0x0, 0x0, 0x0, 0x1,
    0x30, 0x0, 0x0,

    /* U+53EF "可" */
    0x0, 0x0, 0x0, 0x0, 0x0, 0x0, 0x25, 0x65,
    0x55, 0x40, 0x0, 0x0, 0x0, 0x0, 0x0, 0x15,
    0x9d, 0xff, 0xff, 0xff, 0xff, 0xe5, 0x0, 0x0,
    0x0, 0x37, 0xce, 0xff, 0xff, 0xff, 0xef, 0xff,
    0xff, 0xf6, 0xa, 0xad, 0xff, 0xff, 0xff, 0xe8,
    0x48, 0x44, 0x3, 0xcf, 0xff, 0xf1, 0x9f, 0xff,
    0xff, 0xfd, 0x50, 0x0, 0x4f, 0xff, 0x52, 0x35,
    0x9a, 0x11, 0xef, 0xff, 0xe6, 0x8, 0xfb, 0x10,
    0xdf, 0xf3, 0x0, 0x0, 0x0, 0x3, 0xbb, 0x50,
    0x2b, 0xff, 0xfa, 0xb, 0xff, 0x0, 0x0, 0x0,
    0x0, 0x0, 0x93, 0x8, 0xff, 0xff, 0xa0, 0xaf,
    0xe0, 0x0, 0x0, 0x0, 0x0, 0x7, 0xfb, 0x63,
    0xcf, 0xd3, 0xa, 0xfe, 0x0, 0x0, 0x0, 0x0,
    0x0, 0x1e, 0xfc, 0x4e, 0xf7, 0x0, 0x9f, 0xd0,
    0x0, 0x0, 0x0, 0x0, 0x0, 0xdf, 0xcc, 0xff,
    0xd3, 0xb, 0xfd, 0x0, 0x0, 0x0, 0x0, 0x0,
    0xc, 0xff, 0xff, 0xed, 0x90, 0xbf, 0xd0, 0x0,
    0x0, 0x0, 0x0, 0x0, 0x9f, 0xfe, 0x60, 0x0,
    0xb, 0xfe, 0x0, 0x0, 0x0, 0x0, 0x0, 0x1,
    0xf8, 0x0, 0x0, 0x2, 0xcf, 0xf0, 0x0, 0x0,
    0x0, 0x0, 0x0, 0x4, 0x21, 0x0, 0x0, 0x3c,
    0xff, 0x0, 0x0, 0x0, 0x0, 0x0, 0x0, 0x0,
    0x6, 0x10, 0x6, 0xdf, 0xf0, 0x0, 0x0, 0x0,
    0x0, 0x0, 0x0, 0x0, 0x2c, 0x9b, 0xff, 0xff,
    0x0, 0x0, 0x0, 0x0, 0x0, 0x0, 0x0, 0x0,
    0x5d, 0xff, 0xff, 0xd0, 0x0, 0x0, 0x0, 0x0,
    0x0, 0x0, 0x0, 0x0, 0xad, 0xff, 0xfb, 0x0,
    0x0, 0x0, 0x0, 0x0, 0x0, 0x0, 0x0, 0x0,
    0xaf, 0xff, 0x50, 0x0, 0x0, 0x0, 0x0, 0x0,
    0x0, 0x0, 0x0, 0x0, 0x5d, 0xd0, 0x0, 0x0,
    0x0, 0x0, 0x0, 0x0, 0x0, 0x0, 0x0, 0x0,
    0x0, 0x0, 0x0, 0x0, 0x0,

    /* U+54CD "响" */
    0x0, 0x0, 0x0, 0x0, 0x0, 0x0, 0x1, 0x0,
    0x0, 0x0, 0x0, 0x0, 0x0, 0x0, 0x0, 0x0,
    0x0, 0x9a, 0xff, 0xa0, 0x0, 0x0, 0x0, 0x0,
    0x0, 0x0, 0x0, 0x0, 0x0, 0x1b, 0xff, 0xf6,
    0x0, 0x0, 0x0, 0x0, 0x0, 0x0, 0x0, 0x0,
    0x0, 0x6, 0xbf, 0xf7, 0x0, 0x0, 0x0, 0x0,
    0x0, 0x0, 0x0, 0x0, 0x0, 0x7, 0xef, 0xf1,
    0x0, 0x0, 0x0, 0x0, 0x0, 0x0, 0x29, 0xe8,
    0x0, 0xd, 0xfd, 0x30, 0x0, 0x0, 0x0, 0x0,
    0x0, 0x9, 0xdf, 0xfb, 0x0, 0x7f, 0xd0, 0x0,
    0x14, 0x87, 0x30, 0x0, 0x50, 0x4, 0xdf, 0xf8,
    0x1, 0xee, 0x21, 0x3b, 0xff, 0xef, 0xfa, 0x0,
    0xaa, 0x52, 0x8f, 0xe3, 0x8, 0xea, 0xbe, 0xfd,
    0x61, 0x7, 0xef, 0x70, 0x2f, 0xf6, 0xcf, 0xc4,
    0x29, 0x5f, 0xfd, 0x66, 0x71, 0x3, 0xcf, 0xe0,
    0xf, 0xfb, 0xff, 0x9d, 0x50, 0x0, 0x22, 0xbf,
    0xfd, 0x3, 0xdf, 0xf1, 0xf, 0xff, 0xff, 0xff,
    0xe3, 0x40, 0x6e, 0xff, 0xff, 0x23, 0xdf, 0xd0,
    0xf, 0xff, 0xfb, 0x5d, 0xfe, 0xb8, 0x51, 0x8f,
    0xfb, 0x4, 0xef, 0xa0, 0xb, 0xfd, 0x50, 0xa,
    0xff, 0xbf, 0x82, 0xdf, 0xc2, 0x5, 0xff, 0xa0,
    0x5, 0xe0, 0x0, 0x9, 0xff, 0x9f, 0x9d, 0xff,
    0xb0, 0x6, 0xff, 0x80, 0x0, 0x40, 0x0, 0xa,
    0xff, 0x6f, 0xff, 0xff, 0xfe, 0x8, 0xff, 0x70,
    0x0, 0x0, 0x0, 0xc, 0xff, 0x1e, 0xcc, 0x76,
    0x51, 0xb, 0xff, 0x70, 0x0, 0x0, 0x0, 0xc,
    0xff, 0x4, 0x10, 0x61, 0x0, 0x1e, 0xff, 0x60,
    0x0, 0x0, 0x0, 0xe, 0xfe, 0x0, 0x0, 0xa,
    0x73, 0x9f, 0xff, 0x40, 0x0, 0x0, 0x0, 0x8,
    0xfc, 0x0, 0x0, 0x1, 0xcf, 0xff, 0xff, 0x0,
    0x0, 0x0, 0x0, 0x1, 0xe9, 0x0, 0x0, 0x0,
    0x6f, 0xff, 0xfb, 0x0, 0x0, 0x0, 0x0, 0x0,
    0x31, 0x0, 0x0, 0x0, 0xa, 0xff, 0xf5, 0x0,
    0x0, 0x0, 0x0, 0x0, 0x0, 0x0, 0x0, 0x0,
    0x0, 0xaf, 0x80, 0x0,

    /* U+5608 "嘈" */
    0x0, 0x0, 0x0, 0x0, 0x0, 0x0, 0x0, 0x0,
    0x7, 0xa1, 0x0, 0x0, 0x0, 0x0, 0x0, 0x0,
    0x0, 0x0, 0x0, 0xb, 0xff, 0x80, 0x0, 0x0,
    0x0, 0x0, 0x0, 0x0, 0x1a, 0xe2, 0x0, 0x5f,
    0xfb, 0x0, 0x0, 0x0, 0x0, 0x0, 0x0, 0xa,
    0xff, 0xc0, 0x6, 0xff, 0x40, 0x0, 0x0, 0x0,
    0x0, 0x0, 0x0, 0x2f, 0xfe, 0x2, 0xaf, 0xf2,
    0x0, 0x0, 0x0, 0x0, 0x0, 0x0, 0x0, 0xff,
    0xfc, 0xff, 0xff, 0xfd, 0x50, 0x0, 0x0, 0x3b,
    0xfb, 0x86, 0xaf, 0xff, 0xff, 0xff, 0xff, 0xff,
    0x30, 0x0, 0x9f, 0xff, 0xff, 0xff, 0xff, 0xff,
    0xdf, 0xfe, 0xff, 0xf7, 0x20, 0x6, 0xef, 0xff,
    0x6f, 0xff, 0xff, 0x29, 0xff, 0x41, 0x6d, 0x28,
    0xa1, 0x40, 0xef, 0x70, 0x29, 0xcf, 0xfd, 0xff,
    0xff, 0xe7, 0x0, 0x6f, 0xf8, 0x2f, 0xc4, 0x4,
    0x9e, 0xff, 0xdf, 0xfc, 0xbf, 0xfc, 0x4, 0xdf,
    0xa8, 0xfb, 0xe9, 0x8f, 0xff, 0xfa, 0xff, 0x82,
    0xef, 0xf2, 0x1c, 0xfc, 0xef, 0x7d, 0xff, 0x49,
    0xff, 0xff, 0xff, 0x7e, 0xff, 0x10, 0xbf, 0xff,
    0xff, 0xdf, 0xf9, 0xdf, 0xff, 0xf9, 0x4e, 0xff,
    0x80, 0x7, 0xff, 0xd7, 0x51, 0xef, 0xf3, 0x8f,
    0xef, 0xfe, 0xff, 0xc0, 0x0, 0xc, 0xd0, 0x0,
    0x1, 0xaf, 0xef, 0xff, 0xfd, 0xff, 0xe2, 0x0,
    0x0, 0x16, 0x0, 0x0, 0x0, 0x2a, 0xdd, 0xef,
    0xff, 0x91, 0x0, 0x0, 0x0, 0x0, 0x0, 0x0,
    0x7, 0xaa, 0xff, 0xff, 0xff, 0x10, 0x0, 0x0,
    0x0, 0x0, 0x0, 0x0, 0xfe, 0x27, 0xfc, 0xcf,
    0xf4, 0x0, 0x0, 0x0, 0x0, 0x0, 0x0, 0x2e,
    0xfd, 0xff, 0xff, 0xff, 0x30, 0x0, 0x0, 0x0,
    0x0, 0x0, 0x2, 0xef, 0x6e, 0xfd, 0xdf, 0xe2,
    0x0, 0x0, 0x0, 0x0, 0x0, 0x0, 0x1e, 0xf9,
    0xeb, 0x7e, 0xfd, 0x10, 0x0, 0x0, 0x0, 0x0,
    0x0, 0x0, 0xcf, 0xff, 0xed, 0xff, 0xd0, 0x0,
    0x0, 0x0, 0x0, 0x0, 0x0, 0x1, 0xcb, 0x70,
    0x9, 0xf8, 0x0, 0x0, 0x0, 0x0, 0x0, 0x0,
    0x0, 0x0, 0x0, 0x0, 0x1, 0x0, 0x0, 0x0,

    /* U+5883 "境" */
    0x0, 0x0, 0x0, 0x0, 0x0, 0x0, 0x0, 0x0,
    0x0, 0x0, 0x0, 0x0, 0x0, 0x0, 0x0, 0x0,
    0x0, 0x3, 0xff, 0xf8, 0x0, 0x0, 0x0, 0x0,
    0x0, 0x0, 0x0, 0x0, 0x0, 0x0, 0xcf, 0xff,
    0x80, 0x0, 0x0, 0x0, 0x0, 0x0, 0x59, 0x30,
    0x0, 0x0, 0x5e, 0xff, 0x70, 0x0, 0x0, 0x0,
    0x0, 0x5, 0xff, 0xf5, 0x0, 0x2, 0xcf, 0xff,
    0xf2, 0x0, 0x0, 0x0, 0x0, 0x4, 0xff, 0xf8,
    0x1, 0xad, 0xff, 0xea, 0x92, 0x0, 0x0, 0x0,
    0x0, 0x2, 0xff, 0xf6, 0x0, 0x8f, 0xf9, 0x5d,
    0xd7, 0x0, 0x0, 0x0, 0x0, 0x2, 0xff, 0xf4,
    0x0, 0xc, 0x66, 0x8c, 0xff, 0x80, 0x0, 0x0,
    0x0, 0x5, 0xff, 0xff, 0x0, 0x7f, 0xf7, 0x4e,
    0xfc, 0x83, 0x10, 0x0, 0x0, 0x7f, 0xff, 0xf5,
    0x0, 0xef, 0xf7, 0xef, 0xef, 0xff, 0xf8, 0x0,
    0x1, 0xdf, 0xff, 0xd0, 0x0, 0xef, 0xff, 0xfd,
    0xcb, 0xef, 0xff, 0x60, 0x0, 0x7, 0xff, 0xc8,
    0x8b, 0xff, 0xda, 0xcf, 0xfb, 0x74, 0x7c, 0x60,
    0x0, 0x4, 0xff, 0xfd, 0xff, 0xf8, 0xbf, 0xe8,
    0xcf, 0xf5, 0x0, 0x0, 0x0, 0x8, 0xff, 0x60,
    0x5e, 0x54, 0x5b, 0xed, 0xaf, 0xfa, 0x0, 0x0,
    0x0, 0x3e, 0xfa, 0x0, 0x9, 0xfb, 0xcf, 0xfa,
    0xbf, 0xf2, 0x0, 0x0, 0x7, 0xcf, 0xd0, 0x0,
    0x9, 0xfc, 0x2c, 0x86, 0xef, 0xe0, 0x3, 0x0,
    0x3f, 0xff, 0x20, 0x0, 0x6, 0xfd, 0x7e, 0xff,
    0xff, 0x90, 0x7, 0x30, 0x2c, 0xd5, 0x0, 0x0,
    0x0, 0xdf, 0xff, 0xef, 0xe7, 0x10, 0x9, 0x70,
    0x0, 0x0, 0x0, 0x0, 0x0, 0x7f, 0xfa, 0xbf,
    0x70, 0x0, 0xb, 0xe0, 0x0, 0x0, 0x0, 0x0,
    0x3, 0xdf, 0x94, 0xef, 0x20, 0x13, 0x9f, 0xf5,
    0x0, 0x0, 0x0, 0x0, 0x1c, 0xf7, 0x7, 0xff,
    0x78, 0xae, 0xff, 0xf7, 0x0, 0x0, 0x0, 0x1,
    0xdb, 0x20, 0x7, 0xff, 0xff, 0xff, 0xff, 0xf2,
    0x0, 0x0, 0x0, 0x29, 0x30, 0x0, 0x0, 0x5b,
    0xdf, 0xfe, 0xb8, 0x20, 0x0, 0x0, 0x0, 0x20,
    0x0, 0x0, 0x0, 0x0, 0x0, 0x0, 0x0, 0x0,

    /* U+5F53 "当" */
    0x0, 0x0, 0x0, 0x8e, 0x90, 0x0, 0x0, 0x0,
    0x0, 0x0, 0x0, 0x5f, 0xff, 0x90, 0x0, 0x0,
    0x0, 0x0, 0x0, 0x0, 0xbf, 0xfc, 0x0, 0x0,
    0x0, 0x0, 0x0, 0x0, 0xb, 0xff, 0xa5, 0x77,
    0x50, 0x0, 0x0, 0x8a, 0x2, 0xdf, 0xfb, 0x8e,
    0xff, 0xb0, 0x0, 0xaf, 0xfd, 0xef, 0xff, 0x88,
    0xef, 0xff, 0x70, 0x2f, 0xff, 0xf5, 0xcf, 0xfd,
    0xc8, 0x66, 0x98, 0x7, 0xff, 0xf8, 0x9f, 0xff,
    0x70, 0x0, 0x0, 0x0, 0x5f, 0xf7, 0x2, 0xff,
    0xfa, 0xab, 0xc9, 0x20, 0x0, 0x13, 0x0, 0x4b,
    0xff, 0xff, 0xff, 0xff, 0x20, 0x0, 0x5, 0xbf,
    0xff, 0xff, 0xfe, 0xff, 0xfb, 0x0, 0xce, 0xef,
    0xff, 0xd6, 0x20, 0x7, 0xff, 0xf0, 0x8, 0xff,
    0xfe, 0x75, 0xba, 0x10, 0x8f, 0xff, 0x0, 0x4,
    0xa9, 0x8b, 0xff, 0xfe, 0x1a, 0xff, 0xe0, 0x0,
    0x55, 0xbf, 0xff, 0xff, 0xa1, 0xcf, 0xfb, 0x0,
    0xe, 0xef, 0xff, 0xb4, 0x0, 0x3e, 0xff, 0x60,
    0x0, 0x2a, 0xde, 0x50, 0x33, 0xa, 0xff, 0xf1,
    0x0, 0x0, 0x28, 0x6b, 0xff, 0xff, 0xff, 0xfb,
    0x0, 0x0, 0x36, 0xaf, 0xff, 0xca, 0xff, 0xff,
    0x50, 0x0, 0x6e, 0xff, 0xf8, 0x10, 0x3, 0xef,
    0x80, 0x0, 0x2, 0xde, 0x81, 0x0, 0x0, 0x0,
    0x10, 0x0, 0x0,

    /* U+5F71 "影" */
    0x0, 0x0, 0x0, 0x0, 0x0, 0x0, 0x0, 0x0,
    0x0, 0x0, 0x0, 0x0, 0x0, 0x0, 0x0, 0x0,
    0x5c, 0xf7, 0x0, 0x0, 0x0, 0x0, 0x0, 0x0,
    0x0, 0x2, 0x4b, 0xff, 0xff, 0x40, 0x1, 0x0,
    0x0, 0x0, 0x0, 0xa, 0x55, 0xff, 0xfb, 0xff,
    0x50, 0x8, 0xfe, 0x30, 0x0, 0x0, 0x8, 0xfe,
    0x7b, 0xd8, 0xfe, 0x30, 0x2c, 0xff, 0xe0, 0x0,
    0x0, 0x6, 0xff, 0xcd, 0xff, 0xfd, 0x0, 0xbf,
    0xff, 0xb0, 0x0, 0x0, 0x4, 0xff, 0xee, 0xaa,
    0xf9, 0xb, 0xff, 0xfa, 0x0, 0x0, 0x0, 0x1,
    0xff, 0xd6, 0x6f, 0xf6, 0x9f, 0xff, 0xa0, 0x0,
    0x0, 0x0, 0x0, 0x8f, 0xfd, 0xff, 0xf3, 0x4f,
    0xff, 0xfd, 0x50, 0x0, 0x0, 0x0, 0x7, 0xef,
    0xfd, 0x90, 0x2, 0x4b, 0xff, 0xf3, 0x0, 0x0,
    0x0, 0x1, 0xcf, 0xff, 0xf8, 0x0, 0x4c, 0xff,
    0xd2, 0x0, 0x0, 0x3, 0x7d, 0xfd, 0x9c, 0x92,
    0x0, 0xaf, 0xfb, 0x0, 0x0, 0x2, 0x7b, 0xfd,
    0x68, 0xff, 0xfe, 0x48, 0xff, 0x70, 0x0, 0x17,
    0x6c, 0xff, 0x68, 0xef, 0xde, 0xff, 0xcf, 0xfb,
    0x20, 0x0, 0x3f, 0xff, 0xfd, 0xba, 0x85, 0x5f,
    0xd6, 0xcf, 0xff, 0xfd, 0x70, 0x5, 0xca, 0x1b,
    0xfd, 0x39, 0xff, 0xc0, 0x5c, 0xef, 0xff, 0xf8,
    0x0, 0x0, 0x7, 0xff, 0xff, 0xfa, 0xb2, 0x0,
    0xd, 0xff, 0xf9, 0x0, 0x0, 0x0, 0x8f, 0xaf,
    0xfc, 0x63, 0x0, 0x3f, 0xff, 0xb0, 0x0, 0x0,
    0xa, 0x73, 0x6e, 0xfd, 0xff, 0x60, 0xcf, 0xfa,
    0x0, 0x0, 0x0, 0x8f, 0xfd, 0x2e, 0xf9, 0xdf,
    0xb9, 0xff, 0x80, 0x0, 0x0, 0x2, 0xff, 0xf3,
    0x2f, 0xf5, 0x0, 0x3e, 0xd4, 0x0, 0x0, 0x0,
    0x1, 0xcc, 0x3b, 0xff, 0xf3, 0x1, 0x99, 0x10,
    0x0, 0x0, 0x0, 0x0, 0x0, 0x1, 0xbf, 0xf1,
    0x28, 0x30, 0x0, 0x0, 0x0, 0x0, 0x0, 0x0,
    0x0, 0x1b, 0xb0, 0x10, 0x0, 0x0, 0x0, 0x0,

    /* U+6548 "效" */
    0x0, 0x0, 0x0, 0x0, 0x0, 0x0, 0x1b, 0xe3,
    0x0, 0x0, 0x0, 0x0, 0x0, 0x0, 0x18, 0x18,
    0xfa, 0x0, 0xa, 0xff, 0xe2, 0x0, 0x0, 0x0,
    0x0, 0x0, 0x3, 0xff, 0xff, 0xf9, 0x0, 0x4f,
    0xff, 0x60, 0x0, 0x0, 0x0, 0x0, 0x0, 0xa,
    0xff, 0xff, 0x80, 0x4, 0xef, 0xf1, 0x0, 0x0,
    0x0, 0x0, 0x0, 0x0, 0xd, 0xfb, 0x98, 0x10,
    0x4f, 0xfc, 0x0, 0x0, 0x0, 0x0, 0x0, 0x0,
    0x4, 0xc7, 0xcf, 0xfc, 0x7, 0xff, 0x70, 0x3a,
    0xe8, 0x0, 0x0, 0x0, 0x3, 0x67, 0xef, 0xff,
    0x40, 0xbf, 0xf4, 0x8d, 0xff, 0xf6, 0x0, 0x0,
    0x0, 0x3c, 0xff, 0xfc, 0x20, 0xf, 0xfd, 0xbf,
    0xff, 0xdb, 0x10, 0x0, 0x29, 0x8f, 0xff, 0xfb,
    0x7e, 0xfb, 0xff, 0xff, 0xf9, 0x10, 0x0, 0x0,
    0x3, 0xff, 0xff, 0xff, 0xff, 0xff, 0xff, 0xff,
    0xfe, 0x60, 0x0, 0x0, 0x0, 0x4, 0xdf, 0xff,
    0xc6, 0x7b, 0xcf, 0xe4, 0x5f, 0xff, 0x50, 0x0,
    0x0, 0x0, 0x0, 0xaf, 0xa9, 0xff, 0x65, 0xe5,
    0x0, 0xdf, 0xf2, 0x0, 0x0, 0x0, 0x0, 0x4f,
    0x90, 0x6f, 0xfa, 0xcf, 0xe7, 0xe, 0xff, 0x0,
    0x0, 0x0, 0x0, 0xc, 0x70, 0x2c, 0xff, 0x94,
    0x4f, 0xfb, 0xdf, 0xb0, 0x0, 0x0, 0x0, 0x7,
    0x4c, 0xce, 0xff, 0xff, 0x60, 0x9f, 0xff, 0xf7,
    0x0, 0x0, 0x0, 0x1, 0x10, 0x2b, 0xff, 0xff,
    0xff, 0x21, 0xcf, 0xff, 0x50, 0x0, 0x0, 0x0,
    0x0, 0x0, 0x6f, 0xf3, 0x7e, 0xf3, 0x9, 0xff,
    0xff, 0x80, 0x0, 0x0, 0x0, 0x0, 0x4f, 0xf5,
    0x10, 0x0, 0x6, 0xef, 0xff, 0xff, 0xe7, 0x20,
    0x0, 0x0, 0x2e, 0xb3, 0x0, 0x0, 0xa, 0xff,
    0x97, 0xbf, 0xff, 0xff, 0xa1, 0x0, 0x29, 0x50,
    0x0, 0x0, 0x48, 0x73, 0x0, 0x8, 0xcf, 0xff,
    0xff, 0x90, 0x2, 0x0, 0x0, 0x0, 0x0, 0x0,
    0x0, 0x0, 0x8, 0xff, 0xff, 0xfa, 0x0, 0x0,
    0x0, 0x0, 0x0, 0x0, 0x0, 0x0, 0x0, 0x1,
    0x43, 0x0, 0x0,

    /* U+6742 "杂" */
    0x0, 0x0, 0x0, 0x0, 0x18, 0xfa, 0x0, 0x0,
    0x0, 0x0, 0x0, 0x0, 0x0, 0x0, 0x2, 0xff,
    0xf7, 0x0, 0x0, 0x0, 0x0, 0x0, 0x0, 0x0,
    0x0, 0xd, 0xff, 0xff, 0xc5, 0x0, 0x0, 0x0,
    0x0, 0x0, 0x0, 0x2, 0xff, 0xff, 0xff, 0xf4,
    0x0, 0x0, 0x0, 0x0, 0x0, 0x15, 0xdf, 0xfc,
    0x9f, 0xfa, 0x0, 0x50, 0x0, 0x0, 0x6, 0xab,
    0xff, 0xff, 0x3d, 0xfc, 0x0, 0x9, 0x50, 0x0,
    0x0, 0x4e, 0xfe, 0xff, 0xa4, 0xff, 0x50, 0x0,
    0xdc, 0x0, 0x0, 0x0, 0x2, 0x9f, 0xd0, 0x8f,
    0xf1, 0x3, 0x8f, 0xf7, 0x0, 0x0, 0x0, 0x3f,
    0xe2, 0xa, 0xff, 0xac, 0xef, 0xff, 0xb0, 0x0,
    0x0, 0x2e, 0xe2, 0x0, 0x4f, 0xff, 0xff, 0xff,
    0xf7, 0x0, 0x0, 0xc, 0x91, 0x2, 0x79, 0x58,
    0xcd, 0xcb, 0x74, 0x0, 0x0, 0x4, 0x20, 0x1,
    0xef, 0xff, 0x65, 0x54, 0x20, 0x0, 0x0, 0x0,
    0x0, 0x2, 0x49, 0xff, 0xff, 0xff, 0xff, 0xea,
    0x10, 0x0, 0x2, 0x5a, 0xef, 0xff, 0xff, 0xff,
    0xdd, 0xff, 0xfb, 0xb, 0x8a, 0xcf, 0xff, 0xff,
    0xff, 0xf2, 0x0, 0x44, 0x6e, 0xb0, 0xdf, 0xff,
    0xff, 0xb5, 0x4d, 0xfe, 0x67, 0x63, 0x0, 0x0,
    0x1, 0x8c, 0xfc, 0x24, 0x62, 0xdf, 0xff, 0xff,
    0xfe, 0x70, 0x0, 0x0, 0x6f, 0xfc, 0x91, 0x1c,
    0xfd, 0x4, 0xbf, 0xff, 0xb0, 0x0, 0x1f, 0xff,
    0xb0, 0x8d, 0xff, 0xd0, 0x3b, 0xff, 0xff, 0x40,
    0x3, 0xff, 0xc1, 0x2, 0xdf, 0xfc, 0x3, 0x34,
    0x6b, 0xe2, 0x0, 0x6, 0xa0, 0x0, 0x9, 0xff,
    0x80, 0x0, 0x0, 0x0, 0x0, 0x0, 0x0, 0x0,
    0x0, 0xa, 0xd1, 0x0, 0x0, 0x0, 0x0,

    /* U+679C "果" */
    0x0, 0x0, 0x0, 0x0, 0x1, 0x36, 0xdb, 0x20,
    0x0, 0x0, 0x0, 0x0, 0x0, 0x0, 0x6, 0xde,
    0xff, 0xff, 0x30, 0x0, 0x0, 0x0, 0x10, 0x4,
    0x7d, 0xff, 0xfe, 0xdf, 0xfb, 0x0, 0x0, 0x0,
    0x7, 0xa1, 0x3f, 0xff, 0xb4, 0x3, 0xff, 0xb0,
    0x0, 0x0, 0x0, 0x4e, 0xfb, 0x2e, 0xfd, 0x60,
    0x5f, 0xf5, 0x0, 0x0, 0x0, 0x0, 0xcf, 0xf0,
    0x7f, 0xff, 0x6a, 0xff, 0x0, 0x0, 0x0, 0x0,
    0x9, 0xff, 0x9f, 0xff, 0xd6, 0xef, 0xb0, 0x0,
    0x0, 0x0, 0x0, 0x6f, 0xf2, 0xbf, 0xf6, 0x7f,
    0xf7, 0x0, 0x0, 0x0, 0x0, 0x5, 0xef, 0x37,
    0xff, 0xff, 0xff, 0x20, 0x0, 0x0, 0x0, 0x0,
    0xc, 0xfb, 0xdf, 0xfc, 0xff, 0xb0, 0x0, 0x0,
    0x0, 0x0, 0x0, 0x9, 0xef, 0xff, 0x67, 0xd6,
    0x0, 0x0, 0x0, 0x0, 0x0, 0x0, 0x0, 0x8e,
    0xfc, 0xa9, 0x8b, 0x20, 0x0, 0x0, 0x0, 0x0,
    0x38, 0xdf, 0xff, 0xff, 0xff, 0xff, 0x80, 0x0,
    0xa, 0x35, 0xbf, 0xff, 0xff, 0xfe, 0xb9, 0xcf,
    0xff, 0x60, 0x0, 0xfe, 0xef, 0xff, 0xff, 0xff,
    0xfa, 0x20, 0x5, 0xb6, 0x0, 0x7, 0xff, 0xfe,
    0x8e, 0xff, 0xff, 0xfc, 0x60, 0x0, 0x0, 0x0,
    0x3, 0x64, 0x1a, 0xff, 0xff, 0xff, 0xfe, 0xb5,
    0x20, 0x0, 0x0, 0x0, 0x1a, 0xfe, 0x9f, 0xf8,
    0xef, 0xff, 0xfe, 0xc3, 0x0, 0x0, 0x1d, 0xeb,
    0x7d, 0xff, 0x52, 0xef, 0xff, 0xff, 0xf8, 0x0,
    0x4d, 0x93, 0x3, 0xff, 0xf4, 0x2, 0xcf, 0xff,
    0xb4, 0x0, 0x24, 0x0, 0x0, 0xa, 0xff, 0x10,
    0x0, 0x11, 0x0, 0x0, 0x0, 0x0, 0x0, 0x0,
    0x1d, 0xb0, 0x0, 0x0, 0x0, 0x0, 0x0,

    /* U+68C0 "检" */
    0x0, 0x0, 0x0, 0x0, 0x0, 0x4, 0xda, 0x0,
    0x0, 0x0, 0x0, 0x0, 0x0, 0x0, 0x13, 0x20,
    0x0, 0x0, 0xdf, 0xf9, 0x0, 0x0, 0x0, 0x0,
    0x0, 0x0, 0x3, 0xff, 0xa0, 0x0, 0xd, 0xff,
    0xd0, 0x0, 0x0, 0x0, 0x0, 0x0, 0x0, 0x1c,
    0xff, 0x70, 0x3, 0xef, 0xff, 0x70, 0x0, 0x0,
    0x0, 0x0, 0x0, 0x2, 0xcf, 0xf6, 0x0, 0x7f,
    0xfe, 0xfe, 0x30, 0x0, 0x0, 0x0, 0x0, 0x0,
    0x3d, 0xff, 0x10, 0xb, 0xfe, 0x3f, 0xfd, 0x20,
    0x0, 0x0, 0x0, 0x0, 0x5, 0xdf, 0xf8, 0x2,
    0xff, 0x70, 0xaf, 0xfc, 0x10, 0x0, 0x0, 0x0,
    0x0, 0x8f, 0xff, 0xa0, 0x8f, 0xf1, 0x3, 0xff,
    0xfb, 0x0, 0x0, 0x0, 0x5d, 0xae, 0xff, 0xf2,
    0x1d, 0xf9, 0x27, 0xef, 0xff, 0xfc, 0x10, 0x0,
    0x6, 0xff, 0xff, 0xf8, 0x25, 0xff, 0x9c, 0xff,
    0xff, 0xff, 0xfd, 0x30, 0x0, 0xa, 0xff, 0xff,
    0xa5, 0xaf, 0xfe, 0xff, 0xfd, 0xbf, 0xff, 0xff,
    0x80, 0x0, 0x2, 0xdf, 0xfd, 0x5f, 0xb6, 0xff,
    0xe5, 0x0, 0xbf, 0xff, 0xff, 0xa0, 0x0, 0x7f,
    0xff, 0x7a, 0xd1, 0x7, 0xb2, 0x2, 0xad, 0xff,
    0xff, 0xfe, 0x20, 0x1f, 0xff, 0xf5, 0xc4, 0x51,
    0x7d, 0xd7, 0x39, 0xff, 0xd9, 0x65, 0x30, 0xa,
    0xff, 0xff, 0x81, 0x7f, 0x88, 0xff, 0x72, 0xff,
    0xe4, 0x0, 0x0, 0x6, 0xff, 0xff, 0xe1, 0xd,
    0xff, 0xdf, 0xd0, 0xbe, 0xa1, 0x0, 0x0, 0x0,
    0xcf, 0xff, 0xfc, 0x4, 0xff, 0xc4, 0xd5, 0x8e,
    0x93, 0x10, 0x0, 0x0, 0x7, 0xff, 0xdf, 0xf1,
    0x2e, 0xf4, 0x6c, 0xef, 0xff, 0xdc, 0xa4, 0x0,
    0x0, 0x5, 0x2c, 0xff, 0x6, 0x6c, 0xcf, 0xff,
    0xff, 0xff, 0xff, 0xf8, 0x0, 0x0, 0x0, 0xaf,
    0xf0, 0x9f, 0xff, 0xfc, 0x51, 0x0, 0x6f, 0xff,
    0xf2, 0x0, 0x0, 0x3, 0xfd, 0x1, 0xbf, 0xe6,
    0x0, 0x0, 0x6, 0x54, 0x69, 0x0, 0x0, 0x0,
    0x7, 0xa0, 0x0, 0x0, 0x0, 0x0, 0x0, 0x0,
    0x0, 0x0, 0x0,

    /* U+6D4B "测" */
    0x0, 0x0, 0x0, 0x0, 0x0, 0x0, 0x0, 0x0,
    0x2, 0xbf, 0x91, 0x0, 0x0, 0x0, 0x0, 0x0,
    0x27, 0x82, 0x0, 0x1, 0xcf, 0xf9, 0x0, 0x0,
    0x42, 0x0, 0x3, 0xef, 0xff, 0x10, 0x0, 0x7f,
    0xfa, 0x3, 0x8a, 0xff, 0x72, 0x6c, 0xfe, 0xff,
    0x60, 0x0, 0x6f, 0xf6, 0x4, 0xff, 0xff, 0xe2,
    0xff, 0xba, 0xff, 0x40, 0x1, 0x6f, 0xf3, 0x0,
    0x8f, 0xff, 0xc0, 0x54, 0xb, 0xff, 0x0, 0x4,
    0x6f, 0xf3, 0x0, 0x3b, 0xc3, 0xad, 0x40, 0xc,
    0xff, 0x87, 0x16, 0x6f, 0xf3, 0x0, 0x68, 0x0,
    0x7f, 0xef, 0x9d, 0xff, 0x5f, 0xf7, 0x5f, 0xf4,
    0x0, 0x32, 0x20, 0x9f, 0xef, 0xfe, 0xff, 0x3f,
    0xf7, 0x4f, 0xf4, 0x10, 0x6f, 0xf5, 0xbf, 0xdf,
    0xdd, 0xff, 0x5f, 0xf6, 0x4f, 0xf4, 0x7c, 0xff,
    0xfc, 0xef, 0xcf, 0xbf, 0xff, 0x7f, 0xf4, 0x4f,
    0xf4, 0x2c, 0xff, 0xe3, 0xff, 0xcf, 0xaf, 0xff,
    0x7f, 0xf2, 0x4f, 0xf4, 0x1, 0xcf, 0x32, 0xff,
    0xdf, 0xcf, 0xfe, 0x4f, 0xf0, 0x6f, 0xf3, 0x2,
    0xc4, 0x1a, 0xef, 0xdf, 0xff, 0xfb, 0xc, 0xc0,
    0x7f, 0xf3, 0x2, 0x40, 0xa9, 0x3f, 0xff, 0xaf,
    0xf6, 0x1, 0x30, 0x7f, 0xf3, 0x4, 0x9, 0xf2,
    0x8, 0xfe, 0x8b, 0xa1, 0x0, 0x0, 0x8f, 0xf3,
    0xf, 0xff, 0xb0, 0xd, 0xf5, 0xaf, 0xf6, 0x21,
    0x0, 0xdf, 0xf4, 0x8f, 0xff, 0x50, 0xaf, 0x60,
    0x5d, 0xff, 0x39, 0xde, 0xff, 0xf4, 0xef, 0xfe,
    0x8, 0xe4, 0x2, 0x47, 0xbc, 0x11, 0xaf, 0xff,
    0xf4, 0xcf, 0xf7, 0x46, 0x0, 0x0, 0x0, 0x0,
    0x0, 0x5e, 0xff, 0xf3, 0x5f, 0xd0, 0x0, 0x0,
    0x0, 0x0, 0x0, 0x0, 0xa, 0xff, 0xe0, 0x4,
    0x20, 0x0, 0x0, 0x0, 0x0, 0x0, 0x0, 0x0,
    0x7e, 0x60,

    /* U+73AF "环" */
    0x0, 0x0, 0x0, 0x0, 0x0, 0x0, 0x0, 0x0,
    0x58, 0xb8, 0x20, 0x0, 0x0, 0x0, 0x0, 0x0,
    0x0, 0x30, 0x3, 0x7d, 0xff, 0xff, 0xfa, 0x10,
    0x0, 0x20, 0x2, 0x6f, 0xf6, 0xce, 0xcd, 0xff,
    0xff, 0xff, 0xff, 0xc0, 0x1, 0xfc, 0xce, 0xff,
    0xff, 0xff, 0xff, 0xff, 0xe8, 0xcc, 0xdf, 0xf0,
    0x0, 0xef, 0xff, 0xff, 0xfb, 0x4f, 0xff, 0xff,
    0xc3, 0x0, 0x1, 0x40, 0x0, 0x4f, 0xff, 0xfc,
    0x40, 0x0, 0x3a, 0xff, 0xf6, 0x0, 0x0, 0x0,
    0x0, 0x5, 0xff, 0xfd, 0x40, 0x0, 0x6, 0xef,
    0xf2, 0x0, 0x0, 0x0, 0x0, 0x3c, 0x5e, 0xff,
    0xfd, 0x0, 0xb, 0xff, 0x90, 0x0, 0x0, 0x0,
    0x3, 0xc2, 0x8f, 0xff, 0xfb, 0x0, 0x3d, 0xff,
    0x10, 0x0, 0x0, 0x0, 0xc, 0xee, 0xff, 0xfe,
    0x50, 0x0, 0xcf, 0xfe, 0x20, 0x0, 0x0, 0x0,
    0xa, 0xff, 0xff, 0xf9, 0x48, 0x52, 0xef, 0xff,
    0xe0, 0x0, 0x0, 0x0, 0x0, 0x56, 0xaf, 0xff,
    0xf6, 0xa, 0xff, 0xef, 0xfd, 0xdd, 0xc5, 0x0,
    0x0, 0x0, 0x9f, 0xff, 0x90, 0x7f, 0xf5, 0xcf,
    0xc5, 0xef, 0xff, 0xa0, 0x0, 0x2b, 0xff, 0xf9,
    0x3, 0xde, 0x41, 0xcf, 0xb1, 0xee, 0xff, 0xf4,
    0x8, 0xdf, 0xff, 0x90, 0x2a, 0xa2, 0x2, 0xcf,
    0xc9, 0xcf, 0xff, 0xf5, 0x2f, 0xff, 0xf9, 0x1,
    0xb8, 0x0, 0x4, 0xdf, 0xb2, 0x10, 0x3, 0x60,
    0xc, 0xff, 0x70, 0x8, 0x20, 0x0, 0x4, 0xff,
    0x90, 0x0, 0x0, 0x0, 0x0, 0x32, 0x0, 0x10,
    0x0, 0x0, 0x3d, 0xff, 0x80, 0x0, 0x0, 0x0,
    0x0, 0x0, 0x0, 0x0, 0x0, 0x0, 0x19, 0xff,
    0x60, 0x0, 0x0, 0x0, 0x0, 0x0, 0x0, 0x0,
    0x0, 0x0, 0x5, 0xff, 0x30, 0x0, 0x0, 0x0,
    0x0, 0x0, 0x0, 0x0, 0x0, 0x0, 0x0, 0x6c,
    0x0, 0x0, 0x0, 0x0, 0x0, 0x0, 0x0, 0x0,
    0x0, 0x0, 0x0, 0x0, 0x0, 0x0, 0x0, 0x0,

    /* U+80FD "能" */
    0x0, 0x0, 0x7d, 0xc0, 0x0, 0x0, 0x0, 0x0,
    0x0, 0x0, 0x0, 0x0, 0x0, 0x8, 0xef, 0xb0,
    0x0, 0x2, 0x65, 0x0, 0x0, 0x0, 0x0, 0x0,
    0x0, 0x9f, 0xfe, 0x0, 0x0, 0x1e, 0xf6, 0x1,
    0x30, 0x0, 0x0, 0x0, 0x3d, 0xff, 0x79, 0x72,
    0x0, 0xdf, 0xb4, 0xff, 0x50, 0x0, 0x0, 0xa,
    0xff, 0x50, 0xaf, 0xf5, 0x4d, 0xf8, 0x1f, 0xff,
    0x0, 0x0, 0x3, 0xff, 0x90, 0x7e, 0xcf, 0xfc,
    0xff, 0x4b, 0xff, 0xc0, 0x0, 0x0, 0xcf, 0xfa,
    0xff, 0xa5, 0xef, 0xff, 0xf7, 0xff, 0x9c, 0x0,
    0x0, 0x7f, 0xff, 0xff, 0x94, 0xdf, 0xff, 0xff,
    0xee, 0x40, 0xf9, 0x0, 0x2f, 0xff, 0xff, 0x84,
    0xff, 0x9b, 0xef, 0xfa, 0x12, 0xbf, 0xf2, 0x0,
    0xef, 0xfc, 0x48, 0xff, 0xff, 0x29, 0xff, 0xab,
    0xcf, 0xff, 0x50, 0x4, 0xe8, 0x8c, 0xff, 0xff,
    0xf6, 0x3f, 0xff, 0xff, 0xff, 0xf1, 0x0, 0x4,
    0xa6, 0xde, 0x9a, 0xff, 0x50, 0x27, 0xbd, 0xed,
    0x61, 0x0, 0x0, 0xf, 0xf8, 0xaf, 0xdf, 0xf5,
    0xdf, 0x80, 0x5f, 0xfb, 0x0, 0x0, 0x1, 0xdf,
    0xff, 0xca, 0xff, 0x1c, 0xff, 0xa, 0xff, 0xf3,
    0x0, 0x0, 0x3e, 0xf9, 0xc8, 0xdf, 0xd0, 0xdf,
    0xb8, 0xff, 0xf8, 0x22, 0x0, 0x6, 0xff, 0xbb,
    0xfe, 0xfd, 0x2f, 0xfc, 0xfd, 0x91, 0x4, 0x70,
    0x0, 0x7f, 0xff, 0xd4, 0x9f, 0xe3, 0xff, 0xb6,
    0x20, 0x0, 0xbb, 0x0, 0x8, 0xff, 0xb5, 0x1c,
    0xff, 0x3f, 0xf3, 0x0, 0x0, 0x6f, 0xf1, 0x0,
    0x6f, 0xf3, 0xdf, 0xff, 0xf1, 0xff, 0xe8, 0x78,
    0xbd, 0xff, 0x20, 0x1, 0xff, 0x5, 0xff, 0xfc,
    0xa, 0xff, 0xff, 0xff, 0xff, 0xf0, 0x0, 0x7,
    0xd0, 0xd, 0xff, 0x60, 0x8, 0xef, 0xff, 0xfe,
    0xa3, 0x0, 0x0, 0x2, 0x0, 0x1c, 0xa0, 0x0,
    0x0, 0x2, 0x20, 0x0, 0x0,

    /* U+8FC7 "过" */
    0x0, 0x0, 0x0, 0x0, 0x0, 0x0, 0x25, 0xde,
    0x20, 0x0, 0x0, 0x0, 0x0, 0x0, 0x0, 0x0,
    0x0, 0x0, 0x1d, 0xff, 0xe0, 0x0, 0x0, 0x0,
    0x0, 0x0, 0x0, 0x0, 0x0, 0x0, 0x6, 0xff,
    0xf0, 0x0, 0x0, 0x0, 0x0, 0x0, 0x0, 0x0,
    0x0, 0x0, 0x7, 0xff, 0xd3, 0x0, 0x0, 0x0,
    0x2, 0x4a, 0x90, 0x10, 0x0, 0x36, 0xbe, 0xff,
    0xff, 0xd2, 0x0, 0x0, 0xe, 0xff, 0xfa, 0x0,
    0x48, 0xcf, 0xff, 0xff, 0xff, 0xfa, 0x0, 0x0,
    0xb, 0xff, 0xff, 0xcc, 0xdf, 0xff, 0xfd, 0xff,
    0x81, 0x51, 0x0, 0x0, 0x0, 0xcf, 0xfe, 0xff,
    0xff, 0xfb, 0x27, 0xff, 0x60, 0x0, 0x0, 0x0,
    0x0, 0xac, 0x31, 0xdf, 0xff, 0xf6, 0x8, 0xff,
    0x60, 0x0, 0x0, 0x0, 0x0, 0x81, 0x79, 0x23,
    0x6f, 0xff, 0x6a, 0xff, 0x70, 0x0, 0x0, 0x0,
    0x0, 0x5a, 0xff, 0xe0, 0x5f, 0xff, 0x8d, 0xff,
    0x80, 0x0, 0x0, 0x0, 0x3, 0xff, 0xff, 0xe2,
    0x76, 0x76, 0x3f, 0xff, 0x80, 0x0, 0x0, 0x0,
    0x0, 0x8e, 0xff, 0xd0, 0x0, 0x6c, 0xdf, 0xff,
    0x90, 0x0, 0x0, 0x0, 0x0, 0x0, 0x4f, 0xd6,
    0x0, 0x3a, 0xff, 0xff, 0x90, 0x0, 0x0, 0x0,
    0x0, 0x0, 0xa, 0xff, 0x70, 0x5, 0xef, 0xff,
    0x80, 0x0, 0x0, 0x0, 0x0, 0x3, 0x7e, 0xff,
    0xf1, 0x0, 0x8f, 0xff, 0x20, 0x0, 0x0, 0x0,
    0x7, 0xcc, 0xff, 0xff, 0xff, 0xb7, 0x3b, 0xf6,
    0x0, 0x0, 0x0, 0x0, 0x3, 0xef, 0xfd, 0xff,
    0xff, 0xff, 0xff, 0xfd, 0xbb, 0xaa, 0xbb, 0xb5,
    0x0, 0x15, 0x30, 0x8, 0xff, 0xff, 0xff, 0xee,
    0xff, 0xff, 0xff, 0xf2, 0x0, 0x0, 0x0, 0x0,
    0x1a, 0xee, 0xff, 0xff, 0xff, 0xff, 0xff, 0xa0,
    0x0, 0x0, 0x0, 0x0, 0x0, 0x3a, 0xcc, 0xcd,
    0xee, 0xff, 0xf9, 0x0, 0x0, 0x0, 0x0, 0x0,
    0x0, 0x0, 0x16, 0xab, 0xcd, 0xc7, 0x10, 0x0,

    /* U+F001 "" */
    0x0, 0x0, 0x0, 0x0, 0x0, 0x0, 0x0, 0x0,
    0x0, 0x0, 0x0, 0x0, 0x0, 0x0, 0x0, 0x0,
    0x0, 0x0, 0x0, 0x0, 0x0, 0x2, 0x7b, 0xe8,
    0x0, 0x0, 0x0, 0x0, 0x0, 0x0, 0x0, 0x0,
    0x49, 0xdf, 0xff, 0xff, 0x0, 0x0, 0x0, 0x0,
    0x0, 0x0, 0x16, 0xbf, 0xff, 0xff, 0xff, 0xff,
    0x0, 0x0, 0x0, 0x0, 0x3, 0x8c, 0xff, 0xff,
    0xff, 0xff, 0xff, 0xff, 0x0, 0x0, 0x0, 0x3a,
    0xef, 0xff, 0xff, 0xff, 0xff, 0xff, 0xff, 0xff,
    0x0, 0x0, 0x0, 0xef, 0xff, 0xff, 0xff, 0xff,
    0xff, 0xff, 0xff, 0xff, 0x0, 0x0, 0x0, 0xff,
    0xff, 0xff, 0xff, 0xff, 0xff, 0xff, 0xaf, 0xff,
    0x0, 0x0, 0x0, 0xff, 0xff, 0xff, 0xff, 0xff,
    0xd8, 0x40, 0xf, 0xff, 0x0, 0x0, 0x0, 0xff,
    0xff, 0xff, 0xfb, 0x62, 0x0, 0x0, 0xf, 0xff,
    0x0, 0x0, 0x0, 0xff, 0xfe, 0x94, 0x0, 0x0,
    0x0, 0x0, 0xf, 0xff, 0x0, 0x0, 0x0, 0xff,
    0xf0, 0x0, 0x0, 0x0, 0x0, 0x0, 0xf, 0xff,
    0x0, 0x0, 0x0, 0xff, 0xf0, 0x0, 0x0, 0x0,
    0x0, 0x0, 0xf, 0xff, 0x0, 0x0, 0x0, 0xff,
    0xf0, 0x0, 0x0, 0x0, 0x0, 0x0, 0xf, 0xff,
    0x0, 0x0, 0x0, 0xff, 0xf0, 0x0, 0x0, 0x0,
    0x0, 0x0, 0xf, 0xff, 0x0, 0x0, 0x0, 0xff,
    0xf0, 0x0, 0x0, 0x0, 0x0, 0x0, 0xf, 0xff,
    0x0, 0x0, 0x0, 0xff, 0xf0, 0x0, 0x0, 0x0,
    0x3a, 0xdf, 0xdf, 0xff, 0x0, 0x0, 0x0, 0xff,
    0xf0, 0x0, 0x0, 0x6, 0xff, 0xff, 0xff, 0xff,
    0x0, 0x0, 0x0, 0xff, 0xf0, 0x0, 0x0, 0xe,
    0xff, 0xff, 0xff, 0xff, 0x3, 0xad, 0xfd, 0xff,
    0xf0, 0x0, 0x0, 0xe, 0xff, 0xff, 0xff, 0xfe,
    0x6f, 0xff, 0xff, 0xff, 0xf0, 0x0, 0x0, 0x6,
    0xff, 0xff, 0xff, 0xf6, 0xef, 0xff, 0xff, 0xff,
    0xf0, 0x0, 0x0, 0x0, 0x3a, 0xef, 0xea, 0x30,
    0xef, 0xff, 0xff, 0xff, 0xe0, 0x0, 0x0, 0x0,
    0x0, 0x0, 0x0, 0x0, 0x6f, 0xff, 0xff, 0xff,
    0x60, 0x0, 0x0, 0x0, 0x0, 0x0, 0x0, 0x0,
    0x3, 0xae, 0xfe, 0xa3, 0x0, 0x0, 0x0, 0x0,
    0x0, 0x0, 0x0, 0x0,

    /* U+F008 "" */
    0xb7, 0x0, 0xbf, 0xff, 0xff, 0xff, 0xff, 0xff,
    0xff, 0xf4, 0x0, 0x7b, 0xfd, 0x88, 0xef, 0xff,
    0xff, 0xff, 0xff, 0xff, 0xff, 0xfb, 0x88, 0xdf,
    0xff, 0xff, 0xff, 0xb4, 0x44, 0x44, 0x44, 0x44,
    0x5f, 0xff, 0xff, 0xff, 0xf9, 0x0, 0xcf, 0x80,
    0x0, 0x0, 0x0, 0x0, 0xf, 0xf5, 0x0, 0x9f,
    0xf8, 0x0, 0xbf, 0x80, 0x0, 0x0, 0x0, 0x0,
    0xf, 0xf4, 0x0, 0x8f, 0xf9, 0x0, 0xcf, 0x80,
    0x0, 0x0, 0x0, 0x0, 0xf, 0xf5, 0x0, 0x9f,
    0xff, 0xff, 0xff, 0x80, 0x0, 0x0, 0x0, 0x0,
    0xf, 0xff, 0xff, 0xff, 0xfd, 0x88, 0xef, 0xa2,
    0x22, 0x22, 0x22, 0x22, 0x3f, 0xfb, 0x88, 0xdf,
    0xf8, 0x0, 0xbf, 0xff, 0xff, 0xff, 0xff, 0xff,
    0xff, 0xf4, 0x0, 0x8f, 0xf8, 0x0, 0xbf, 0xff,
    0xff, 0xff, 0xff, 0xff, 0xff, 0xf4, 0x0, 0x8f,
    0xfd, 0x88, 0xef, 0xa2, 0x22, 0x22, 0x22, 0x22,
    0x3f, 0xfb, 0x88, 0xdf, 0xff, 0xff, 0xff, 0x80,
    0x0, 0x0, 0x0, 0x0, 0xf, 0xff, 0xff, 0xff,
    0xf9, 0x0, 0xcf, 0x80, 0x0, 0x0, 0x0, 0x0,
    0xf, 0xf5, 0x0, 0x9f, 0xf8, 0x0, 0xbf, 0x80,
    0x0, 0x0, 0x0, 0x0, 0xf, 0xf4, 0x0, 0x8f,
    0xf9, 0x0, 0xcf, 0x80, 0x0, 0x0, 0x0, 0x0,
    0xf, 0xf5, 0x0, 0x9f, 0xff, 0xff, 0xff, 0xb4,
    0x44, 0x44, 0x44, 0x44, 0x5f, 0xff, 0xff, 0xff,
    0xfd, 0x88, 0xef, 0xff, 0xff, 0xff, 0xff, 0xff,
    0xff, 0xfb, 0x88, 0xdf, 0xb7, 0x0, 0xbf, 0xff,
    0xff, 0xff, 0xff, 0xff, 0xff, 0xf4, 0x0, 0x7b,

    /* U+F00B "" */
    0x14, 0x44, 0x44, 0x10, 0x3, 0x44, 0x44, 0x44,
    0x44, 0x44, 0x44, 0x41, 0xef, 0xff, 0xff, 0xe0,
    0x6f, 0xff, 0xff, 0xff, 0xff, 0xff, 0xff, 0xfe,
    0xff, 0xff, 0xff, 0xf0, 0x8f, 0xff, 0xff, 0xff,
    0xff, 0xff, 0xff, 0xff, 0xff, 0xff, 0xff, 0xf0,
    0x8f, 0xff, 0xff, 0xff, 0xff, 0xff, 0xff, 0xff,
    0xff, 0xff, 0xff, 0xf0, 0x8f, 0xff, 0xff, 0xff,
    0xff, 0xff, 0xff, 0xff, 0xff, 0xff, 0xff, 0xf0,
    0x8f, 0xff, 0xff, 0xff, 0xff, 0xff, 0xff, 0xff,
    0x7b, 0xbb, 0xbb, 0x60, 0x2a, 0xbb, 0xbb, 0xbb,
    0xbb, 0xbb, 0xbb, 0xb7, 0x0, 0x0, 0x0, 0x0,
    0x0, 0x0, 0x0, 0x0, 0x0, 0x0, 0x0, 0x0,
    0xbf, 0xff, 0xff, 0xb0, 0x4f, 0xff, 0xff, 0xff,
    0xff, 0xff, 0xff, 0xfb, 0xff, 0xff, 0xff, 0xf0,
    0x8f, 0xff, 0xff, 0xff, 0xff, 0xff, 0xff, 0xff,
    0xff, 0xff, 0xff, 0xf0, 0x8f, 0xff, 0xff, 0xff,
    0xff, 0xff, 0xff, 0xff, 0xff, 0xff, 0xff, 0xf0,
    0x8f, 0xff, 0xff, 0xff, 0xff, 0xff, 0xff, 0xff,
    0xff, 0xff, 0xff, 0xf0, 0x8f, 0xff, 0xff, 0xff,
    0xff, 0xff, 0xff, 0xff, 0xbf, 0xff, 0xff, 0xb0,
    0x4f, 0xff, 0xff, 0xff, 0xff, 0xff, 0xff, 0xfb,
    0x0, 0x0, 0x0, 0x0, 0x0, 0x0, 0x0, 0x0,
    0x0, 0x0, 0x0, 0x0, 0x14, 0x44, 0x44, 0x10,
    0x3, 0x44, 0x44, 0x44, 0x44, 0x44, 0x44, 0x41,
    0xef, 0xff, 0xff, 0xe0, 0x6f, 0xff, 0xff, 0xff,
    0xff, 0xff, 0xff, 0xfe, 0xff, 0xff, 0xff, 0xf0,
    0x8f, 0xff, 0xff, 0xff, 0xff, 0xff, 0xff, 0xff,
    0xff, 0xff, 0xff, 0xf0, 0x8f, 0xff, 0xff, 0xff,
    0xff, 0xff, 0xff, 0xff, 0xff, 0xff, 0xff, 0xf0,
    0x8f, 0xff, 0xff, 0xff, 0xff, 0xff, 0xff, 0xff,
    0xff, 0xff, 0xff, 0xf0, 0x8f, 0xff, 0xff, 0xff,
    0xff, 0xff, 0xff, 0xff, 0x7b, 0xbb, 0xbb, 0x60,
    0x2a, 0xbb, 0xbb, 0xbb, 0xbb, 0xbb, 0xbb, 0xb7,

    /* U+F00C "" */
    0x0, 0x0, 0x0, 0x0, 0x0, 0x0, 0x0, 0x0,
    0x0, 0x0, 0xbd, 0x20, 0x0, 0x0, 0x0, 0x0,
    0x0, 0x0, 0x0, 0x0, 0x0, 0xc, 0xff, 0xe2,
    0x0, 0x0, 0x0, 0x0, 0x0, 0x0, 0x0, 0x0,
    0x0, 0xcf, 0xff, 0xfd, 0x0, 0x0, 0x0, 0x0,
    0x0, 0x0, 0x0, 0x0, 0xc, 0xff, 0xff, 0xfd,
    0x0, 0x0, 0x0, 0x0, 0x0, 0x0, 0x0, 0x0,
    0xcf, 0xff, 0xff, 0xd1, 0x0, 0x0, 0x0, 0x0,
    0x0, 0x0, 0x0, 0xc, 0xff, 0xff, 0xfd, 0x10,
    0x2, 0xdb, 0x0, 0x0, 0x0, 0x0, 0x0, 0xcf,
    0xff, 0xff, 0xd1, 0x0, 0x2e, 0xff, 0xc0, 0x0,
    0x0, 0x0, 0xc, 0xff, 0xff, 0xfd, 0x10, 0x0,
    0xdf, 0xff, 0xfc, 0x0, 0x0, 0x0, 0xcf, 0xff,
    0xff, 0xd1, 0x0, 0x0, 0xdf, 0xff, 0xff, 0xc0,
    0x0, 0xc, 0xff, 0xff, 0xfd, 0x10, 0x0, 0x0,
    0x1d, 0xff, 0xff, 0xfc, 0x0, 0xcf, 0xff, 0xff,
    0xd1, 0x0, 0x0, 0x0, 0x1, 0xdf, 0xff, 0xff,
    0xcc, 0xff, 0xff, 0xfd, 0x10, 0x0, 0x0, 0x0,
    0x0, 0x1d, 0xff, 0xff, 0xff, 0xff, 0xff, 0xd1,
    0x0, 0x0, 0x0, 0x0, 0x0, 0x1, 0xdf, 0xff,
    0xff, 0xff, 0xfd, 0x10, 0x0, 0x0, 0x0, 0x0,
    0x0, 0x0, 0x1d, 0xff, 0xff, 0xff, 0xd1, 0x0,
    0x0, 0x0, 0x0, 0x0, 0x0, 0x0, 0x1, 0xdf,
    0xff, 0xfd, 0x10, 0x0, 0x0, 0x0, 0x0, 0x0,
    0x0, 0x0, 0x0, 0x1d, 0xff, 0xd1, 0x0, 0x0,
    0x0, 0x0, 0x0, 0x0, 0x0, 0x0, 0x0, 0x1,
    0xcc, 0x10, 0x0, 0x0, 0x0, 0x0, 0x0, 0x0,

    /* U+F00D "" */
    0x1, 0x41, 0x0, 0x0, 0x0, 0x0, 0x3, 0x30,
    0x1, 0xdf, 0xd1, 0x0, 0x0, 0x0, 0x7, 0xff,
    0x70, 0xcf, 0xff, 0xd1, 0x0, 0x0, 0x7, 0xff,
    0xff, 0x4e, 0xff, 0xff, 0xd1, 0x0, 0x7, 0xff,
    0xff, 0xf6, 0x4f, 0xff, 0xff, 0xd1, 0x7, 0xff,
    0xff, 0xfb, 0x0, 0x4f, 0xff, 0xff, 0xd8, 0xff,
    0xff, 0xfb, 0x0, 0x0, 0x4f, 0xff, 0xff, 0xff,
    0xff, 0xfb, 0x0, 0x0, 0x0, 0x4f, 0xff, 0xff,
    0xff, 0xfb, 0x0, 0x0, 0x0, 0x0, 0x4f, 0xff,
    0xff, 0xfc, 0x0, 0x0, 0x0, 0x0, 0x7, 0xff,
    0xff, 0xff, 0xd1, 0x0, 0x0, 0x0, 0x7, 0xff,
    0xff, 0xff, 0xff, 0xd1, 0x0, 0x0, 0x7, 0xff,
    0xff, 0xff, 0xff, 0xff, 0xd1, 0x0, 0x7, 0xff,
    0xff, 0xfb, 0x5f, 0xff, 0xff, 0xd1, 0x7, 0xff,
    0xff, 0xfb, 0x0, 0x4f, 0xff, 0xff, 0xd1, 0xff,
    0xff, 0xfb, 0x0, 0x0, 0x4f, 0xff, 0xff, 0x7a,
    0xff, 0xfb, 0x0, 0x0, 0x0, 0x4f, 0xff, 0xf3,
    0xb, 0xfb, 0x0, 0x0, 0x0, 0x0, 0x4f, 0xf4,
    0x0, 0x1, 0x0, 0x0, 0x0, 0x0, 0x0, 0x0,
    0x0,

    /* U+F011 "" */
    0x0, 0x0, 0x0, 0x0, 0x0, 0xaf, 0xf8, 0x0,
    0x0, 0x0, 0x0, 0x0, 0x0, 0x0, 0x0, 0x0,
    0x0, 0xef, 0xfd, 0x0, 0x0, 0x0, 0x0, 0x0,
    0x0, 0x0, 0x8, 0x60, 0x0, 0xef, 0xfd, 0x0,
    0x7, 0x70, 0x0, 0x0, 0x0, 0x1, 0xcf, 0xf3,
    0x0, 0xef, 0xfd, 0x0, 0x5f, 0xfb, 0x0, 0x0,
    0x0, 0xc, 0xff, 0xfb, 0x0, 0xef, 0xfd, 0x0,
    0xcf, 0xff, 0xb0, 0x0, 0x0, 0x9f, 0xff, 0xf6,
    0x0, 0xef, 0xfd, 0x0, 0x7f, 0xff, 0xf7, 0x0,
    0x3, 0xff, 0xff, 0x60, 0x0, 0xef, 0xfd, 0x0,
    0x8, 0xff, 0xff, 0x20, 0xa, 0xff, 0xf9, 0x0,
    0x0, 0xef, 0xfd, 0x0, 0x0, 0xbf, 0xff, 0x90,
    0x1f, 0xff, 0xe0, 0x0, 0x0, 0xef, 0xfd, 0x0,
    0x0, 0x1f, 0xff, 0xf0, 0x5f, 0xff, 0x90, 0x0,
    0x0, 0xef, 0xfd, 0x0, 0x0, 0xa, 0xff, 0xf3,
    0x8f, 0xff, 0x40, 0x0, 0x0, 0xef, 0xfd, 0x0,
    0x0, 0x6, 0xff, 0xf6, 0x9f, 0xff, 0x20, 0x0,
    0x0, 0xef, 0xfd, 0x0, 0x0, 0x4, 0xff, 0xf8,
    0x9f, 0xff, 0x20, 0x0, 0x0, 0xef, 0xfc, 0x0,
    0x0, 0x4, 0xff, 0xf7, 0x8f, 0xff, 0x40, 0x0,
    0x0, 0x37, 0x72, 0x0, 0x0, 0x6, 0xff, 0xf6,
    0x5f, 0xff, 0x80, 0x0, 0x0, 0x0, 0x0, 0x0,
    0x0, 0xa, 0xff, 0xf4, 0x1f, 0xff, 0xe0, 0x0,
    0x0, 0x0, 0x0, 0x0, 0x0, 0x1f, 0xff, 0xf0,
    0xb, 0xff, 0xf8, 0x0, 0x0, 0x0, 0x0, 0x0,
    0x0, 0xaf, 0xff, 0xa0, 0x3, 0xff, 0xff, 0x60,
    0x0, 0x0, 0x0, 0x0, 0x7, 0xff, 0xff, 0x20,
    0x0, 0xaf, 0xff, 0xf8, 0x0, 0x0, 0x0, 0x1,
    0x9f, 0xff, 0xf8, 0x0, 0x0, 0xd, 0xff, 0xff,
    0xe8, 0x42, 0x24, 0x9e, 0xff, 0xff, 0xb0, 0x0,
    0x0, 0x1, 0xdf, 0xff, 0xff, 0xff, 0xff, 0xff,
    0xff, 0xfb, 0x10, 0x0, 0x0, 0x0, 0xa, 0xff,
    0xff, 0xff, 0xff, 0xff, 0xff, 0x90, 0x0, 0x0,
    0x0, 0x0, 0x0, 0x3b, 0xff, 0xff, 0xff, 0xff,
    0xb3, 0x0, 0x0, 0x0, 0x0, 0x0, 0x0, 0x0,
    0x15, 0x89, 0x97, 0x51, 0x0, 0x0, 0x0, 0x0,

    /* U+F013 "" */
    0x0, 0x0, 0x0, 0x0, 0x4, 0x89, 0x98, 0x40,
    0x0, 0x0, 0x0, 0x0, 0x0, 0x0, 0x0, 0x0,
    0xf, 0xff, 0xff, 0xf0, 0x0, 0x0, 0x0, 0x0,
    0x0, 0x0, 0x0, 0x0, 0xf, 0xff, 0xff, 0xf0,
    0x0, 0x0, 0x0, 0x0, 0x0, 0x0, 0x0, 0x0,
    0x4f, 0xff, 0xff, 0xf4, 0x0, 0x0, 0x0, 0x0,
    0x0, 0xc, 0xc3, 0x2c, 0xff, 0xff, 0xff, 0xff,
    0xc2, 0x3c, 0xc0, 0x0, 0x0, 0x8f, 0xff, 0xff,
    0xff, 0xff, 0xff, 0xff, 0xff, 0xff, 0xf8, 0x0,
    0x3, 0xff, 0xff, 0xff, 0xff, 0xff, 0xff, 0xff,
    0xff, 0xff, 0xff, 0x30, 0xa, 0xff, 0xff, 0xff,
    0xff, 0xff, 0xff, 0xff, 0xff, 0xff, 0xff, 0xa0,
    0xf, 0xff, 0xff, 0xff, 0xff, 0x94, 0x49, 0xff,
    0xff, 0xff, 0xff, 0xf0, 0x6, 0xef, 0xff, 0xff,
    0xf4, 0x0, 0x0, 0x4f, 0xff, 0xff, 0xfe, 0x60,
    0x0, 0x1e, 0xff, 0xff, 0x90, 0x0, 0x0, 0x9,
    0xff, 0xff, 0xe1, 0x0, 0x0, 0xf, 0xff, 0xff,
    0x40, 0x0, 0x0, 0x4, 0xff, 0xff, 0xf0, 0x0,
    0x0, 0xf, 0xff, 0xff, 0x40, 0x0, 0x0, 0x4,
    0xff, 0xff, 0xf0, 0x0, 0x0, 0x1e, 0xff, 0xff,
    0x90, 0x0, 0x0, 0x9, 0xff, 0xff, 0xe1, 0x0,
    0x6, 0xef, 0xff, 0xff, 0xf4, 0x0, 0x0, 0x4f,
    0xff, 0xff, 0xfe, 0x60, 0xf, 0xff, 0xff, 0xff,
    0xff, 0x94, 0x49, 0xff, 0xff, 0xff, 0xff, 0xf0,
    0xa, 0xff, 0xff, 0xff, 0xff, 0xff, 0xff, 0xff,
    0xff, 0xff, 0xff, 0xa0, 0x3, 0xff, 0xff, 0xff,
    0xff, 0xff, 0xff, 0xff, 0xff, 0xff, 0xff, 0x30,
    0x0, 0x8f, 0xff, 0xff, 0xff, 0xff, 0xff, 0xff,
    0xff, 0xff, 0xf8, 0x0, 0x0, 0xc, 0xc3, 0x2c,
    0xff, 0xff, 0xff, 0xff, 0xc2, 0x3c, 0xc0, 0x0,
    0x0, 0x0, 0x0, 0x0, 0x4f, 0xff, 0xff, 0xf4,
    0x0, 0x0, 0x0, 0x0, 0x0, 0x0, 0x0, 0x0,
    0xf, 0xff, 0xff, 0xf0, 0x0, 0x0, 0x0, 0x0,
    0x0, 0x0, 0x0, 0x0, 0xf, 0xff, 0xff, 0xf0,
    0x0, 0x0, 0x0, 0x0, 0x0, 0x0, 0x0, 0x0,
    0x4, 0x89, 0x98, 0x40, 0x0, 0x0, 0x0, 0x0,

    /* U+F015 "" */
    0x0, 0x0, 0x0, 0x0, 0x0, 0x0, 0x13, 0x10,
    0x0, 0x2, 0x44, 0x20, 0x0, 0x0, 0x0, 0x0,
    0x0, 0x0, 0x0, 0x5f, 0xfe, 0x40, 0x0, 0xdf,
    0xfd, 0x0, 0x0, 0x0, 0x0, 0x0, 0x0, 0x0,
    0x7f, 0xff, 0xff, 0x70, 0xe, 0xff, 0xe0, 0x0,
    0x0, 0x0, 0x0, 0x0, 0x0, 0xaf, 0xff, 0xff,
    0xff, 0xa0, 0xef, 0xfe, 0x0, 0x0, 0x0, 0x0,
    0x0, 0x1, 0xcf, 0xff, 0xb3, 0xbf, 0xff, 0xce,
    0xff, 0xe0, 0x0, 0x0, 0x0, 0x0, 0x3, 0xef,
    0xff, 0x90, 0x0, 0x9f, 0xff, 0xff, 0xfe, 0x0,
    0x0, 0x0, 0x0, 0x6, 0xff, 0xff, 0x60, 0x5d,
    0x50, 0x6f, 0xff, 0xff, 0xe0, 0x0, 0x0, 0x0,
    0x8, 0xff, 0xfe, 0x30, 0x8f, 0xff, 0x80, 0x3e,
    0xff, 0xfe, 0x0, 0x0, 0x0, 0x1b, 0xff, 0xfd,
    0x20, 0xaf, 0xff, 0xff, 0xa0, 0x2d, 0xff, 0xfb,
    0x0, 0x0, 0x2d, 0xff, 0xfb, 0x1, 0xcf, 0xff,
    0xff, 0xff, 0xc1, 0xb, 0xff, 0xfd, 0x20, 0x4f,
    0xff, 0xf8, 0x3, 0xef, 0xff, 0xff, 0xff, 0xff,
    0xe3, 0x8, 0xff, 0xfe, 0x4e, 0xff, 0xf5, 0x5,
    0xff, 0xff, 0xff, 0xff, 0xff, 0xff, 0xf5, 0x5,
    0xff, 0xfe, 0x4f, 0xe3, 0x8, 0xff, 0xff, 0xff,
    0xff, 0xff, 0xff, 0xff, 0xf8, 0x3, 0xef, 0x40,
    0x41, 0x7, 0xff, 0xff, 0xff, 0xff, 0xff, 0xff,
    0xff, 0xff, 0xf7, 0x1, 0x40, 0x0, 0x0, 0x8f,
    0xff, 0xff, 0xff, 0xff, 0xff, 0xff, 0xff, 0xff,
    0x80, 0x0, 0x0, 0x0, 0x8, 0xff, 0xff, 0xff,
    0xeb, 0xbb, 0xef, 0xff, 0xff, 0xf8, 0x0, 0x0,
    0x0, 0x0, 0x8f, 0xff, 0xff, 0xf4, 0x0, 0x4,
    0xff, 0xff, 0xff, 0x80, 0x0, 0x0, 0x0, 0x8,
    0xff, 0xff, 0xff, 0x40, 0x0, 0x4f, 0xff, 0xff,
    0xf8, 0x0, 0x0, 0x0, 0x0, 0x8f, 0xff, 0xff,
    0xf4, 0x0, 0x4, 0xff, 0xff, 0xff, 0x80, 0x0,
    0x0, 0x0, 0x8, 0xff, 0xff, 0xff, 0x40, 0x0,
    0x4f, 0xff, 0xff, 0xf8, 0x0, 0x0, 0x0, 0x0,
    0x7f, 0xff, 0xff, 0xf3, 0x0, 0x3, 0xff, 0xff,
    0xff, 0x70, 0x0, 0x0, 0x0, 0x3, 0xbb, 0xbb,
    0xba, 0x10, 0x0, 0x1a, 0xbb, 0xbb, 0xb3, 0x0,
    0x0,

    /* U+F019 "" */
    0x0, 0x0, 0x0, 0x0, 0x9, 0xdd, 0xdd, 0x90,
    0x0, 0x0, 0x0, 0x0, 0x0, 0x0, 0x0, 0x0,
    0xf, 0xff, 0xff, 0xf0, 0x0, 0x0, 0x0, 0x0,
    0x0, 0x0, 0x0, 0x0, 0xf, 0xff, 0xff, 0xf0,
    0x0, 0x0, 0x0, 0x0, 0x0, 0x0, 0x0, 0x0,
    0xf, 0xff, 0xff, 0xf0, 0x0, 0x0, 0x0, 0x0,
    0x0, 0x0, 0x0, 0x0, 0xf, 0xff, 0xff, 0xf0,
    0x0, 0x0, 0x0, 0x0, 0x0, 0x0, 0x0, 0x0,
    0xf, 0xff, 0xff, 0xf0, 0x0, 0x0, 0x0, 0x0,
    0x0, 0x0, 0x0, 0x0, 0xf, 0xff, 0xff, 0xf0,
    0x0, 0x0, 0x0, 0x0, 0x0, 0x0, 0x0, 0x0,
    0xf, 0xff, 0xff, 0xf0, 0x0, 0x0, 0x0, 0x0,
    0x0, 0x0, 0x0, 0x0, 0xf, 0xff, 0xff, 0xf0,
    0x0, 0x0, 0x0, 0x0, 0x0, 0x0, 0xad, 0xdd,
    0xdf, 0xff, 0xff, 0xfd, 0xdd, 0xda, 0x0, 0x0,
    0x0, 0x0, 0xdf, 0xff, 0xff, 0xff, 0xff, 0xff,
    0xff, 0xfd, 0x0, 0x0, 0x0, 0x0, 0x1d, 0xff,
    0xff, 0xff, 0xff, 0xff, 0xff, 0xd1, 0x0, 0x0,
    0x0, 0x0, 0x1, 0xdf, 0xff, 0xff, 0xff, 0xff,
    0xfd, 0x10, 0x0, 0x0, 0x0, 0x0, 0x0, 0x1d,
    0xff, 0xff, 0xff, 0xff, 0xd1, 0x0, 0x0, 0x0,
    0x0, 0x0, 0x0, 0x1, 0xdf, 0xff, 0xff, 0xfd,
    0x10, 0x0, 0x0, 0x0, 0x0, 0x0, 0x0, 0x0,
    0x1d, 0xff, 0xff, 0xd1, 0x0, 0x0, 0x0, 0x0,
    0x25, 0x55, 0x55, 0x55, 0x11, 0xdf, 0xfd, 0x11,
    0x55, 0x55, 0x55, 0x52, 0xef, 0xff, 0xff, 0xff,
    0xd1, 0x1d, 0xd1, 0x1d, 0xff, 0xff, 0xff, 0xfe,
    0xff, 0xff, 0xff, 0xff, 0xfd, 0x10, 0x1, 0xdf,
    0xff, 0xff, 0xff, 0xff, 0xff, 0xff, 0xff, 0xff,
    0xff, 0xf9, 0x9f, 0xff, 0xff, 0xff, 0xff, 0xff,
    0xff, 0xff, 0xff, 0xff, 0xff, 0xff, 0xff, 0xff,
    0xff, 0xff, 0xff, 0xff, 0xff, 0xff, 0xff, 0xff,
    0xff, 0xff, 0xff, 0xff, 0x71, 0xe7, 0x1e, 0xff,
    0xff, 0xff, 0xff, 0xff, 0xff, 0xff, 0xff, 0xff,
    0xb6, 0xfb, 0x6f, 0xff, 0xbf, 0xff, 0xff, 0xff,
    0xff, 0xff, 0xff, 0xff, 0xff, 0xff, 0xff, 0xfb,

    /* U+F01C "" */
    0x0, 0x0, 0x3, 0xcf, 0xff, 0xff, 0xff, 0xff,
    0xff, 0xff, 0xd3, 0x0, 0x0, 0x0, 0x0, 0x1,
    0xef, 0xff, 0xff, 0xff, 0xff, 0xff, 0xff, 0xff,
    0xe1, 0x0, 0x0, 0x0, 0x0, 0xaf, 0xff, 0xff,
    0xff, 0xff, 0xff, 0xff, 0xff, 0xff, 0xa0, 0x0,
    0x0, 0x0, 0x5f, 0xff, 0x40, 0x0, 0x0, 0x0,
    0x0, 0x0, 0x4f, 0xff, 0x50, 0x0, 0x0, 0x1e,
    0xff, 0x90, 0x0, 0x0, 0x0, 0x0, 0x0, 0x0,
    0x9f, 0xfe, 0x10, 0x0, 0xa, 0xff, 0xe0, 0x0,
    0x0, 0x0, 0x0, 0x0, 0x0, 0x0, 0xef, 0xfa,
    0x0, 0x5, 0xff, 0xf4, 0x0, 0x0, 0x0, 0x0,
    0x0, 0x0, 0x0, 0x4, 0xff, 0xf5, 0x1, 0xef,
    0xf9, 0x0, 0x0, 0x0, 0x0, 0x0, 0x0, 0x0,
    0x0, 0x9, 0xff, 0xe1, 0xaf, 0xfe, 0x0, 0x0,
    0x0, 0x0, 0x0, 0x0, 0x0, 0x0, 0x0, 0xe,
    0xff, 0xaf, 0xff, 0xff, 0xff, 0xff, 0x90, 0x0,
    0x0, 0x0, 0xaf, 0xff, 0xff, 0xff, 0xff, 0xff,
    0xff, 0xff, 0xff, 0xff, 0x20, 0x0, 0x0, 0x2f,
    0xff, 0xff, 0xff, 0xff, 0xff, 0xff, 0xff, 0xff,
    0xff, 0xf9, 0x0, 0x0, 0xa, 0xff, 0xff, 0xff,
    0xff, 0xff, 0xff, 0xff, 0xff, 0xff, 0xff, 0xff,
    0xff, 0xff, 0xff, 0xff, 0xff, 0xff, 0xff, 0xff,
    0xff, 0xff, 0xff, 0xff, 0xff, 0xff, 0xff, 0xff,
    0xff, 0xff, 0xff, 0xff, 0xff, 0xff, 0xff, 0xff,
    0xff, 0xff, 0xff, 0xff, 0xff, 0xff, 0xff, 0xff,
    0xff, 0xff, 0xff, 0xff, 0xff, 0xff, 0xff, 0xff,
    0xff, 0xff, 0xff, 0xff, 0xff, 0xff, 0xff, 0xff,
    0xdf, 0xff, 0xff, 0xff, 0xff, 0xff, 0xff, 0xff,
    0xff, 0xff, 0xff, 0xff, 0xff, 0xd3, 0xdf, 0xff,
    0xff, 0xff, 0xff, 0xff, 0xff, 0xff, 0xff, 0xff,
    0xff, 0xff, 0xd3,

    /* U+F021 "" */
    0x0, 0x0, 0x0, 0x0, 0x0, 0x0, 0x0, 0x0,
    0x0, 0x0, 0x3, 0x32, 0x0, 0x0, 0x0, 0x0,
    0x3, 0x67, 0x75, 0x20, 0x0, 0x0, 0x4f, 0xff,
    0x0, 0x0, 0x0, 0x29, 0xff, 0xff, 0xff, 0xfd,
    0x70, 0x0, 0x4f, 0xff, 0x0, 0x0, 0x8, 0xff,
    0xff, 0xff, 0xff, 0xff, 0xfe, 0x60, 0x3f, 0xff,
    0x0, 0x1, 0xcf, 0xff, 0xff, 0xfe, 0xef, 0xff,
    0xff, 0xfb, 0x3f, 0xff, 0x0, 0xd, 0xff, 0xff,
    0xb4, 0x0, 0x0, 0x5b, 0xff, 0xff, 0xdf, 0xff,
    0x0, 0xaf, 0xff, 0xe4, 0x0, 0x0, 0x0, 0x0,
    0x4d, 0xff, 0xff, 0xff, 0x4, 0xff, 0xfd, 0x10,
    0x0, 0x0, 0x0, 0x0, 0x0, 0xcf, 0xff, 0xff,
    0xc, 0xff, 0xf2, 0x0, 0x0, 0x0, 0x6, 0xff,
    0xee, 0xef, 0xff, 0xff, 0x1f, 0xff, 0x80, 0x0,
    0x0, 0x0, 0x8, 0xff, 0xff, 0xff, 0xff, 0xff,
    0x5f, 0xff, 0x10, 0x0, 0x0, 0x0, 0x7, 0xff,
    0xff, 0xff, 0xff, 0xff, 0x4, 0x43, 0x0, 0x0,
    0x0, 0x0, 0x1, 0x44, 0x44, 0x44, 0x44, 0x43,
    0x0, 0x0, 0x0, 0x0, 0x0, 0x0, 0x0, 0x0,
    0x0, 0x0, 0x0, 0x0, 0x0, 0x0, 0x0, 0x0,
    0x0, 0x0, 0x0, 0x0, 0x0, 0x0, 0x0, 0x0,
    0x34, 0x44, 0x44, 0x44, 0x44, 0x0, 0x0, 0x0,
    0x0, 0x0, 0x34, 0x40, 0xff, 0xff, 0xff, 0xff,
    0xff, 0x70, 0x0, 0x0, 0x0, 0x1, 0xff, 0xf5,
    0xff, 0xff, 0xff, 0xff, 0xff, 0x80, 0x0, 0x0,
    0x0, 0x8, 0xff, 0xf1, 0xff, 0xff, 0xfd, 0xee,
    0xff, 0x60, 0x0, 0x0, 0x0, 0x2f, 0xff, 0xb0,
    0xff, 0xff, 0xfb, 0x0, 0x0, 0x0, 0x0, 0x0,
    0x1, 0xdf, 0xff, 0x40, 0xff, 0xff, 0xff, 0xd3,
    0x0, 0x0, 0x0, 0x0, 0x4e, 0xff, 0xfa, 0x0,
    0xff, 0xfe, 0xff, 0xff, 0xb5, 0x0, 0x0, 0x4b,
    0xff, 0xff, 0xd0, 0x0, 0xff, 0xf3, 0xbf, 0xff,
    0xff, 0xfe, 0xef, 0xff, 0xff, 0xfc, 0x10, 0x0,
    0xff, 0xf3, 0x6, 0xff, 0xff, 0xff, 0xff, 0xff,
    0xff, 0x80, 0x0, 0x0, 0xff, 0xf4, 0x0, 0x17,
    0xdf, 0xff, 0xff, 0xff, 0xa2, 0x0, 0x0, 0x0,
    0xff, 0xf4, 0x0, 0x0, 0x2, 0x67, 0x76, 0x30,
    0x0, 0x0, 0x0, 0x0, 0x23, 0x30, 0x0, 0x0,
    0x0, 0x0, 0x0, 0x0, 0x0, 0x0, 0x0, 0x0,

    /* U+F026 "" */
    0x0, 0x0, 0x0, 0x0, 0x1, 0xa7, 0x0, 0x0,
    0x0, 0x0, 0x1c, 0xff, 0x0, 0x0, 0x0, 0x1,
    0xcf, 0xff, 0x0, 0x0, 0x0, 0x1c, 0xff, 0xff,
    0x14, 0x44, 0x44, 0xcf, 0xff, 0xff, 0xef, 0xff,
    0xff, 0xff, 0xff, 0xff, 0xff, 0xff, 0xff, 0xff,
    0xff, 0xff, 0xff, 0xff, 0xff, 0xff, 0xff, 0xff,
    0xff, 0xff, 0xff, 0xff, 0xff, 0xff, 0xff, 0xff,
    0xff, 0xff, 0xff, 0xff, 0xff, 0xff, 0xff, 0xff,
    0xff, 0xff, 0xff, 0xff, 0xff, 0xff, 0xff, 0xff,
    0xff, 0xff, 0xff, 0xff, 0xff, 0xff, 0x7b, 0xbb,
    0xbb, 0xff, 0xff, 0xff, 0x0, 0x0, 0x0, 0x5f,
    0xff, 0xff, 0x0, 0x0, 0x0, 0x5, 0xff, 0xff,
    0x0, 0x0, 0x0, 0x0, 0x5f, 0xff, 0x0, 0x0,
    0x0, 0x0, 0x5, 0xfd, 0x0, 0x0, 0x0, 0x0,
    0x0, 0x10,

    /* U+F027 "" */
    0x0, 0x0, 0x0, 0x0, 0x0, 0x96, 0x0, 0x0,
    0x0, 0x0, 0x0, 0x0, 0x0, 0xc, 0xff, 0x0,
    0x0, 0x0, 0x0, 0x0, 0x0, 0x0, 0xcf, 0xff,
    0x0, 0x0, 0x0, 0x0, 0x0, 0x0, 0xc, 0xff,
    0xff, 0x0, 0x0, 0x0, 0x13, 0x33, 0x33, 0xcf,
    0xff, 0xff, 0x0, 0x0, 0x0, 0xdf, 0xff, 0xff,
    0xff, 0xff, 0xff, 0x0, 0x4a, 0x20, 0xff, 0xff,
    0xff, 0xff, 0xff, 0xff, 0x0, 0xcf, 0xe1, 0xff,
    0xff, 0xff, 0xff, 0xff, 0xff, 0x0, 0x3e, 0xfa,
    0xff, 0xff, 0xff, 0xff, 0xff, 0xff, 0x0, 0x6,
    0xfe, 0xff, 0xff, 0xff, 0xff, 0xff, 0xff, 0x0,
    0x5, 0xfe, 0xff, 0xff, 0xff, 0xff, 0xff, 0xff,
    0x0, 0x2e, 0xfa, 0xff, 0xff, 0xff, 0xff, 0xff,
    0xff, 0x0, 0xcf, 0xf2, 0xff, 0xff, 0xff, 0xff,
    0xff, 0xff, 0x0, 0x5b, 0x30, 0x7c, 0xcc, 0xcc,
    0xff, 0xff, 0xff, 0x0, 0x0, 0x0, 0x0, 0x0,
    0x0, 0x5f, 0xff, 0xff, 0x0, 0x0, 0x0, 0x0,
    0x0, 0x0, 0x5, 0xff, 0xff, 0x0, 0x0, 0x0,
    0x0, 0x0, 0x0, 0x0, 0x5f, 0xff, 0x0, 0x0,
    0x0, 0x0, 0x0, 0x0, 0x0, 0x5, 0xfd, 0x0,
    0x0, 0x0, 0x0, 0x0, 0x0, 0x0, 0x0, 0x21,
    0x0, 0x0, 0x0,

    /* U+F028 "" */
    0x0, 0x0, 0x0, 0x0, 0x0, 0x0, 0x0, 0x0,
    0x0, 0x0, 0x30, 0x0, 0x0, 0x0, 0x0, 0x0,
    0x0, 0x0, 0x0, 0x0, 0x0, 0x0, 0x0, 0xaf,
    0xb1, 0x0, 0x0, 0x0, 0x0, 0x0, 0x0, 0x0,
    0x0, 0x0, 0x0, 0x0, 0x7, 0xff, 0xd1, 0x0,
    0x0, 0x0, 0x0, 0x0, 0x0, 0x1a, 0x70, 0x0,
    0x0, 0x0, 0x6, 0xff, 0xd0, 0x0, 0x0, 0x0,
    0x0, 0x0, 0x1c, 0xff, 0x0, 0x0, 0x6, 0x30,
    0x5, 0xff, 0xa0, 0x0, 0x0, 0x0, 0x0, 0x1c,
    0xff, 0xf0, 0x0, 0x3, 0xff, 0x70, 0x8, 0xff,
    0x40, 0x0, 0x0, 0x0, 0x1c, 0xff, 0xff, 0x0,
    0x0, 0xc, 0xff, 0x70, 0xc, 0xfc, 0x1, 0x44,
    0x44, 0x4c, 0xff, 0xff, 0xf0, 0x0, 0x0, 0xa,
    0xff, 0x30, 0x4f, 0xf3, 0xef, 0xff, 0xff, 0xff,
    0xff, 0xff, 0x0, 0x5a, 0x20, 0xc, 0xfb, 0x0,
    0xdf, 0x8f, 0xff, 0xff, 0xff, 0xff, 0xff, 0xf0,
    0xc, 0xfe, 0x20, 0x4f, 0xf1, 0x8, 0xfb, 0xff,
    0xff, 0xff, 0xff, 0xff, 0xff, 0x0, 0x2e, 0xfa,
    0x0, 0xff, 0x50, 0x5f, 0xef, 0xff, 0xff, 0xff,
    0xff, 0xff, 0xf0, 0x0, 0x6f, 0xe0, 0xc, 0xf7,
    0x4, 0xff, 0xff, 0xff, 0xff, 0xff, 0xff, 0xff,
    0x0, 0x6, 0xfe, 0x0, 0xcf, 0x70, 0x4f, 0xff,
    0xff, 0xff, 0xff, 0xff, 0xff, 0xf0, 0x2, 0xef,
    0xa0, 0xf, 0xf5, 0x6, 0xfe, 0xff, 0xff, 0xff,
    0xff, 0xff, 0xff, 0x0, 0xcf, 0xe2, 0x4, 0xff,
    0x10, 0x9f, 0xbf, 0xff, 0xff, 0xff, 0xff, 0xff,
    0xf0, 0x4, 0xa2, 0x0, 0xcf, 0xb0, 0xd, 0xf8,
    0x7b, 0xbb, 0xbb, 0xff, 0xff, 0xff, 0x0, 0x0,
    0x0, 0xaf, 0xf3, 0x4, 0xff, 0x30, 0x0, 0x0,
    0x5, 0xff, 0xff, 0xf0, 0x0, 0x0, 0xcf, 0xf7,
    0x0, 0xcf, 0xc0, 0x0, 0x0, 0x0, 0x5, 0xff,
    0xff, 0x0, 0x0, 0x3f, 0xf7, 0x0, 0x6f, 0xf4,
    0x0, 0x0, 0x0, 0x0, 0x5, 0xff, 0xf0, 0x0,
    0x0, 0x53, 0x0, 0x4f, 0xfa, 0x0, 0x0, 0x0,
    0x0, 0x0, 0x5, 0xfd, 0x0, 0x0, 0x0, 0x0,
    0x6f, 0xfd, 0x0, 0x0, 0x0, 0x0, 0x0, 0x0,
    0x1, 0x0, 0x0, 0x0, 0x0, 0x7f, 0xfd, 0x10,
    0x0, 0x0, 0x0, 0x0, 0x0, 0x0, 0x0, 0x0,
    0x0, 0x0, 0x9, 0xfb, 0x10, 0x0, 0x0, 0x0,
    0x0, 0x0, 0x0, 0x0, 0x0, 0x0, 0x0, 0x0,
    0x3, 0x0, 0x0, 0x0,

    /* U+F03E "" */
    0x3d, 0xff, 0xff, 0xff, 0xff, 0xff, 0xff, 0xff,
    0xff, 0xff, 0xff, 0xd3, 0xdf, 0xff, 0xff, 0xff,
    0xff, 0xff, 0xff, 0xff, 0xff, 0xff, 0xff, 0xfd,
    0xff, 0xff, 0xca, 0xef, 0xff, 0xff, 0xff, 0xff,
    0xff, 0xff, 0xff, 0xff, 0xff, 0xf6, 0x0, 0x1d,
    0xff, 0xff, 0xff, 0xff, 0xff, 0xff, 0xff, 0xff,
    0xff, 0xc0, 0x0, 0x4, 0xff, 0xff, 0xff, 0xff,
    0xff, 0xff, 0xff, 0xff, 0xff, 0xa0, 0x0, 0x2,
    0xff, 0xff, 0xff, 0xff, 0x9f, 0xff, 0xff, 0xff,
    0xff, 0xe1, 0x0, 0x8, 0xff, 0xff, 0xff, 0xf4,
    0x4, 0xff, 0xff, 0xff, 0xff, 0xfc, 0x42, 0x8f,
    0xff, 0xff, 0xff, 0x40, 0x0, 0x4f, 0xff, 0xff,
    0xff, 0xff, 0xff, 0xff, 0xff, 0xff, 0xf4, 0x0,
    0x0, 0x4, 0xff, 0xff, 0xff, 0xff, 0xff, 0x6b,
    0xff, 0xff, 0x40, 0x0, 0x0, 0x0, 0x4f, 0xff,
    0xff, 0xff, 0xf4, 0x0, 0xbf, 0xf4, 0x0, 0x0,
    0x0, 0x0, 0xf, 0xff, 0xff, 0xff, 0x40, 0x0,
    0xb, 0x40, 0x0, 0x0, 0x0, 0x0, 0xf, 0xff,
    0xff, 0xf4, 0x0, 0x0, 0x0, 0x0, 0x0, 0x0,
    0x0, 0x0, 0xf, 0xff, 0xff, 0xf0, 0x0, 0x0,
    0x0, 0x0, 0x0, 0x0, 0x0, 0x0, 0xf, 0xff,
    0xff, 0xf0, 0x0, 0x0, 0x0, 0x0, 0x0, 0x0,
    0x0, 0x0, 0xf, 0xff, 0xff, 0xff, 0xff, 0xff,
    0xff, 0xff, 0xff, 0xff, 0xff, 0xff, 0xff, 0xff,
    0xdf, 0xff, 0xff, 0xff, 0xff, 0xff, 0xff, 0xff,
    0xff, 0xff, 0xff, 0xfd, 0x3d, 0xff, 0xff, 0xff,
    0xff, 0xff, 0xff, 0xff, 0xff, 0xff, 0xff, 0xd3,

    /* U+F043 "" */
    0x0, 0x0, 0x0, 0xc, 0xe3, 0x0, 0x0, 0x0,
    0x0, 0x0, 0x0, 0x5, 0xff, 0xa0, 0x0, 0x0,
    0x0, 0x0, 0x0, 0x0, 0xbf, 0xff, 0x0, 0x0,
    0x0, 0x0, 0x0, 0x0, 0x2f, 0xff, 0xf6, 0x0,
    0x0, 0x0, 0x0, 0x0, 0x9, 0xff, 0xff, 0xd0,
    0x0, 0x0, 0x0, 0x0, 0x1, 0xff, 0xff, 0xff,
    0x50, 0x0, 0x0, 0x0, 0x0, 0xaf, 0xff, 0xff,
    0xfe, 0x0, 0x0, 0x0, 0x0, 0x4f, 0xff, 0xff,
    0xff, 0xf8, 0x0, 0x0, 0x0, 0x1e, 0xff, 0xff,
    0xff, 0xff, 0xf4, 0x0, 0x0, 0xa, 0xff, 0xff,
    0xff, 0xff, 0xff, 0xe0, 0x0, 0x5, 0xff, 0xff,
    0xff, 0xff, 0xff, 0xff, 0x90, 0x0, 0xdf, 0xff,
    0xff, 0xff, 0xff, 0xff, 0xff, 0x20, 0x5f, 0xff,
    0xff, 0xff, 0xff, 0xff, 0xff, 0xf9, 0xa, 0xff,
    0xff, 0xff, 0xff, 0xff, 0xff, 0xff, 0xe0, 0xef,
    0xff, 0xff, 0xff, 0xff, 0xff, 0xff, 0xff, 0x2f,
    0xff, 0x2d, 0xff, 0xff, 0xff, 0xff, 0xff, 0xf4,
    0xef, 0xf1, 0xaf, 0xff, 0xff, 0xff, 0xff, 0xff,
    0x3c, 0xff, 0x44, 0xff, 0xff, 0xff, 0xff, 0xff,
    0xf1, 0x8f, 0xfc, 0x7, 0xff, 0xff, 0xff, 0xff,
    0xfc, 0x1, 0xff, 0xf9, 0x2, 0x7c, 0xff, 0xff,
    0xff, 0x50, 0x7, 0xff, 0xfb, 0x40, 0x6f, 0xff,
    0xff, 0xb0, 0x0, 0xa, 0xff, 0xff, 0xff, 0xff,
    0xff, 0xd1, 0x0, 0x0, 0x8, 0xff, 0xff, 0xff,
    0xff, 0xb0, 0x0, 0x0, 0x0, 0x2, 0x8d, 0xff,
    0xda, 0x40, 0x0, 0x0,

    /* U+F048 "" */
    0x34, 0x40, 0x0, 0x0, 0x0, 0x0, 0x4, 0xf,
    0xff, 0x50, 0x0, 0x0, 0x0, 0x1d, 0xfb, 0xff,
    0xf6, 0x0, 0x0, 0x0, 0x2d, 0xff, 0xff, 0xff,
    0x60, 0x0, 0x0, 0x2e, 0xff, 0xff, 0xff, 0xf6,
    0x0, 0x0, 0x3f, 0xff, 0xff, 0xff, 0xff, 0x60,
    0x0, 0x4f, 0xff, 0xff, 0xff, 0xff, 0xf6, 0x0,
    0x5f, 0xff, 0xff, 0xff, 0xff, 0xff, 0x60, 0x6f,
    0xff, 0xff, 0xff, 0xff, 0xff, 0xf6, 0x8f, 0xff,
    0xff, 0xff, 0xff, 0xff, 0xff, 0xdf, 0xff, 0xff,
    0xff, 0xff, 0xff, 0xff, 0xff, 0xff, 0xff, 0xff,
    0xff, 0xff, 0xff, 0xff, 0xff, 0xff, 0xff, 0xff,
    0xff, 0xff, 0xff, 0xff, 0xff, 0xff, 0xff, 0xff,
    0xff, 0xff, 0xff, 0x8e, 0xff, 0xff, 0xff, 0xff,
    0xff, 0xff, 0xf6, 0x1d, 0xff, 0xff, 0xff, 0xff,
    0xff, 0xff, 0x60, 0x1c, 0xff, 0xff, 0xff, 0xff,
    0xff, 0xf6, 0x0, 0xb, 0xff, 0xff, 0xff, 0xff,
    0xff, 0x60, 0x0, 0xa, 0xff, 0xff, 0xff, 0xff,
    0xf6, 0x0, 0x0, 0x9, 0xff, 0xff, 0xff, 0xff,
    0x60, 0x0, 0x0, 0x7, 0xff, 0xff, 0xff, 0xf6,
    0x0, 0x0, 0x0, 0x6, 0xff, 0xea, 0xbb, 0x30,
    0x0, 0x0, 0x0, 0x5, 0xb4,

    /* U+F04B "" */
    0x0, 0x0, 0x0, 0x0, 0x0, 0x0, 0x0, 0x0,
    0x0, 0x0, 0x3, 0xdf, 0x91, 0x0, 0x0, 0x0,
    0x0, 0x0, 0x0, 0x0, 0x0, 0xdf, 0xff, 0xe6,
    0x0, 0x0, 0x0, 0x0, 0x0, 0x0, 0x0, 0xf,
    0xff, 0xff, 0xfc, 0x30, 0x0, 0x0, 0x0, 0x0,
    0x0, 0x0, 0xff, 0xff, 0xff, 0xff, 0xa1, 0x0,
    0x0, 0x0, 0x0, 0x0, 0xf, 0xff, 0xff, 0xff,
    0xff, 0xf7, 0x0, 0x0, 0x0, 0x0, 0x0, 0xff,
    0xff, 0xff, 0xff, 0xff, 0xfd, 0x40, 0x0, 0x0,
    0x0, 0xf, 0xff, 0xff, 0xff, 0xff, 0xff, 0xff,
    0xa2, 0x0, 0x0, 0x0, 0xff, 0xff, 0xff, 0xff,
    0xff, 0xff, 0xff, 0xf8, 0x0, 0x0, 0xf, 0xff,
    0xff, 0xff, 0xff, 0xff, 0xff, 0xff, 0xfe, 0x50,
    0x0, 0xff, 0xff, 0xff, 0xff, 0xff, 0xff, 0xff,
    0xff, 0xff, 0xb2, 0xf, 0xff, 0xff, 0xff, 0xff,
    0xff, 0xff, 0xff, 0xff, 0xff, 0xf5, 0xff, 0xff,
    0xff, 0xff, 0xff, 0xff, 0xff, 0xff, 0xff, 0xff,
    0xef, 0xff, 0xff, 0xff, 0xff, 0xff, 0xff, 0xff,
    0xff, 0xff, 0xfe, 0xff, 0xff, 0xff, 0xff, 0xff,
    0xff, 0xff, 0xff, 0xff, 0xff, 0x6f, 0xff, 0xff,
    0xff, 0xff, 0xff, 0xff, 0xff, 0xff, 0xfb, 0x20,
    0xff, 0xff, 0xff, 0xff, 0xff, 0xff, 0xff, 0xff,
    0xe5, 0x0, 0xf, 0xff, 0xff, 0xff, 0xff, 0xff,
    0xff, 0xff, 0x80, 0x0, 0x0, 0xff, 0xff, 0xff,
    0xff, 0xff, 0xff, 0xfb, 0x20, 0x0, 0x0, 0xf,
    0xff, 0xff, 0xff, 0xff, 0xff, 0xd4, 0x0, 0x0,
    0x0, 0x0, 0xff, 0xff, 0xff, 0xff, 0xff, 0x70,
    0x0, 0x0, 0x0, 0x0, 0xf, 0xff, 0xff, 0xff,
    0xfa, 0x10, 0x0, 0x0, 0x0, 0x0, 0x0, 0xff,
    0xff, 0xff, 0xd3, 0x0, 0x0, 0x0, 0x0, 0x0,
    0x0, 0xd, 0xff, 0xfe, 0x60, 0x0, 0x0, 0x0,
    0x0, 0x0, 0x0, 0x0, 0x3d, 0xf9, 0x10, 0x0,
    0x0, 0x0, 0x0, 0x0, 0x0, 0x0, 0x0, 0x0,
    0x0, 0x0, 0x0, 0x0, 0x0, 0x0, 0x0, 0x0,
    0x0,

    /* U+F04C "" */
    0x19, 0xcc, 0xcc, 0xc9, 0x10, 0x0, 0x19, 0xcc,
    0xcc, 0xc9, 0x1b, 0xff, 0xff, 0xff, 0xfb, 0x0,
    0xb, 0xff, 0xff, 0xff, 0xfb, 0xff, 0xff, 0xff,
    0xff, 0xf0, 0x0, 0xff, 0xff, 0xff, 0xff, 0xff,
    0xff, 0xff, 0xff, 0xff, 0x0, 0xf, 0xff, 0xff,
    0xff, 0xff, 0xff, 0xff, 0xff, 0xff, 0xf0, 0x0,
    0xff, 0xff, 0xff, 0xff, 0xff, 0xff, 0xff, 0xff,
    0xff, 0x0, 0xf, 0xff, 0xff, 0xff, 0xff, 0xff,
    0xff, 0xff, 0xff, 0xf0, 0x0, 0xff, 0xff, 0xff,
    0xff, 0xff, 0xff, 0xff, 0xff, 0xff, 0x0, 0xf,
    0xff, 0xff, 0xff, 0xff, 0xff, 0xff, 0xff, 0xff,
    0xf0, 0x0, 0xff, 0xff, 0xff, 0xff, 0xff, 0xff,
    0xff, 0xff, 0xff, 0x0, 0xf, 0xff, 0xff, 0xff,
    0xff, 0xff, 0xff, 0xff, 0xff, 0xf0, 0x0, 0xff,
    0xff, 0xff, 0xff, 0xff, 0xff, 0xff, 0xff, 0xff,
    0x0, 0xf, 0xff, 0xff, 0xff, 0xff, 0xff, 0xff,
    0xff, 0xff, 0xf0, 0x0, 0xff, 0xff, 0xff, 0xff,
    0xff, 0xff, 0xff, 0xff, 0xff, 0x0, 0xf, 0xff,
    0xff, 0xff, 0xff, 0xff, 0xff, 0xff, 0xff, 0xf0,
    0x0, 0xff, 0xff, 0xff, 0xff, 0xff, 0xff, 0xff,
    0xff, 0xff, 0x0, 0xf, 0xff, 0xff, 0xff, 0xff,
    0xff, 0xff, 0xff, 0xff, 0xf0, 0x0, 0xff, 0xff,
    0xff, 0xff, 0xff, 0xff, 0xff, 0xff, 0xff, 0x0,
    0xf, 0xff, 0xff, 0xff, 0xff, 0xff, 0xff, 0xff,
    0xff, 0xf0, 0x0, 0xff, 0xff, 0xff, 0xff, 0xfe,
    0xff, 0xff, 0xff, 0xfe, 0x0, 0xe, 0xff, 0xff,
    0xff, 0xfe, 0x5f, 0xff, 0xff, 0xff, 0x50, 0x0,
    0x5f, 0xff, 0xff, 0xff, 0x50, 0x13, 0x33, 0x33,
    0x10, 0x0, 0x0, 0x13, 0x33, 0x33, 0x10,

    /* U+F04D "" */
    0x1, 0x44, 0x44, 0x44, 0x44, 0x44, 0x44, 0x44,
    0x44, 0x41, 0x6, 0xff, 0xff, 0xff, 0xff, 0xff,
    0xff, 0xff, 0xff, 0xff, 0xf6, 0xef, 0xff, 0xff,
    0xff, 0xff, 0xff, 0xff, 0xff, 0xff, 0xff, 0xef,
    0xff, 0xff, 0xff, 0xff, 0xff, 0xff, 0xff, 0xff,
    0xff, 0xff, 0xff, 0xff, 0xff, 0xff, 0xff, 0xff,
    0xff, 0xff, 0xff, 0xff, 0xff, 0xff, 0xff, 0xff,
    0xff, 0xff, 0xff, 0xff, 0xff, 0xff, 0xff, 0xff,
    0xff, 0xff, 0xff, 0xff, 0xff, 0xff, 0xff, 0xff,
    0xff, 0xff, 0xff, 0xff, 0xff, 0xff, 0xff, 0xff,
    0xff, 0xff, 0xff, 0xff, 0xff, 0xff, 0xff, 0xff,
    0xff, 0xff, 0xff, 0xff, 0xff, 0xff, 0xff, 0xff,
    0xff, 0xff, 0xff, 0xff, 0xff, 0xff, 0xff, 0xff,
    0xff, 0xff, 0xff, 0xff, 0xff, 0xff, 0xff, 0xff,
    0xff, 0xff, 0xff, 0xff, 0xff, 0xff, 0xff, 0xff,
    0xff, 0xff, 0xff, 0xff, 0xff, 0xff, 0xff, 0xff,
    0xff, 0xff, 0xff, 0xff, 0xff, 0xff, 0xff, 0xff,
    0xff, 0xff, 0xff, 0xff, 0xff, 0xff, 0xff, 0xff,
    0xff, 0xff, 0xff, 0xff, 0xff, 0xff, 0xff, 0xff,
    0xff, 0xff, 0xff, 0xff, 0xff, 0xff, 0xff, 0xff,
    0xff, 0xff, 0xff, 0xff, 0xff, 0xff, 0xff, 0xff,
    0xff, 0xff, 0xff, 0xff, 0xff, 0xff, 0xff, 0xff,
    0xff, 0xff, 0xff, 0xff, 0xff, 0xff, 0xff, 0xff,
    0xff, 0xff, 0xff, 0xff, 0xff, 0xff, 0xff, 0xff,
    0xff, 0xff, 0xff, 0xff, 0xff, 0xff, 0xff, 0xff,
    0xff, 0xff, 0xff, 0xff, 0xff, 0xff, 0xff, 0xff,
    0xff, 0xff, 0xbf, 0xff, 0xff, 0xff, 0xff, 0xff,
    0xff, 0xff, 0xff, 0xff, 0xb1, 0x8b, 0xbb, 0xbb,
    0xbb, 0xbb, 0xbb, 0xbb, 0xbb, 0xbb, 0x81,

    /* U+F051 "" */
    0x4, 0x0, 0x0, 0x0, 0x0, 0x0, 0x44, 0x3b,
    0xfd, 0x10, 0x0, 0x0, 0x0, 0x5f, 0xff, 0xff,
    0xfd, 0x20, 0x0, 0x0, 0x6, 0xff, 0xff, 0xff,
    0xfe, 0x30, 0x0, 0x0, 0x6f, 0xff, 0xff, 0xff,
    0xff, 0x40, 0x0, 0x6, 0xff, 0xff, 0xff, 0xff,
    0xff, 0x50, 0x0, 0x6f, 0xff, 0xff, 0xff, 0xff,
    0xff, 0x60, 0x6, 0xff, 0xff, 0xff, 0xff, 0xff,
    0xff, 0x70, 0x6f, 0xff, 0xff, 0xff, 0xff, 0xff,
    0xff, 0x86, 0xff, 0xff, 0xff, 0xff, 0xff, 0xff,
    0xff, 0xdf, 0xff, 0xff, 0xff, 0xff, 0xff, 0xff,
    0xff, 0xff, 0xff, 0xff, 0xff, 0xff, 0xff, 0xff,
    0xff, 0xff, 0xff, 0xff, 0xff, 0xff, 0xff, 0xff,
    0xff, 0xff, 0xff, 0xff, 0xff, 0xff, 0xfd, 0x8f,
    0xff, 0xff, 0xff, 0xff, 0xff, 0xfc, 0x16, 0xff,
    0xff, 0xff, 0xff, 0xff, 0xfc, 0x0, 0x6f, 0xff,
    0xff, 0xff, 0xff, 0xfb, 0x0, 0x6, 0xff, 0xff,
    0xff, 0xff, 0xfa, 0x0, 0x0, 0x6f, 0xff, 0xff,
    0xff, 0xf8, 0x0, 0x0, 0x6, 0xff, 0xff, 0xff,
    0xf7, 0x0, 0x0, 0x0, 0x6f, 0xff, 0xef, 0xf6,
    0x0, 0x0, 0x0, 0x6, 0xff, 0xf4, 0xb5, 0x0,
    0x0, 0x0, 0x0, 0x3b, 0xba,

    /* U+F052 "" */
    0x0, 0x0, 0x0, 0x0, 0x0, 0x37, 0x30, 0x0,
    0x0, 0x0, 0x0, 0x0, 0x0, 0x0, 0x0, 0x0,
    0x5f, 0xff, 0x50, 0x0, 0x0, 0x0, 0x0, 0x0,
    0x0, 0x0, 0x0, 0x4f, 0xff, 0xff, 0x40, 0x0,
    0x0, 0x0, 0x0, 0x0, 0x0, 0x0, 0x3f, 0xff,
    0xff, 0xff, 0x30, 0x0, 0x0, 0x0, 0x0, 0x0,
    0x0, 0x2f, 0xff, 0xff, 0xff, 0xfe, 0x20, 0x0,
    0x0, 0x0, 0x0, 0x0, 0x2e, 0xff, 0xff, 0xff,
    0xff, 0xfe, 0x20, 0x0, 0x0, 0x0, 0x0, 0x1d,
    0xff, 0xff, 0xff, 0xff, 0xff, 0xfd, 0x10, 0x0,
    0x0, 0x0, 0xc, 0xff, 0xff, 0xff, 0xff, 0xff,
    0xff, 0xfc, 0x0, 0x0, 0x0, 0xc, 0xff, 0xff,
    0xff, 0xff, 0xff, 0xff, 0xff, 0xfc, 0x0, 0x0,
    0xb, 0xff, 0xff, 0xff, 0xff, 0xff, 0xff, 0xff,
    0xff, 0xfb, 0x0, 0x8, 0xff, 0xff, 0xff, 0xff,
    0xff, 0xff, 0xff, 0xff, 0xff, 0xf8, 0x0, 0xff,
    0xff, 0xff, 0xff, 0xff, 0xff, 0xff, 0xff, 0xff,
    0xff, 0xf0, 0xd, 0xff, 0xff, 0xff, 0xff, 0xff,
    0xff, 0xff, 0xff, 0xff, 0xfd, 0x0, 0x3d, 0xff,
    0xff, 0xff, 0xff, 0xff, 0xff, 0xff, 0xff, 0xfd,
    0x30, 0x0, 0x0, 0x0, 0x0, 0x0, 0x0, 0x0,
    0x0, 0x0, 0x0, 0x0, 0x0, 0x4, 0x44, 0x44,
    0x44, 0x44, 0x44, 0x44, 0x44, 0x44, 0x44, 0x0,
    0xb, 0xff, 0xff, 0xff, 0xff, 0xff, 0xff, 0xff,
    0xff, 0xff, 0xfb, 0x0, 0xff, 0xff, 0xff, 0xff,
    0xff, 0xff, 0xff, 0xff, 0xff, 0xff, 0xf0, 0xf,
    0xff, 0xff, 0xff, 0xff, 0xff, 0xff, 0xff, 0xff,
    0xff, 0xff, 0x0, 0xff, 0xff, 0xff, 0xff, 0xff,
    0xff, 0xff, 0xff, 0xff, 0xff, 0xf0, 0xe, 0xff,
    0xff, 0xff, 0xff, 0xff, 0xff, 0xff, 0xff, 0xff,
    0xfe, 0x0, 0x4b, 0xbb, 0xbb, 0xbb, 0xbb, 0xbb,
    0xbb, 0xbb, 0xbb, 0xbb, 0x40,

    /* U+F053 "" */
    0x0, 0x0, 0x0, 0x0, 0x0, 0x20, 0x0, 0x0,
    0x0, 0x0, 0x0, 0xaf, 0xb0, 0x0, 0x0, 0x0,
    0x0, 0xaf, 0xff, 0x80, 0x0, 0x0, 0x0, 0xaf,
    0xff, 0xf8, 0x0, 0x0, 0x0, 0xaf, 0xff, 0xfa,
    0x0, 0x0, 0x0, 0xaf, 0xff, 0xfa, 0x0, 0x0,
    0x0, 0xaf, 0xff, 0xfa, 0x0, 0x0, 0x0, 0xaf,
    0xff, 0xfa, 0x0, 0x0, 0x0, 0xaf, 0xff, 0xfa,
    0x0, 0x0, 0x0, 0xaf, 0xff, 0xfa, 0x0, 0x0,
    0x0, 0x8f, 0xff, 0xfa, 0x0, 0x0, 0x0, 0x8,
    0xff, 0xff, 0xa0, 0x0, 0x0, 0x0, 0xa, 0xff,
    0xff, 0xa0, 0x0, 0x0, 0x0, 0xa, 0xff, 0xff,
    0xa0, 0x0, 0x0, 0x0, 0xa, 0xff, 0xff, 0xa0,
    0x0, 0x0, 0x0, 0xa, 0xff, 0xff, 0xa0, 0x0,
    0x0, 0x0, 0xa, 0xff, 0xff, 0xa0, 0x0, 0x0,
    0x0, 0xa, 0xff, 0xff, 0xa0, 0x0, 0x0, 0x0,
    0xa, 0xff, 0xff, 0x80, 0x0, 0x0, 0x0, 0xa,
    0xff, 0xf8, 0x0, 0x0, 0x0, 0x0, 0xa, 0xfb,
    0x0, 0x0, 0x0, 0x0, 0x0, 0x2, 0x0,

    /* U+F054 "" */
    0x0, 0x20, 0x0, 0x0, 0x0, 0x0, 0x0, 0xbf,
    0xa0, 0x0, 0x0, 0x0, 0x0, 0x8f, 0xff, 0xa0,
    0x0, 0x0, 0x0, 0x8, 0xff, 0xff, 0xa0, 0x0,
    0x0, 0x0, 0xa, 0xff, 0xff, 0xa0, 0x0, 0x0,
    0x0, 0xa, 0xff, 0xff, 0xa0, 0x0, 0x0, 0x0,
    0xa, 0xff, 0xff, 0xa0, 0x0, 0x0, 0x0, 0xa,
    0xff, 0xff, 0xa0, 0x0, 0x0, 0x0, 0xa, 0xff,
    0xff, 0xa0, 0x0, 0x0, 0x0, 0xa, 0xff, 0xff,
    0xa0, 0x0, 0x0, 0x0, 0xa, 0xff, 0xff, 0x80,
    0x0, 0x0, 0x0, 0xaf, 0xff, 0xf8, 0x0, 0x0,
    0x0, 0xaf, 0xff, 0xfa, 0x0, 0x0, 0x0, 0xaf,
    0xff, 0xfa, 0x0, 0x0, 0x0, 0xaf, 0xff, 0xfa,
    0x0, 0x0, 0x0, 0xaf, 0xff, 0xfa, 0x0, 0x0,
    0x0, 0xaf, 0xff, 0xfa, 0x0, 0x0, 0x0, 0xaf,
    0xff, 0xfa, 0x0, 0x0, 0x0, 0x8f, 0xff, 0xfa,
    0x0, 0x0, 0x0, 0x8, 0xff, 0xfa, 0x0, 0x0,
    0x0, 0x0, 0xb, 0xfa, 0x0, 0x0, 0x0, 0x0,
    0x0, 0x2, 0x0, 0x0, 0x0, 0x0, 0x0,

    /* U+F067 "" */
    0x0, 0x0, 0x0, 0x0, 0x3, 0x43, 0x0, 0x0,
    0x0, 0x0, 0x0, 0x0, 0x0, 0x0, 0x7, 0xff,
    0xf7, 0x0, 0x0, 0x0, 0x0, 0x0, 0x0, 0x0,
    0x0, 0xbf, 0xff, 0xb0, 0x0, 0x0, 0x0, 0x0,
    0x0, 0x0, 0x0, 0xc, 0xff, 0xfc, 0x0, 0x0,
    0x0, 0x0, 0x0, 0x0, 0x0, 0x0, 0xcf, 0xff,
    0xc0, 0x0, 0x0, 0x0, 0x0, 0x0, 0x0, 0x0,
    0xc, 0xff, 0xfc, 0x0, 0x0, 0x0, 0x0, 0x0,
    0x0, 0x0, 0x0, 0xcf, 0xff, 0xc0, 0x0, 0x0,
    0x0, 0x0, 0x0, 0x0, 0x0, 0xc, 0xff, 0xfc,
    0x0, 0x0, 0x0, 0x0, 0x0, 0x0, 0x0, 0x0,
    0xcf, 0xff, 0xc0, 0x0, 0x0, 0x0, 0x8, 0xff,
    0xff, 0xff, 0xff, 0xff, 0xff, 0xff, 0xff, 0xff,
    0xf8, 0xff, 0xff, 0xff, 0xff, 0xff, 0xff, 0xff,
    0xff, 0xff, 0xff, 0xff, 0xff, 0xff, 0xff, 0xff,
    0xff, 0xff, 0xff, 0xff, 0xff, 0xff, 0xdf, 0xff,
    0xff, 0xff, 0xff, 0xff, 0xff, 0xff, 0xff, 0xff,
    0xd1, 0x77, 0x77, 0x77, 0x7d, 0xff, 0xfd, 0x77,
    0x77, 0x77, 0x71, 0x0, 0x0, 0x0, 0x0, 0xcf,
    0xff, 0xc0, 0x0, 0x0, 0x0, 0x0, 0x0, 0x0,
    0x0, 0xc, 0xff, 0xfc, 0x0, 0x0, 0x0, 0x0,
    0x0, 0x0, 0x0, 0x0, 0xcf, 0xff, 0xc0, 0x0,
    0x0, 0x0, 0x0, 0x0, 0x0, 0x0, 0xc, 0xff,
    0xfc, 0x0, 0x0, 0x0, 0x0, 0x0, 0x0, 0x0,
    0x0, 0xcf, 0xff, 0xc0, 0x0, 0x0, 0x0, 0x0,
    0x0, 0x0, 0x0, 0xc, 0xff, 0xfc, 0x0, 0x0,
    0x0, 0x0, 0x0, 0x0, 0x0, 0x0, 0xaf, 0xff,
    0xa0, 0x0, 0x0, 0x0, 0x0, 0x0, 0x0, 0x0,
    0x2, 0xab, 0xa2, 0x0, 0x0, 0x0, 0x0,

    /* U+F068 "" */
    0x16, 0x77, 0x77, 0x77, 0x77, 0x77, 0x77, 0x77,
    0x77, 0x76, 0x1d, 0xff, 0xff, 0xff, 0xff, 0xff,
    0xff, 0xff, 0xff, 0xff, 0xfd, 0xff, 0xff, 0xff,
    0xff, 0xff, 0xff, 0xff, 0xff, 0xff, 0xff, 0xff,
    0xff, 0xff, 0xff, 0xff, 0xff, 0xff, 0xff, 0xff,
    0xff, 0xff, 0x9f, 0xff, 0xff, 0xff, 0xff, 0xff,
    0xff, 0xff, 0xff, 0xff, 0x80, 0x0, 0x0, 0x0,
    0x0, 0x0, 0x0, 0x0, 0x0, 0x0, 0x0,

    /* U+F06E "" */
    0x0, 0x0, 0x0, 0x0, 0x16, 0xad, 0xef, 0xed,
    0xa6, 0x10, 0x0, 0x0, 0x0, 0x0, 0x0, 0x0,
    0x2, 0xbf, 0xff, 0xff, 0xff, 0xff, 0xff, 0xb2,
    0x0, 0x0, 0x0, 0x0, 0x0, 0x9, 0xff, 0xff,
    0xe9, 0x54, 0x59, 0xef, 0xff, 0xf9, 0x0, 0x0,
    0x0, 0x0, 0x2d, 0xff, 0xff, 0x90, 0x0, 0x0,
    0x0, 0x9f, 0xff, 0xfd, 0x20, 0x0, 0x0, 0x2e,
    0xff, 0xff, 0x70, 0x0, 0x14, 0x20, 0x0, 0x7f,
    0xff, 0xfe, 0x20, 0x0, 0x1e, 0xff, 0xff, 0xb0,
    0x0, 0x6, 0xff, 0xc2, 0x0, 0xbf, 0xff, 0xfe,
    0x10, 0xb, 0xff, 0xff, 0xf3, 0x0, 0x0, 0x5f,
    0xff, 0xe2, 0x3, 0xff, 0xff, 0xfb, 0x6, 0xff,
    0xff, 0xfe, 0x0, 0x0, 0x1c, 0xff, 0xff, 0xa0,
    0xe, 0xff, 0xff, 0xf5, 0xef, 0xff, 0xff, 0xc0,
    0xd, 0xcf, 0xff, 0xff, 0xfe, 0x0, 0xcf, 0xff,
    0xff, 0xee, 0xff, 0xff, 0xfc, 0x0, 0xff, 0xff,
    0xff, 0xff, 0xf0, 0xc, 0xff, 0xff, 0xfe, 0x5f,
    0xff, 0xff, 0xe0, 0xc, 0xff, 0xff, 0xff, 0xfc,
    0x0, 0xef, 0xff, 0xff, 0x50, 0xbf, 0xff, 0xff,
    0x30, 0x4f, 0xff, 0xff, 0xff, 0x50, 0x3f, 0xff,
    0xff, 0xb0, 0x1, 0xdf, 0xff, 0xfb, 0x0, 0x7f,
    0xff, 0xff, 0x80, 0xb, 0xff, 0xff, 0xe1, 0x0,
    0x2, 0xef, 0xff, 0xf7, 0x0, 0x39, 0xb9, 0x30,
    0x7, 0xff, 0xff, 0xe2, 0x0, 0x0, 0x2, 0xcf,
    0xff, 0xf9, 0x0, 0x0, 0x0, 0x9, 0xff, 0xff,
    0xd2, 0x0, 0x0, 0x0, 0x0, 0x9f, 0xff, 0xfe,
    0x95, 0x45, 0x9e, 0xff, 0xff, 0x90, 0x0, 0x0,
    0x0, 0x0, 0x0, 0x2a, 0xff, 0xff, 0xff, 0xff,
    0xff, 0xfb, 0x30, 0x0, 0x0, 0x0, 0x0, 0x0,
    0x0, 0x1, 0x6a, 0xdf, 0xfe, 0xda, 0x71, 0x0,
    0x0, 0x0, 0x0,

    /* U+F070 "" */
    0x5, 0xe6, 0x0, 0x0, 0x0, 0x0, 0x0, 0x0,
    0x0, 0x0, 0x0, 0x0, 0x0, 0x0, 0x0, 0x1,
    0xff, 0xf9, 0x0, 0x0, 0x0, 0x0, 0x0, 0x0,
    0x0, 0x0, 0x0, 0x0, 0x0, 0x0, 0x0, 0xd,
    0xff, 0xfc, 0x20, 0x0, 0x0, 0x0, 0x0, 0x0,
    0x0, 0x0, 0x0, 0x0, 0x0, 0x0, 0x0, 0xa,
    0xff, 0xfe, 0x40, 0x0, 0x48, 0xce, 0xff, 0xeb,
    0x72, 0x0, 0x0, 0x0, 0x0, 0x0, 0x0, 0x6,
    0xff, 0xff, 0x88, 0xef, 0xff, 0xff, 0xff, 0xff,
    0xfc, 0x40, 0x0, 0x0, 0x0, 0x0, 0x0, 0x3,
    0xef, 0xff, 0xff, 0xff, 0xb6, 0x45, 0x7d, 0xff,
    0xff, 0xb1, 0x0, 0x0, 0x0, 0x0, 0x0, 0x1,
    0xbf, 0xff, 0xfd, 0x20, 0x0, 0x0, 0x6, 0xff,
    0xff, 0xe4, 0x0, 0x0, 0x0, 0x0, 0x0, 0x0,
    0x8f, 0xff, 0xf6, 0x1, 0x76, 0x20, 0x4, 0xff,
    0xff, 0xf4, 0x0, 0x0, 0x0, 0x0, 0x10, 0x0,
    0x4e, 0xff, 0xfa, 0x1f, 0xff, 0x90, 0x8, 0xff,
    0xff, 0xf3, 0x0, 0x0, 0x0, 0x6e, 0x40, 0x0,
    0x2c, 0xff, 0xfd, 0xff, 0xff, 0x80, 0xf, 0xff,
    0xff, 0xe1, 0x0, 0x0, 0x2f, 0xff, 0x70, 0x0,
    0x9, 0xff, 0xff, 0xff, 0xff, 0x0, 0xbf, 0xff,
    0xff, 0x90, 0x0, 0x9, 0xff, 0xff, 0xb1, 0x0,
    0x6, 0xff, 0xff, 0xff, 0xf3, 0x9, 0xff, 0xff,
    0xff, 0x10, 0x0, 0x9f, 0xff, 0xff, 0xd1, 0x0,
    0x3, 0xdf, 0xff, 0xff, 0x30, 0x9f, 0xff, 0xff,
    0xf1, 0x0, 0x2, 0xff, 0xff, 0xff, 0x40, 0x0,
    0x1, 0xbf, 0xff, 0xf4, 0xb, 0xff, 0xff, 0xf9,
    0x0, 0x0, 0x7, 0xff, 0xff, 0xf9, 0x0, 0x0,
    0x0, 0x7f, 0xff, 0xf8, 0xff, 0xff, 0xfd, 0x0,
    0x0, 0x0, 0xa, 0xff, 0xff, 0xf1, 0x0, 0x0,
    0x0, 0x4e, 0xff, 0xff, 0xff, 0xff, 0x20, 0x0,
    0x0, 0x0, 0xb, 0xff, 0xff, 0xc0, 0x0, 0x0,
    0x0, 0x1c, 0xff, 0xff, 0xff, 0x40, 0x0, 0x0,
    0x0, 0x0, 0xa, 0xff, 0xff, 0xc2, 0x0, 0x0,
    0x0, 0x9, 0xff, 0xff, 0x80, 0x0, 0x0, 0x0,
    0x0, 0x0, 0x6, 0xff, 0xff, 0xfb, 0x64, 0x51,
    0x0, 0x5, 0xff, 0xff, 0x80, 0x0, 0x0, 0x0,
    0x0, 0x0, 0x1, 0x9f, 0xff, 0xff, 0xff, 0xe3,
    0x0, 0x2, 0xdf, 0xff, 0xc1, 0x0, 0x0, 0x0,
    0x0, 0x0, 0x0, 0x5, 0x9d, 0xef, 0xfe, 0xb1,
    0x0, 0x0, 0xaf, 0xff, 0xe4, 0x0, 0x0, 0x0,
    0x0, 0x0, 0x0, 0x0, 0x0, 0x0, 0x0, 0x0,
    0x0, 0x0, 0x7f, 0xff, 0xf6, 0x0, 0x0, 0x0,
    0x0, 0x0, 0x0, 0x0, 0x0, 0x0, 0x0, 0x0,
    0x0, 0x0, 0x3e, 0xff, 0x80, 0x0, 0x0, 0x0,
    0x0, 0x0, 0x0, 0x0, 0x0, 0x0, 0x0, 0x0,
    0x0, 0x0, 0x1b, 0xc0,

    /* U+F071 "" */
    0x0, 0x0, 0x0, 0x0, 0x0, 0x0, 0x1c, 0xfc,
    0x10, 0x0, 0x0, 0x0, 0x0, 0x0, 0x0, 0x0,
    0x0, 0x0, 0x0, 0x0, 0xa, 0xff, 0xfa, 0x0,
    0x0, 0x0, 0x0, 0x0, 0x0, 0x0, 0x0, 0x0,
    0x0, 0x0, 0x4, 0xff, 0xff, 0xf4, 0x0, 0x0,
    0x0, 0x0, 0x0, 0x0, 0x0, 0x0, 0x0, 0x0,
    0x0, 0xdf, 0xff, 0xff, 0xd0, 0x0, 0x0, 0x0,
    0x0, 0x0, 0x0, 0x0, 0x0, 0x0, 0x0, 0x6f,
    0xff, 0xff, 0xff, 0x60, 0x0, 0x0, 0x0, 0x0,
    0x0, 0x0, 0x0, 0x0, 0x0, 0x1e, 0xff, 0xff,
    0xff, 0xfe, 0x10, 0x0, 0x0, 0x0, 0x0, 0x0,
    0x0, 0x0, 0x0, 0x9, 0xff, 0xff, 0xff, 0xff,
    0xf9, 0x0, 0x0, 0x0, 0x0, 0x0, 0x0, 0x0,
    0x0, 0x2, 0xff, 0xff, 0xff, 0xff, 0xff, 0xf2,
    0x0, 0x0, 0x0, 0x0, 0x0, 0x0, 0x0, 0x0,
    0xbf, 0xff, 0xa4, 0x44, 0xaf, 0xff, 0xb0, 0x0,
    0x0, 0x0, 0x0, 0x0, 0x0, 0x0, 0x4f, 0xff,
    0xf7, 0x0, 0x7, 0xff, 0xff, 0x40, 0x0, 0x0,
    0x0, 0x0, 0x0, 0x0, 0xd, 0xff, 0xff, 0x80,
    0x0, 0x8f, 0xff, 0xfd, 0x0, 0x0, 0x0, 0x0,
    0x0, 0x0, 0x7, 0xff, 0xff, 0xf9, 0x0, 0x9,
    0xff, 0xff, 0xf7, 0x0, 0x0, 0x0, 0x0, 0x0,
    0x1, 0xff, 0xff, 0xff, 0xa0, 0x0, 0xaf, 0xff,
    0xff, 0xf1, 0x0, 0x0, 0x0, 0x0, 0x0, 0x9f,
    0xff, 0xff, 0xfb, 0x0, 0xb, 0xff, 0xff, 0xff,
    0x90, 0x0, 0x0, 0x0, 0x0, 0x3f, 0xff, 0xff,
    0xff, 0xc0, 0x0, 0xcf, 0xff, 0xff, 0xff, 0x30,
    0x0, 0x0, 0x0, 0xc, 0xff, 0xff, 0xff, 0xfd,
    0x0, 0xd, 0xff, 0xff, 0xff, 0xfc, 0x0, 0x0,
    0x0, 0x5, 0xff, 0xff, 0xff, 0xff, 0xff, 0xdf,
    0xff, 0xff, 0xff, 0xff, 0xf5, 0x0, 0x0, 0x0,
    0xef, 0xff, 0xff, 0xff, 0xfd, 0x10, 0x2d, 0xff,
    0xff, 0xff, 0xff, 0xe0, 0x0, 0x0, 0x7f, 0xff,
    0xff, 0xff, 0xff, 0x60, 0x0, 0x6f, 0xff, 0xff,
    0xff, 0xff, 0x70, 0x0, 0x1f, 0xff, 0xff, 0xff,
    0xff, 0xf8, 0x0, 0x8, 0xff, 0xff, 0xff, 0xff,
    0xff, 0x10, 0xa, 0xff, 0xff, 0xff, 0xff, 0xff,
    0xf5, 0x26, 0xff, 0xff, 0xff, 0xff, 0xff, 0xfa,
    0x0, 0xff, 0xff, 0xff, 0xff, 0xff, 0xff, 0xff,
    0xff, 0xff, 0xff, 0xff, 0xff, 0xff, 0xf0, 0xd,
    0xff, 0xff, 0xff, 0xff, 0xff, 0xff, 0xff, 0xff,
    0xff, 0xff, 0xff, 0xff, 0xfd, 0x0, 0x3d, 0xff,
    0xff, 0xff, 0xff, 0xff, 0xff, 0xff, 0xff, 0xff,
    0xff, 0xff, 0xfd, 0x30,

    /* U+F074 "" */
    0x0, 0x0, 0x0, 0x0, 0x0, 0x0, 0x0, 0x0,
    0x0, 0x69, 0x0, 0x0, 0x0, 0x0, 0x0, 0x0,
    0x0, 0x0, 0x0, 0x0, 0x0, 0xff, 0xc0, 0x0,
    0x0, 0x0, 0x0, 0x0, 0x0, 0x0, 0x0, 0x0,
    0x0, 0xff, 0xfc, 0x0, 0x9b, 0xbb, 0xbb, 0x30,
    0x0, 0x0, 0x0, 0x3b, 0xbb, 0xff, 0xff, 0xc0,
    0xff, 0xff, 0xff, 0xf3, 0x0, 0x0, 0x2, 0xef,
    0xff, 0xff, 0xff, 0xfb, 0xff, 0xff, 0xff, 0xfe,
    0x20, 0x0, 0x1e, 0xff, 0xff, 0xff, 0xff, 0xfe,
    0xff, 0xff, 0xff, 0xff, 0xe1, 0x1, 0xdf, 0xff,
    0xff, 0xff, 0xff, 0xe3, 0x0, 0x0, 0x3e, 0xff,
    0xe2, 0xc, 0xff, 0xfe, 0x20, 0xff, 0xfe, 0x30,
    0x0, 0x0, 0x3, 0xff, 0x30, 0xaf, 0xff, 0xf3,
    0x0, 0xff, 0xe3, 0x0, 0x0, 0x0, 0x0, 0x54,
    0x9, 0xff, 0xff, 0x40, 0x0, 0xbe, 0x30, 0x0,
    0x0, 0x0, 0x0, 0x0, 0x7f, 0xff, 0xf6, 0x0,
    0x0, 0x0, 0x0, 0x0, 0x0, 0x0, 0x0, 0x6,
    0xff, 0xff, 0x70, 0x0, 0x0, 0x0, 0x0, 0x0,
    0x0, 0x0, 0x0, 0x4f, 0xff, 0xf9, 0x4, 0x50,
    0x0, 0xbe, 0x30, 0x0, 0x0, 0x0, 0x3, 0xff,
    0xff, 0xa0, 0x3f, 0xf3, 0x0, 0xff, 0xe3, 0x0,
    0x0, 0x0, 0x2e, 0xff, 0xfc, 0x2, 0xef, 0xfe,
    0x30, 0xff, 0xfe, 0x30, 0xff, 0xff, 0xff, 0xff,
    0xd1, 0x1, 0xef, 0xff, 0xff, 0xff, 0xff, 0xe3,
    0xff, 0xff, 0xff, 0xfe, 0x10, 0x0, 0x2e, 0xff,
    0xff, 0xff, 0xff, 0xfe, 0xff, 0xff, 0xff, 0xe2,
    0x0, 0x0, 0x3, 0xff, 0xff, 0xff, 0xff, 0xfb,
    0x9b, 0xbb, 0xbb, 0x30, 0x0, 0x0, 0x0, 0x3b,
    0xbb, 0xff, 0xff, 0xc0, 0x0, 0x0, 0x0, 0x0,
    0x0, 0x0, 0x0, 0x0, 0x0, 0xff, 0xfc, 0x0,
    0x0, 0x0, 0x0, 0x0, 0x0, 0x0, 0x0, 0x0,
    0x0, 0xff, 0xc0, 0x0, 0x0, 0x0, 0x0, 0x0,
    0x0, 0x0, 0x0, 0x0, 0x0, 0x69, 0x0, 0x0,

    /* U+F077 "" */
    0x0, 0x0, 0x0, 0x0, 0x0, 0x20, 0x0, 0x0,
    0x0, 0x0, 0x0, 0x0, 0x0, 0x0, 0x0, 0xaf,
    0x90, 0x0, 0x0, 0x0, 0x0, 0x0, 0x0, 0x0,
    0x0, 0xaf, 0xff, 0x90, 0x0, 0x0, 0x0, 0x0,
    0x0, 0x0, 0x0, 0xaf, 0xff, 0xff, 0x90, 0x0,
    0x0, 0x0, 0x0, 0x0, 0x0, 0xaf, 0xff, 0xff,
    0xff, 0x90, 0x0, 0x0, 0x0, 0x0, 0x0, 0xaf,
    0xff, 0xfd, 0xff, 0xff, 0x90, 0x0, 0x0, 0x0,
    0x0, 0xaf, 0xff, 0xf9, 0xa, 0xff, 0xff, 0x90,
    0x0, 0x0, 0x0, 0xaf, 0xff, 0xf9, 0x0, 0xa,
    0xff, 0xff, 0x90, 0x0, 0x0, 0xaf, 0xff, 0xf9,
    0x0, 0x0, 0xa, 0xff, 0xff, 0x90, 0x0, 0xaf,
    0xff, 0xf9, 0x0, 0x0, 0x0, 0xa, 0xff, 0xff,
    0x90, 0x9f, 0xff, 0xf9, 0x0, 0x0, 0x0, 0x0,
    0xa, 0xff, 0xff, 0x79, 0xff, 0xf9, 0x0, 0x0,
    0x0, 0x0, 0x0, 0xa, 0xff, 0xf8, 0xb, 0xf9,
    0x0, 0x0, 0x0, 0x0, 0x0, 0x0, 0xa, 0xfa,
    0x0, 0x2, 0x0, 0x0, 0x0, 0x0, 0x0, 0x0,
    0x0, 0x2, 0x0,

    /* U+F078 "" */
    0x0, 0x20, 0x0, 0x0, 0x0, 0x0, 0x0, 0x0,
    0x0, 0x20, 0x0, 0xbf, 0x90, 0x0, 0x0, 0x0,
    0x0, 0x0, 0x0, 0xaf, 0xa0, 0x9f, 0xff, 0x90,
    0x0, 0x0, 0x0, 0x0, 0x0, 0xaf, 0xff, 0x89,
    0xff, 0xff, 0x90, 0x0, 0x0, 0x0, 0x0, 0xaf,
    0xff, 0xf7, 0xa, 0xff, 0xff, 0x90, 0x0, 0x0,
    0x0, 0xaf, 0xff, 0xf9, 0x0, 0xa, 0xff, 0xff,
    0x90, 0x0, 0x0, 0xaf, 0xff, 0xf9, 0x0, 0x0,
    0xa, 0xff, 0xff, 0x90, 0x0, 0xaf, 0xff, 0xf9,
    0x0, 0x0, 0x0, 0xa, 0xff, 0xff, 0x90, 0xaf,
    0xff, 0xf9, 0x0, 0x0, 0x0, 0x0, 0xa, 0xff,
    0xff, 0xdf, 0xff, 0xf9, 0x0, 0x0, 0x0, 0x0,
    0x0, 0xa, 0xff, 0xff, 0xff, 0xf9, 0x0, 0x0,
    0x0, 0x0, 0x0, 0x0, 0xa, 0xff, 0xff, 0xf9,
    0x0, 0x0, 0x0, 0x0, 0x0, 0x0, 0x0, 0xa,
    0xff, 0xf9, 0x0, 0x0, 0x0, 0x0, 0x0, 0x0,
    0x0, 0x0, 0xa, 0xf9, 0x0, 0x0, 0x0, 0x0,
    0x0, 0x0, 0x0, 0x0, 0x0, 0x2, 0x0, 0x0,
    0x0, 0x0, 0x0,

    /* U+F079 "" */
    0x0, 0x0, 0x3, 0xd9, 0x0, 0x0, 0x0, 0x0,
    0x0, 0x0, 0x0, 0x0, 0x0, 0x0, 0x0, 0x0,
    0x0, 0x3, 0xef, 0xfa, 0x0, 0x0, 0x34, 0x44,
    0x44, 0x44, 0x44, 0x44, 0x10, 0x0, 0x0, 0x0,
    0x3, 0xef, 0xff, 0xfa, 0x0, 0x7f, 0xff, 0xff,
    0xff, 0xff, 0xff, 0xff, 0x0, 0x0, 0x0, 0x3,
    0xef, 0xff, 0xff, 0xfa, 0x5, 0xff, 0xff, 0xff,
    0xff, 0xff, 0xff, 0xf1, 0x0, 0x0, 0x3, 0xff,
    0xff, 0xff, 0xff, 0xfb, 0x5, 0xbb, 0xbb, 0xbb,
    0xbb, 0xbf, 0xff, 0x10, 0x0, 0x0, 0xef, 0xfe,
    0xdf, 0xfb, 0xff, 0xf8, 0x0, 0x0, 0x0, 0x0,
    0x0, 0xef, 0xf1, 0x0, 0x0, 0xd, 0xfe, 0x2b,
    0xff, 0x48, 0xff, 0x60, 0x0, 0x0, 0x0, 0x0,
    0xe, 0xff, 0x10, 0x0, 0x0, 0x17, 0x20, 0xbf,
    0xf4, 0x5, 0x50, 0x0, 0x0, 0x0, 0x0, 0x0,
    0xef, 0xf1, 0x0, 0x0, 0x0, 0x0, 0xb, 0xff,
    0x40, 0x0, 0x0, 0x0, 0x0, 0x0, 0x0, 0xe,
    0xff, 0x10, 0x0, 0x0, 0x0, 0x0, 0xbf, 0xf4,
    0x0, 0x0, 0x0, 0x0, 0x0, 0x0, 0x0, 0xef,
    0xf1, 0x0, 0x0, 0x0, 0x0, 0xb, 0xff, 0x40,
    0x0, 0x0, 0x0, 0x0, 0x0, 0x0, 0xe, 0xff,
    0x10, 0x0, 0x0, 0x0, 0x0, 0xbf, 0xf4, 0x0,
    0x0, 0x0, 0x0, 0x0, 0xaf, 0x70, 0xef, 0xf1,
    0x4f, 0xc0, 0x0, 0x0, 0xb, 0xff, 0x40, 0x0,
    0x0, 0x0, 0x0, 0x3f, 0xff, 0x6e, 0xff, 0x5f,
    0xff, 0x60, 0x0, 0x0, 0xbf, 0xf7, 0x44, 0x44,
    0x44, 0x44, 0x20, 0xcf, 0xff, 0xff, 0xff, 0xff,
    0xd1, 0x0, 0x0, 0xb, 0xff, 0xff, 0xff, 0xff,
    0xff, 0xff, 0x50, 0xbf, 0xff, 0xff, 0xff, 0xd1,
    0x0, 0x0, 0x0, 0xbf, 0xff, 0xff, 0xff, 0xff,
    0xff, 0xfe, 0x0, 0xbf, 0xff, 0xff, 0xd1, 0x0,
    0x0, 0x0, 0x4, 0xbb, 0xbb, 0xbb, 0xbb, 0xbb,
    0xbb, 0x60, 0x0, 0xbf, 0xff, 0xd1, 0x0, 0x0,
    0x0, 0x0, 0x0, 0x0, 0x0, 0x0, 0x0, 0x0,
    0x0, 0x0, 0x0, 0xbf, 0xd1, 0x0, 0x0, 0x0,
    0x0, 0x0, 0x0, 0x0, 0x0, 0x0, 0x0, 0x0,
    0x0, 0x0, 0x0, 0x40, 0x0, 0x0, 0x0,

    /* U+F07B "" */
    0x3d, 0xff, 0xff, 0xff, 0xff, 0x40, 0x0, 0x0,
    0x0, 0x0, 0x0, 0x0, 0xdf, 0xff, 0xff, 0xff,
    0xff, 0xf4, 0x0, 0x0, 0x0, 0x0, 0x0, 0x0,
    0xff, 0xff, 0xff, 0xff, 0xff, 0xff, 0x40, 0x0,
    0x0, 0x0, 0x0, 0x0, 0xff, 0xff, 0xff, 0xff,
    0xff, 0xff, 0xff, 0xff, 0xff, 0xff, 0xff, 0xd3,
    0xff, 0xff, 0xff, 0xff, 0xff, 0xff, 0xff, 0xff,
    0xff, 0xff, 0xff, 0xfd, 0xff, 0xff, 0xff, 0xff,
    0xff, 0xff, 0xff, 0xff, 0xff, 0xff, 0xff, 0xff,
    0xff, 0xff, 0xff, 0xff, 0xff, 0xff, 0xff, 0xff,
    0xff, 0xff, 0xff, 0xff, 0xff, 0xff, 0xff, 0xff,
    0xff, 0xff, 0xff, 0xff, 0xff, 0xff, 0xff, 0xff,
    0xff, 0xff, 0xff, 0xff, 0xff, 0xff, 0xff, 0xff,
    0xff, 0xff, 0xff, 0xff, 0xff, 0xff, 0xff, 0xff,
    0xff, 0xff, 0xff, 0xff, 0xff, 0xff, 0xff, 0xff,
    0xff, 0xff, 0xff, 0xff, 0xff, 0xff, 0xff, 0xff,
    0xff, 0xff, 0xff, 0xff, 0xff, 0xff, 0xff, 0xff,
    0xff, 0xff, 0xff, 0xff, 0xff, 0xff, 0xff, 0xff,
    0xff, 0xff, 0xff, 0xff, 0xff, 0xff, 0xff, 0xff,
    0xff, 0xff, 0xff, 0xff, 0xff, 0xff, 0xff, 0xff,
    0xff, 0xff, 0xff, 0xff, 0xff, 0xff, 0xff, 0xff,
    0xff, 0xff, 0xff, 0xff, 0xff, 0xff, 0xff, 0xff,
    0xff, 0xff, 0xff, 0xff, 0xff, 0xff, 0xff, 0xff,
    0xff, 0xff, 0xff, 0xff, 0xff, 0xff, 0xff, 0xff,
    0xdf, 0xff, 0xff, 0xff, 0xff, 0xff, 0xff, 0xff,
    0xff, 0xff, 0xff, 0xfd, 0x3d, 0xff, 0xff, 0xff,
    0xff, 0xff, 0xff, 0xff, 0xff, 0xff, 0xff, 0xd3,

    /* U+F093 "" */
    0x0, 0x0, 0x0, 0x0, 0x0, 0xa, 0xa0, 0x0,
    0x0, 0x0, 0x0, 0x0, 0x0, 0x0, 0x0, 0x0,
    0x0, 0xbf, 0xfb, 0x0, 0x0, 0x0, 0x0, 0x0,
    0x0, 0x0, 0x0, 0x0, 0xb, 0xff, 0xff, 0xb0,
    0x0, 0x0, 0x0, 0x0, 0x0, 0x0, 0x0, 0x0,
    0xbf, 0xff, 0xff, 0xfb, 0x0, 0x0, 0x0, 0x0,
    0x0, 0x0, 0x0, 0xb, 0xff, 0xff, 0xff, 0xff,
    0xb0, 0x0, 0x0, 0x0, 0x0, 0x0, 0x0, 0xbf,
    0xff, 0xff, 0xff, 0xff, 0xfb, 0x0, 0x0, 0x0,
    0x0, 0x0, 0xb, 0xff, 0xff, 0xff, 0xff, 0xff,
    0xff, 0xb0, 0x0, 0x0, 0x0, 0x0, 0xbf, 0xff,
    0xff, 0xff, 0xff, 0xff, 0xff, 0xfa, 0x0, 0x0,
    0x0, 0x0, 0xef, 0xff, 0xff, 0xff, 0xff, 0xff,
    0xff, 0xfe, 0x0, 0x0, 0x0, 0x0, 0x2, 0x22,
    0x2f, 0xff, 0xff, 0xf2, 0x22, 0x20, 0x0, 0x0,
    0x0, 0x0, 0x0, 0x0, 0xf, 0xff, 0xff, 0xf0,
    0x0, 0x0, 0x0, 0x0, 0x0, 0x0, 0x0, 0x0,
    0xf, 0xff, 0xff, 0xf0, 0x0, 0x0, 0x0, 0x0,
    0x0, 0x0, 0x0, 0x0, 0xf, 0xff, 0xff, 0xf0,
    0x0, 0x0, 0x0, 0x0, 0x0, 0x0, 0x0, 0x0,
    0xf, 0xff, 0xff, 0xf0, 0x0, 0x0, 0x0, 0x0,
    0x0, 0x0, 0x0, 0x0, 0xf, 0xff, 0xff, 0xf0,
    0x0, 0x0, 0x0, 0x0, 0x0, 0x0, 0x0, 0x0,
    0xf, 0xff, 0xff, 0xf0, 0x0, 0x0, 0x0, 0x0,
    0x25, 0x55, 0x55, 0x52, 0xf, 0xff, 0xff, 0xf0,
    0x25, 0x55, 0x55, 0x52, 0xef, 0xff, 0xff, 0xf9,
    0xc, 0xff, 0xff, 0xc0, 0x9f, 0xff, 0xff, 0xfe,
    0xff, 0xff, 0xff, 0xff, 0x20, 0x1, 0x10, 0x2,
    0xff, 0xff, 0xff, 0xff, 0xff, 0xff, 0xff, 0xff,
    0xf9, 0x88, 0x88, 0x9f, 0xff, 0xff, 0xff, 0xff,
    0xff, 0xff, 0xff, 0xff, 0xff, 0xff, 0xff, 0xff,
    0xff, 0xff, 0xff, 0xff, 0xff, 0xff, 0xff, 0xff,
    0xff, 0xff, 0xff, 0xff, 0x71, 0xe7, 0x1e, 0xff,
    0xff, 0xff, 0xff, 0xff, 0xff, 0xff, 0xff, 0xff,
    0xb6, 0xfb, 0x6f, 0xff, 0xbf, 0xff, 0xff, 0xff,
    0xff, 0xff, 0xff, 0xff, 0xff, 0xff, 0xff, 0xfb,

    /* U+F095 "" */
    0x0, 0x0, 0x0, 0x0, 0x0, 0x0, 0x0, 0x0,
    0x0, 0x0, 0x0, 0x0, 0x0, 0x0, 0x0, 0x0,
    0x0, 0x0, 0x0, 0x0, 0x0, 0xd, 0xea, 0x63,
    0x0, 0x0, 0x0, 0x0, 0x0, 0x0, 0x0, 0x0,
    0x0, 0x6, 0xff, 0xff, 0xff, 0x80, 0x0, 0x0,
    0x0, 0x0, 0x0, 0x0, 0x0, 0x0, 0xdf, 0xff,
    0xff, 0xff, 0x0, 0x0, 0x0, 0x0, 0x0, 0x0,
    0x0, 0x0, 0x4f, 0xff, 0xff, 0xff, 0xf0, 0x0,
    0x0, 0x0, 0x0, 0x0, 0x0, 0x0, 0xa, 0xff,
    0xff, 0xff, 0xfe, 0x0, 0x0, 0x0, 0x0, 0x0,
    0x0, 0x0, 0x1, 0xff, 0xff, 0xff, 0xff, 0xc0,
    0x0, 0x0, 0x0, 0x0, 0x0, 0x0, 0x0, 0x4f,
    0xff, 0xff, 0xff, 0xf9, 0x0, 0x0, 0x0, 0x0,
    0x0, 0x0, 0x0, 0x0, 0x9f, 0xff, 0xff, 0xff,
    0x60, 0x0, 0x0, 0x0, 0x0, 0x0, 0x0, 0x0,
    0x0, 0x6f, 0xff, 0xff, 0xf2, 0x0, 0x0, 0x0,
    0x0, 0x0, 0x0, 0x0, 0x0, 0x0, 0x6f, 0xff,
    0xfc, 0x0, 0x0, 0x0, 0x0, 0x0, 0x0, 0x0,
    0x0, 0x0, 0xa, 0xff, 0xff, 0x60, 0x0, 0x0,
    0x0, 0x0, 0x0, 0x0, 0x0, 0x0, 0x4, 0xff,
    0xff, 0xe0, 0x0, 0x0, 0x0, 0x0, 0x0, 0x0,
    0x0, 0x0, 0x1, 0xdf, 0xff, 0xf7, 0x0, 0x0,
    0x0, 0x0, 0x0, 0x0, 0x0, 0x0, 0x0, 0xbf,
    0xff, 0xfd, 0x0, 0x0, 0x0, 0x0, 0x1, 0x40,
    0x0, 0x0, 0x0, 0xaf, 0xff, 0xff, 0x30, 0x0,
    0x0, 0x0, 0x3a, 0xff, 0xa0, 0x0, 0x1, 0xbf,
    0xff, 0xff, 0x70, 0x0, 0x0, 0x5, 0xcf, 0xff,
    0xff, 0x70, 0x3, 0xdf, 0xff, 0xff, 0xa0, 0x0,
    0x0, 0xd, 0xff, 0xff, 0xff, 0xff, 0x6a, 0xff,
    0xff, 0xff, 0xb0, 0x0, 0x0, 0x0, 0xef, 0xff,
    0xff, 0xff, 0xff, 0xff, 0xff, 0xff, 0xa0, 0x0,
    0x0, 0x0, 0xa, 0xff, 0xff, 0xff, 0xff, 0xff,
    0xff, 0xff, 0x70, 0x0, 0x0, 0x0, 0x0, 0x6f,
    0xff, 0xff, 0xff, 0xff, 0xff, 0xfd, 0x30, 0x0,
    0x0, 0x0, 0x0, 0x3, 0xff, 0xff, 0xff, 0xff,
    0xff, 0xe7, 0x0, 0x0, 0x0, 0x0, 0x0, 0x0,
    0xf, 0xff, 0xff, 0xff, 0xfc, 0x60, 0x0, 0x0,
    0x0, 0x0, 0x0, 0x0, 0x0, 0x8f, 0xfe, 0xc9,
    0x62, 0x0, 0x0, 0x0, 0x0, 0x0, 0x0, 0x0,
    0x0,

    /* U+F0C4 "" */
    0x0, 0x2, 0x42, 0x0, 0x0, 0x0, 0x0, 0x0,
    0x0, 0x0, 0x0, 0x2, 0xcf, 0xff, 0xc2, 0x0,
    0x0, 0x0, 0x0, 0x37, 0x73, 0x0, 0x2e, 0xff,
    0xff, 0xfe, 0x20, 0x0, 0x0, 0x8, 0xff, 0xff,
    0x90, 0xaf, 0xff, 0xcf, 0xff, 0xa0, 0x0, 0x0,
    0x9f, 0xff, 0xff, 0xb0, 0xef, 0xf4, 0x4, 0xff,
    0xe0, 0x0, 0x9, 0xff, 0xff, 0xfb, 0x0, 0xff,
    0xf1, 0x1, 0xff, 0xf0, 0x0, 0x9f, 0xff, 0xff,
    0xb0, 0x0, 0xcf, 0xfb, 0x5b, 0xff, 0xc0, 0x9,
    0xff, 0xff, 0xfb, 0x0, 0x0, 0x5f, 0xff, 0xff,
    0xff, 0xf5, 0x9f, 0xff, 0xff, 0xb0, 0x0, 0x0,
    0x8, 0xff, 0xff, 0xff, 0xff, 0xff, 0xff, 0xfb,
    0x0, 0x0, 0x0, 0x0, 0x39, 0xbe, 0xff, 0xff,
    0xff, 0xff, 0xb0, 0x0, 0x0, 0x0, 0x0, 0x0,
    0x2, 0xef, 0xff, 0xff, 0xfb, 0x0, 0x0, 0x0,
    0x0, 0x0, 0x0, 0x0, 0xaf, 0xff, 0xff, 0xf5,
    0x0, 0x0, 0x0, 0x0, 0x0, 0x2, 0x4a, 0xff,
    0xff, 0xff, 0xff, 0x50, 0x0, 0x0, 0x0, 0x2,
    0xcf, 0xff, 0xff, 0xff, 0xff, 0xff, 0xf5, 0x0,
    0x0, 0x0, 0x2e, 0xff, 0xff, 0xff, 0xfb, 0xef,
    0xff, 0xff, 0x50, 0x0, 0x0, 0xaf, 0xff, 0xcf,
    0xff, 0xd0, 0x2e, 0xff, 0xff, 0xf5, 0x0, 0x0,
    0xef, 0xf4, 0x4, 0xff, 0xe0, 0x2, 0xef, 0xff,
    0xff, 0x50, 0x0, 0xff, 0xf1, 0x1, 0xff, 0xf0,
    0x0, 0x2e, 0xff, 0xff, 0xf5, 0x0, 0xcf, 0xfb,
    0x5b, 0xff, 0xc0, 0x0, 0x2, 0xef, 0xff, 0xff,
    0x50, 0x5f, 0xff, 0xff, 0xff, 0x50, 0x0, 0x0,
    0x2e, 0xff, 0xff, 0xd0, 0x8, 0xff, 0xff, 0xf8,
    0x0, 0x0, 0x0, 0x1, 0xae, 0xea, 0x20, 0x0,
    0x39, 0xb9, 0x30, 0x0, 0x0, 0x0, 0x0, 0x0,
    0x0, 0x0,

    /* U+F0C5 "" */
    0x0, 0x0, 0x0, 0xbf, 0xff, 0xff, 0xff, 0xf0,
    0x7a, 0x0, 0x0, 0x0, 0x0, 0xf, 0xff, 0xff,
    0xff, 0xff, 0x8, 0xfb, 0x0, 0x0, 0x0, 0x0,
    0xff, 0xff, 0xff, 0xff, 0xf0, 0x8f, 0xfb, 0x0,
    0x0, 0x0, 0xf, 0xff, 0xff, 0xff, 0xff, 0x8,
    0xff, 0xfa, 0x47, 0x88, 0x40, 0xff, 0xff, 0xff,
    0xff, 0xf0, 0x48, 0x88, 0x7f, 0xff, 0xf8, 0xf,
    0xff, 0xff, 0xff, 0xff, 0x40, 0x0, 0x0, 0xff,
    0xff, 0x80, 0xff, 0xff, 0xff, 0xff, 0xff, 0xff,
    0xff, 0xff, 0xff, 0xf8, 0xf, 0xff, 0xff, 0xff,
    0xff, 0xff, 0xff, 0xff, 0xff, 0xff, 0x80, 0xff,
    0xff, 0xff, 0xff, 0xff, 0xff, 0xff, 0xff, 0xff,
    0xf8, 0xf, 0xff, 0xff, 0xff, 0xff, 0xff, 0xff,
    0xff, 0xff, 0xff, 0x80, 0xff, 0xff, 0xff, 0xff,
    0xff, 0xff, 0xff, 0xff, 0xff, 0xf8, 0xf, 0xff,
    0xff, 0xff, 0xff, 0xff, 0xff, 0xff, 0xff, 0xff,
    0x80, 0xff, 0xff, 0xff, 0xff, 0xff, 0xff, 0xff,
    0xff, 0xff, 0xf8, 0xf, 0xff, 0xff, 0xff, 0xff,
    0xff, 0xff, 0xff, 0xff, 0xff, 0x80, 0xff, 0xff,
    0xff, 0xff, 0xff, 0xff, 0xff, 0xff, 0xff, 0xf8,
    0xf, 0xff, 0xff, 0xff, 0xff, 0xff, 0xff, 0xff,
    0xff, 0xff, 0x80, 0xff, 0xff, 0xff, 0xff, 0xff,
    0xff, 0xff, 0xff, 0xff, 0xf8, 0xf, 0xff, 0xff,
    0xff, 0xff, 0xff, 0xff, 0xff, 0xff, 0xff, 0x80,
    0xff, 0xff, 0xff, 0xff, 0xff, 0xff, 0xff, 0xff,
    0xff, 0xfc, 0x4, 0x78, 0x88, 0x88, 0x88, 0x88,
    0x88, 0x74, 0xff, 0xff, 0xfa, 0x10, 0x0, 0x0,
    0x0, 0x0, 0x0, 0x0, 0xf, 0xff, 0xff, 0xff,
    0xff, 0xff, 0xff, 0xff, 0x0, 0x0, 0x0, 0xff,
    0xff, 0xff, 0xff, 0xff, 0xff, 0xff, 0xf0, 0x0,
    0x0, 0xb, 0xff, 0xff, 0xff, 0xff, 0xff, 0xff,
    0xfb, 0x0, 0x0, 0x0,

    /* U+F0C7 "" */
    0x1, 0x44, 0x44, 0x44, 0x44, 0x44, 0x44, 0x42,
    0x0, 0x0, 0x6, 0xff, 0xff, 0xff, 0xff, 0xff,
    0xff, 0xff, 0xf8, 0x0, 0x0, 0xef, 0xff, 0xff,
    0xff, 0xff, 0xff, 0xff, 0xff, 0xf8, 0x0, 0xf,
    0xff, 0xcb, 0xbb, 0xbb, 0xbb, 0xbb, 0xbd, 0xff,
    0xf8, 0x0, 0xff, 0xf0, 0x0, 0x0, 0x0, 0x0,
    0x0, 0xf, 0xff, 0xf8, 0xf, 0xff, 0x0, 0x0,
    0x0, 0x0, 0x0, 0x0, 0xff, 0xff, 0xf7, 0xff,
    0xf0, 0x0, 0x0, 0x0, 0x0, 0x0, 0xf, 0xff,
    0xff, 0xef, 0xff, 0x0, 0x0, 0x0, 0x0, 0x0,
    0x0, 0xff, 0xff, 0xff, 0xff, 0xf0, 0x0, 0x0,
    0x0, 0x0, 0x0, 0xf, 0xff, 0xff, 0xff, 0xff,
    0x54, 0x44, 0x44, 0x44, 0x44, 0x45, 0xff, 0xff,
    0xff, 0xff, 0xff, 0xff, 0xff, 0xff, 0xff, 0xff,
    0xff, 0xff, 0xff, 0xff, 0xff, 0xff, 0xff, 0xff,
    0xff, 0xff, 0xff, 0xff, 0xff, 0xff, 0xff, 0xff,
    0xff, 0xff, 0xfe, 0xce, 0xff, 0xff, 0xff, 0xff,
    0xff, 0xff, 0xff, 0xff, 0xf8, 0x0, 0x8, 0xff,
    0xff, 0xff, 0xff, 0xff, 0xff, 0xff, 0xfc, 0x0,
    0x0, 0xc, 0xff, 0xff, 0xff, 0xff, 0xff, 0xff,
    0xff, 0x80, 0x0, 0x0, 0x8f, 0xff, 0xff, 0xff,
    0xff, 0xff, 0xff, 0xfa, 0x0, 0x0, 0xa, 0xff,
    0xff, 0xff, 0xff, 0xff, 0xff, 0xff, 0xf2, 0x0,
    0x2, 0xff, 0xff, 0xff, 0xff, 0xff, 0xff, 0xff,
    0xff, 0xf7, 0x57, 0xff, 0xff, 0xff, 0xff, 0xff,
    0xff, 0xff, 0xff, 0xff, 0xff, 0xff, 0xff, 0xff,
    0xff, 0xff, 0xbf, 0xff, 0xff, 0xff, 0xff, 0xff,
    0xff, 0xff, 0xff, 0xff, 0xb1, 0x8b, 0xbb, 0xbb,
    0xbb, 0xbb, 0xbb, 0xbb, 0xbb, 0xbb, 0x81,

    /* U+F0C9 "" */
    0x13, 0x33, 0x33, 0x33, 0x33, 0x33, 0x33, 0x33,
    0x33, 0x33, 0x1f, 0xff, 0xff, 0xff, 0xff, 0xff,
    0xff, 0xff, 0xff, 0xff, 0xfe, 0xff, 0xff, 0xff,
    0xff, 0xff, 0xff, 0xff, 0xff, 0xff, 0xff, 0xff,
    0xff, 0xff, 0xff, 0xff, 0xff, 0xff, 0xff, 0xff,
    0xff, 0xfe, 0x13, 0x33, 0x33, 0x33, 0x33, 0x33,
    0x33, 0x33, 0x33, 0x33, 0x10, 0x0, 0x0, 0x0,
    0x0, 0x0, 0x0, 0x0, 0x0, 0x0, 0x0, 0x0,
    0x0, 0x0, 0x0, 0x0, 0x0, 0x0, 0x0, 0x0,
    0x0, 0x0, 0x0, 0x0, 0x0, 0x0, 0x0, 0x0,
    0x0, 0x0, 0x0, 0x0, 0x57, 0x77, 0x77, 0x77,
    0x77, 0x77, 0x77, 0x77, 0x77, 0x77, 0x5f, 0xff,
    0xff, 0xff, 0xff, 0xff, 0xff, 0xff, 0xff, 0xff,
    0xff, 0xff, 0xff, 0xff, 0xff, 0xff, 0xff, 0xff,
    0xff, 0xff, 0xff, 0xfc, 0xee, 0xee, 0xee, 0xee,
    0xee, 0xee, 0xee, 0xee, 0xee, 0xeb, 0x0, 0x0,
    0x0, 0x0, 0x0, 0x0, 0x0, 0x0, 0x0, 0x0,
    0x0, 0x0, 0x0, 0x0, 0x0, 0x0, 0x0, 0x0,
    0x0, 0x0, 0x0, 0x0, 0x0, 0x0, 0x0, 0x0,
    0x0, 0x0, 0x0, 0x0, 0x0, 0x1, 0x33, 0x33,
    0x33, 0x33, 0x33, 0x33, 0x33, 0x33, 0x33, 0x31,
    0xff, 0xff, 0xff, 0xff, 0xff, 0xff, 0xff, 0xff,
    0xff, 0xff, 0xef, 0xff, 0xff, 0xff, 0xff, 0xff,
    0xff, 0xff, 0xff, 0xff, 0xff, 0xff, 0xff, 0xff,
    0xff, 0xff, 0xff, 0xff, 0xff, 0xff, 0xff, 0xe1,
    0x33, 0x33, 0x33, 0x33, 0x33, 0x33, 0x33, 0x33,
    0x33, 0x31,

    /* U+F0E0 "" */
    0x3d, 0xff, 0xff, 0xff, 0xff, 0xff, 0xff, 0xff,
    0xff, 0xff, 0xff, 0xd3, 0xdf, 0xff, 0xff, 0xff,
    0xff, 0xff, 0xff, 0xff, 0xff, 0xff, 0xff, 0xfd,
    0xff, 0xff, 0xff, 0xff, 0xff, 0xff, 0xff, 0xff,
    0xff, 0xff, 0xff, 0xff, 0xef, 0xff, 0xff, 0xff,
    0xff, 0xff, 0xff, 0xff, 0xff, 0xff, 0xff, 0xfe,
    0x2d, 0xff, 0xff, 0xff, 0xff, 0xff, 0xff, 0xff,
    0xff, 0xff, 0xff, 0xd2, 0x0, 0x9f, 0xff, 0xff,
    0xff, 0xff, 0xff, 0xff, 0xff, 0xff, 0xf9, 0x0,
    0xe4, 0x5, 0xff, 0xff, 0xff, 0xff, 0xff, 0xff,
    0xff, 0xff, 0x50, 0x4e, 0xff, 0x80, 0x2c, 0xff,
    0xff, 0xff, 0xff, 0xff, 0xff, 0xc2, 0x8, 0xff,
    0xff, 0xfc, 0x20, 0x8f, 0xff, 0xff, 0xff, 0xff,
    0xf9, 0x1, 0xcf, 0xff, 0xff, 0xff, 0xf5, 0x4,
    0xef, 0xff, 0xff, 0xfe, 0x40, 0x5e, 0xff, 0xff,
    0xff, 0xff, 0xff, 0x90, 0x1c, 0xff, 0xff, 0xb1,
    0x9, 0xff, 0xff, 0xff, 0xff, 0xff, 0xff, 0xfd,
    0x20, 0x6d, 0xd6, 0x2, 0xdf, 0xff, 0xff, 0xff,
    0xff, 0xff, 0xff, 0xff, 0xf6, 0x0, 0x0, 0x6f,
    0xff, 0xff, 0xff, 0xff, 0xff, 0xff, 0xff, 0xff,
    0xff, 0xd9, 0x9d, 0xff, 0xff, 0xff, 0xff, 0xff,
    0xff, 0xff, 0xff, 0xff, 0xff, 0xff, 0xff, 0xff,
    0xff, 0xff, 0xff, 0xff, 0xff, 0xff, 0xff, 0xff,
    0xff, 0xff, 0xff, 0xff, 0xff, 0xff, 0xff, 0xff,
    0xdf, 0xff, 0xff, 0xff, 0xff, 0xff, 0xff, 0xff,
    0xff, 0xff, 0xff, 0xfd, 0x3d, 0xff, 0xff, 0xff,
    0xff, 0xff, 0xff, 0xff, 0xff, 0xff, 0xff, 0xd3,

    /* U+F0E7 "" */
    0x0, 0x4f, 0xff, 0xff, 0xff, 0xf3, 0x0, 0x0,
    0x0, 0x9, 0xff, 0xff, 0xff, 0xff, 0x60, 0x0,
    0x0, 0x0, 0xbf, 0xff, 0xff, 0xff, 0xf1, 0x0,
    0x0, 0x0, 0xd, 0xff, 0xff, 0xff, 0xfc, 0x0,
    0x0, 0x0, 0x0, 0xff, 0xff, 0xff, 0xff, 0x70,
    0x0, 0x0, 0x0, 0x1f, 0xff, 0xff, 0xff, 0xf2,
    0x0, 0x0, 0x0, 0x3, 0xff, 0xff, 0xff, 0xfc,
    0x0, 0x0, 0x0, 0x0, 0x5f, 0xff, 0xff, 0xff,
    0xc8, 0x88, 0x87, 0x30, 0x8, 0xff, 0xff, 0xff,
    0xff, 0xff, 0xff, 0xff, 0x0, 0xaf, 0xff, 0xff,
    0xff, 0xff, 0xff, 0xff, 0xa0, 0xc, 0xff, 0xff,
    0xff, 0xff, 0xff, 0xff, 0xf2, 0x0, 0xef, 0xff,
    0xff, 0xff, 0xff, 0xff, 0xf8, 0x0, 0xf, 0xff,
    0xff, 0xff, 0xff, 0xff, 0xfe, 0x0, 0x0, 0x37,
    0x88, 0x88, 0xaf, 0xff, 0xff, 0x50, 0x0, 0x0,
    0x0, 0x0, 0x8, 0xff, 0xff, 0xc0, 0x0, 0x0,
    0x0, 0x0, 0x0, 0xcf, 0xff, 0xf3, 0x0, 0x0,
    0x0, 0x0, 0x0, 0xf, 0xff, 0xfa, 0x0, 0x0,
    0x0, 0x0, 0x0, 0x3, 0xff, 0xff, 0x10, 0x0,
    0x0, 0x0, 0x0, 0x0, 0x7f, 0xff, 0x70, 0x0,
    0x0, 0x0, 0x0, 0x0, 0xb, 0xff, 0xd0, 0x0,
    0x0, 0x0, 0x0, 0x0, 0x0, 0xff, 0xf4, 0x0,
    0x0, 0x0, 0x0, 0x0, 0x0, 0x3f, 0xfb, 0x0,
    0x0, 0x0, 0x0, 0x0, 0x0, 0x6, 0xff, 0x20,
    0x0, 0x0, 0x0, 0x0, 0x0, 0x0, 0x4f, 0x70,
    0x0, 0x0, 0x0, 0x0,

    /* U+F0EA "" */
    0x0, 0x0, 0x3, 0xdf, 0xd3, 0x0, 0x0, 0x0,
    0x0, 0x0, 0x4, 0x78, 0x88, 0xff, 0xef, 0xf8,
    0x88, 0x74, 0x0, 0x0, 0x0, 0xff, 0xff, 0xff,
    0x90, 0x9f, 0xff, 0xff, 0xf0, 0x0, 0x0, 0xf,
    0xff, 0xff, 0xf9, 0x9, 0xff, 0xff, 0xff, 0x0,
    0x0, 0x0, 0xff, 0xff, 0xff, 0xfe, 0xff, 0xff,
    0xff, 0xf0, 0x0, 0x0, 0xf, 0xff, 0xff, 0xff,
    0xff, 0xff, 0xff, 0xff, 0x0, 0x0, 0x0, 0xff,
    0xff, 0xff, 0xe5, 0x0, 0x0, 0x0, 0x0, 0x0,
    0x0, 0xf, 0xff, 0xff, 0xf4, 0x7, 0x88, 0x88,
    0x88, 0x3, 0x30, 0x0, 0xff, 0xff, 0xff, 0x7,
    0xff, 0xff, 0xff, 0xf0, 0x8f, 0x40, 0xf, 0xff,
    0xff, 0xf0, 0x8f, 0xff, 0xff, 0xff, 0x8, 0xff,
    0x40, 0xff, 0xff, 0xff, 0x8, 0xff, 0xff, 0xff,
    0xf0, 0x8f, 0xff, 0x4f, 0xff, 0xff, 0xf0, 0x8f,
    0xff, 0xff, 0xff, 0x8, 0xff, 0xfe, 0xff, 0xff,
    0xff, 0x8, 0xff, 0xff, 0xff, 0xf0, 0x0, 0x0,
    0xf, 0xff, 0xff, 0xf0, 0x8f, 0xff, 0xff, 0xff,
    0xb8, 0x88, 0x88, 0xff, 0xff, 0xff, 0x8, 0xff,
    0xff, 0xff, 0xff, 0xff, 0xff, 0xff, 0xff, 0xff,
    0xf0, 0x8f, 0xff, 0xff, 0xff, 0xff, 0xff, 0xff,
    0xff, 0xff, 0xff, 0x8, 0xff, 0xff, 0xff, 0xff,
    0xff, 0xff, 0xff, 0xff, 0xff, 0xf0, 0x8f, 0xff,
    0xff, 0xff, 0xff, 0xff, 0xff, 0xff, 0xff, 0xff,
    0x8, 0xff, 0xff, 0xff, 0xff, 0xff, 0xff, 0xf4,
    0x78, 0x88, 0x80, 0x8f, 0xff, 0xff, 0xff, 0xff,
    0xff, 0xff, 0x0, 0x0, 0x0, 0x8, 0xff, 0xff,
    0xff, 0xff, 0xff, 0xff, 0xf0, 0x0, 0x0, 0x0,
    0x8f, 0xff, 0xff, 0xff, 0xff, 0xff, 0xff, 0x0,
    0x0, 0x0, 0x7, 0xff, 0xff, 0xff, 0xff, 0xff,
    0xff, 0xf0, 0x0, 0x0, 0x0, 0x4f, 0xff, 0xff,
    0xff, 0xff, 0xff, 0xfb,

    /* U+F0F3 "" */
    0x0, 0x0, 0x0, 0x0, 0x8, 0xf8, 0x0, 0x0,
    0x0, 0x0, 0x0, 0x0, 0x0, 0x0, 0x0, 0xff,
    0xf0, 0x0, 0x0, 0x0, 0x0, 0x0, 0x0, 0x0,
    0x1, 0x5f, 0xff, 0x51, 0x0, 0x0, 0x0, 0x0,
    0x0, 0x0, 0x8, 0xff, 0xff, 0xff, 0xf8, 0x0,
    0x0, 0x0, 0x0, 0x0, 0xc, 0xff, 0xff, 0xff,
    0xff, 0xfb, 0x0, 0x0, 0x0, 0x0, 0xa, 0xff,
    0xff, 0xff, 0xff, 0xff, 0xf9, 0x0, 0x0, 0x0,
    0x4, 0xff, 0xff, 0xff, 0xff, 0xff, 0xff, 0xf3,
    0x0, 0x0, 0x0, 0xaf, 0xff, 0xff, 0xff, 0xff,
    0xff, 0xff, 0x90, 0x0, 0x0, 0xe, 0xff, 0xff,
    0xff, 0xff, 0xff, 0xff, 0xfd, 0x0, 0x0, 0x0,
    0xff, 0xff, 0xff, 0xff, 0xff, 0xff, 0xff, 0xf0,
    0x0, 0x0, 0xf, 0xff, 0xff, 0xff, 0xff, 0xff,
    0xff, 0xff, 0x0, 0x0, 0x1, 0xff, 0xff, 0xff,
    0xff, 0xff, 0xff, 0xff, 0xf1, 0x0, 0x0, 0x4f,
    0xff, 0xff, 0xff, 0xff, 0xff, 0xff, 0xff, 0x40,
    0x0, 0x8, 0xff, 0xff, 0xff, 0xff, 0xff, 0xff,
    0xff, 0xf8, 0x0, 0x0, 0xdf, 0xff, 0xff, 0xff,
    0xff, 0xff, 0xff, 0xff, 0xd0, 0x0, 0x5f, 0xff,
    0xff, 0xff, 0xff, 0xff, 0xff, 0xff, 0xff, 0x50,
    0x3f, 0xff, 0xff, 0xff, 0xff, 0xff, 0xff, 0xff,
    0xff, 0xff, 0x3d, 0xff, 0xff, 0xff, 0xff, 0xff,
    0xff, 0xff, 0xff, 0xff, 0xfd, 0xdf, 0xff, 0xff,
    0xff, 0xff, 0xff, 0xff, 0xff, 0xff, 0xff, 0xd2,
    0x78, 0x88, 0x88, 0x88, 0x88, 0x88, 0x88, 0x88,
    0x88, 0x72, 0x0, 0x0, 0x0, 0x0, 0x0, 0x0,
    0x0, 0x0, 0x0, 0x0, 0x0, 0x0, 0x0, 0x0,
    0x6f, 0xff, 0xff, 0x60, 0x0, 0x0, 0x0, 0x0,
    0x0, 0x0, 0x1, 0xff, 0xff, 0xe1, 0x0, 0x0,
    0x0, 0x0, 0x0, 0x0, 0x0, 0x3, 0xcf, 0xc3,
    0x0, 0x0, 0x0, 0x0,

    /* U+F11C "" */
    0x3d, 0xff, 0xff, 0xff, 0xff, 0xff, 0xff, 0xff,
    0xff, 0xff, 0xff, 0xff, 0xfd, 0x3d, 0xff, 0xff,
    0xff, 0xff, 0xff, 0xff, 0xff, 0xff, 0xff, 0xff,
    0xff, 0xff, 0xfd, 0xff, 0xff, 0xff, 0xff, 0xff,
    0xff, 0xff, 0xff, 0xff, 0xff, 0xff, 0xff, 0xff,
    0xff, 0xff, 0x10, 0x1f, 0x90, 0x9, 0xf1, 0x1,
    0xf9, 0x0, 0x9f, 0x10, 0x1f, 0xff, 0xff, 0xf0,
    0x0, 0xf8, 0x0, 0x8f, 0x0, 0xf, 0x80, 0x8,
    0xf0, 0x0, 0xff, 0xff, 0xff, 0x10, 0x1f, 0x90,
    0x9, 0xf1, 0x1, 0xf9, 0x0, 0x9f, 0x10, 0x1f,
    0xff, 0xff, 0xff, 0xff, 0xff, 0xff, 0xff, 0xff,
    0xff, 0xff, 0xff, 0xff, 0xff, 0xff, 0xff, 0xff,
    0xff, 0xb8, 0x8f, 0xe8, 0x8b, 0xfb, 0x88, 0xfe,
    0x88, 0xbf, 0xff, 0xff, 0xff, 0xff, 0xf4, 0x0,
    0xcc, 0x0, 0x4f, 0x40, 0xc, 0xc0, 0x4, 0xff,
    0xff, 0xff, 0xff, 0xff, 0x40, 0xc, 0xc0, 0x4,
    0xf4, 0x0, 0xcc, 0x0, 0x4f, 0xff, 0xff, 0xff,
    0xff, 0xfb, 0x88, 0xfe, 0x88, 0xbf, 0xb8, 0x8f,
    0xe8, 0x8b, 0xff, 0xff, 0xff, 0xff, 0xff, 0xff,
    0xff, 0xff, 0xff, 0xff, 0xff, 0xff, 0xff, 0xff,
    0xff, 0xff, 0xff, 0xf1, 0x1, 0xf9, 0x0, 0x0,
    0x0, 0x0, 0x0, 0x9, 0xf1, 0x1, 0xff, 0xff,
    0xff, 0x0, 0xf, 0x80, 0x0, 0x0, 0x0, 0x0,
    0x0, 0x8f, 0x0, 0xf, 0xff, 0xff, 0xf1, 0x1,
    0xf9, 0x0, 0x0, 0x0, 0x0, 0x0, 0x9, 0xf1,
    0x1, 0xff, 0xff, 0xff, 0xff, 0xff, 0xff, 0xff,
    0xff, 0xff, 0xff, 0xff, 0xff, 0xff, 0xff, 0xff,
    0xdf, 0xff, 0xff, 0xff, 0xff, 0xff, 0xff, 0xff,
    0xff, 0xff, 0xff, 0xff, 0xff, 0xd3, 0xdf, 0xff,
    0xff, 0xff, 0xff, 0xff, 0xff, 0xff, 0xff, 0xff,
    0xff, 0xff, 0xd3,

    /* U+F124 "" */
    0x0, 0x0, 0x0, 0x0, 0x0, 0x0, 0x0, 0x0,
    0x0, 0x0, 0x0, 0x0, 0x0, 0x0, 0x0, 0x0,
    0x0, 0x0, 0x0, 0x0, 0x0, 0x0, 0x0, 0x3a,
    0xfc, 0x20, 0x0, 0x0, 0x0, 0x0, 0x0, 0x0,
    0x0, 0x0, 0x0, 0x4b, 0xff, 0xff, 0xc0, 0x0,
    0x0, 0x0, 0x0, 0x0, 0x0, 0x0, 0x0, 0x5c,
    0xff, 0xff, 0xff, 0xf0, 0x0, 0x0, 0x0, 0x0,
    0x0, 0x0, 0x0, 0x6e, 0xff, 0xff, 0xff, 0xff,
    0xa0, 0x0, 0x0, 0x0, 0x0, 0x0, 0x1, 0x8e,
    0xff, 0xff, 0xff, 0xff, 0xff, 0x30, 0x0, 0x0,
    0x0, 0x0, 0x2, 0x9f, 0xff, 0xff, 0xff, 0xff,
    0xff, 0xfb, 0x0, 0x0, 0x0, 0x0, 0x3, 0xaf,
    0xff, 0xff, 0xff, 0xff, 0xff, 0xff, 0xf4, 0x0,
    0x0, 0x0, 0x4, 0xcf, 0xff, 0xff, 0xff, 0xff,
    0xff, 0xff, 0xff, 0xc0, 0x0, 0x0, 0x6, 0xdf,
    0xff, 0xff, 0xff, 0xff, 0xff, 0xff, 0xff, 0xff,
    0x50, 0x0, 0x3, 0xef, 0xff, 0xff, 0xff, 0xff,
    0xff, 0xff, 0xff, 0xff, 0xfe, 0x0, 0x0, 0xd,
    0xff, 0xff, 0xff, 0xff, 0xff, 0xff, 0xff, 0xff,
    0xff, 0xf6, 0x0, 0x0, 0xf, 0xff, 0xff, 0xff,
    0xff, 0xff, 0xff, 0xff, 0xff, 0xff, 0xe0, 0x0,
    0x0, 0x9, 0xff, 0xff, 0xff, 0xff, 0xff, 0xff,
    0xff, 0xff, 0xff, 0x80, 0x0, 0x0, 0x0, 0x57,
    0x88, 0x88, 0x88, 0x8c, 0xff, 0xff, 0xff, 0xff,
    0x10, 0x0, 0x0, 0x0, 0x0, 0x0, 0x0, 0x0,
    0x8, 0xff, 0xff, 0xff, 0xf9, 0x0, 0x0, 0x0,
    0x0, 0x0, 0x0, 0x0, 0x0, 0x8, 0xff, 0xff,
    0xff, 0xf2, 0x0, 0x0, 0x0, 0x0, 0x0, 0x0,
    0x0, 0x0, 0x8, 0xff, 0xff, 0xff, 0xa0, 0x0,
    0x0, 0x0, 0x0, 0x0, 0x0, 0x0, 0x0, 0x8,
    0xff, 0xff, 0xff, 0x30, 0x0, 0x0, 0x0, 0x0,
    0x0, 0x0, 0x0, 0x0, 0x8, 0xff, 0xff, 0xfc,
    0x0, 0x0, 0x0, 0x0, 0x0, 0x0, 0x0, 0x0,
    0x0, 0x8, 0xff, 0xff, 0xf4, 0x0, 0x0, 0x0,
    0x0, 0x0, 0x0, 0x0, 0x0, 0x0, 0x8, 0xff,
    0xff, 0xd0, 0x0, 0x0, 0x0, 0x0, 0x0, 0x0,
    0x0, 0x0, 0x0, 0x7, 0xff, 0xff, 0x60, 0x0,
    0x0, 0x0, 0x0, 0x0, 0x0, 0x0, 0x0, 0x0,
    0x5, 0xff, 0xfe, 0x0, 0x0, 0x0, 0x0, 0x0,
    0x0, 0x0, 0x0, 0x0, 0x0, 0x0, 0x9f, 0xd3,
    0x0, 0x0, 0x0, 0x0, 0x0, 0x0, 0x0, 0x0,
    0x0, 0x0, 0x0, 0x0, 0x0, 0x0, 0x0, 0x0,
    0x0, 0x0,

    /* U+F15B "" */
    0xbf, 0xff, 0xff, 0xff, 0xff, 0x80, 0xe4, 0x0,
    0x0, 0xff, 0xff, 0xff, 0xff, 0xff, 0x80, 0xff,
    0x40, 0x0, 0xff, 0xff, 0xff, 0xff, 0xff, 0x80,
    0xff, 0xf4, 0x0, 0xff, 0xff, 0xff, 0xff, 0xff,
    0x80, 0xff, 0xff, 0x40, 0xff, 0xff, 0xff, 0xff,
    0xff, 0x80, 0xff, 0xff, 0xf4, 0xff, 0xff, 0xff,
    0xff, 0xff, 0x80, 0xff, 0xff, 0xfe, 0xff, 0xff,
    0xff, 0xff, 0xff, 0x80, 0x0, 0x0, 0x0, 0xff,
    0xff, 0xff, 0xff, 0xff, 0xf8, 0x88, 0x88, 0x88,
    0xff, 0xff, 0xff, 0xff, 0xff, 0xff, 0xff, 0xff,
    0xff, 0xff, 0xff, 0xff, 0xff, 0xff, 0xff, 0xff,
    0xff, 0xff, 0xff, 0xff, 0xff, 0xff, 0xff, 0xff,
    0xff, 0xff, 0xff, 0xff, 0xff, 0xff, 0xff, 0xff,
    0xff, 0xff, 0xff, 0xff, 0xff, 0xff, 0xff, 0xff,
    0xff, 0xff, 0xff, 0xff, 0xff, 0xff, 0xff, 0xff,
    0xff, 0xff, 0xff, 0xff, 0xff, 0xff, 0xff, 0xff,
    0xff, 0xff, 0xff, 0xff, 0xff, 0xff, 0xff, 0xff,
    0xff, 0xff, 0xff, 0xff, 0xff, 0xff, 0xff, 0xff,
    0xff, 0xff, 0xff, 0xff, 0xff, 0xff, 0xff, 0xff,
    0xff, 0xff, 0xff, 0xff, 0xff, 0xff, 0xff, 0xff,
    0xff, 0xff, 0xff, 0xff, 0xff, 0xff, 0xff, 0xff,
    0xff, 0xff, 0xff, 0xff, 0xff, 0xff, 0xff, 0xff,
    0xff, 0xff, 0xff, 0xff, 0xff, 0xff, 0xff, 0xff,
    0xff, 0xff, 0xff, 0xff, 0xff, 0xff, 0xff, 0xff,
    0xff, 0xff, 0xff, 0xff, 0xff, 0xff, 0xff, 0xff,
    0xff, 0xff, 0xff, 0xff, 0xff, 0xff, 0xff, 0xbf,
    0xff, 0xff, 0xff, 0xff, 0xff, 0xff, 0xff, 0xfb,

    /* U+F1EB "" */
    0x0, 0x0, 0x0, 0x0, 0x0, 0x0, 0x0, 0x0,
    0x0, 0x0, 0x0, 0x0, 0x0, 0x0, 0x0, 0x0,
    0x0, 0x0, 0x0, 0x0, 0x3, 0x56, 0x77, 0x65,
    0x30, 0x0, 0x0, 0x0, 0x0, 0x0, 0x0, 0x0,
    0x0, 0x2, 0x7c, 0xff, 0xff, 0xff, 0xff, 0xff,
    0xc7, 0x20, 0x0, 0x0, 0x0, 0x0, 0x0, 0x5,
    0xcf, 0xff, 0xff, 0xff, 0xff, 0xff, 0xff, 0xff,
    0xfc, 0x50, 0x0, 0x0, 0x0, 0x3, 0xdf, 0xff,
    0xff, 0xff, 0xff, 0xff, 0xff, 0xff, 0xff, 0xff,
    0xfd, 0x30, 0x0, 0x0, 0x8f, 0xff, 0xff, 0xff,
    0xc9, 0x65, 0x44, 0x56, 0x9c, 0xff, 0xff, 0xff,
    0xf8, 0x0, 0x1c, 0xff, 0xff, 0xfd, 0x61, 0x0,
    0x0, 0x0, 0x0, 0x0, 0x16, 0xdf, 0xff, 0xff,
    0xc1, 0xdf, 0xff, 0xfe, 0x50, 0x0, 0x0, 0x0,
    0x0, 0x0, 0x0, 0x0, 0x5, 0xef, 0xff, 0xfd,
    0x9f, 0xff, 0x90, 0x0, 0x0, 0x0, 0x0, 0x0,
    0x0, 0x0, 0x0, 0x0, 0x9, 0xff, 0xf9, 0x9,
    0xf6, 0x0, 0x0, 0x0, 0x48, 0xcd, 0xff, 0xdc,
    0x84, 0x0, 0x0, 0x0, 0x6f, 0x90, 0x0, 0x10,
    0x0, 0x0, 0x6e, 0xff, 0xff, 0xff, 0xff, 0xff,
    0xe6, 0x0, 0x0, 0x1, 0x0, 0x0, 0x0, 0x0,
    0x3d, 0xff, 0xff, 0xff, 0xff, 0xff, 0xff, 0xff,
    0xd3, 0x0, 0x0, 0x0, 0x0, 0x0, 0x5, 0xff,
    0xff, 0xff, 0xfe, 0xcc, 0xef, 0xff, 0xff, 0xff,
    0x50, 0x0, 0x0, 0x0, 0x0, 0x8, 0xff, 0xff,
    0xc5, 0x10, 0x0, 0x1, 0x5c, 0xff, 0xff, 0x80,
    0x0, 0x0, 0x0, 0x0, 0x0, 0xaf, 0xe4, 0x0,
    0x0, 0x0, 0x0, 0x0, 0x4e, 0xfa, 0x0, 0x0,
    0x0, 0x0, 0x0, 0x0, 0x6, 0x10, 0x0, 0x0,
    0x0, 0x0, 0x0, 0x1, 0x60, 0x0, 0x0, 0x0,
    0x0, 0x0, 0x0, 0x0, 0x0, 0x0, 0x0, 0x22,
    0x0, 0x0, 0x0, 0x0, 0x0, 0x0, 0x0, 0x0,
    0x0, 0x0, 0x0, 0x0, 0x0, 0x1d, 0xff, 0xc1,
    0x0, 0x0, 0x0, 0x0, 0x0, 0x0, 0x0, 0x0,
    0x0, 0x0, 0x0, 0x0, 0xbf, 0xff, 0xfb, 0x0,
    0x0, 0x0, 0x0, 0x0, 0x0, 0x0, 0x0, 0x0,
    0x0, 0x0, 0x0, 0xff, 0xff, 0xff, 0x0, 0x0,
    0x0, 0x0, 0x0, 0x0, 0x0, 0x0, 0x0, 0x0,
    0x0, 0x0, 0xdf, 0xff, 0xfd, 0x0, 0x0, 0x0,
    0x0, 0x0, 0x0, 0x0, 0x0, 0x0, 0x0, 0x0,
    0x0, 0x5f, 0xff, 0xf5, 0x0, 0x0, 0x0, 0x0,
    0x0, 0x0, 0x0, 0x0, 0x0, 0x0, 0x0, 0x0,
    0x4, 0xaa, 0x40, 0x0, 0x0, 0x0, 0x0, 0x0,
    0x0,

    /* U+F240 "" */
    0x1, 0x44, 0x44, 0x44, 0x44, 0x44, 0x44, 0x44,
    0x44, 0x44, 0x44, 0x44, 0x44, 0x30, 0x0, 0x6f,
    0xff, 0xff, 0xff, 0xff, 0xff, 0xff, 0xff, 0xff,
    0xff, 0xff, 0xff, 0xff, 0xfd, 0x0, 0xef, 0xff,
    0xff, 0xff, 0xff, 0xff, 0xff, 0xff, 0xff, 0xff,
    0xff, 0xff, 0xff, 0xff, 0x60, 0xff, 0xfb, 0xbb,
    0xbb, 0xbb, 0xbb, 0xbb, 0xbb, 0xbb, 0xbb, 0xbb,
    0xbb, 0xbd, 0xff, 0xa1, 0xff, 0xf0, 0x0, 0x0,
    0x0, 0x0, 0x0, 0x0, 0x0, 0x0, 0x0, 0x0,
    0x8, 0xff, 0xfe, 0xff, 0xf0, 0x8f, 0xff, 0xff,
    0xff, 0xff, 0xff, 0xff, 0xff, 0xff, 0xff, 0x8,
    0xff, 0xff, 0xff, 0xf0, 0x8f, 0xff, 0xff, 0xff,
    0xff, 0xff, 0xff, 0xff, 0xff, 0xff, 0x5, 0xbf,
    0xff, 0xff, 0xf0, 0x8f, 0xff, 0xff, 0xff, 0xff,
    0xff, 0xff, 0xff, 0xff, 0xff, 0x0, 0xf, 0xff,
    0xff, 0xf0, 0x8f, 0xff, 0xff, 0xff, 0xff, 0xff,
    0xff, 0xff, 0xff, 0xff, 0x0, 0xf, 0xff, 0xff,
    0xf0, 0x8f, 0xff, 0xff, 0xff, 0xff, 0xff, 0xff,
    0xff, 0xff, 0xff, 0x2, 0x4f, 0xff, 0xff, 0xf0,
    0x8f, 0xff, 0xff, 0xff, 0xff, 0xff, 0xff, 0xff,
    0xff, 0xff, 0x8, 0xff, 0xff, 0xff, 0xf0, 0x0,
    0x0, 0x0, 0x0, 0x0, 0x0, 0x0, 0x0, 0x0,
    0x0, 0x8, 0xff, 0xff, 0xff, 0xf4, 0x44, 0x44,
    0x44, 0x44, 0x44, 0x44, 0x44, 0x44, 0x44, 0x44,
    0x4a, 0xff, 0xd7, 0xff, 0xff, 0xff, 0xff, 0xff,
    0xff, 0xff, 0xff, 0xff, 0xff, 0xff, 0xff, 0xff,
    0xff, 0x70, 0xbf, 0xff, 0xff, 0xff, 0xff, 0xff,
    0xff, 0xff, 0xff, 0xff, 0xff, 0xff, 0xff, 0xff,
    0x30, 0x18, 0xbb, 0xbb, 0xbb, 0xbb, 0xbb, 0xbb,
    0xbb, 0xbb, 0xbb, 0xbb, 0xbb, 0xbb, 0xa4, 0x0,

    /* U+F241 "" */
    0x1, 0x44, 0x44, 0x44, 0x44, 0x44, 0x44, 0x44,
    0x44, 0x44, 0x44, 0x44, 0x44, 0x30, 0x0, 0x6f,
    0xff, 0xff, 0xff, 0xff, 0xff, 0xff, 0xff, 0xff,
    0xff, 0xff, 0xff, 0xff, 0xfd, 0x0, 0xef, 0xff,
    0xff, 0xff, 0xff, 0xff, 0xff, 0xff, 0xff, 0xff,
    0xff, 0xff, 0xff, 0xff, 0x60, 0xff, 0xfb, 0xbb,
    0xbb, 0xbb, 0xbb, 0xbb, 0xbb, 0xbb, 0xbb, 0xbb,
    0xbb, 0xbd, 0xff, 0xa1, 0xff, 0xf0, 0x0, 0x0,
    0x0, 0x0, 0x0, 0x0, 0x0, 0x0, 0x0, 0x0,
    0x8, 0xff, 0xfe, 0xff, 0xf0, 0xbf, 0xff, 0xff,
    0xff, 0xff, 0xff, 0xff, 0xf4, 0x0, 0x0, 0x8,
    0xff, 0xff, 0xff, 0xf0, 0xbf, 0xff, 0xff, 0xff,
    0xff, 0xff, 0xff, 0xf4, 0x0, 0x0, 0x5, 0xbf,
    0xff, 0xff, 0xf0, 0xbf, 0xff, 0xff, 0xff, 0xff,
    0xff, 0xff, 0xf4, 0x0, 0x0, 0x0, 0xf, 0xff,
    0xff, 0xf0, 0xbf, 0xff, 0xff, 0xff, 0xff, 0xff,
    0xff, 0xf4, 0x0, 0x0, 0x0, 0xf, 0xff, 0xff,
    0xf0, 0xbf, 0xff, 0xff, 0xff, 0xff, 0xff, 0xff,
    0xf4, 0x0, 0x0, 0x2, 0x4f, 0xff, 0xff, 0xf0,
    0xbf, 0xff, 0xff, 0xff, 0xff, 0xff, 0xff, 0xf4,
    0x0, 0x0, 0x8, 0xff, 0xff, 0xff, 0xf0, 0x0,
    0x0, 0x0, 0x0, 0x0, 0x0, 0x0, 0x0, 0x0,
    0x0, 0x8, 0xff, 0xff, 0xff, 0xf4, 0x44, 0x44,
    0x44, 0x44, 0x44, 0x44, 0x44, 0x44, 0x44, 0x44,
    0x4a, 0xff, 0xd7, 0xff, 0xff, 0xff, 0xff, 0xff,
    0xff, 0xff, 0xff, 0xff, 0xff, 0xff, 0xff, 0xff,
    0xff, 0x70, 0xbf, 0xff, 0xff, 0xff, 0xff, 0xff,
    0xff, 0xff, 0xff, 0xff, 0xff, 0xff, 0xff, 0xff,
    0x30, 0x18, 0xbb, 0xbb, 0xbb, 0xbb, 0xbb, 0xbb,
    0xbb, 0xbb, 0xbb, 0xbb, 0xbb, 0xbb, 0xa4, 0x0,

    /* U+F242 "" */
    0x1, 0x44, 0x44, 0x44, 0x44, 0x44, 0x44, 0x44,
    0x44, 0x44, 0x44, 0x44, 0x44, 0x30, 0x0, 0x6f,
    0xff, 0xff, 0xff, 0xff, 0xff, 0xff, 0xff, 0xff,
    0xff, 0xff, 0xff, 0xff, 0xfd, 0x0, 0xef, 0xff,
    0xff, 0xff, 0xff, 0xff, 0xff, 0xff, 0xff, 0xff,
    0xff, 0xff, 0xff, 0xff, 0x60, 0xff, 0xfb, 0xbb,
    0xbb, 0xbb, 0xbb, 0xbb, 0xbb, 0xbb, 0xbb, 0xbb,
    0xbb, 0xbd, 0xff, 0xa1, 0xff, 0xf0, 0x0, 0x0,
    0x0, 0x0, 0x0, 0x0, 0x0, 0x0, 0x0, 0x0,
    0x8, 0xff, 0xfe, 0xff, 0xf0, 0x8f, 0xff, 0xff,
    0xff, 0xff, 0xf0, 0x0, 0x0, 0x0, 0x0, 0x8,
    0xff, 0xff, 0xff, 0xf0, 0x8f, 0xff, 0xff, 0xff,
    0xff, 0xf0, 0x0, 0x0, 0x0, 0x0, 0x5, 0xbf,
    0xff, 0xff, 0xf0, 0x8f, 0xff, 0xff, 0xff, 0xff,
    0xf0, 0x0, 0x0, 0x0, 0x0, 0x0, 0xf, 0xff,
    0xff, 0xf0, 0x8f, 0xff, 0xff, 0xff, 0xff, 0xf0,
    0x0, 0x0, 0x0, 0x0, 0x0, 0xf, 0xff, 0xff,
    0xf0, 0x8f, 0xff, 0xff, 0xff, 0xff, 0xf0, 0x0,
    0x0, 0x0, 0x0, 0x2, 0x4f, 0xff, 0xff, 0xf0,
    0x8f, 0xff, 0xff, 0xff, 0xff, 0xf0, 0x0, 0x0,
    0x0, 0x0, 0x8, 0xff, 0xff, 0xff, 0xf0, 0x0,
    0x0, 0x0, 0x0, 0x0, 0x0, 0x0, 0x0, 0x0,
    0x0, 0x8, 0xff, 0xff, 0xff, 0xf4, 0x44, 0x44,
    0x44, 0x44, 0x44, 0x44, 0x44, 0x44, 0x44, 0x44,
    0x4a, 0xff, 0xd7, 0xff, 0xff, 0xff, 0xff, 0xff,
    0xff, 0xff, 0xff, 0xff, 0xff, 0xff, 0xff, 0xff,
    0xff, 0x70, 0xbf, 0xff, 0xff, 0xff, 0xff, 0xff,
    0xff, 0xff, 0xff, 0xff, 0xff, 0xff, 0xff, 0xff,
    0x30, 0x18, 0xbb, 0xbb, 0xbb, 0xbb, 0xbb, 0xbb,
    0xbb, 0xbb, 0xbb, 0xbb, 0xbb, 0xbb, 0xa4, 0x0,

    /* U+F243 "" */
    0x1, 0x44, 0x44, 0x44, 0x44, 0x44, 0x44, 0x44,
    0x44, 0x44, 0x44, 0x44, 0x44, 0x30, 0x0, 0x6f,
    0xff, 0xff, 0xff, 0xff, 0xff, 0xff, 0xff, 0xff,
    0xff, 0xff, 0xff, 0xff, 0xfd, 0x0, 0xef, 0xff,
    0xff, 0xff, 0xff, 0xff, 0xff, 0xff, 0xff, 0xff,
    0xff, 0xff, 0xff, 0xff, 0x60, 0xff, 0xfb, 0xbb,
    0xbb, 0xbb, 0xbb, 0xbb, 0xbb, 0xbb, 0xbb, 0xbb,
    0xbb, 0xbd, 0xff, 0xa1, 0xff, 0xf0, 0x0, 0x0,
    0x0, 0x0, 0x0, 0x0, 0x0, 0x0, 0x0, 0x0,
    0x8, 0xff, 0xfe, 0xff, 0xf0, 0xbf, 0xff, 0xff,
    0x40, 0x0, 0x0, 0x0, 0x0, 0x0, 0x0, 0x8,
    0xff, 0xff, 0xff, 0xf0, 0xbf, 0xff, 0xff, 0x40,
    0x0, 0x0, 0x0, 0x0, 0x0, 0x0, 0x5, 0xbf,
    0xff, 0xff, 0xf0, 0xbf, 0xff, 0xff, 0x40, 0x0,
    0x0, 0x0, 0x0, 0x0, 0x0, 0x0, 0xf, 0xff,
    0xff, 0xf0, 0xbf, 0xff, 0xff, 0x40, 0x0, 0x0,
    0x0, 0x0, 0x0, 0x0, 0x0, 0xf, 0xff, 0xff,
    0xf0, 0xbf, 0xff, 0xff, 0x40, 0x0, 0x0, 0x0,
    0x0, 0x0, 0x0, 0x2, 0x4f, 0xff, 0xff, 0xf0,
    0xbf, 0xff, 0xff, 0x40, 0x0, 0x0, 0x0, 0x0,
    0x0, 0x0, 0x8, 0xff, 0xff, 0xff, 0xf0, 0x0,
    0x0, 0x0, 0x0, 0x0, 0x0, 0x0, 0x0, 0x0,
    0x0, 0x8, 0xff, 0xff, 0xff, 0xf4, 0x44, 0x44,
    0x44, 0x44, 0x44, 0x44, 0x44, 0x44, 0x44, 0x44,
    0x4a, 0xff, 0xd7, 0xff, 0xff, 0xff, 0xff, 0xff,
    0xff, 0xff, 0xff, 0xff, 0xff, 0xff, 0xff, 0xff,
    0xff, 0x70, 0xbf, 0xff, 0xff, 0xff, 0xff, 0xff,
    0xff, 0xff, 0xff, 0xff, 0xff, 0xff, 0xff, 0xff,
    0x30, 0x18, 0xbb, 0xbb, 0xbb, 0xbb, 0xbb, 0xbb,
    0xbb, 0xbb, 0xbb, 0xbb, 0xbb, 0xbb, 0xa4, 0x0,

    /* U+F244 "" */
    0x1, 0x44, 0x44, 0x44, 0x44, 0x44, 0x44, 0x44,
    0x44, 0x44, 0x44, 0x44, 0x44, 0x30, 0x0, 0x6f,
    0xff, 0xff, 0xff, 0xff, 0xff, 0xff, 0xff, 0xff,
    0xff, 0xff, 0xff, 0xff, 0xfd, 0x0, 0xef, 0xff,
    0xff, 0xff, 0xff, 0xff, 0xff, 0xff, 0xff, 0xff,
    0xff, 0xff, 0xff, 0xff, 0x60, 0xff, 0xfb, 0xbb,
    0xbb, 0xbb, 0xbb, 0xbb, 0xbb, 0xbb, 0xbb, 0xbb,
    0xbb, 0xbd, 0xff, 0xa1, 0xff, 0xf0, 0x0, 0x0,
    0x0, 0x0, 0x0, 0x0, 0x0, 0x0, 0x0, 0x0,
    0x8, 0xff, 0xfe, 0xff, 0xf0, 0x0, 0x0, 0x0,
    0x0, 0x0, 0x0, 0x0, 0x0, 0x0, 0x0, 0x8,
    0xff, 0xff, 0xff, 0xf0, 0x0, 0x0, 0x0, 0x0,
    0x0, 0x0, 0x0, 0x0, 0x0, 0x0, 0x5, 0xbf,
    0xff, 0xff, 0xf0, 0x0, 0x0, 0x0, 0x0, 0x0,
    0x0, 0x0, 0x0, 0x0, 0x0, 0x0, 0xf, 0xff,
    0xff, 0xf0, 0x0, 0x0, 0x0, 0x0, 0x0, 0x0,
    0x0, 0x0, 0x0, 0x0, 0x0, 0xf, 0xff, 0xff,
    0xf0, 0x0, 0x0, 0x0, 0x0, 0x0, 0x0, 0x0,
    0x0, 0x0, 0x0, 0x2, 0x4f, 0xff, 0xff, 0xf0,
    0x0, 0x0, 0x0, 0x0, 0x0, 0x0, 0x0, 0x0,
    0x0, 0x0, 0x8, 0xff, 0xff, 0xff, 0xf0, 0x0,
    0x0, 0x0, 0x0, 0x0, 0x0, 0x0, 0x0, 0x0,
    0x0, 0x8, 0xff, 0xff, 0xff, 0xf4, 0x44, 0x44,
    0x44, 0x44, 0x44, 0x44, 0x44, 0x44, 0x44, 0x44,
    0x4a, 0xff, 0xd7, 0xff, 0xff, 0xff, 0xff, 0xff,
    0xff, 0xff, 0xff, 0xff, 0xff, 0xff, 0xff, 0xff,
    0xff, 0x70, 0xbf, 0xff, 0xff, 0xff, 0xff, 0xff,
    0xff, 0xff, 0xff, 0xff, 0xff, 0xff, 0xff, 0xff,
    0x30, 0x18, 0xbb, 0xbb, 0xbb, 0xbb, 0xbb, 0xbb,
    0xbb, 0xbb, 0xbb, 0xbb, 0xbb, 0xbb, 0xa4, 0x0,

    /* U+F287 "" */
    0x0, 0x0, 0x0, 0x0, 0x0, 0x0, 0x0, 0x0,
    0x1, 0x0, 0x0, 0x0, 0x0, 0x0, 0x0, 0x0,
    0x0, 0x0, 0x0, 0x0, 0x0, 0x0, 0x0, 0x2d,
    0xfe, 0x30, 0x0, 0x0, 0x0, 0x0, 0x0, 0x0,
    0x0, 0x0, 0x0, 0x0, 0x0, 0x27, 0x7d, 0xff,
    0xfd, 0x0, 0x0, 0x0, 0x0, 0x0, 0x0, 0x0,
    0x0, 0x0, 0x0, 0x0, 0x4f, 0xff, 0xff, 0xff,
    0xf0, 0x0, 0x0, 0x0, 0x0, 0x0, 0x0, 0x0,
    0x0, 0x0, 0x0, 0xe, 0xf5, 0x3a, 0xff, 0xfb,
    0x0, 0x0, 0x0, 0x0, 0x0, 0x0, 0x0, 0x0,
    0x0, 0x0, 0x7, 0xf6, 0x0, 0x9, 0xda, 0x0,
    0x0, 0x0, 0x0, 0x0, 0x0, 0x0, 0x2, 0x0,
    0x0, 0x0, 0xed, 0x0, 0x0, 0x0, 0x0, 0x0,
    0x0, 0x0, 0x0, 0x0, 0x0, 0x9f, 0xfe, 0x50,
    0x0, 0x6f, 0x60, 0x0, 0x0, 0x0, 0x0, 0x0,
    0x0, 0xa4, 0x0, 0x0, 0x8f, 0xff, 0xff, 0x30,
    0x1e, 0xe0, 0x0, 0x0, 0x0, 0x0, 0x0, 0x0,
    0xf, 0xfa, 0x10, 0xe, 0xff, 0xff, 0xfd, 0xbe,
    0xfe, 0xbb, 0xbb, 0xbb, 0xbb, 0xbb, 0xbb, 0xbb,
    0xff, 0xff, 0x60, 0xef, 0xff, 0xff, 0xff, 0xff,
    0xff, 0xff, 0xff, 0xff, 0xff, 0xff, 0xff, 0xff,
    0xff, 0xfb, 0xa, 0xff, 0xff, 0xf5, 0x0, 0x0,
    0x1c, 0xf3, 0x0, 0x0, 0x0, 0x0, 0x0, 0xff,
    0xd4, 0x0, 0x1c, 0xff, 0xf9, 0x0, 0x0, 0x0,
    0x2f, 0xa0, 0x0, 0x0, 0x0, 0x0, 0xe, 0x70,
    0x0, 0x0, 0x4, 0x63, 0x0, 0x0, 0x0, 0x0,
    0xbf, 0x20, 0x0, 0x0, 0x0, 0x0, 0x0, 0x0,
    0x0, 0x0, 0x0, 0x0, 0x0, 0x0, 0x0, 0x3,
    0xfb, 0x0, 0x8f, 0xff, 0xf5, 0x0, 0x0, 0x0,
    0x0, 0x0, 0x0, 0x0, 0x0, 0x0, 0x0, 0xa,
    0xf8, 0x4b, 0xff, 0xff, 0x60, 0x0, 0x0, 0x0,
    0x0, 0x0, 0x0, 0x0, 0x0, 0x0, 0x0, 0xb,
    0xff, 0xff, 0xff, 0xf6, 0x0, 0x0, 0x0, 0x0,
    0x0, 0x0, 0x0, 0x0, 0x0, 0x0, 0x0, 0x3,
    0x5c, 0xff, 0xff, 0x60, 0x0, 0x0, 0x0, 0x0,
    0x0, 0x0, 0x0, 0x0, 0x0, 0x0, 0x0, 0x0,
    0x9f, 0xff, 0xf5, 0x0, 0x0, 0x0, 0x0, 0x0,
    0x0, 0x0, 0x0, 0x0, 0x0, 0x0, 0x0, 0x0,
    0x11, 0x10, 0x0, 0x0, 0x0, 0x0,

    /* U+F293 "" */
    0x0, 0x0, 0x2, 0x8c, 0xef, 0xfe, 0xa6, 0x0,
    0x0, 0x0, 0x0, 0x9, 0xff, 0xff, 0xff, 0xff,
    0xfe, 0x30, 0x0, 0x0, 0xc, 0xff, 0xff, 0xf4,
    0xff, 0xff, 0xff, 0x40, 0x0, 0xa, 0xff, 0xff,
    0xff, 0x5, 0xff, 0xff, 0xfe, 0x10, 0x2, 0xff,
    0xff, 0xff, 0xf0, 0x5, 0xff, 0xff, 0xf8, 0x0,
    0x9f, 0xff, 0xff, 0xff, 0x0, 0x6, 0xff, 0xff,
    0xe0, 0xe, 0xff, 0xfc, 0xff, 0xf0, 0x16, 0x7,
    0xff, 0xff, 0x21, 0xff, 0xf8, 0x9, 0xff, 0x1,
    0xf6, 0x7, 0xff, 0xf5, 0x4f, 0xff, 0xd1, 0x9,
    0xf0, 0x1f, 0x70, 0x6f, 0xff, 0x86, 0xff, 0xff,
    0xd1, 0x7, 0x1, 0x70, 0x5f, 0xff, 0xf9, 0x7f,
    0xff, 0xff, 0xd1, 0x0, 0x0, 0x3f, 0xff, 0xff,
    0xa7, 0xff, 0xff, 0xff, 0xc1, 0x0, 0x2e, 0xff,
    0xff, 0xfb, 0x7f, 0xff, 0xff, 0xff, 0x30, 0x5,
    0xff, 0xff, 0xff, 0xb7, 0xff, 0xff, 0xff, 0x40,
    0x0, 0x6, 0xff, 0xff, 0xfa, 0x6f, 0xff, 0xff,
    0x40, 0x30, 0x3, 0x7, 0xff, 0xff, 0xa4, 0xff,
    0xff, 0x40, 0x4e, 0x1, 0xe2, 0x8, 0xff, 0xf8,
    0x2f, 0xff, 0x70, 0x4f, 0xf0, 0x1f, 0x90, 0x2f,
    0xff, 0x60, 0xef, 0xff, 0x7f, 0xff, 0x1, 0xb0,
    0x2e, 0xff, 0xf3, 0xa, 0xff, 0xff, 0xff, 0xf0,
    0x0, 0x2e, 0xff, 0xff, 0x0, 0x4f, 0xff, 0xff,
    0xff, 0x0, 0x2e, 0xff, 0xff, 0x90, 0x0, 0xbf,
    0xff, 0xff, 0xf0, 0x2e, 0xff, 0xff, 0xf2, 0x0,
    0x1, 0xdf, 0xff, 0xff, 0x3e, 0xff, 0xff, 0xf7,
    0x0, 0x0, 0x0, 0xaf, 0xff, 0xff, 0xff, 0xff,
    0xf7, 0x0, 0x0, 0x0, 0x0, 0x28, 0xce, 0xff,
    0xec, 0x82, 0x0, 0x0,

    /* U+F2ED "" */
    0x0, 0x0, 0x0, 0x1a, 0xcc, 0xcc, 0xca, 0x10,
    0x0, 0x0, 0x2, 0x44, 0x44, 0x49, 0xff, 0xff,
    0xff, 0xf9, 0x44, 0x44, 0x42, 0xff, 0xff, 0xff,
    0xff, 0xff, 0xff, 0xff, 0xff, 0xff, 0xff, 0xff,
    0xff, 0xff, 0xff, 0xff, 0xff, 0xff, 0xff, 0xff,
    0xff, 0xff, 0x9b, 0xbb, 0xbb, 0xbb, 0xbb, 0xbb,
    0xbb, 0xbb, 0xbb, 0xbb, 0x80, 0x0, 0x0, 0x0,
    0x0, 0x0, 0x0, 0x0, 0x0, 0x0, 0x0, 0x8,
    0xff, 0xff, 0xff, 0xff, 0xff, 0xff, 0xff, 0xff,
    0xf8, 0x0, 0x8f, 0xff, 0xff, 0xff, 0xff, 0xff,
    0xff, 0xff, 0xff, 0x80, 0x8, 0xff, 0xff, 0xff,
    0xff, 0xff, 0xff, 0xff, 0xff, 0xf8, 0x0, 0x8f,
    0xff, 0x66, 0xff, 0xd1, 0xdf, 0xf6, 0x6f, 0xff,
    0x80, 0x8, 0xff, 0xf4, 0x4f, 0xfc, 0xc, 0xff,
    0x44, 0xff, 0xf8, 0x0, 0x8f, 0xff, 0x44, 0xff,
    0xc0, 0xcf, 0xf4, 0x4f, 0xff, 0x80, 0x8, 0xff,
    0xf4, 0x4f, 0xfc, 0xc, 0xff, 0x44, 0xff, 0xf8,
    0x0, 0x8f, 0xff, 0x44, 0xff, 0xc0, 0xcf, 0xf4,
    0x4f, 0xff, 0x80, 0x8, 0xff, 0xf4, 0x4f, 0xfc,
    0xc, 0xff, 0x44, 0xff, 0xf8, 0x0, 0x8f, 0xff,
    0x44, 0xff, 0xc0, 0xcf, 0xf4, 0x4f, 0xff, 0x80,
    0x8, 0xff, 0xf4, 0x4f, 0xfc, 0xc, 0xff, 0x44,
    0xff, 0xf8, 0x0, 0x8f, 0xff, 0x44, 0xff, 0xc0,
    0xcf, 0xf4, 0x4f, 0xff, 0x80, 0x8, 0xff, 0xf4,
    0x4f, 0xfc, 0xc, 0xff, 0x44, 0xff, 0xf8, 0x0,
    0x8f, 0xff, 0x44, 0xff, 0xc0, 0xcf, 0xf4, 0x4f,
    0xff, 0x80, 0x8, 0xff, 0xf6, 0x6f, 0xfd, 0x1d,
    0xff, 0x66, 0xff, 0xf8, 0x0, 0x7f, 0xff, 0xff,
    0xff, 0xff, 0xff, 0xff, 0xff, 0xff, 0x70, 0x5,
    0xff, 0xff, 0xff, 0xff, 0xff, 0xff, 0xff, 0xff,
    0xf5, 0x0, 0x9, 0xff, 0xff, 0xff, 0xff, 0xff,
    0xff, 0xff, 0xf9, 0x0,

    /* U+F304 "" */
    0x0, 0x0, 0x0, 0x0, 0x0, 0x0, 0x0, 0x0,
    0x0, 0x6e, 0xe5, 0x0, 0x0, 0x0, 0x0, 0x0,
    0x0, 0x0, 0x0, 0x0, 0x0, 0x7f, 0xff, 0xf6,
    0x0, 0x0, 0x0, 0x0, 0x0, 0x0, 0x0, 0x0,
    0x0, 0x7f, 0xff, 0xff, 0xf6, 0x0, 0x0, 0x0,
    0x0, 0x0, 0x0, 0x0, 0x0, 0x1f, 0xff, 0xff,
    0xff, 0xf5, 0x0, 0x0, 0x0, 0x0, 0x0, 0x0,
    0x0, 0x50, 0x3f, 0xff, 0xff, 0xff, 0xe0, 0x0,
    0x0, 0x0, 0x0, 0x0, 0x0, 0x7f, 0xb0, 0x3f,
    0xff, 0xff, 0xfe, 0x0, 0x0, 0x0, 0x0, 0x0,
    0x0, 0x7f, 0xff, 0xb0, 0x3f, 0xff, 0xff, 0x60,
    0x0, 0x0, 0x0, 0x0, 0x0, 0x7f, 0xff, 0xff,
    0xb0, 0x3f, 0xff, 0x70, 0x0, 0x0, 0x0, 0x0,
    0x0, 0x7f, 0xff, 0xff, 0xff, 0xb0, 0x3f, 0x70,
    0x0, 0x0, 0x0, 0x0, 0x0, 0x7f, 0xff, 0xff,
    0xff, 0xff, 0xb0, 0x10, 0x0, 0x0, 0x0, 0x0,
    0x0, 0x7f, 0xff, 0xff, 0xff, 0xff, 0xff, 0x50,
    0x0, 0x0, 0x0, 0x0, 0x0, 0x7f, 0xff, 0xff,
    0xff, 0xff, 0xff, 0x70, 0x0, 0x0, 0x0, 0x0,
    0x0, 0x7f, 0xff, 0xff, 0xff, 0xff, 0xff, 0x70,
    0x0, 0x0, 0x0, 0x0, 0x0, 0x7f, 0xff, 0xff,
    0xff, 0xff, 0xff, 0x70, 0x0, 0x0, 0x0, 0x0,
    0x0, 0x7f, 0xff, 0xff, 0xff, 0xff, 0xff, 0x70,
    0x0, 0x0, 0x0, 0x0, 0x0, 0x7f, 0xff, 0xff,
    0xff, 0xff, 0xff, 0x70, 0x0, 0x0, 0x0, 0x0,
    0x0, 0x7f, 0xff, 0xff, 0xff, 0xff, 0xff, 0x70,
    0x0, 0x0, 0x0, 0x0, 0x0, 0x5f, 0xff, 0xff,
    0xff, 0xff, 0xff, 0x70, 0x0, 0x0, 0x0, 0x0,
    0x0, 0x8, 0xff, 0xff, 0xff, 0xff, 0xff, 0x70,
    0x0, 0x0, 0x0, 0x0, 0x0, 0x0, 0xaf, 0xff,
    0xff, 0xff, 0xff, 0x70, 0x0, 0x0, 0x0, 0x0,
    0x0, 0x0, 0xb, 0xff, 0xff, 0xff, 0xff, 0x70,
    0x0, 0x0, 0x0, 0x0, 0x0, 0x0, 0x0, 0xdf,
    0xff, 0xff, 0xff, 0x70, 0x0, 0x0, 0x0, 0x0,
    0x0, 0x0, 0x0, 0xf, 0xff, 0xff, 0xff, 0x70,
    0x0, 0x0, 0x0, 0x0, 0x0, 0x0, 0x0, 0x0,
    0xbf, 0xdb, 0xa8, 0x50, 0x0, 0x0, 0x0, 0x0,
    0x0, 0x0, 0x0, 0x0, 0x0, 0x0, 0x0, 0x0,
    0x0, 0x0, 0x0, 0x0, 0x0, 0x0, 0x0, 0x0,
    0x0,

    /* U+F55A "" */
    0x0, 0x0, 0x0, 0x2, 0xbf, 0xff, 0xff, 0xff,
    0xff, 0xff, 0xff, 0xff, 0xff, 0xfe, 0x80, 0x0,
    0x0, 0x0, 0x3e, 0xff, 0xff, 0xff, 0xff, 0xff,
    0xff, 0xff, 0xff, 0xff, 0xff, 0xf8, 0x0, 0x0,
    0x3, 0xef, 0xff, 0xff, 0xff, 0xff, 0xff, 0xff,
    0xff, 0xff, 0xff, 0xff, 0xfe, 0x0, 0x0, 0x3e,
    0xff, 0xff, 0xff, 0xff, 0xcf, 0xff, 0xff, 0xfc,
    0xff, 0xff, 0xff, 0xff, 0x0, 0x3, 0xef, 0xff,
    0xff, 0xff, 0xf7, 0x6, 0xff, 0xff, 0x60, 0x8f,
    0xff, 0xff, 0xff, 0x0, 0x3e, 0xff, 0xff, 0xff,
    0xff, 0xc0, 0x0, 0x6f, 0xf6, 0x0, 0xc, 0xff,
    0xff, 0xff, 0x3, 0xef, 0xff, 0xff, 0xff, 0xff,
    0xf6, 0x0, 0x6, 0x60, 0x0, 0x6f, 0xff, 0xff,
    0xff, 0x3f, 0xff, 0xff, 0xff, 0xff, 0xff, 0xff,
    0x60, 0x0, 0x0, 0x6, 0xff, 0xff, 0xff, 0xff,
    0xdf, 0xff, 0xff, 0xff, 0xff, 0xff, 0xff, 0xf6,
    0x0, 0x0, 0x6f, 0xff, 0xff, 0xff, 0xff, 0xdf,
    0xff, 0xff, 0xff, 0xff, 0xff, 0xff, 0xf6, 0x0,
    0x0, 0x6f, 0xff, 0xff, 0xff, 0xff, 0x3f, 0xff,
    0xff, 0xff, 0xff, 0xff, 0xff, 0x60, 0x0, 0x0,
    0x6, 0xff, 0xff, 0xff, 0xff, 0x3, 0xff, 0xff,
    0xff, 0xff, 0xff, 0xf6, 0x0, 0x6, 0x60, 0x0,
    0x6f, 0xff, 0xff, 0xff, 0x0, 0x3e, 0xff, 0xff,
    0xff, 0xff, 0xc0, 0x0, 0x6f, 0xf6, 0x0, 0xc,
    0xff, 0xff, 0xff, 0x0, 0x3, 0xef, 0xff, 0xff,
    0xff, 0xf8, 0x6, 0xff, 0xff, 0x60, 0x7f, 0xff,
    0xff, 0xff, 0x0, 0x0, 0x3e, 0xff, 0xff, 0xff,
    0xff, 0xcf, 0xff, 0xff, 0xfc, 0xff, 0xff, 0xff,
    0xff, 0x0, 0x0, 0x3, 0xef, 0xff, 0xff, 0xff,
    0xff, 0xff, 0xff, 0xff, 0xff, 0xff, 0xff, 0xfe,
    0x0, 0x0, 0x0, 0x3e, 0xff, 0xff, 0xff, 0xff,
    0xff, 0xff, 0xff, 0xff, 0xff, 0xff, 0xf8, 0x0,
    0x0, 0x0, 0x2, 0xbf, 0xff, 0xff, 0xff, 0xff,
    0xff, 0xff, 0xff, 0xff, 0xfe, 0x80,

    /* U+F7C2 "" */
    0x0, 0x0, 0x7, 0xff, 0xff, 0xff, 0xff, 0xfe,
    0x80, 0x0, 0x0, 0x7f, 0xff, 0xff, 0xff, 0xff,
    0xff, 0xf8, 0x0, 0x7, 0xff, 0xff, 0xff, 0xff,
    0xff, 0xff, 0xfe, 0x0, 0x7f, 0xf4, 0x8, 0xf0,
    0xe, 0x90, 0xf, 0xff, 0x7, 0xff, 0xf4, 0x8,
    0xf0, 0xe, 0x90, 0xf, 0xff, 0x7f, 0xff, 0xf4,
    0x8, 0xf0, 0xe, 0x90, 0xf, 0xff, 0xff, 0xff,
    0xf4, 0x8, 0xf0, 0xe, 0x90, 0xf, 0xff, 0xff,
    0xff, 0xfa, 0x8c, 0xf8, 0x8f, 0xc8, 0x8f, 0xff,
    0xff, 0xff, 0xff, 0xff, 0xff, 0xff, 0xff, 0xff,
    0xff, 0xff, 0xff, 0xff, 0xff, 0xff, 0xff, 0xff,
    0xff, 0xff, 0xff, 0xff, 0xff, 0xff, 0xff, 0xff,
    0xff, 0xff, 0xff, 0xff, 0xff, 0xff, 0xff, 0xff,
    0xff, 0xff, 0xff, 0xff, 0xff, 0xff, 0xff, 0xff,
    0xff, 0xff, 0xff, 0xff, 0xff, 0xff, 0xff, 0xff,
    0xff, 0xff, 0xff, 0xff, 0xff, 0xff, 0xff, 0xff,
    0xff, 0xff, 0xff, 0xff, 0xff, 0xff, 0xff, 0xff,
    0xff, 0xff, 0xff, 0xff, 0xff, 0xff, 0xff, 0xff,
    0xff, 0xff, 0xff, 0xff, 0xff, 0xff, 0xff, 0xff,
    0xff, 0xff, 0xff, 0xff, 0xff, 0xff, 0xff, 0xff,
    0xff, 0xff, 0xff, 0xff, 0xff, 0xff, 0xff, 0xff,
    0xff, 0xff, 0xff, 0xff, 0xff, 0xff, 0xff, 0xff,
    0xff, 0xff, 0xff, 0xff, 0xff, 0xff, 0xff, 0xff,
    0xff, 0xff, 0xff, 0xff, 0xff, 0xef, 0xff, 0xff,
    0xff, 0xff, 0xff, 0xff, 0xff, 0xfe, 0x8f, 0xff,
    0xff, 0xff, 0xff, 0xff, 0xff, 0xff, 0xf8, 0x8,
    0xef, 0xff, 0xff, 0xff, 0xff, 0xff, 0xfe, 0x80,

    /* U+F8A2 "" */
    0x0, 0x0, 0x0, 0x0, 0x0, 0x0, 0x0, 0x0,
    0x0, 0x0, 0x0, 0x2, 0x0, 0x0, 0x0, 0x0,
    0x0, 0x0, 0x0, 0x0, 0x0, 0x0, 0x0, 0x7,
    0xf1, 0x0, 0x0, 0x0, 0x0, 0x0, 0x0, 0x0,
    0x0, 0x0, 0x0, 0x7, 0xff, 0x10, 0x0, 0x0,
    0x3, 0x0, 0x0, 0x0, 0x0, 0x0, 0x0, 0x6,
    0xff, 0xf1, 0x0, 0x0, 0x1c, 0xf7, 0x0, 0x0,
    0x0, 0x0, 0x0, 0x0, 0xaf, 0xff, 0x10, 0x0,
    0x1d, 0xff, 0x90, 0x0, 0x0, 0x0, 0x0, 0x0,
    0xa, 0xff, 0xf1, 0x0, 0x2d, 0xff, 0xf9, 0x0,
    0x0, 0x0, 0x0, 0x0, 0x0, 0xaf, 0xff, 0x10,
    0x2e, 0xff, 0xff, 0xa2, 0x22, 0x22, 0x22, 0x22,
    0x22, 0x2b, 0xff, 0xf1, 0x3e, 0xff, 0xff, 0xff,
    0xff, 0xff, 0xff, 0xff, 0xff, 0xff, 0xff, 0xff,
    0x1d, 0xff, 0xff, 0xff, 0xff, 0xff, 0xff, 0xff,
    0xff, 0xff, 0xff, 0xff, 0xf1, 0x8f, 0xff, 0xff,
    0xff, 0xff, 0xff, 0xff, 0xff, 0xff, 0xff, 0xff,
    0xff, 0x0, 0x8f, 0xff, 0xff, 0xd9, 0x99, 0x99,
    0x99, 0x99, 0x99, 0x99, 0x99, 0x60, 0x0, 0x7f,
    0xff, 0xf9, 0x0, 0x0, 0x0, 0x0, 0x0, 0x0,
    0x0, 0x0, 0x0, 0x0, 0x6f, 0xff, 0x90, 0x0,
    0x0, 0x0, 0x0, 0x0, 0x0, 0x0, 0x0, 0x0,
    0x0, 0x5f, 0xf8, 0x0, 0x0, 0x0, 0x0, 0x0,
    0x0, 0x0, 0x0, 0x0, 0x0, 0x0, 0x4a, 0x20,
    0x0, 0x0, 0x0, 0x0, 0x0, 0x0, 0x0, 0x0
};


/*---------------------
 *  GLYPH DESCRIPTION
 *--------------------*/

static const lv_font_fmt_txt_glyph_dsc_t glyph_dsc[] = {
    {.bitmap_index = 0, .adv_w = 0, .box_w = 0, .box_h = 0, .ofs_x = 0, .ofs_y = 0} /* id = 0 reserved */,
    {.bitmap_index = 0, .adv_w = 115, .box_w = 0, .box_h = 0, .ofs_x = 0, .ofs_y = 0},
    {.bitmap_index = 0, .adv_w = 100, .box_w = 6, .box_h = 18, .ofs_x = 0, .ofs_y = -2},
    {.bitmap_index = 54, .adv_w = 138, .box_w = 8, .box_h = 10, .ofs_x = 0, .ofs_y = 8},
    {.bitmap_index = 94, .adv_w = 305, .box_w = 19, .box_h = 19, .ofs_x = 0, .ofs_y = -3},
    {.bitmap_index = 275, .adv_w = 262, .box_w = 16, .box_h = 19, .ofs_x = 0, .ofs_y = -2},
    {.bitmap_index = 427, .adv_w = 267, .box_w = 16, .box_h = 20, .ofs_x = 0, .ofs_y = -3},
    {.bitmap_index = 587, .adv_w = 269, .box_w = 16, .box_h = 18, .ofs_x = 0, .ofs_y = -2},
    {.bitmap_index = 731, .adv_w = 85, .box_w = 5, .box_h = 9, .ofs_x = 0, .ofs_y = 9},
    {.bitmap_index = 754, .adv_w = 215, .box_w = 11, .box_h = 23, .ofs_x = 1, .ofs_y = -4},
    {.bitmap_index = 881, .adv_w = 222, .box_w = 12, .box_h = 22, .ofs_x = 1, .ofs_y = -4},
    {.bitmap_index = 1013, .adv_w = 180, .box_w = 11, .box_h = 11, .ofs_x = 0, .ofs_y = 8},
    {.bitmap_index = 1074, .adv_w = 248, .box_w = 15, .box_h = 16, .ofs_x = 0, .ofs_y = -1},
    {.bitmap_index = 1194, .adv_w = 122, .box_w = 7, .box_h = 6, .ofs_x = 0, .ofs_y = -5},
    {.bitmap_index = 1215, .adv_w = 226, .box_w = 14, .box_h = 4, .ofs_x = 0, .ofs_y = 5},
    {.bitmap_index = 1243, .adv_w = 106, .box_w = 6, .box_h = 4, .ofs_x = 0, .ofs_y = -2},
    {.bitmap_index = 1255, .adv_w = 112, .box_w = 7, .box_h = 22, .ofs_x = 0, .ofs_y = -4},
    {.bitmap_index = 1332, .adv_w = 199, .box_w = 12, .box_h = 19, .ofs_x = 0, .ofs_y = -2},
    {.bitmap_index = 1446, .adv_w = 224, .box_w = 6, .box_h = 19, .ofs_x = 4, .ofs_y = -3},
    {.bitmap_index = 1503, .adv_w = 230, .box_w = 14, .box_h = 18, .ofs_x = 0, .ofs_y = -2},
    {.bitmap_index = 1629, .adv_w = 197, .box_w = 12, .box_h = 18, .ofs_x = 0, .ofs_y = -2},
    {.bitmap_index = 1737, .adv_w = 234, .box_w = 14, .box_h = 20, .ofs_x = 0, .ofs_y = -3},
    {.bitmap_index = 1877, .adv_w = 212, .box_w = 13, .box_h = 20, .ofs_x = 0, .ofs_y = -3},
    {.bitmap_index = 2007, .adv_w = 194, .box_w = 12, .box_h = 19, .ofs_x = 0, .ofs_y = -2},
    {.bitmap_index = 2121, .adv_w = 203, .box_w = 12, .box_h = 18, .ofs_x = 0, .ofs_y = -2},
    {.bitmap_index = 2229, .adv_w = 199, .box_w = 12, .box_h = 18, .ofs_x = 0, .ofs_y = -2},
    {.bitmap_index = 2337, .adv_w = 192, .box_w = 12, .box_h = 19, .ofs_x = 0, .ofs_y = -3},
    {.bitmap_index = 2451, .adv_w = 102, .box_w = 6, .box_h = 13, .ofs_x = 0, .ofs_y = -2},
    {.bitmap_index = 2490, .adv_w = 122, .box_w = 7, .box_h = 16, .ofs_x = 0, .ofs_y = -5},
    {.bitmap_index = 2546, .adv_w = 237, .box_w = 14, .box_h = 15, .ofs_x = 0, .ofs_y = 0},
    {.bitmap_index = 2651, .adv_w = 228, .box_w = 14, .box_h = 10, .ofs_x = 0, .ofs_y = 2},
    {.bitmap_index = 2721, .adv_w = 223, .box_w = 13, .box_h = 14, .ofs_x = 0, .ofs_y = 0},
    {.bitmap_index = 2812, .adv_w = 195, .box_w = 12, .box_h = 19, .ofs_x = 0, .ofs_y = -3},
    {.bitmap_index = 2926, .adv_w = 299, .box_w = 18, .box_h = 18, .ofs_x = 0, .ofs_y = -2},
    {.bitmap_index = 3088, .adv_w = 253, .box_w = 15, .box_h = 18, .ofs_x = 0, .ofs_y = -2},
    {.bitmap_index = 3223, .adv_w = 254, .box_w = 15, .box_h = 19, .ofs_x = 0, .ofs_y = -3},
    {.bitmap_index = 3366, .adv_w = 236, .box_w = 14, .box_h = 18, .ofs_x = 0, .ofs_y = -2},
    {.bitmap_index = 3492, .adv_w = 265, .box_w = 16, .box_h = 19, .ofs_x = 0, .ofs_y = -3},
    {.bitmap_index = 3644, .adv_w = 288, .box_w = 18, .box_h = 19, .ofs_x = 0, .ofs_y = -2},
    {.bitmap_index = 3815, .adv_w = 229, .box_w = 14, .box_h = 19, .ofs_x = 0, .ofs_y = -3},
    {.bitmap_index = 3948, .adv_w = 260, .box_w = 16, .box_h = 19, .ofs_x = 0, .ofs_y = -3},
    {.bitmap_index = 4100, .adv_w = 231, .box_w = 14, .box_h = 18, .ofs_x = 0, .ofs_y = -2},
    {.bitmap_index = 4226, .adv_w = 212, .box_w = 13, .box_h = 20, .ofs_x = 0, .ofs_y = -3},
    {.bitmap_index = 4356, .adv_w = 238, .box_w = 14, .box_h = 19, .ofs_x = 0, .ofs_y = -2},
    {.bitmap_index = 4489, .adv_w = 259, .box_w = 16, .box_h = 19, .ofs_x = 0, .ofs_y = -3},
    {.bitmap_index = 4641, .adv_w = 225, .box_w = 14, .box_h = 20, .ofs_x = 0, .ofs_y = -3},
    {.bitmap_index = 4781, .adv_w = 345, .box_w = 21, .box_h = 19, .ofs_x = 0, .ofs_y = -2},
    {.bitmap_index = 4981, .adv_w = 253, .box_w = 15, .box_h = 19, .ofs_x = 0, .ofs_y = -2},
    {.bitmap_index = 5124, .adv_w = 256, .box_w = 16, .box_h = 19, .ofs_x = 0, .ofs_y = -3},
    {.bitmap_index = 5276, .adv_w = 242, .box_w = 15, .box_h = 18, .ofs_x = 0, .ofs_y = -2},
    {.bitmap_index = 5411, .adv_w = 300, .box_w = 18, .box_h = 18, .ofs_x = 0, .ofs_y = -2},
    {.bitmap_index = 5573, .adv_w = 301, .box_w = 18, .box_h = 18, .ofs_x = 0, .ofs_y = -2},
    {.bitmap_index = 5735, .adv_w = 248, .box_w = 15, .box_h = 18, .ofs_x = 0, .ofs_y = -2},
    {.bitmap_index = 5870, .adv_w = 270, .box_w = 16, .box_h = 19, .ofs_x = 0, .ofs_y = -3},
    {.bitmap_index = 6022, .adv_w = 224, .box_w = 14, .box_h = 19, .ofs_x = 0, .ofs_y = -2},
    {.bitmap_index = 6155, .adv_w = 266, .box_w = 16, .box_h = 18, .ofs_x = 0, .ofs_y = -2},
    {.bitmap_index = 6299, .adv_w = 316, .box_w = 19, .box_h = 18, .ofs_x = 0, .ofs_y = -2},
    {.bitmap_index = 6470, .adv_w = 254, .box_w = 15, .box_h = 19, .ofs_x = 0, .ofs_y = -2},
    {.bitmap_index = 6613, .adv_w = 252, .box_w = 15, .box_h = 19, .ofs_x = 0, .ofs_y = -3},
    {.bitmap_index = 6756, .adv_w = 273, .box_w = 17, .box_h = 18, .ofs_x = 0, .ofs_y = -2},
    {.bitmap_index = 6909, .adv_w = 244, .box_w = 13, .box_h = 22, .ofs_x = 1, .ofs_y = -4},
    {.bitmap_index = 7052, .adv_w = 112, .box_w = 7, .box_h = 22, .ofs_x = 0, .ofs_y = -4},
    {.bitmap_index = 7129, .adv_w = 238, .box_w = 13, .box_h = 22, .ofs_x = 1, .ofs_y = -4},
    {.bitmap_index = 7272, .adv_w = 220, .box_w = 13, .box_h = 8, .ofs_x = 0, .ofs_y = 10},
    {.bitmap_index = 7324, .adv_w = 239, .box_w = 14, .box_h = 4, .ofs_x = 0, .ofs_y = -4},
    {.bitmap_index = 7352, .adv_w = 230, .box_w = 6, .box_h = 7, .ofs_x = 4, .ofs_y = 10},
    {.bitmap_index = 7373, .adv_w = 214, .box_w = 13, .box_h = 12, .ofs_x = 0, .ofs_y = -2},
    {.bitmap_index = 7451, .adv_w = 190, .box_w = 12, .box_h = 19, .ofs_x = 0, .ofs_y = -3},
    {.bitmap_index = 7565, .adv_w = 180, .box_w = 11, .box_h = 12, .ofs_x = 0, .ofs_y = -2},
    {.bitmap_index = 7631, .adv_w = 196, .box_w = 12, .box_h = 20, .ofs_x = 0, .ofs_y = -3},
    {.bitmap_index = 7751, .adv_w = 216, .box_w = 13, .box_h = 12, .ofs_x = 0, .ofs_y = -2},
    {.bitmap_index = 7829, .adv_w = 173, .box_w = 10, .box_h = 18, .ofs_x = 0, .ofs_y = -2},
    {.bitmap_index = 7919, .adv_w = 190, .box_w = 12, .box_h = 21, .ofs_x = 0, .ofs_y = -11},
    {.bitmap_index = 8045, .adv_w = 189, .box_w = 11, .box_h = 18, .ofs_x = 0, .ofs_y = -2},
    {.bitmap_index = 8144, .adv_w = 106, .box_w = 6, .box_h = 19, .ofs_x = 0, .ofs_y = -2},
    {.bitmap_index = 8201, .adv_w = 123, .box_w = 9, .box_h = 28, .ofs_x = -2, .ofs_y = -11},
    {.bitmap_index = 8327, .adv_w = 222, .box_w = 14, .box_h = 20, .ofs_x = 0, .ofs_y = -3},
    {.bitmap_index = 8467, .adv_w = 105, .box_w = 6, .box_h = 18, .ofs_x = 0, .ofs_y = -2},
    {.bitmap_index = 8521, .adv_w = 251, .box_w = 15, .box_h = 13, .ofs_x = 0, .ofs_y = -2},
    {.bitmap_index = 8619, .adv_w = 205, .box_w = 12, .box_h = 13, .ofs_x = 0, .ofs_y = -3},
    {.bitmap_index = 8697, .adv_w = 185, .box_w = 11, .box_h = 13, .ofs_x = 0, .ofs_y = -2},
    {.bitmap_index = 8769, .adv_w = 211, .box_w = 13, .box_h = 21, .ofs_x = 0, .ofs_y = -11},
    {.bitmap_index = 8906, .adv_w = 189, .box_w = 11, .box_h = 22, .ofs_x = 0, .ofs_y = -12},
    {.bitmap_index = 9027, .adv_w = 193, .box_w = 12, .box_h = 13, .ofs_x = 0, .ofs_y = -3},
    {.bitmap_index = 9105, .adv_w = 195, .box_w = 12, .box_h = 13, .ofs_x = 0, .ofs_y = -3},
    {.bitmap_index = 9183, .adv_w = 200, .box_w = 12, .box_h = 19, .ofs_x = 0, .ofs_y = -2},
    {.bitmap_index = 9297, .adv_w = 188, .box_w = 11, .box_h = 14, .ofs_x = 0, .ofs_y = -3},
    {.bitmap_index = 9374, .adv_w = 208, .box_w = 13, .box_h = 14, .ofs_x = 0, .ofs_y = -3},
    {.bitmap_index = 9465, .adv_w = 254, .box_w = 16, .box_h = 13, .ofs_x = 0, .ofs_y = -3},
    {.bitmap_index = 9569, .adv_w = 204, .box_w = 12, .box_h = 13, .ofs_x = 0, .ofs_y = -2},
    {.bitmap_index = 9647, .adv_w = 222, .box_w = 14, .box_h = 21, .ofs_x = 0, .ofs_y = -11},
    {.bitmap_index = 9794, .adv_w = 231, .box_w = 14, .box_h = 13, .ofs_x = 0, .ofs_y = -3},
    {.bitmap_index = 9885, .adv_w = 168, .box_w = 9, .box_h = 22, .ofs_x = 1, .ofs_y = -5},
    {.bitmap_index = 9984, .adv_w = 96, .box_w = 6, .box_h = 22, .ofs_x = 0, .ofs_y = -4},
    {.bitmap_index = 10050, .adv_w = 183, .box_w = 10, .box_h = 22, .ofs_x = 1, .ofs_y = -4},
    {.bitmap_index = 10160, .adv_w = 320, .box_w = 20, .box_h = 8, .ofs_x = 0, .ofs_y = 3},
    {.bitmap_index = 10240, .adv_w = 384, .box_w = 19, .box_h = 22, .ofs_x = 3, .ofs_y = -4},
    {.bitmap_index = 10449, .adv_w = 384, .box_w = 22, .box_h = 25, .ofs_x = 1, .ofs_y = -5},
    {.bitmap_index = 10724, .adv_w = 384, .box_w = 23, .box_h = 22, .ofs_x = 2, .ofs_y = -5},
    {.bitmap_index = 10977, .adv_w = 384, .box_w = 24, .box_h = 23, .ofs_x = 0, .ofs_y = -4},
    {.bitmap_index = 11253, .adv_w = 384, .box_w = 23, .box_h = 25, .ofs_x = 1, .ofs_y = -5},
    {.bitmap_index = 11541, .adv_w = 384, .box_w = 24, .box_h = 24, .ofs_x = 0, .ofs_y = -5},
    {.bitmap_index = 11829, .adv_w = 384, .box_w = 17, .box_h = 21, .ofs_x = 4, .ofs_y = -3},
    {.bitmap_index = 12008, .adv_w = 384, .box_w = 22, .box_h = 24, .ofs_x = 1, .ofs_y = -4},
    {.bitmap_index = 12272, .adv_w = 384, .box_w = 25, .box_h = 22, .ofs_x = 1, .ofs_y = -4},
    {.bitmap_index = 12547, .adv_w = 384, .box_w = 21, .box_h = 22, .ofs_x = 1, .ofs_y = -4},
    {.bitmap_index = 12778, .adv_w = 384, .box_w = 21, .box_h = 22, .ofs_x = 3, .ofs_y = -4},
    {.bitmap_index = 13009, .adv_w = 384, .box_w = 25, .box_h = 22, .ofs_x = 1, .ofs_y = -4},
    {.bitmap_index = 13284, .adv_w = 384, .box_w = 22, .box_h = 22, .ofs_x = 1, .ofs_y = -4},
    {.bitmap_index = 13526, .adv_w = 384, .box_w = 24, .box_h = 22, .ofs_x = 0, .ofs_y = -5},
    {.bitmap_index = 13790, .adv_w = 384, .box_w = 23, .box_h = 22, .ofs_x = 1, .ofs_y = -4},
    {.bitmap_index = 14043, .adv_w = 384, .box_w = 24, .box_h = 22, .ofs_x = 1, .ofs_y = -4},
    {.bitmap_index = 14307, .adv_w = 384, .box_w = 24, .box_h = 25, .ofs_x = 0, .ofs_y = -3},
    {.bitmap_index = 14607, .adv_w = 384, .box_w = 24, .box_h = 18, .ofs_x = 0, .ofs_y = 0},
    {.bitmap_index = 14823, .adv_w = 384, .box_w = 24, .box_h = 22, .ofs_x = 0, .ofs_y = -2},
    {.bitmap_index = 15087, .adv_w = 384, .box_w = 24, .box_h = 18, .ofs_x = 0, .ofs_y = 0},
    {.bitmap_index = 15303, .adv_w = 264, .box_w = 17, .box_h = 18, .ofs_x = 0, .ofs_y = 0},
    {.bitmap_index = 15456, .adv_w = 384, .box_w = 24, .box_h = 24, .ofs_x = 0, .ofs_y = -3},
    {.bitmap_index = 15744, .adv_w = 384, .box_w = 24, .box_h = 24, .ofs_x = 0, .ofs_y = -3},
    {.bitmap_index = 16032, .adv_w = 432, .box_w = 27, .box_h = 22, .ofs_x = 0, .ofs_y = -2},
    {.bitmap_index = 16329, .adv_w = 384, .box_w = 24, .box_h = 24, .ofs_x = 0, .ofs_y = -3},
    {.bitmap_index = 16617, .adv_w = 432, .box_w = 27, .box_h = 18, .ofs_x = 0, .ofs_y = 0},
    {.bitmap_index = 16860, .adv_w = 384, .box_w = 24, .box_h = 26, .ofs_x = 0, .ofs_y = -4},
    {.bitmap_index = 17172, .adv_w = 192, .box_w = 12, .box_h = 19, .ofs_x = 0, .ofs_y = -1},
    {.bitmap_index = 17286, .adv_w = 288, .box_w = 18, .box_h = 19, .ofs_x = 0, .ofs_y = -1},
    {.bitmap_index = 17457, .adv_w = 432, .box_w = 27, .box_h = 24, .ofs_x = 0, .ofs_y = -3},
    {.bitmap_index = 17781, .adv_w = 384, .box_w = 24, .box_h = 18, .ofs_x = 0, .ofs_y = 0},
    {.bitmap_index = 17997, .adv_w = 264, .box_w = 17, .box_h = 24, .ofs_x = 0, .ofs_y = -3},
    {.bitmap_index = 18201, .adv_w = 336, .box_w = 15, .box_h = 22, .ofs_x = 3, .ofs_y = -2},
    {.bitmap_index = 18366, .adv_w = 336, .box_w = 21, .box_h = 26, .ofs_x = 0, .ofs_y = -4},
    {.bitmap_index = 18639, .adv_w = 336, .box_w = 21, .box_h = 22, .ofs_x = 0, .ofs_y = -2},
    {.bitmap_index = 18870, .adv_w = 336, .box_w = 21, .box_h = 22, .ofs_x = 0, .ofs_y = -2},
    {.bitmap_index = 19101, .adv_w = 336, .box_w = 15, .box_h = 22, .ofs_x = 3, .ofs_y = -2},
    {.bitmap_index = 19266, .adv_w = 336, .box_w = 23, .box_h = 22, .ofs_x = -1, .ofs_y = -2},
    {.bitmap_index = 19519, .adv_w = 240, .box_w = 13, .box_h = 22, .ofs_x = 1, .ofs_y = -2},
    {.bitmap_index = 19662, .adv_w = 240, .box_w = 13, .box_h = 22, .ofs_x = 1, .ofs_y = -2},
    {.bitmap_index = 19805, .adv_w = 336, .box_w = 21, .box_h = 22, .ofs_x = 0, .ofs_y = -2},
    {.bitmap_index = 20036, .adv_w = 336, .box_w = 21, .box_h = 6, .ofs_x = 0, .ofs_y = 6},
    {.bitmap_index = 20099, .adv_w = 432, .box_w = 27, .box_h = 18, .ofs_x = 0, .ofs_y = 0},
    {.bitmap_index = 20342, .adv_w = 480, .box_w = 31, .box_h = 24, .ofs_x = -1, .ofs_y = -3},
    {.bitmap_index = 20714, .adv_w = 432, .box_w = 29, .box_h = 24, .ofs_x = -1, .ofs_y = -3},
    {.bitmap_index = 21062, .adv_w = 384, .box_w = 24, .box_h = 22, .ofs_x = 0, .ofs_y = -2},
    {.bitmap_index = 21326, .adv_w = 336, .box_w = 21, .box_h = 14, .ofs_x = 0, .ofs_y = 2},
    {.bitmap_index = 21473, .adv_w = 336, .box_w = 21, .box_h = 14, .ofs_x = 0, .ofs_y = 2},
    {.bitmap_index = 21620, .adv_w = 480, .box_w = 31, .box_h = 19, .ofs_x = -1, .ofs_y = -1},
    {.bitmap_index = 21915, .adv_w = 384, .box_w = 24, .box_h = 18, .ofs_x = 0, .ofs_y = 0},
    {.bitmap_index = 22131, .adv_w = 384, .box_w = 24, .box_h = 24, .ofs_x = 0, .ofs_y = -3},
    {.bitmap_index = 22419, .adv_w = 384, .box_w = 25, .box_h = 25, .ofs_x = -1, .ofs_y = -3},
    {.bitmap_index = 22732, .adv_w = 336, .box_w = 22, .box_h = 22, .ofs_x = 0, .ofs_y = -2},
    {.bitmap_index = 22974, .adv_w = 336, .box_w = 21, .box_h = 24, .ofs_x = 0, .ofs_y = -3},
    {.bitmap_index = 23226, .adv_w = 336, .box_w = 21, .box_h = 22, .ofs_x = 0, .ofs_y = -2},
    {.bitmap_index = 23457, .adv_w = 336, .box_w = 21, .box_h = 20, .ofs_x = 0, .ofs_y = -1},
    {.bitmap_index = 23667, .adv_w = 384, .box_w = 24, .box_h = 18, .ofs_x = 0, .ofs_y = 0},
    {.bitmap_index = 23883, .adv_w = 240, .box_w = 17, .box_h = 24, .ofs_x = -1, .ofs_y = -3},
    {.bitmap_index = 24087, .adv_w = 336, .box_w = 21, .box_h = 24, .ofs_x = 0, .ofs_y = -3},
    {.bitmap_index = 24339, .adv_w = 336, .box_w = 21, .box_h = 24, .ofs_x = 0, .ofs_y = -3},
    {.bitmap_index = 24591, .adv_w = 432, .box_w = 27, .box_h = 18, .ofs_x = 0, .ofs_y = 0},
    {.bitmap_index = 24834, .adv_w = 384, .box_w = 26, .box_h = 26, .ofs_x = -1, .ofs_y = -4},
    {.bitmap_index = 25172, .adv_w = 288, .box_w = 18, .box_h = 24, .ofs_x = 0, .ofs_y = -3},
    {.bitmap_index = 25388, .adv_w = 480, .box_w = 30, .box_h = 23, .ofs_x = 0, .ofs_y = -2},
    {.bitmap_index = 25733, .adv_w = 480, .box_w = 30, .box_h = 16, .ofs_x = 0, .ofs_y = 1},
    {.bitmap_index = 25973, .adv_w = 480, .box_w = 30, .box_h = 16, .ofs_x = 0, .ofs_y = 1},
    {.bitmap_index = 26213, .adv_w = 480, .box_w = 30, .box_h = 16, .ofs_x = 0, .ofs_y = 1},
    {.bitmap_index = 26453, .adv_w = 480, .box_w = 30, .box_h = 16, .ofs_x = 0, .ofs_y = 1},
    {.bitmap_index = 26693, .adv_w = 480, .box_w = 30, .box_h = 16, .ofs_x = 0, .ofs_y = 1},
    {.bitmap_index = 26933, .adv_w = 480, .box_w = 31, .box_h = 20, .ofs_x = 0, .ofs_y = -1},
    {.bitmap_index = 27243, .adv_w = 336, .box_w = 19, .box_h = 24, .ofs_x = 1, .ofs_y = -3},
    {.bitmap_index = 27471, .adv_w = 336, .box_w = 21, .box_h = 24, .ofs_x = 0, .ofs_y = -3},
    {.bitmap_index = 27723, .adv_w = 384, .box_w = 25, .box_h = 25, .ofs_x = -1, .ofs_y = -4},
    {.bitmap_index = 28036, .adv_w = 480, .box_w = 30, .box_h = 18, .ofs_x = 0, .ofs_y = 0},
    {.bitmap_index = 28306, .adv_w = 288, .box_w = 18, .box_h = 24, .ofs_x = 0, .ofs_y = -3},
    {.bitmap_index = 28522, .adv_w = 386, .box_w = 25, .box_h = 16, .ofs_x = 0, .ofs_y = 1}
};

/*---------------------
 *  CHARACTER MAPPING
 *--------------------*/

static const uint16_t unicode_list_1[] = {
    0x0, 0x3bf, 0x561, 0x63f, 0x77a, 0x9f5, 0x10c5, 0x10e3,
    0x16ba, 0x18b4, 0x190e, 0x1a32, 0x1ebd, 0x2521, 0x326f, 0x4139,
    0xa173, 0xa17a, 0xa17d, 0xa17e, 0xa17f, 0xa183, 0xa185, 0xa187,
    0xa18b, 0xa18e, 0xa193, 0xa198, 0xa199, 0xa19a, 0xa1b0, 0xa1b5,
    0xa1ba, 0xa1bd, 0xa1be, 0xa1bf, 0xa1c3, 0xa1c4, 0xa1c5, 0xa1c6,
    0xa1d9, 0xa1da, 0xa1e0, 0xa1e2, 0xa1e3, 0xa1e6, 0xa1e9, 0xa1ea,
    0xa1eb, 0xa1ed, 0xa205, 0xa207, 0xa236, 0xa237, 0xa239, 0xa23b,
    0xa252, 0xa259, 0xa25c, 0xa265, 0xa28e, 0xa296, 0xa2cd, 0xa35d,
    0xa3b2, 0xa3b3, 0xa3b4, 0xa3b5, 0xa3b6, 0xa3f9, 0xa405, 0xa45f,
    0xa476, 0xa6cc, 0xa934, 0xaa14
};

/*Collect the unicode lists and glyph_id offsets*/
static const lv_font_fmt_txt_cmap_t cmaps[] =
{
    {
        .range_start = 32, .range_length = 95, .glyph_id_start = 1,
        .unicode_list = NULL, .glyph_id_ofs_list = NULL, .list_length = 0, .type = LV_FONT_FMT_TXT_CMAP_FORMAT0_TINY
    },
    {
        .range_start = 20110, .range_length = 43541, .glyph_id_start = 96,
        .unicode_list = unicode_list_1, .glyph_id_ofs_list = NULL, .list_length = 76, .type = LV_FONT_FMT_TXT_CMAP_SPARSE_TINY
    }
};

/*-----------------
 *    KERNING
 *----------------*/


/*Map glyph_ids to kern left classes*/
static const uint8_t kern_left_class_mapping[] =
{
    0, 0, 0, 0, 0, 0, 0, 0,
    0, 0, 0, 0, 0, 0, 0, 0,
    0, 0, 0, 0, 0, 0, 0, 0,
    0, 0, 0, 0, 0, 0, 0, 0,
    0, 0, 1, 0, 0, 2, 0, 3,
    4, 0, 0, 0, 5, 6, 0, 0,
    0, 7, 8, 0, 0, 9, 0, 10,
    11, 0, 12, 0, 0, 0, 0, 0,
    0, 0, 13, 0, 14, 15, 16, 17,
    18, 0, 0, 0, 19, 0, 0, 0,
    20, 21, 18, 0, 22, 23, 0, 24,
    25, 24, 0, 26, 0, 0, 0, 0,
    0, 0, 0, 0, 0, 0, 0, 0,
    0, 0, 0, 0, 0, 0, 0, 0,
    0, 0, 0, 0, 0, 0, 0, 0,
    0, 0, 0, 0, 0, 0, 0, 0,
    0, 0, 0, 0, 0, 0, 0, 0,
    0, 0, 0, 0, 0, 0, 0, 0,
    0, 0, 0, 0, 0, 0, 0, 0,
    0, 0, 0, 0, 0, 0, 0, 0,
    0, 0, 0, 0, 0, 0, 0, 0,
    0, 0, 0, 0
};

/*Map glyph_ids to kern right classes*/
static const uint8_t kern_right_class_mapping[] =
{
    0, 0, 0, 0, 0, 0, 0, 0,
    0, 0, 0, 0, 0, 0, 0, 0,
    0, 0, 0, 0, 0, 0, 0, 0,
    0, 0, 0, 0, 0, 0, 0, 0,
    0, 0, 1, 0, 2, 0, 0, 0,
    2, 0, 0, 0, 0, 0, 0, 0,
    2, 0, 2, 3, 0, 4, 0, 5,
    6, 0, 7, 0, 0, 0, 0, 0,
    0, 0, 8, 0, 8, 0, 8, 0,
    9, 0, 0, 10, 0, 0, 11, 11,
    8, 11, 8, 11, 0, 12, 11, 13,
    13, 14, 15, 0, 0, 0, 0, 0,
    0, 0, 0, 0, 0, 0, 0, 0,
    0, 0, 0, 0, 0, 0, 0, 0,
    0, 0, 0, 0, 0, 0, 0, 0,
    0, 0, 0, 0, 0, 0, 0, 0,
    0, 0, 0, 0, 0, 0, 0, 0,
    0, 0, 0, 0, 0, 0, 0, 0,
    0, 0, 0, 0, 0, 0, 0, 0,
    0, 0, 0, 0, 0, 0, 0, 0,
    0, 0, 0, 0, 0, 0, 0, 0,
    0, 0, 0, 0
};

/*Kern values between classes*/
static const int8_t kern_class_values[] =
{
    0, 0, 0, -31, -19, -19, -19, 0,
    0, 0, 0, 0, 0, 0, -12, -46,
    0, 0, 0, 0, 0, 0, 0, 0,
    0, 0, 0, 0, 0, 0, -31, 0,
    0, 0, 0, 0, 0, 0, 0, 0,
    0, 0, 0, 0, -19, 0, 0, 0,
    0, 0, 0, -12, 0, 0, 0, 0,
    0, 0, 0, 0, 0, 0, 0, 0,
    0, 0, 0, 0, 0, 0, 0, -31,
    -19, 0, -31, 0, 0, 0, -69, -54,
    -38, -54, 0, 0, 0, 0, 0, -19,
    0, -19, -61, 0, -38, 0, 0, 0,
    0, -19, -19, 0, -12, 0, 0, -31,
    -31, 0, 0, 0, 0, -12, -12, -19,
    0, 0, 0, 0, 0, 0, 0, 0,
    -61, 0, 0, 0, 0, 0, 0, -46,
    -46, 0, -46, 0, -54, -46, -61, -61,
    0, 0, 0, 0, 0, 0, -19, -19,
    0, -8, 0, -4, -19, -31, -38, 0,
    0, 0, 0, 0, 0, 0, 0, 0,
    0, 0, 0, -12, -31, -61, -19, 0,
    0, 0, 0, 0, -54, -54, 0, -46,
    0, -46, -61, -69, 0, 0, 0, 0,
    0, 0, 0, 0, 0, 0, -31, 0,
    -19, -12, -31, 0, 0, 0, 0, 0,
    0, 0, 0, 0, 0, 0, 0, 0,
    0, -31, 0, 0, 0, 0, 0, 0,
    0, 0, 0, 0, 0, 0, 0, 0,
    -19, 0, 0, 0, 0, 0, 0, 0,
    0, 0, 0, -19, 0, 0, -12, -31,
    -46, 0, 0, 0, 0, 0, 0, -12,
    -31, 0, 0, 0, 0, -12, -31, 0,
    0, 0, 0, 0, 0, 0, 0, 0,
    15, 0, 0, 0, 0, 0, 0, 0,
    0, 0, 0, 0, 0, -12, -12, 0,
    0, 0, -12, 0, -19, 0, 0, 0,
    0, 0, 0, 0, 0, 0, 0, -12,
    0, 0, 0, -31, 0, 0, 0, 0,
    0, 0, 0, 0, 0, 0, -12, 0,
    0, -12, 0, 0, 0, 0, 0, 0,
    0, 0, 0, 0, 0, 0, 0, 0,
    -12, 0, 0, 0, 0, 0, 0, 0,
    0, -12, -12, 0, 0, 0, 0, -19,
    -19, 0, 0, 0, 0, 0, 0, 0,
    0, 0, 0, 0, 0, 0, 0, -12,
    0, 0, 0, 0, 0, 0, 0, 0,
    0, 0, 0, 0, 0, -12, -31, 0,
    0, 0, 0, 0, 0, 0, 0, 0,
    0, 0, -31, -19, 0, -31
};


/*Collect the kern class' data in one place*/
static const lv_font_fmt_txt_kern_classes_t kern_classes =
{
    .class_pair_values   = kern_class_values,
    .left_class_mapping  = kern_left_class_mapping,
    .right_class_mapping = kern_right_class_mapping,
    .left_class_cnt      = 26,
    .right_class_cnt     = 15,
};

/*--------------------
 *  ALL CUSTOM DATA
 *--------------------*/

#if LVGL_VERSION_MAJOR == 8
/*Store all the custom data of the font*/
static  lv_font_fmt_txt_glyph_cache_t cache;
#endif

#if LVGL_VERSION_MAJOR >= 8
static const lv_font_fmt_txt_dsc_t font_dsc = {
#else
static lv_font_fmt_txt_dsc_t font_dsc = {
#endif
    .glyph_bitmap = glyph_bitmap,
    .glyph_dsc = glyph_dsc,
    .cmaps = cmaps,
    .kern_dsc = &kern_classes,
    .kern_scale = 16,
    .cmap_num = 2,
    .bpp = 4,
    .kern_classes = 1,
    .bitmap_format = 0,
#if LVGL_VERSION_MAJOR == 8
    .cache = &cache
#endif
};



/*-----------------
 *  PUBLIC FONT
 *----------------*/

/*Initialize a public general font descriptor*/
#if LVGL_VERSION_MAJOR >= 8
const lv_font_t lv_font_gudianChinese_24 = {
#else
lv_font_t lv_font_gudianChinese_24 = {
#endif
    .get_glyph_dsc = lv_font_get_glyph_dsc_fmt_txt,    /*Function pointer to get glyph's data*/
    .get_glyph_bitmap = lv_font_get_bitmap_fmt_txt,    /*Function pointer to get glyph's bitmap*/
    .line_height = 24,          /*The maximum line height required by the font*/
    .base_line = 3,             /*Baseline measured from the bottom of the line*/
#if !(LVGL_VERSION_MAJOR == 6 && LVGL_VERSION_MINOR == 0)
    .subpx = LV_FONT_SUBPX_NONE,
#endif
#if LV_VERSION_CHECK(7, 4, 0) || LVGL_VERSION_MAJOR >= 8
    .underline_position = -2,
    .underline_thickness = 1,
#endif
    .dsc = &font_dsc,          /*The custom font data. Will be accessed by `get_glyph_bitmap/dsc` */
#if LV_VERSION_CHECK(8, 2, 0) || LVGL_VERSION_MAJOR >= 9
    .fallback = NULL,
#endif
    .user_data = NULL,
};



#endif /*#if LV_FONT_GUDIANCHINESE_24*/

