/*******************************************************************************
 * Size: 18 px
 * Bpp: 4
 * Opts: undefined
 ******************************************************************************/

#ifdef LV_LVGL_H_INCLUDE_SIMPLE
#include "lvgl.h"
#else
#include "lvgl.h"
#endif

#ifndef LV_FONT_GUDIANCHINESE_18
#define LV_FONT_GUDIANCHINESE_18 1
#endif

#if LV_FONT_GUDIANCHINESE_18

/*-----------------
 *    BITMAPS
 *----------------*/

/*Store the image of the glyphs*/
static LV_ATTRIBUTE_LARGE_CONST const uint8_t glyph_bitmap[] = {
    /* U+0020 " " */

    /* U+0021 "!" */
    0xd, 0xb2, 0x1f, 0xfc, 0xa, 0xfe, 0x9, 0xff,
    0xa, 0xfe, 0xa, 0xfe, 0xb, 0xfe, 0xb, 0xfd,
    0xc, 0xfd, 0xd, 0xfd, 0x6, 0xf9, 0x0, 0x30,
    0x0, 0x0, 0x2f, 0xf5, 0x7, 0xea,

    /* U+0022 "\"" */
    0x0, 0x0, 0x0, 0x6, 0xd0, 0x52, 0xb, 0xf4,
    0xfa, 0xf, 0xe8, 0xf8, 0x2f, 0xab, 0xf2, 0x3f,
    0x4c, 0xa0, 0x4c, 0xd, 0x20, 0x34, 0x8, 0x0,
    0x0, 0x0, 0x0,

    /* U+0023 "#" */
    0x0, 0x0, 0x0, 0x0, 0xa9, 0x0, 0x0, 0x0,
    0x0, 0x15, 0x0, 0xbf, 0x80, 0x0, 0x0, 0x0,
    0x2f, 0x60, 0xaf, 0xb0, 0x0, 0x0, 0x0, 0x3f,
    0xef, 0xff, 0xf6, 0x0, 0x0, 0x9, 0xff, 0xff,
    0xff, 0xfa, 0x0, 0x0, 0x2, 0xcf, 0xfb, 0xff,
    0xc0, 0x0, 0x0, 0x0, 0x5f, 0xd6, 0xcf, 0xc0,
    0x0, 0x0, 0x0, 0x6f, 0xe0, 0xaf, 0xe9, 0x40,
    0x0, 0x0, 0xaf, 0xfd, 0xff, 0xff, 0xf4, 0x1,
    0x7e, 0xff, 0xff, 0xff, 0xff, 0xf5, 0x2f, 0xff,
    0xff, 0xf9, 0xdf, 0xf0, 0x0, 0x9, 0xfc, 0xdf,
    0xb0, 0xdf, 0xf0, 0x0, 0x0, 0x0, 0x3f, 0xb0,
    0xef, 0xf2, 0x0, 0x0, 0x0, 0x4, 0x30, 0xbf,
    0xf2, 0x0, 0x0, 0x0, 0x0, 0x0, 0x2d, 0xd0,
    0x0, 0x0, 0x0, 0x0, 0x0, 0x0, 0x0, 0x0,

    /* U+0024 "$" */
    0x0, 0x0, 0x0, 0x0, 0x0, 0x0, 0x0, 0x0,
    0x8, 0xd1, 0x0, 0x0, 0x0, 0x0, 0x6d, 0xf7,
    0x0, 0x0, 0x0, 0x2d, 0xff, 0xff, 0x70, 0x0,
    0x0, 0xef, 0xff, 0xf9, 0x60, 0x0, 0x3, 0xff,
    0xde, 0xf5, 0x0, 0x0, 0x0, 0xff, 0xae, 0xf5,
    0x0, 0x0, 0x6, 0xef, 0xff, 0xfc, 0x72, 0x0,
    0x2f, 0x55, 0xef, 0xff, 0xff, 0x90, 0x2f, 0x90,
    0x4f, 0xfa, 0xff, 0xf6, 0xd, 0xf6, 0x5f, 0xfd,
    0xff, 0xf4, 0x4, 0xff, 0xff, 0xff, 0xff, 0x90,
    0x0, 0x3d, 0xff, 0xff, 0xd5, 0x0, 0x0, 0x0,
    0x9f, 0xf5, 0x0, 0x0, 0x0, 0x0, 0x3f, 0xf1,
    0x0, 0x0, 0x0, 0x0, 0x8, 0xe0, 0x0, 0x0,

    /* U+0025 "%" */
    0x0, 0x0, 0x0, 0x0, 0x0, 0x0, 0x0, 0x0,
    0x0, 0x0, 0xb, 0xd1, 0x0, 0x0, 0x0, 0x0,
    0xd, 0xf5, 0x0, 0x5d, 0xb3, 0x0, 0x8f, 0xf1,
    0x1, 0xda, 0xff, 0x23, 0xff, 0x80, 0x9, 0xc2,
    0xef, 0x5e, 0xfe, 0x10, 0x8, 0xff, 0xfc, 0xbf,
    0xf5, 0x0, 0x1, 0x9f, 0x97, 0xff, 0xb0, 0x0,
    0x0, 0x0, 0x2f, 0xff, 0x20, 0x0, 0x0, 0x0,
    0xcf, 0xf9, 0x76, 0x10, 0x0, 0x8, 0xff, 0xcd,
    0xff, 0xe3, 0x0, 0x3f, 0xff, 0x7f, 0x9c, 0xfa,
    0x1, 0xef, 0xf7, 0xaf, 0xef, 0xfb, 0xb, 0xff,
    0xd0, 0xaf, 0xff, 0xf4, 0x3f, 0xff, 0x40, 0x2e,
    0xff, 0x60, 0xa, 0xf9, 0x0, 0x0, 0x52, 0x0,
    0x0, 0x20, 0x0, 0x0, 0x0, 0x0,

    /* U+0026 "&" */
    0x0, 0x2, 0xbe, 0xfb, 0x30, 0x0, 0x0, 0xe,
    0xfc, 0xbf, 0xf3, 0x0, 0x0, 0x4f, 0x80, 0x4,
    0xfb, 0x0, 0x0, 0x4f, 0x60, 0x6, 0xff, 0xb1,
    0x0, 0x1f, 0xb0, 0x5f, 0xfb, 0xfc, 0x0, 0xc,
    0xfa, 0xff, 0xb7, 0xfd, 0x0, 0x8, 0xff, 0xfb,
    0xd, 0xfa, 0x0, 0xa, 0xff, 0xc0, 0x5f, 0xf4,
    0x0, 0x9f, 0xff, 0xd0, 0xdf, 0xd0, 0x7, 0xff,
    0xff, 0xfe, 0xff, 0x60, 0x1f, 0xff, 0x2b, 0xff,
    0xfe, 0x0, 0x3f, 0xf7, 0xa, 0xff, 0xfd, 0x0,
    0xe, 0xfe, 0xef, 0xff, 0xff, 0x30, 0x4, 0xff,
    0xff, 0xfc, 0xef, 0x50, 0x0, 0x2b, 0xea, 0x30,
    0x3, 0x0,

    /* U+0027 "'" */
    0x0, 0x0, 0x4, 0xe1, 0x9, 0xf3, 0xe, 0xe0,
    0x1f, 0x90, 0x2f, 0x20, 0x48, 0x0, 0x32, 0x0,

    /* U+0028 "(" */
    0x0, 0x2, 0xcf, 0x80, 0x0, 0x2e, 0xff, 0xf3,
    0x0, 0xcf, 0xff, 0xc4, 0x4, 0xff, 0xe4, 0x0,
    0xb, 0xff, 0x40, 0x0, 0x1f, 0xfc, 0x0, 0x0,
    0x5f, 0xf6, 0x0, 0x0, 0x9f, 0xf1, 0x0, 0x0,
    0xcf, 0xd0, 0x0, 0x0, 0xdf, 0x90, 0x0, 0x0,
    0xef, 0x70, 0x0, 0x0, 0xcf, 0x50, 0x0, 0x0,
    0x8f, 0x80, 0x0, 0x0, 0x6f, 0xf9, 0x41, 0x2,
    0xe, 0xff, 0xff, 0xf8, 0x3, 0xff, 0xff, 0xb0,
    0x0, 0x4e, 0xf7, 0x0, 0x0, 0x0, 0x0, 0x0,

    /* U+0029 ")" */
    0x0, 0x7e, 0x60, 0x0, 0x0, 0xb, 0xff, 0x80,
    0x0, 0x0, 0x3e, 0xff, 0x70, 0x0, 0x0, 0x9,
    0xff, 0x10, 0x0, 0x0, 0xc, 0xf8, 0x0, 0x0,
    0x0, 0x4f, 0xd0, 0x0, 0x0, 0x2, 0xff, 0x20,
    0x0, 0x0, 0x2f, 0xf4, 0x0, 0x0, 0x6, 0xff,
    0x40, 0x0, 0x0, 0xbf, 0xf3, 0x0, 0x0, 0x2f,
    0xff, 0x0, 0x0, 0xc, 0xff, 0xb0, 0x0, 0x7,
    0xff, 0xf3, 0x0, 0x3, 0xff, 0xfa, 0x0, 0x1,
    0xef, 0xfd, 0x10, 0x4, 0xdf, 0xfc, 0x10, 0x0,
    0x6e, 0xe8, 0x0, 0x0, 0x0,

    /* U+002A "*" */
    0x0, 0x0, 0x50, 0x0, 0x2, 0x3, 0xf3, 0x73,
    0x1e, 0xc9, 0xff, 0xe1, 0x2, 0xcf, 0xfe, 0x20,
    0x0, 0x6f, 0xfe, 0x40, 0x7, 0xff, 0xff, 0xf4,
    0x2f, 0xdd, 0xf6, 0xc8, 0x4, 0x4, 0xf2, 0x0,

    /* U+002B "+" */
    0x0, 0x0, 0x1c, 0xa1, 0x0, 0x0, 0x0, 0x4,
    0xff, 0xc0, 0x0, 0x0, 0x0, 0x1e, 0xff, 0x0,
    0x0, 0x0, 0x0, 0xbf, 0xf0, 0x0, 0x0, 0x65,
    0x4d, 0xff, 0xff, 0x61, 0xcf, 0xff, 0xff, 0xff,
    0xfb, 0x1e, 0xff, 0xff, 0xfd, 0x54, 0x0, 0x18,
    0x52, 0xcf, 0xc0, 0x0, 0x0, 0x0, 0xc, 0xfc,
    0x0, 0x0, 0x0, 0x5, 0xdf, 0xc0, 0x0, 0x0,
    0x0, 0x5f, 0xfd, 0x0, 0x0, 0x0, 0x0, 0xbf,
    0xc0, 0x0, 0x0, 0x0, 0x0, 0x63, 0x0, 0x0,

    /* U+002C "," */
    0x0, 0xcd, 0x50, 0x0, 0x8f, 0xd0, 0x0, 0xed,
    0x20, 0x7, 0x91, 0x0, 0x13, 0x0, 0x0,

    /* U+002D "-" */
    0x0, 0x0, 0x0, 0x0, 0x0, 0x4, 0x69, 0xbd,
    0xff, 0xb2, 0x2f, 0xff, 0xff, 0xff, 0xfb, 0x7,
    0xff, 0xec, 0xba, 0x92,

    /* U+002E "." */
    0x3, 0x84, 0x2, 0xff, 0xf1, 0x8, 0xf8, 0x0,

    /* U+002F "/" */
    0x0, 0x3d, 0x30, 0x6, 0xfc, 0x0, 0x9f, 0xd0,
    0xb, 0xfb, 0x0, 0xdf, 0x90, 0xf, 0xf6, 0x3,
    0xff, 0x30, 0x6f, 0xf1, 0x9, 0xfe, 0x0, 0xcf,
    0xb0, 0xf, 0xf8, 0x2, 0xff, 0x50, 0x5f, 0xf2,
    0x7, 0xff, 0x0, 0x9f, 0xd0, 0x7, 0xfa, 0x0,
    0x1d, 0x60, 0x0,

    /* U+0030 "0" */
    0x0, 0x0, 0x0, 0x0, 0x0, 0x0, 0x29, 0xf8,
    0x0, 0x0, 0xd, 0xff, 0xf9, 0x0, 0x4, 0xff,
    0x6d, 0xf1, 0x0, 0xcf, 0xd1, 0xaf, 0x50, 0x2f,
    0xf7, 0xa, 0xf7, 0x7, 0xff, 0x30, 0xbf, 0x80,
    0xcf, 0xf0, 0xd, 0xf9, 0xf, 0xfc, 0x0, 0xff,
    0x83, 0xff, 0x90, 0x4f, 0xf6, 0x4f, 0xf7, 0xa,
    0xff, 0x31, 0xff, 0x73, 0xff, 0xf0, 0xd, 0xff,
    0xef, 0xf9, 0x0, 0x8f, 0xff, 0xff, 0x20, 0x0,
    0xdf, 0xff, 0x90, 0x0, 0x0, 0x9e, 0x70, 0x0,

    /* U+0031 "1" */
    0x2, 0x0, 0x0, 0xef, 0x60, 0x3c, 0xfe, 0x0,
    0x7f, 0xf0, 0x7, 0xff, 0x0, 0x8f, 0xe0, 0x9,
    0xfd, 0x0, 0x9f, 0xc0, 0xa, 0xfc, 0x0, 0xbf,
    0xb0, 0xc, 0xfa, 0x2, 0xef, 0xa0, 0x4f, 0xf9,
    0x1, 0xff, 0x90, 0xa, 0xf6, 0x0, 0x4, 0x0,

    /* U+0032 "2" */
    0x0, 0x19, 0xed, 0x60, 0x0, 0x0, 0x2d, 0xff,
    0xff, 0x70, 0x0, 0x6, 0xff, 0xef, 0xff, 0x0,
    0x0, 0x1b, 0x40, 0x8f, 0xf2, 0x0, 0x0, 0x0,
    0xd, 0xff, 0x0, 0x0, 0x0, 0x7, 0xff, 0x80,
    0x0, 0x0, 0x1, 0xff, 0xd0, 0x0, 0x0, 0x0,
    0xbf, 0xf4, 0x0, 0x0, 0x0, 0x4f, 0xfa, 0x0,
    0x0, 0x0, 0xd, 0xff, 0x10, 0x30, 0x0, 0x7,
    0xff, 0xb0, 0x6, 0x60, 0x1, 0xff, 0xff, 0xff,
    0xff, 0x20, 0x3f, 0xff, 0xff, 0xff, 0xfa, 0x0,
    0xef, 0xff, 0xff, 0xff, 0xf0, 0x2, 0xcf, 0xb6,
    0x34, 0xa9, 0x0,

    /* U+0033 "3" */
    0x1, 0x9e, 0xe9, 0x10, 0x0, 0xdf, 0xff, 0xff,
    0x20, 0xc, 0xb6, 0x6f, 0xfa, 0x0, 0x0, 0x3,
    0xff, 0xa0, 0x0, 0x0, 0xdf, 0xf4, 0x0, 0x0,
    0xbf, 0xf9, 0x0, 0x3, 0xdf, 0xff, 0x40, 0x2,
    0xff, 0xff, 0xff, 0x90, 0xb, 0xfd, 0x89, 0xff,
    0x50, 0x1, 0x0, 0x5f, 0xf7, 0x0, 0x0, 0xd,
    0xff, 0x50, 0x10, 0xb, 0xff, 0xe0, 0xe, 0xbd,
    0xff, 0xf6, 0x0, 0xaf, 0xff, 0xf9, 0x0, 0x0,
    0x7e, 0xc4, 0x0, 0x0,

    /* U+0034 "4" */
    0x0, 0x0, 0x0, 0x72, 0x0, 0x0, 0x0, 0xa3,
    0xf, 0xf1, 0x0, 0x0, 0xc, 0xe0, 0xcf, 0x40,
    0x0, 0x0, 0xdf, 0xa, 0xf4, 0x0, 0x0, 0x1f,
    0xf0, 0xbf, 0x20, 0x0, 0x7, 0xfa, 0xd, 0xf2,
    0x0, 0x0, 0xef, 0x50, 0xff, 0xd2, 0x0, 0x8f,
    0xf9, 0xbf, 0xff, 0xe0, 0x2f, 0xff, 0xff, 0xff,
    0xfd, 0x1, 0xff, 0xff, 0xff, 0xf3, 0x0, 0x3,
    0x95, 0x1b, 0xfb, 0x0, 0x0, 0x0, 0x0, 0xdf,
    0x90, 0x0, 0x0, 0x0, 0xaf, 0xf8, 0x0, 0x0,
    0x0, 0xa, 0xff, 0x60, 0x0, 0x0, 0x0, 0x2d,
    0xe1, 0x0, 0x0, 0x0, 0x0, 0x0, 0x0, 0x0,

    /* U+0035 "5" */
    0x0, 0x10, 0x0, 0x0, 0x0, 0x0, 0xd4, 0x0,
    0x11, 0x0, 0x0, 0xca, 0x7, 0xff, 0x40, 0x0,
    0xee, 0xdf, 0xff, 0xe0, 0x1, 0xff, 0xff, 0xff,
    0xf1, 0x5, 0xfb, 0x0, 0x0, 0x0, 0xa, 0xff,
    0xbe, 0xe5, 0x0, 0x1f, 0xff, 0xff, 0xff, 0x50,
    0x3f, 0xff, 0xb8, 0xdf, 0xb0, 0x1f, 0xf4, 0x0,
    0xcf, 0xb0, 0xf, 0x40, 0x5, 0xff, 0x90, 0x1f,
    0x0, 0xd, 0xff, 0x40, 0x1f, 0x51, 0xcf, 0xfd,
    0x0, 0xd, 0xff, 0xff, 0xf5, 0x0, 0x7, 0xff,
    0xff, 0x90, 0x0, 0x0, 0x8f, 0xe6, 0x0, 0x0,
    0x0, 0x0, 0x0, 0x0, 0x0,

    /* U+0036 "6" */
    0x0, 0x0, 0x2a, 0x70, 0x0, 0x0, 0x1e, 0xff,
    0x10, 0x0, 0xb, 0xff, 0xb0, 0x0, 0x4, 0xff,
    0xc0, 0x0, 0x0, 0xcf, 0xe1, 0x0, 0x0, 0x1f,
    0xf8, 0x0, 0x0, 0x6, 0xff, 0xfb, 0x70, 0x0,
    0xaf, 0xff, 0xff, 0xd0, 0xe, 0xff, 0x40, 0xcf,
    0x52, 0xff, 0xa0, 0x1f, 0xf5, 0x4f, 0xf8, 0x9,
    0xff, 0x31, 0xff, 0xfb, 0xff, 0xf0, 0xd, 0xff,
    0xff, 0xfa, 0x0, 0x3e, 0xff, 0xff, 0x50, 0x0,
    0x19, 0xef, 0x70, 0x0,

    /* U+0037 "7" */
    0x0, 0x30, 0x4b, 0xf9, 0x1, 0xcb, 0xdf, 0xff,
    0xf7, 0x3f, 0xff, 0xff, 0xff, 0xb0, 0x8f, 0xd9,
    0xaf, 0xf5, 0x0, 0x0, 0x5, 0xfe, 0x0, 0x0,
    0x0, 0x9f, 0xa0, 0x0, 0x0, 0xb, 0xf8, 0x0,
    0x0, 0x0, 0xef, 0x60, 0x0, 0x0, 0x1f, 0xf5,
    0x0, 0x0, 0x3, 0xff, 0x40, 0x0, 0x1, 0x6f,
    0xf3, 0x0, 0x0, 0x6c, 0xff, 0x20, 0x0, 0x1,
    0xff, 0xf1, 0x0, 0x0, 0xc, 0xfe, 0x0, 0x0,
    0x0, 0x3e, 0x70, 0x0,

    /* U+0038 "8" */
    0x0, 0x2, 0xce, 0x50, 0x0, 0x3, 0xff, 0xff,
    0x50, 0x0, 0xdf, 0x66, 0xf9, 0x0, 0x3f, 0xa0,
    0x8f, 0x80, 0x4, 0xf7, 0x5f, 0xfc, 0x0, 0xf,
    0xff, 0xff, 0x30, 0x0, 0x9f, 0xff, 0x90, 0x0,
    0x6, 0xff, 0xff, 0x60, 0x2, 0xff, 0xb8, 0xff,
    0x20, 0xcf, 0xe0, 0x1f, 0xf7, 0x1f, 0xf7, 0xb,
    0xff, 0x64, 0xff, 0xdc, 0xff, 0xf2, 0x1f, 0xff,
    0xff, 0xf8, 0x0, 0xcf, 0xff, 0xf9, 0x0, 0x1,
    0xbf, 0xd5, 0x0, 0x0,

    /* U+0039 "9" */
    0x0, 0x7, 0xec, 0x30, 0x0, 0x1c, 0xff, 0xff,
    0xb0, 0xb, 0xff, 0x65, 0xff, 0x42, 0xff, 0x90,
    0xcf, 0xf0, 0x3f, 0xf4, 0x6f, 0xf9, 0x0, 0xef,
    0xff, 0xff, 0x40, 0x6, 0xff, 0xff, 0xf1, 0x0,
    0x3, 0xdf, 0xfe, 0x0, 0x0, 0x0, 0x7f, 0xd0,
    0x0, 0x0, 0x9, 0xfd, 0x0, 0x0, 0x0, 0xcf,
    0xd0, 0x0, 0x0, 0xe, 0xfd, 0x0, 0x0, 0x0,
    0xdf, 0xe0, 0x0, 0x0, 0x6, 0xfd, 0x0, 0x0,
    0x0, 0xc, 0xa0, 0x0, 0x0, 0x0, 0x0, 0x0,

    /* U+003A ":" */
    0x1, 0x30, 0x2, 0xff, 0xc0, 0xc, 0xff, 0x0,
    0x4, 0x40, 0x0, 0x0, 0x0, 0x0, 0x0, 0x0,
    0x0, 0x0, 0x0, 0x0, 0x1b, 0xc4, 0x3, 0xff,
    0xd0, 0x9, 0xfc, 0x0,

    /* U+003B ";" */
    0x0, 0x13, 0x0, 0x3, 0xff, 0xb0, 0x0, 0xbf,
    0xe0, 0x0, 0x2, 0x20, 0x0, 0x0, 0x0, 0x0,
    0x0, 0x0, 0x0, 0x0, 0x0, 0x0, 0x0, 0x0,
    0x0, 0x65, 0x0, 0x0, 0x9f, 0xc0, 0x0, 0xcf,
    0x80, 0x2, 0xf6, 0x0, 0x8, 0x20, 0x0, 0x0,
    0x0, 0x0,

    /* U+003C "<" */
    0x0, 0x0, 0x1, 0x9f, 0x80, 0x0, 0x0, 0x3,
    0xef, 0xf9, 0x0, 0x0, 0x6, 0xff, 0xf9, 0x0,
    0x0, 0xa, 0xff, 0xf5, 0x0, 0x0, 0x1e, 0xff,
    0xe2, 0x0, 0x0, 0x2, 0xff, 0xf4, 0x0, 0x0,
    0x0, 0x5, 0xef, 0xf7, 0x0, 0x0, 0x0, 0x1,
    0xaf, 0xfd, 0x40, 0x0, 0x0, 0x0, 0x5f, 0xff,
    0xb1, 0x0, 0x0, 0x0, 0x2d, 0xff, 0xc0, 0x0,
    0x0, 0x0, 0x8, 0xff, 0x40, 0x0, 0x0, 0x0,
    0x1, 0x60,

    /* U+003D "=" */
    0x0, 0x0, 0x1, 0x63, 0x0, 0x0, 0x5, 0xbf,
    0xff, 0xa0, 0xd, 0xff, 0xff, 0xff, 0xe0, 0x3,
    0xef, 0xea, 0x63, 0x0, 0x0, 0x1, 0x0, 0x0,
    0x0, 0x0, 0x0, 0x37, 0xac, 0x81, 0x1a, 0xdf,
    0xff, 0xff, 0xfa, 0x1e, 0xff, 0xff, 0xff, 0xf9,
    0x1, 0x76, 0x42, 0x10, 0x0,

    /* U+003E ">" */
    0x2d, 0xb8, 0x40, 0x0, 0x0, 0xa, 0xff, 0xff,
    0xb6, 0x0, 0x0, 0x4b, 0xff, 0xff, 0xe1, 0x0,
    0x0, 0x29, 0xff, 0xf9, 0x0, 0x0, 0x7, 0xff,
    0xf6, 0x0, 0x0, 0x5f, 0xff, 0x50, 0x0, 0x5,
    0xff, 0xf5, 0x0, 0x0, 0x4f, 0xff, 0x80, 0x0,
    0x3, 0xff, 0xfa, 0x0, 0x0, 0xb, 0xff, 0xb0,
    0x0, 0x0, 0x5, 0xfb, 0x0, 0x0, 0x0,

    /* U+003F "?" */
    0x0, 0x6d, 0xfd, 0x60, 0x0, 0xaf, 0xff, 0xff,
    0xc0, 0x3f, 0xfb, 0x4a, 0xff, 0x40, 0x76, 0x0,
    0xdf, 0xf2, 0x0, 0x0, 0x7f, 0xf6, 0x0, 0x0,
    0xd, 0xfd, 0x0, 0x0, 0x2, 0xff, 0x70, 0x0,
    0x0, 0x4f, 0xf3, 0x0, 0x0, 0x4, 0xff, 0x20,
    0x0, 0x0, 0x2f, 0xf2, 0x0, 0x0, 0x0, 0xbf,
    0x20, 0x0, 0x0, 0x0, 0x40, 0x0, 0x0, 0x0,
    0x10, 0x0, 0x0, 0x0, 0x8f, 0xd2, 0x0, 0x0,
    0x2, 0xdf, 0x70, 0x0, 0x0, 0x0, 0x10, 0x0,

    /* U+0040 "@" */
    0x0, 0x0, 0x48, 0xcf, 0xeb, 0x50, 0x0, 0x0,
    0x9, 0xff, 0xfd, 0xdf, 0xfb, 0x0, 0x0, 0xaf,
    0xf8, 0x10, 0x0, 0x5f, 0x90, 0x4, 0xff, 0x61,
    0x66, 0x31, 0x8, 0xf0, 0xc, 0xfb, 0x4f, 0xe8,
    0xfe, 0x5, 0xf3, 0x1f, 0xf5, 0xdf, 0x43, 0xff,
    0x27, 0xf4, 0x3f, 0xf7, 0xff, 0x8, 0xff, 0x1c,
    0xf3, 0x4f, 0xf4, 0xef, 0xcf, 0xff, 0xcf, 0xd0,
    0x1f, 0xf5, 0x9f, 0xff, 0xff, 0xff, 0x50, 0xd,
    0xfa, 0x7, 0xfd, 0x13, 0xff, 0x0, 0x8, 0xff,
    0x20, 0x0, 0x8, 0xfc, 0x0, 0x1, 0xff, 0xc2,
    0x4, 0xcf, 0xf8, 0x0, 0x0, 0x6f, 0xff, 0xff,
    0xff, 0xd0, 0x0, 0x0, 0x5, 0xef, 0xff, 0xfc,
    0x10, 0x0, 0x0, 0x0, 0x29, 0xec, 0x60, 0x0,
    0x0,

    /* U+0041 "A" */
    0x0, 0x0, 0xb, 0xff, 0xb0, 0x0, 0x0, 0x0,
    0x4b, 0xff, 0xf6, 0x0, 0x0, 0x0, 0xa, 0xff,
    0xf9, 0x0, 0x0, 0x0, 0x1f, 0xff, 0xfc, 0x0,
    0x0, 0x0, 0x8f, 0xa2, 0xfe, 0x0, 0x0, 0x0,
    0xef, 0x52, 0xff, 0x10, 0x0, 0x6, 0xfe, 0x4c,
    0xff, 0x40, 0x0, 0xd, 0xff, 0xff, 0xff, 0x60,
    0x0, 0xcf, 0xff, 0xb8, 0xff, 0x80, 0x4, 0xff,
    0xf2, 0x0, 0xef, 0xa0, 0x9, 0xff, 0x6a, 0x10,
    0xdf, 0xd0, 0xf, 0xfb, 0x3, 0xd3, 0xcf, 0xf0,
    0x3f, 0xf5, 0x0, 0x4f, 0xff, 0xf1, 0xc, 0xe0,
    0x0, 0x6, 0xff, 0xf1, 0x0, 0x10, 0x0, 0x0,
    0x4d, 0xd0,

    /* U+0042 "B" */
    0x7, 0xd6, 0x39, 0xdf, 0xc3, 0x0, 0x8, 0xff,
    0xff, 0xff, 0xff, 0x20, 0x0, 0xff, 0xd6, 0x26,
    0xff, 0x60, 0x0, 0xff, 0x70, 0xb, 0xff, 0x30,
    0x0, 0xff, 0x51, 0xbf, 0xf9, 0x0, 0x0, 0xff,
    0x9e, 0xff, 0xf6, 0x0, 0x0, 0xff, 0xff, 0xff,
    0xff, 0x60, 0x1, 0xff, 0xfe, 0x83, 0xaf, 0xf0,
    0x2, 0xff, 0x30, 0x0, 0xcf, 0xf1, 0x4, 0xff,
    0x10, 0x7, 0xff, 0xe0, 0x16, 0xff, 0x10, 0x8f,
    0xff, 0x60, 0x2e, 0xff, 0xcf, 0xff, 0xfb, 0x0,
    0xe, 0xff, 0xff, 0xff, 0x80, 0x0, 0x6, 0xfb,
    0x89, 0x61, 0x0, 0x0, 0x0, 0x30, 0x0, 0x0,
    0x0, 0x0,

    /* U+0043 "C" */
    0x0, 0x0, 0x6d, 0xfc, 0x30, 0x0, 0x0, 0xaf,
    0xff, 0xff, 0x30, 0x0, 0x9f, 0xff, 0xff, 0xd8,
    0x0, 0x2f, 0xff, 0xa2, 0x0, 0x0, 0x8, 0xff,
    0x80, 0x0, 0x0, 0x0, 0xef, 0xd0, 0x0, 0x0,
    0x0, 0x2f, 0xf7, 0x0, 0x0, 0x0, 0x4, 0xff,
    0x30, 0x0, 0x0, 0x0, 0x3f, 0xf2, 0x0, 0x0,
    0x0, 0x0, 0xff, 0x30, 0x0, 0x1, 0x0, 0xb,
    0xfb, 0x0, 0x1c, 0xfb, 0x0, 0x5f, 0xfb, 0x9e,
    0xff, 0xf1, 0x0, 0xaf, 0xff, 0xff, 0xff, 0x0,
    0x0, 0x8f, 0xff, 0xff, 0x80, 0x0, 0x0, 0x3b,
    0xff, 0x60, 0x0,

    /* U+0044 "D" */
    0xc, 0xc4, 0x7b, 0xef, 0xd6, 0x0, 0x1b, 0xff,
    0xff, 0xff, 0xff, 0x80, 0x4, 0xff, 0xcb, 0xa9,
    0xcf, 0xf4, 0x4, 0xff, 0x0, 0x0, 0xf, 0xf9,
    0x4, 0xff, 0x0, 0x0, 0x2f, 0xf9, 0x4, 0xff,
    0x0, 0x0, 0x7f, 0xf7, 0x4, 0xff, 0x0, 0x0,
    0xef, 0xf3, 0x3, 0xff, 0x0, 0x7, 0xff, 0xc0,
    0x4, 0xff, 0x10, 0x3f, 0xff, 0x40, 0x4, 0xff,
    0x22, 0xef, 0xfa, 0x0, 0x5, 0xff, 0x7e, 0xff,
    0xd1, 0x0, 0x5, 0xff, 0xff, 0xfe, 0x20, 0x0,
    0x4, 0xff, 0xff, 0xd2, 0x0, 0x0, 0x1, 0xff,
    0xf8, 0x0, 0x0, 0x0, 0x0, 0x85, 0x0, 0x0,
    0x0, 0x0,

    /* U+0045 "E" */
    0x0, 0x0, 0x11, 0x0, 0x47, 0x50, 0x0, 0x1,
    0x9e, 0x8c, 0xff, 0xff, 0xa0, 0x0, 0x2f, 0xff,
    0xff, 0xff, 0xfd, 0x0, 0x0, 0x5f, 0xfc, 0x74,
    0x30, 0x0, 0x0, 0x4e, 0x40, 0x0, 0x0, 0x0,
    0x0, 0x5, 0xf8, 0x0, 0x0, 0x50, 0x0, 0x0,
    0x6f, 0xc3, 0x6a, 0xef, 0xf8, 0x0, 0x9, 0xff,
    0xff, 0xff, 0xff, 0xf5, 0x0, 0xcf, 0xff, 0xfb,
    0x8a, 0x9c, 0x30, 0x1f, 0xfd, 0x82, 0x0, 0x51,
    0x0, 0x7, 0xff, 0x10, 0x0, 0x0, 0xb0, 0x0,
    0xef, 0xf8, 0x8a, 0xcf, 0xef, 0x90, 0x3f, 0xff,
    0xff, 0xff, 0xff, 0xff, 0x61, 0xff, 0xff, 0xff,
    0xff, 0xff, 0xfb, 0x5, 0xeb, 0x62, 0x0, 0x0,
    0x37, 0x20,

    /* U+0046 "F" */
    0x0, 0x40, 0x3, 0xbe, 0x50, 0x0, 0x9d, 0x7c,
    0xff, 0xff, 0x10, 0xf, 0xff, 0xff, 0xff, 0xd1,
    0x0, 0x6f, 0xd8, 0x97, 0x10, 0x0, 0x4, 0xfa,
    0x0, 0x0, 0x0, 0x0, 0x5f, 0xa0, 0x15, 0xb4,
    0x0, 0x6, 0xfd, 0xcf, 0xff, 0xf9, 0x0, 0x7f,
    0xff, 0xff, 0xff, 0xd0, 0x8, 0xfc, 0x63, 0x10,
    0x0, 0x0, 0x9f, 0x90, 0x0, 0x0, 0x0, 0xa,
    0xf9, 0x0, 0x0, 0x0, 0x2, 0xcf, 0x90, 0x0,
    0x0, 0x0, 0x1f, 0xf9, 0x0, 0x0, 0x0, 0x0,
    0xdf, 0x80, 0x0, 0x0, 0x0, 0x3, 0xf4, 0x0,
    0x0, 0x0, 0x0, 0x0, 0x0, 0x0, 0x0, 0x0,

    /* U+0047 "G" */
    0x0, 0x0, 0x5b, 0xfc, 0x10, 0x0, 0x0, 0x9,
    0xff, 0xfd, 0x80, 0x0, 0x0, 0x6f, 0xfd, 0x30,
    0x0, 0x0, 0x1, 0xff, 0xe1, 0x0, 0x0, 0x0,
    0x7, 0xff, 0x50, 0x0, 0x0, 0x0, 0xd, 0xfd,
    0x19, 0x6b, 0xef, 0xf3, 0x1f, 0xf9, 0xf, 0xff,
    0xff, 0xf5, 0x3f, 0xf7, 0x2, 0xcf, 0xfd, 0x40,
    0x3f, 0xf6, 0x0, 0x5, 0xf9, 0x0, 0xf, 0xf9,
    0x0, 0x7, 0xfb, 0x0, 0x9, 0xff, 0x20, 0x4f,
    0xfb, 0x0, 0x4, 0xff, 0xfe, 0xff, 0xfb, 0x0,
    0x0, 0x8f, 0xff, 0xff, 0xfb, 0x0, 0x0, 0x6,
    0xff, 0xff, 0xf9, 0x0, 0x0, 0x0, 0x16, 0x32,
    0xe4, 0x0,

    /* U+0048 "H" */
    0x1, 0x0, 0x0, 0xc, 0xa0, 0x0, 0xec, 0x10,
    0x0, 0xbf, 0xa0, 0xb, 0xfa, 0x0, 0x7, 0xfe,
    0x0, 0x9f, 0xc0, 0x0, 0x4f, 0xf0, 0x8, 0xfc,
    0x0, 0x3, 0xfe, 0x0, 0x7f, 0xb0, 0x0, 0x6f,
    0xd0, 0x8, 0xfc, 0x9c, 0xff, 0xfd, 0x0, 0x9f,
    0xff, 0xff, 0xff, 0xd0, 0xb, 0xfe, 0xb8, 0x59,
    0xfd, 0x0, 0xcf, 0x70, 0x0, 0x8f, 0xd0, 0x2e,
    0xf7, 0x0, 0x9, 0xfe, 0x2, 0xff, 0x60, 0x2,
    0xcf, 0xf0, 0x1f, 0xf5, 0x0, 0xf, 0xff, 0x0,
    0xdf, 0x40, 0x0, 0xbf, 0xf0, 0x2, 0x70, 0x0,
    0x2, 0xca, 0x0,

    /* U+0049 "I" */
    0x0, 0x10, 0x38, 0x60, 0x0, 0x7, 0xdc, 0xff,
    0xf5, 0x0, 0x2, 0xef, 0xff, 0x80, 0x0, 0x0,
    0x18, 0xff, 0x0, 0x0, 0x0, 0x1, 0xff, 0x0,
    0x0, 0x0, 0x1, 0xff, 0x0, 0x0, 0x0, 0x2,
    0xff, 0x0, 0x0, 0x0, 0x2, 0xff, 0x0, 0x0,
    0x0, 0x2, 0xff, 0x0, 0x0, 0x0, 0x3, 0xff,
    0x0, 0x0, 0x0, 0x3, 0xff, 0x0, 0x0, 0x0,
    0x3, 0xff, 0x13, 0x0, 0x1a, 0xff, 0xff, 0xff,
    0x40, 0x2f, 0xff, 0xff, 0xff, 0xe0, 0x7, 0xfe,
    0xa8, 0x9c, 0xd1, 0x0, 0x0, 0x0, 0x0, 0x0,

    /* U+004A "J" */
    0x5, 0xa4, 0x69, 0xce, 0xe8, 0x3, 0xff, 0xff,
    0xff, 0xff, 0xf4, 0x7, 0xff, 0xff, 0xfa, 0x65,
    0x0, 0x2, 0x20, 0xdf, 0x20, 0x0, 0x0, 0x0,
    0xd, 0xf3, 0x0, 0x0, 0x0, 0x0, 0xdf, 0x40,
    0x0, 0x0, 0x0, 0xd, 0xf5, 0x0, 0x0, 0x0,
    0x0, 0xef, 0x50, 0x0, 0x0, 0x0, 0xf, 0xf6,
    0x0, 0x0, 0x0, 0x0, 0xff, 0x60, 0x0, 0x5,
    0x10, 0x3f, 0xf6, 0x0, 0x0, 0x5a, 0xb, 0xff,
    0x60, 0x0, 0x1, 0xfe, 0xff, 0xf3, 0x0, 0x0,
    0x8, 0xff, 0xfd, 0x0, 0x0, 0x0, 0x5, 0xdc,
    0x30, 0x0, 0x0,

    /* U+004B "K" */
    0x0, 0xb9, 0x10, 0x0, 0x0, 0x0, 0x0, 0xef,
    0x90, 0x6, 0x60, 0x0, 0x0, 0x7f, 0xc0, 0xa,
    0xfc, 0x0, 0x0, 0x7f, 0xc0, 0x2f, 0xff, 0x20,
    0x0, 0x8f, 0xa1, 0xdf, 0xf9, 0x0, 0x0, 0x9f,
    0xcd, 0xfe, 0x40, 0x0, 0x0, 0xaf, 0xfe, 0x63,
    0x0, 0x0, 0x4, 0xff, 0xf7, 0x1, 0x50, 0x0,
    0x1, 0xef, 0xff, 0xe8, 0xd1, 0x0, 0x0, 0xef,
    0xef, 0xff, 0xfc, 0x0, 0x23, 0xff, 0xa1, 0xbf,
    0xff, 0xa0, 0xf, 0xff, 0x90, 0x9, 0xff, 0xf4,
    0xc, 0xff, 0x70, 0x0, 0x6c, 0xe1, 0x5, 0xff,
    0x10, 0x0, 0x0, 0x0, 0x0, 0x21, 0x0, 0x0,
    0x0, 0x0,

    /* U+004C "L" */
    0x0, 0x22, 0x0, 0x0, 0x0, 0x0, 0x9f, 0xb0,
    0x0, 0x0, 0x0, 0x4f, 0xf6, 0x0, 0x0, 0x0,
    0x1f, 0xf9, 0x0, 0x0, 0x0, 0x1f, 0xfa, 0x0,
    0x0, 0x0, 0x2f, 0xf8, 0x0, 0x0, 0x0, 0x3f,
    0xf6, 0x0, 0x0, 0x0, 0x6f, 0xf4, 0x0, 0x0,
    0x0, 0x8f, 0xf1, 0x0, 0x0, 0x0, 0xbf, 0xd0,
    0x0, 0x0, 0x0, 0xef, 0xa0, 0x0, 0x0, 0x1,
    0xff, 0x70, 0x3, 0x0, 0x8, 0xff, 0xfe, 0xff,
    0x80, 0x2f, 0xff, 0xff, 0xff, 0xf6, 0x1f, 0xff,
    0xff, 0xff, 0xfb, 0x4, 0xfd, 0x62, 0x3, 0x62,
    0x0, 0x0, 0x0, 0x0, 0x0,

    /* U+004D "M" */
    0x0, 0x0, 0x0, 0x0, 0x0, 0x0, 0x0, 0x0,
    0x0, 0x0, 0x8f, 0x60, 0xb, 0xd4, 0x0, 0x0,
    0x0, 0x0, 0xcf, 0xe0, 0xb, 0xff, 0x30, 0x0,
    0x0, 0x0, 0x9f, 0xf6, 0x5, 0xff, 0xc0, 0x0,
    0x0, 0x0, 0xef, 0xfb, 0x9, 0xff, 0xf3, 0x0,
    0x0, 0x4, 0xff, 0xfe, 0xe, 0xff, 0xf8, 0x0,
    0x0, 0xa, 0xfe, 0xff, 0x3f, 0xf8, 0xfc, 0x0,
    0x0, 0x1f, 0xf8, 0xef, 0xbf, 0xa4, 0xff, 0x10,
    0x1, 0x9f, 0xf3, 0xcf, 0xff, 0x62, 0xff, 0x50,
    0x5, 0xff, 0xd0, 0xbf, 0xff, 0x10, 0xff, 0x90,
    0x9, 0xff, 0x80, 0xaf, 0xfc, 0x0, 0xef, 0xd0,
    0xd, 0xff, 0x20, 0x9f, 0xf6, 0x4, 0xdf, 0xf0,
    0x2f, 0xfc, 0x0, 0x5f, 0xf1, 0x3, 0xff, 0xf3,
    0x3f, 0xf6, 0x0, 0xb, 0xc0, 0x0, 0xbf, 0xf5,
    0xb, 0xc0, 0x0, 0x0, 0x0, 0x0, 0x1c, 0xf3,
    0x0, 0x0, 0x0, 0x0, 0x0, 0x0, 0x0, 0x40,

    /* U+004E "N" */
    0x0, 0x0, 0x0, 0x0, 0x0, 0x0, 0x0, 0x6c,
    0x40, 0x0, 0xaf, 0x70, 0x0, 0xbf, 0xe0, 0x0,
    0x9f, 0xf0, 0x0, 0x2f, 0xf7, 0x0, 0x5f, 0xf1,
    0x0, 0x3f, 0xff, 0x0, 0x7f, 0xf0, 0x0, 0x6f,
    0xff, 0x50, 0xaf, 0xc0, 0x0, 0x9f, 0xff, 0xa0,
    0xdf, 0x80, 0x0, 0xdf, 0xcf, 0xf1, 0xff, 0x50,
    0x0, 0xff, 0x5f, 0xf8, 0xff, 0x20, 0x4, 0xff,
    0x2c, 0xff, 0xff, 0x0, 0xf, 0xff, 0x8, 0xff,
    0xfd, 0x0, 0xf, 0xfc, 0x5, 0xff, 0xfa, 0x0,
    0x1f, 0xf9, 0x2, 0xff, 0xf8, 0x0, 0x3f, 0xf6,
    0x0, 0xdf, 0xf5, 0x0, 0x2f, 0xf4, 0x0, 0x6f,
    0xf3, 0x0, 0xa, 0xc0, 0x0, 0x8, 0xd0, 0x0,

    /* U+004F "O" */
    0x0, 0x0, 0x29, 0xfc, 0x40, 0x0, 0x0, 0x7,
    0xff, 0xff, 0xf6, 0x0, 0x0, 0x5f, 0xff, 0x98,
    0xef, 0x40, 0x1, 0xef, 0xf5, 0x0, 0x3f, 0xb0,
    0x8, 0xff, 0x80, 0x0, 0xf, 0xf0, 0xe, 0xff,
    0x0, 0x0, 0x1f, 0xf2, 0x1f, 0xfc, 0x0, 0x0,
    0x3f, 0xf3, 0x3f, 0xf9, 0x0, 0x0, 0x8f, 0xf3,
    0x4f, 0xf7, 0x0, 0x0, 0xdf, 0xf2, 0x1f, 0xf7,
    0x0, 0x8, 0xff, 0xf0, 0xc, 0xfa, 0x0, 0x6f,
    0xff, 0xb0, 0x9, 0xff, 0x8c, 0xff, 0xff, 0x50,
    0x2, 0xff, 0xff, 0xff, 0xfd, 0x0, 0x0, 0x4f,
    0xff, 0xff, 0xf3, 0x0, 0x0, 0x3, 0xdf, 0xfc,
    0x30, 0x0, 0x0, 0x0, 0x3, 0x20, 0x0, 0x0,

    /* U+0050 "P" */
    0x3, 0x25, 0xad, 0xfd, 0x80, 0x0, 0xdf, 0xff,
    0xff, 0xff, 0xc0, 0x5, 0xff, 0xc8, 0x5b, 0xff,
    0x60, 0xf, 0xf2, 0x0, 0xcf, 0xf8, 0x0, 0xef,
    0x30, 0x7f, 0xff, 0x30, 0xe, 0xf8, 0x8f, 0xff,
    0xa0, 0x0, 0xef, 0xff, 0xff, 0xd0, 0x0, 0xe,
    0xff, 0xff, 0xb1, 0x0, 0x0, 0xff, 0xfd, 0x60,
    0x0, 0x0, 0x1f, 0xfa, 0x0, 0x0, 0x0, 0x3,
    0xff, 0x70, 0x0, 0x0, 0x2, 0x8f, 0xf6, 0x0,
    0x0, 0x0, 0xe, 0xff, 0x50, 0x0, 0x0, 0x0,
    0x9f, 0xf3, 0x0, 0x0, 0x0, 0x1, 0xd9, 0x0,
    0x0, 0x0, 0x0,

    /* U+0051 "Q" */
    0x0, 0x4, 0xcf, 0xfc, 0x40, 0x0, 0x0, 0x0,
    0x2f, 0xff, 0xff, 0xf7, 0x0, 0x0, 0x0, 0xdf,
    0xff, 0x74, 0xcf, 0x70, 0x0, 0x6, 0xff, 0xc2,
    0x0, 0xe, 0xf2, 0x0, 0xd, 0xff, 0x10, 0x0,
    0x8, 0xf8, 0x0, 0x1f, 0xfa, 0x0, 0x0, 0x6,
    0xfd, 0x0, 0x3f, 0xf6, 0x0, 0x0, 0x6, 0xff,
    0x10, 0x3f, 0xf4, 0x0, 0x10, 0x7, 0xff, 0x20,
    0x1f, 0xf4, 0x8, 0xfd, 0x6b, 0xff, 0x30, 0xd,
    0xf7, 0x1, 0x7f, 0xff, 0xff, 0x10, 0xa, 0xfe,
    0x10, 0x5, 0xff, 0xfe, 0x0, 0x3, 0xff, 0xd8,
    0xaf, 0xff, 0xff, 0x80, 0x0, 0x7f, 0xff, 0xff,
    0xff, 0xff, 0xf2, 0x0, 0x5, 0xff, 0xff, 0xfe,
    0x5d, 0xe2, 0x0, 0x0, 0x19, 0xed, 0x80, 0x0,
    0x30,

    /* U+0052 "R" */
    0x0, 0x0, 0x0, 0x5a, 0xee, 0x91, 0x0, 0x0,
    0x1, 0x7e, 0xff, 0xff, 0xfe, 0x10, 0x0, 0xe,
    0xff, 0xe9, 0x7d, 0xff, 0x90, 0x0, 0x2, 0xfb,
    0x0, 0x8, 0xff, 0xb0, 0x0, 0x0, 0x9f, 0x30,
    0x2f, 0xff, 0x80, 0x0, 0x0, 0xbf, 0x51, 0xef,
    0xff, 0x20, 0x0, 0x0, 0xef, 0x8d, 0xff, 0xf6,
    0x0, 0x0, 0x4, 0xff, 0xff, 0xff, 0x50, 0x0,
    0x0, 0xa, 0xff, 0xff, 0xe3, 0x0, 0x0, 0x0,
    0x1f, 0xff, 0xfe, 0x40, 0x30, 0x0, 0x0, 0x8f,
    0xf5, 0xbf, 0xfb, 0xa0, 0x0, 0x9, 0xff, 0xe0,
    0xb, 0xff, 0xf9, 0x0, 0x1f, 0xff, 0x70, 0x0,
    0xcf, 0xff, 0x60, 0x4f, 0xfd, 0x0, 0x0, 0xb,
    0xff, 0xf1, 0xa, 0xd3, 0x0, 0x0, 0x0, 0x9f,
    0xe4,

    /* U+0053 "S" */
    0x0, 0x7, 0xdf, 0xc3, 0x0, 0x0, 0xc, 0xff,
    0xff, 0xf1, 0x0, 0xa, 0xff, 0xa4, 0x14, 0x10,
    0x1, 0xff, 0xb0, 0x0, 0x0, 0x0, 0x4f, 0xf4,
    0x0, 0x0, 0x0, 0x2, 0xff, 0x20, 0x0, 0x0,
    0x0, 0xd, 0xfd, 0x75, 0x20, 0x0, 0x0, 0x3e,
    0xff, 0xff, 0xe8, 0x0, 0x0, 0x1a, 0xff, 0xff,
    0xfd, 0x0, 0x0, 0x1, 0x5b, 0xff, 0xf8, 0x0,
    0x0, 0x0, 0xe, 0xff, 0xc2, 0xc4, 0x0, 0x1b,
    0xff, 0xf9, 0xe, 0xfc, 0xcf, 0xff, 0xff, 0x20,
    0x3d, 0xff, 0xff, 0xff, 0x60, 0x0, 0x7, 0xdf,
    0xea, 0x20, 0x0,

    /* U+0054 "T" */
    0x0, 0x32, 0x15, 0x8c, 0xfe, 0xa1, 0x2d, 0xfc,
    0xff, 0xff, 0xff, 0xfc, 0x1f, 0xff, 0xff, 0xfd,
    0xda, 0xa8, 0x3, 0xdc, 0x8c, 0xf8, 0x0, 0x0,
    0x0, 0x0, 0xa, 0xf8, 0x0, 0x0, 0x0, 0x0,
    0xb, 0xf9, 0x0, 0x0, 0x0, 0x0, 0xc, 0xfa,
    0x0, 0x0, 0x0, 0x0, 0xc, 0xfb, 0x0, 0x0,
    0x0, 0x0, 0xd, 0xfc, 0x0, 0x0, 0x0, 0x0,
    0xe, 0xfd, 0x0, 0x0, 0x0, 0x1, 0x1f, 0xfe,
    0x0, 0x0, 0x0, 0x0, 0xaf, 0xff, 0x0, 0x0,
    0x0, 0x0, 0x4f, 0xff, 0x0, 0x0, 0x0, 0x0,
    0xe, 0xff, 0x0, 0x0, 0x0, 0x0, 0x3, 0xe8,
    0x0, 0x0, 0x0, 0x0, 0x0, 0x0, 0x0, 0x0,

    /* U+0055 "U" */
    0x0, 0x0, 0x0, 0x0, 0x0, 0x9, 0xd1, 0x0,
    0xb, 0x80, 0xd, 0xf6, 0x0, 0xb, 0xf0, 0x1f,
    0xf6, 0x0, 0xb, 0xf2, 0x2f, 0xf5, 0x0, 0xb,
    0xf3, 0x3f, 0xf4, 0x0, 0xb, 0xf5, 0x4f, 0xf4,
    0x0, 0xb, 0xf7, 0x4f, 0xf4, 0x0, 0xc, 0xf9,
    0x4f, 0xf6, 0x0, 0xd, 0xfa, 0x4f, 0xf8, 0x0,
    0xe, 0xfb, 0x3f, 0xfa, 0x0, 0x2f, 0xfb, 0xe,
    0xfd, 0x0, 0x9f, 0xfb, 0xa, 0xff, 0x47, 0xff,
    0xf9, 0x2, 0xff, 0xff, 0xff, 0xf5, 0x0, 0x4e,
    0xff, 0xff, 0xd0, 0x0, 0x1, 0x9e, 0xfc, 0x20,

    /* U+0056 "V" */
    0x5, 0x10, 0x0, 0x0, 0xcf, 0xc1, 0x2f, 0xe3,
    0x0, 0x0, 0xe, 0xf9, 0x4f, 0xfb, 0x0, 0x0,
    0x2f, 0xfa, 0x6, 0xff, 0x20, 0x0, 0x8f, 0xf6,
    0x1, 0xff, 0x60, 0x0, 0xef, 0xf1, 0x0, 0xef,
    0xa0, 0x5, 0xff, 0x90, 0x0, 0xaf, 0xe0, 0xd,
    0xff, 0x10, 0x0, 0x6f, 0xf2, 0x6f, 0xf9, 0x0,
    0x0, 0x2f, 0xf7, 0xef, 0xf2, 0x0, 0x0, 0xe,
    0xff, 0xff, 0xa0, 0x0, 0x0, 0xb, 0xff, 0xff,
    0x20, 0x0, 0x0, 0x6, 0xff, 0xfb, 0x0, 0x0,
    0x0, 0x1, 0xff, 0xf3, 0x0, 0x0, 0x0, 0x0,
    0x4f, 0xa0, 0x0, 0x0, 0x0, 0x0, 0x1, 0x10,
    0x0, 0x0,

    /* U+0057 "W" */
    0x0, 0x0, 0x0, 0x0, 0x0, 0x0, 0x0, 0x3,
    0xfb, 0x0, 0xe, 0xf4, 0x0, 0x7f, 0x80, 0x1e,
    0xf7, 0x0, 0x9f, 0xe0, 0x6, 0xff, 0x0, 0xaf,
    0xb0, 0xc, 0xff, 0x50, 0x7f, 0xf0, 0x7, 0xff,
    0x0, 0xff, 0xf9, 0xb, 0xfc, 0x0, 0x4f, 0xf2,
    0x3f, 0xff, 0xc0, 0xff, 0x80, 0x2, 0xff, 0x57,
    0xff, 0xfe, 0x3f, 0xf4, 0x0, 0xf, 0xf8, 0xbf,
    0xbf, 0xf9, 0xff, 0x0, 0x0, 0xef, 0xaf, 0xf4,
    0xff, 0xff, 0xa0, 0x0, 0xc, 0xff, 0xff, 0xe,
    0xff, 0xf5, 0x0, 0x0, 0xaf, 0xff, 0xb0, 0xdf,
    0xff, 0x10, 0x0, 0x8, 0xff, 0xf6, 0xc, 0xff,
    0xc0, 0x0, 0x0, 0x4f, 0xff, 0x20, 0x8f, 0xf8,
    0x0, 0x0, 0x0, 0xef, 0xe0, 0x5, 0xff, 0x50,
    0x0, 0x0, 0x2, 0xe9, 0x0, 0x1e, 0xf2, 0x0,
    0x0, 0x0, 0x0, 0x0, 0x0, 0x24, 0x0, 0x0,

    /* U+0058 "X" */
    0x0, 0x0, 0x0, 0x2, 0x0, 0x0, 0x0, 0x0,
    0x0, 0x2f, 0xa0, 0x0, 0x7, 0x20, 0x0, 0x9f,
    0xf3, 0x0, 0xd, 0xf6, 0x0, 0x6f, 0xf6, 0x0,
    0x6, 0xff, 0x40, 0xdf, 0xf2, 0x0, 0x0, 0xbf,
    0xe9, 0xff, 0x90, 0x0, 0x0, 0x1e, 0xff, 0xfe,
    0x10, 0x0, 0x0, 0x3, 0xff, 0xf5, 0x0, 0x0,
    0x0, 0x2, 0xff, 0xf3, 0x0, 0x0, 0x0, 0xb,
    0xff, 0xfe, 0x22, 0x0, 0x0, 0x5f, 0xfb, 0xff,
    0xd8, 0x0, 0x4, 0xff, 0xf1, 0x9f, 0xfe, 0x0,
    0x9, 0xff, 0x80, 0x1f, 0xff, 0x50, 0x1f, 0xff,
    0x10, 0x5, 0xff, 0xd0, 0x3f, 0xf8, 0x0, 0x0,
    0x8f, 0xf2, 0xb, 0xc0, 0x0, 0x0, 0x5, 0x80,

    /* U+0059 "Y" */
    0x0, 0x0, 0x0, 0x1, 0xd7, 0x0, 0x0, 0x0,
    0x0, 0x5d, 0xff, 0xa0, 0x2e, 0x60, 0x5, 0x28,
    0xff, 0xf0, 0xf, 0xf4, 0x54, 0x2f, 0xff, 0xa0,
    0xc, 0xff, 0xb4, 0xef, 0xb3, 0x0, 0x6, 0xff,
    0xff, 0xd4, 0x0, 0x0, 0x0, 0xbf, 0xff, 0x50,
    0x0, 0x0, 0x0, 0x1, 0xaf, 0x80, 0x0, 0x0,
    0x0, 0x0, 0xaf, 0x90, 0x0, 0x0, 0x0, 0x0,
    0xbf, 0x90, 0x0, 0x0, 0x0, 0x0, 0xdf, 0x90,
    0x0, 0x0, 0x0, 0x3, 0xef, 0xa0, 0x0, 0x0,
    0x0, 0x8, 0xff, 0x90, 0x0, 0x0, 0x0, 0x1,
    0xff, 0x80, 0x0, 0x0, 0x0, 0x0, 0x4b, 0x20,
    0x0, 0x0,

    /* U+005A "Z" */
    0x0, 0x5, 0x10, 0x5b, 0xf9, 0x0, 0x0, 0x19,
    0xfa, 0xff, 0xff, 0xfa, 0x0, 0x2, 0xff, 0xff,
    0xff, 0xff, 0xf0, 0x0, 0x6, 0xff, 0xcc, 0xff,
    0xf9, 0x0, 0x0, 0x0, 0x0, 0x6f, 0xf7, 0x0,
    0x0, 0x0, 0x0, 0xd, 0xf8, 0x0, 0x0, 0x0,
    0x0, 0x5, 0xfe, 0x0, 0x0, 0x0, 0x0, 0x0,
    0xdf, 0x70, 0x0, 0x0, 0x0, 0x0, 0x8f, 0xe0,
    0x0, 0x0, 0x0, 0x0, 0x4f, 0xf4, 0x0, 0x0,
    0x0, 0x0, 0x5f, 0xf8, 0x0, 0x0, 0x0, 0x0,
    0x8f, 0xff, 0x57, 0x98, 0x92, 0x0, 0x3f, 0xff,
    0xff, 0xff, 0xff, 0xf3, 0x0, 0xcf, 0xff, 0xff,
    0xff, 0xff, 0xe0, 0x0, 0x68, 0x88, 0x89, 0xbd,
    0xfa, 0x0,

    /* U+005B "[" */
    0x0, 0x0, 0x15, 0x62, 0x0, 0x0, 0x5b, 0xff,
    0xff, 0xa0, 0x5f, 0xff, 0xff, 0xff, 0xf3, 0x1d,
    0xff, 0xff, 0xfd, 0xa0, 0xa, 0xfa, 0x21, 0x0,
    0x0, 0xb, 0xf9, 0x0, 0x0, 0x0, 0xe, 0xfa,
    0x0, 0x0, 0x0, 0x1f, 0xfb, 0x0, 0x0, 0x0,
    0x4f, 0xfc, 0x0, 0x0, 0x0, 0x7f, 0xfb, 0x0,
    0x0, 0x0, 0x9f, 0xfa, 0x0, 0x0, 0x0, 0xbf,
    0xf9, 0x0, 0x0, 0x0, 0xcf, 0xf8, 0x0, 0x0,
    0x0, 0xdf, 0xf7, 0x0, 0x0, 0x0, 0xef, 0xfe,
    0xad, 0xea, 0x20, 0xaf, 0xff, 0xff, 0xff, 0xd0,
    0x2e, 0xff, 0xff, 0xff, 0xc0, 0x2, 0x65, 0x31,
    0x0, 0x0,

    /* U+005C "\\" */
    0x1c, 0x70, 0x8, 0xfa, 0x0, 0x9f, 0xc0, 0x8,
    0xfe, 0x0, 0x5f, 0xf1, 0x3, 0xff, 0x30, 0xf,
    0xf6, 0x0, 0xdf, 0x90, 0xa, 0xfc, 0x0, 0x7f,
    0xf0, 0x5, 0xff, 0x20, 0x2f, 0xf5, 0x0, 0xef,
    0x80, 0xb, 0xfb, 0x0, 0x9f, 0xd0, 0x7, 0xfb,
    0x0, 0x3f, 0x30,

    /* U+005D "]" */
    0x0, 0x37, 0xbe, 0xe9, 0x10, 0x1f, 0xff, 0xff,
    0xff, 0xb0, 0x8, 0xff, 0xff, 0xff, 0xe0, 0x0,
    0x23, 0x4f, 0xff, 0x40, 0x0, 0x0, 0xe, 0xfc,
    0x0, 0x0, 0x0, 0xf, 0xfc, 0x0, 0x0, 0x0,
    0x1f, 0xfc, 0x0, 0x0, 0x0, 0x3f, 0xfd, 0x0,
    0x0, 0x0, 0x4f, 0xfc, 0x0, 0x0, 0x0, 0x5f,
    0xfc, 0x0, 0x0, 0x0, 0x6f, 0xfc, 0x0, 0x0,
    0x0, 0x6f, 0xfc, 0x0, 0x0, 0x0, 0x7f, 0xfb,
    0x0, 0x0, 0x0, 0x7f, 0xfb, 0x0, 0x1, 0x6b,
    0xff, 0xfb, 0x0, 0xaf, 0xff, 0xff, 0xfc, 0x0,
    0x6f, 0xff, 0xff, 0xf9, 0x0, 0x1, 0x22, 0x22,
    0x10, 0x0,

    /* U+005E "^" */
    0x0, 0x0, 0x0, 0x0, 0x0, 0x0, 0xa, 0xfc,
    0x30, 0x0, 0x0, 0xaf, 0xff, 0xf5, 0x0, 0x6,
    0xff, 0x84, 0xff, 0x40, 0x1f, 0xfc, 0x0, 0x9f,
    0xe1, 0x2f, 0xf3, 0x0, 0xb, 0xf7, 0x5, 0x50,
    0x0, 0x0, 0x52,

    /* U+005F "_" */
    0x0, 0x0, 0x0, 0x1, 0x30, 0x0, 0x0, 0x48,
    0xcf, 0xff, 0xe1, 0x2f, 0xff, 0xff, 0xff, 0xff,
    0x60, 0x5e, 0xfe, 0xb8, 0x77, 0x50,

    /* U+0060 "`" */
    0x5b, 0x0, 0x3, 0xfa, 0x0, 0x1f, 0xf4, 0x0,
    0x7f, 0xd0, 0x0, 0x5e, 0x10,

    /* U+0061 "a" */
    0x0, 0x5c, 0xfd, 0x60, 0x0, 0x9, 0xf8, 0x37,
    0xf6, 0x0, 0x9, 0x12, 0x76, 0xde, 0x0, 0x0,
    0xaf, 0xfd, 0xff, 0x20, 0xb, 0xff, 0x60, 0xff,
    0x30, 0x2f, 0xf9, 0x5, 0xff, 0x10, 0x5f, 0xf5,
    0xc, 0xfe, 0x0, 0x2f, 0xfb, 0xbf, 0xfd, 0x0,
    0xc, 0xff, 0xff, 0xff, 0xb4, 0x1, 0x8d, 0xfd,
    0xbd, 0xe1,

    /* U+0062 "b" */
    0x4, 0x0, 0x0, 0x0, 0x3, 0xfe, 0x20, 0x0,
    0x0, 0x1b, 0xf7, 0x0, 0x0, 0x0, 0x9f, 0x80,
    0x0, 0x0, 0x9, 0xf7, 0x0, 0x0, 0x0, 0xaf,
    0xfd, 0xe7, 0x0, 0xb, 0xff, 0xff, 0xf8, 0x0,
    0xbf, 0xf9, 0xcf, 0xf1, 0xd, 0xf6, 0x2, 0xff,
    0x30, 0xef, 0x20, 0x5f, 0xf3, 0xf, 0xf2, 0xd,
    0xff, 0x12, 0xff, 0x28, 0xff, 0xc0, 0x3f, 0xff,
    0xff, 0xf3, 0x1, 0xff, 0xff, 0xf5, 0x0, 0x8,
    0xff, 0xf5, 0x0, 0x0, 0x1, 0x20, 0x0, 0x0,

    /* U+0063 "c" */
    0x0, 0x19, 0xee, 0x70, 0x0, 0xdf, 0xff, 0xf3,
    0x9, 0xff, 0xb2, 0x0, 0x1f, 0xfb, 0x0, 0x0,
    0x5f, 0xf4, 0x0, 0x0, 0x4f, 0xf1, 0x0, 0x0,
    0xf, 0xf3, 0x19, 0xd5, 0xb, 0xfe, 0xef, 0xfc,
    0x1, 0xdf, 0xff, 0xf4, 0x0, 0x8, 0xeb, 0x30,

    /* U+0064 "d" */
    0x0, 0x0, 0x1, 0x10, 0x0, 0x0, 0x0, 0x9f,
    0x80, 0x0, 0x0, 0xb, 0xff, 0x20, 0x0, 0x0,
    0x4f, 0xf4, 0x0, 0x0, 0x2, 0xff, 0x40, 0x0,
    0x0, 0x4f, 0xf1, 0x0, 0x3c, 0xff, 0xff, 0x0,
    0x1f, 0xff, 0xff, 0xd0, 0x9, 0xff, 0x9c, 0xfc,
    0x0, 0xff, 0xd0, 0xaf, 0xb0, 0x3f, 0xf7, 0xc,
    0xfa, 0x5, 0xff, 0x30, 0xff, 0xa0, 0x5f, 0xf3,
    0x8f, 0xfd, 0x21, 0xff, 0xff, 0xff, 0xf6, 0x9,
    0xff, 0xff, 0xff, 0x60, 0x7, 0xfd, 0x37, 0xf6,
    0x0, 0x0, 0x0, 0x0, 0x0,

    /* U+0065 "e" */
    0x0, 0x2b, 0xfe, 0x80, 0x0, 0x1, 0xef, 0xff,
    0xfc, 0x0, 0xa, 0xfe, 0x21, 0xff, 0x50, 0x1f,
    0xfc, 0x6d, 0xff, 0x60, 0x4f, 0xff, 0xff, 0xfe,
    0x10, 0x5f, 0xff, 0xff, 0xb1, 0x15, 0xf, 0xfc,
    0x62, 0x8, 0xf5, 0xa, 0xff, 0xaa, 0xff, 0xe0,
    0x0, 0xbf, 0xff, 0xff, 0x50, 0x0, 0x4, 0xae,
    0xe6, 0x0,

    /* U+0066 "f" */
    0x0, 0x1, 0xde, 0x70, 0x0, 0x8, 0xff, 0xf4,
    0x0, 0xb, 0xfe, 0x83, 0x0, 0xc, 0xf7, 0x0,
    0x6, 0x9e, 0xfe, 0x90, 0xe, 0xff, 0xff, 0xf5,
    0x3, 0xdf, 0xf9, 0x40, 0x0, 0xe, 0xf5, 0x0,
    0x0, 0xe, 0xf6, 0x0, 0x0, 0xf, 0xf5, 0x0,
    0x0, 0x3f, 0xf5, 0x0, 0x31, 0x7f, 0xf3, 0x0,
    0x5b, 0xef, 0xf0, 0x0, 0x2f, 0xff, 0x80, 0x0,
    0x4, 0xed, 0x10, 0x0,

    /* U+0067 "g" */
    0x0, 0x1b, 0xfd, 0x60, 0x0, 0xd, 0xff, 0xff,
    0x90, 0x4, 0xff, 0x69, 0xff, 0x10, 0x9f, 0xe0,
    0x8f, 0xf2, 0xc, 0xfb, 0x8, 0xff, 0x20, 0xef,
    0x90, 0x9f, 0xf3, 0xf, 0xf9, 0xb, 0xff, 0x30,
    0xbf, 0xea, 0xff, 0xf3, 0x2, 0xff, 0xff, 0xff,
    0x40, 0x5, 0xef, 0xff, 0xf3, 0x0, 0x0, 0x4,
    0xff, 0x20, 0x0, 0x0, 0x6f, 0xf1, 0x21, 0x0,
    0xa, 0xff, 0x5, 0x80, 0x1, 0xff, 0xc0, 0x3f,
    0x88, 0xdf, 0xf8, 0x0, 0xcf, 0xff, 0xff, 0x20,
    0x0, 0x8e, 0xfe, 0x40, 0x0,

    /* U+0068 "h" */
    0x0, 0x4c, 0x40, 0x0, 0x0, 0x7, 0xfe, 0x0,
    0x0, 0x0, 0x5f, 0xf1, 0x0, 0x0, 0x4, 0xff,
    0x0, 0x0, 0x0, 0x6f, 0xd0, 0x0, 0x0, 0xa,
    0xff, 0xde, 0x40, 0x0, 0xdf, 0xff, 0xfc, 0x0,
    0x1f, 0xfe, 0x8f, 0xd0, 0x6, 0xff, 0x67, 0xfb,
    0x0, 0xaf, 0xf1, 0xaf, 0x80, 0xd, 0xfa, 0xd,
    0xf6, 0x1, 0xff, 0x60, 0xff, 0xc2, 0x4f, 0xf3,
    0xc, 0xff, 0x13, 0xff, 0x10, 0x6f, 0xf0, 0x9,
    0xd0, 0x0, 0x8c, 0x0,

    /* U+0069 "i" */
    0x0, 0x10, 0x0, 0x4e, 0xc0, 0x3f, 0xff, 0x30,
    0x3b, 0x80, 0x0, 0x0, 0x0, 0x10, 0x0, 0xd,
    0xe1, 0x2, 0xcf, 0x80, 0x8, 0xf8, 0x0, 0xaf,
    0x60, 0xc, 0xf3, 0x0, 0xef, 0x20, 0xf, 0xf8,
    0x0, 0xef, 0xc0, 0x8, 0xfb, 0x0, 0xa, 0x90,

    /* U+006A "j" */
    0x0, 0x0, 0x10, 0x0, 0x0, 0x4f, 0x90, 0x0,
    0x8f, 0xff, 0x0, 0x3, 0xdd, 0x80, 0x0, 0x1,
    0x0, 0x0, 0x0, 0x10, 0x0, 0x0, 0x1f, 0xd1,
    0x0, 0x2, 0xef, 0x90, 0x0, 0xe, 0xfa, 0x0,
    0x0, 0xff, 0x80, 0x0, 0x1f, 0xf7, 0x0, 0x2,
    0xff, 0x50, 0x0, 0x3f, 0xf4, 0x0, 0x4, 0xff,
    0x30, 0x0, 0x5f, 0xf2, 0x0, 0x6, 0xff, 0x10,
    0x0, 0x7f, 0xf0, 0x0, 0x9, 0xff, 0x0, 0x6,
    0xbf, 0xe0, 0x8, 0xcf, 0xfd, 0x0, 0xef, 0xff,
    0x90, 0xb, 0xff, 0xf2, 0x0, 0x1b, 0xe5, 0x0,
    0x0,

    /* U+006B "k" */
    0x0, 0x0, 0x0, 0x0, 0x0, 0x8, 0xfb, 0x0,
    0x0, 0x0, 0x3, 0xef, 0x20, 0x0, 0x0, 0x0,
    0xdf, 0x40, 0x0, 0x0, 0x0, 0xef, 0x30, 0x0,
    0x0, 0x0, 0xff, 0x30, 0x0, 0x0, 0x2, 0xff,
    0x9d, 0xe8, 0x0, 0x3, 0xff, 0xff, 0xff, 0xa0,
    0x5, 0xff, 0xb6, 0xff, 0xe0, 0x7, 0xfc, 0x6,
    0xff, 0x80, 0x9, 0xfc, 0x7f, 0xe9, 0x0, 0x1b,
    0xff, 0xff, 0x23, 0x0, 0x5f, 0xff, 0xff, 0xda,
    0x40, 0x5f, 0xfa, 0x4d, 0xff, 0xe1, 0x5f, 0xf8,
    0x0, 0xbf, 0xf9, 0xc, 0xe2, 0x0, 0x6, 0xe7,
    0x0, 0x0, 0x0, 0x0, 0x0,

    /* U+006C "l" */
    0x9, 0xb3, 0x0, 0xef, 0xe0, 0x36, 0xff, 0x20,
    0x3f, 0xf2, 0x5, 0xfe, 0x0, 0x8f, 0xb0, 0xa,
    0xf8, 0x0, 0xcf, 0x60, 0xe, 0xf4, 0x0, 0xff,
    0x30, 0x1f, 0xfc, 0x13, 0xff, 0xf0, 0x1f, 0xff,
    0x0, 0xbf, 0xe0, 0x0, 0xba, 0x0,

    /* U+006D "m" */
    0x0, 0x0, 0x0, 0x0, 0x1, 0x0, 0x5, 0x82,
    0x9e, 0x64, 0xef, 0x80, 0x5, 0xff, 0xff, 0xff,
    0xef, 0xf1, 0x2, 0xff, 0x29, 0xfb, 0x2f, 0xf1,
    0x5, 0xfe, 0xc, 0xf6, 0x4f, 0xd0, 0x9, 0xfb,
    0xf, 0xf4, 0x6f, 0xb0, 0xe, 0xf8, 0x2f, 0xf2,
    0x8f, 0xa0, 0x4f, 0xf5, 0x5f, 0xf0, 0x9f, 0xc0,
    0x2f, 0xf2, 0x2f, 0xd0, 0x7f, 0xf0, 0x2, 0x50,
    0x3, 0x40, 0x1e, 0xe0, 0x0, 0x0, 0x0, 0x0,
    0x1, 0x10,

    /* U+006E "n" */
    0x0, 0x0, 0x5, 0xf9, 0x0, 0x65, 0x5, 0xff,
    0xf7, 0xd, 0xfd, 0xff, 0xff, 0xc0, 0x4f, 0xfd,
    0x29, 0xfd, 0x5, 0xff, 0x50, 0xbf, 0xb0, 0x8f,
    0xf1, 0xe, 0xf8, 0xd, 0xfb, 0x1, 0xff, 0x93,
    0xff, 0x70, 0x3f, 0xfa, 0x4f, 0xf2, 0x2, 0xff,
    0x80, 0xbd, 0x0, 0xa, 0xf8, 0x0, 0x0, 0x0,
    0x7, 0x20,

    /* U+006F "o" */
    0x0, 0x0, 0x0, 0x0, 0x0, 0x1, 0xaf, 0xc2,
    0x0, 0x1, 0xef, 0xef, 0xf2, 0x0, 0x9f, 0xb0,
    0x5f, 0xa0, 0x1f, 0xf2, 0x4, 0xfe, 0x4, 0xfd,
    0x0, 0x6f, 0xf0, 0x5f, 0xb0, 0xb, 0xff, 0x2,
    0xfe, 0x3, 0xff, 0xc0, 0xd, 0xfc, 0xff, 0xf5,
    0x0, 0x4f, 0xff, 0xfb, 0x0, 0x0, 0x2b, 0xea,
    0x10, 0x0,

    /* U+0070 "p" */
    0x0, 0x5, 0xbf, 0xc4, 0x0, 0x2, 0xdf, 0xff,
    0xff, 0x50, 0x9, 0xfc, 0x88, 0xef, 0xe0, 0x3,
    0xf6, 0x0, 0x7f, 0xf3, 0x3, 0xf8, 0x0, 0xdf,
    0xf2, 0x3, 0xf9, 0x8, 0xff, 0xd0, 0x4, 0xfe,
    0x6f, 0xff, 0x40, 0x4, 0xff, 0xff, 0xf6, 0x0,
    0x4, 0xff, 0xff, 0x50, 0x0, 0x5, 0xff, 0x92,
    0x0, 0x0, 0x6, 0xf9, 0x0, 0x0, 0x0, 0x5a,
    0xf8, 0x0, 0x0, 0x0, 0x3f, 0xf8, 0x0, 0x0,
    0x0, 0x2f, 0xf8, 0x0, 0x0, 0x0, 0x1f, 0xf7,
    0x0, 0x0, 0x0, 0xc, 0xf4, 0x0, 0x0, 0x0,
    0x1, 0x70, 0x0, 0x0, 0x0,

    /* U+0071 "q" */
    0x0, 0x9, 0xed, 0x30, 0x0, 0xc, 0xff, 0xff,
    0x40, 0x8, 0xff, 0xd7, 0xff, 0x0, 0xff, 0xc0,
    0x5f, 0xf0, 0x3f, 0xf3, 0xc, 0xfb, 0x5, 0xff,
    0x4, 0xff, 0x70, 0x4f, 0xf8, 0xef, 0xf3, 0x0,
    0xff, 0xff, 0xff, 0x0, 0xa, 0xff, 0xff, 0xe0,
    0x0, 0xb, 0xff, 0xfd, 0x0, 0x0, 0x0, 0x5f,
    0xc0, 0x0, 0x0, 0x4, 0xfe, 0x40, 0x0, 0x0,
    0x6f, 0xfa, 0x0, 0x0, 0x7, 0xff, 0x70, 0x0,
    0x0, 0x5f, 0xf5, 0x0, 0x0, 0x0, 0xff, 0x40,
    0x0, 0x0, 0x6, 0xf1, 0x0, 0x0, 0x0, 0x0,
    0x0,

    /* U+0072 "r" */
    0xc, 0x90, 0x0, 0x0, 0x0, 0xdf, 0x60, 0x0,
    0x0, 0x7, 0xfc, 0x5e, 0xf9, 0x0, 0x8f, 0xff,
    0xff, 0xf4, 0xa, 0xff, 0xb8, 0x25, 0x10, 0xdf,
    0xc0, 0x0, 0x0, 0x1f, 0xf7, 0x0, 0x0, 0x4,
    0xff, 0x30, 0x0, 0x0, 0x5f, 0xf1, 0x0, 0x0,
    0x0, 0xbe, 0x0, 0x0, 0x0, 0x0, 0x0, 0x0,
    0x0, 0x0,

    /* U+0073 "s" */
    0x0, 0x5d, 0xfc, 0x30, 0x0, 0x6f, 0xff, 0xff,
    0x10, 0xe, 0xff, 0x62, 0x20, 0x0, 0xdf, 0xa0,
    0x0, 0x0, 0x7, 0xff, 0xda, 0x40, 0x0, 0x5,
    0xef, 0xff, 0xa0, 0x2, 0x0, 0x5f, 0xff, 0x64,
    0xf7, 0x7c, 0xff, 0xf4, 0x1e, 0xff, 0xff, 0xf9,
    0x0, 0x19, 0xff, 0xc5, 0x0, 0x0, 0x0, 0x0,
    0x0, 0x0,

    /* U+0074 "t" */
    0x0, 0x0, 0x0, 0x0, 0x0, 0x0, 0x1f, 0xe4,
    0x0, 0x0, 0x4, 0xff, 0xe0, 0x0, 0x0, 0xa,
    0xff, 0x0, 0x0, 0x0, 0xcf, 0xf0, 0x0, 0x1,
    0xd, 0xff, 0xa2, 0x29, 0xd9, 0xff, 0xff, 0x93,
    0xff, 0xff, 0xfb, 0x61, 0x3, 0xac, 0xff, 0x20,
    0x0, 0x0, 0x6f, 0xf0, 0x0, 0x0, 0x8, 0xfe,
    0x3, 0x0, 0x0, 0xaf, 0xd1, 0x40, 0x0, 0xc,
    0xff, 0xb3, 0x0, 0x0, 0x9f, 0xff, 0x20, 0x0,
    0x3, 0xff, 0xf0, 0x0, 0x0, 0x3, 0xdb, 0x0,

    /* U+0075 "u" */
    0x6, 0x30, 0x9, 0xb1, 0x0, 0xff, 0x40, 0x9f,
    0x90, 0x1f, 0xf7, 0x7, 0xfa, 0x0, 0xff, 0x50,
    0x9f, 0x90, 0x2f, 0xf3, 0xc, 0xf7, 0x4, 0xff,
    0x24, 0xff, 0x50, 0x5f, 0xf8, 0xef, 0xf4, 0x1,
    0xff, 0xff, 0xff, 0xf0, 0x9, 0xff, 0xff, 0xff,
    0x0, 0x6, 0xee, 0x3c, 0xd0, 0x0, 0x0, 0x0,
    0x0, 0x0,

    /* U+0076 "v" */
    0x0, 0x0, 0x0, 0x4c, 0x60, 0x3f, 0xa1, 0x0,
    0x2f, 0xf1, 0x9, 0xfb, 0x0, 0x9f, 0xe0, 0x2,
    0xff, 0x22, 0xff, 0x70, 0x0, 0xff, 0x5b, 0xfe,
    0x0, 0x0, 0xdf, 0xcf, 0xf6, 0x0, 0x0, 0xcf,
    0xff, 0xc0, 0x0, 0x0, 0xcf, 0xff, 0x30, 0x0,
    0x0, 0x8f, 0xf9, 0x0, 0x0, 0x0, 0xb, 0xf1,
    0x0, 0x0, 0x0, 0x0, 0x0, 0x0, 0x0,

    /* U+0077 "w" */
    0x3, 0x0, 0x3, 0x10, 0xc, 0x90, 0x2e, 0xb0,
    0xd, 0xc0, 0xa, 0xf3, 0x6, 0xf6, 0xd, 0xf5,
    0xe, 0xf2, 0x5, 0xf9, 0x2f, 0xfa, 0x4f, 0xe0,
    0x5, 0xfa, 0x9f, 0xfe, 0xaf, 0x90, 0x5, 0xfd,
    0xff, 0xff, 0xff, 0x40, 0x5, 0xff, 0xfa, 0xbf,
    0xfe, 0x0, 0x5, 0xff, 0xf2, 0x7f, 0xf9, 0x0,
    0x2, 0xff, 0xb0, 0x1f, 0xf4, 0x0, 0x0, 0x9e,
    0x30, 0x8, 0xe0, 0x0, 0x0, 0x0, 0x0, 0x0,
    0x0, 0x0,

    /* U+0078 "x" */
    0x0, 0x0, 0x0, 0x3b, 0x50, 0x3e, 0xd2, 0xc,
    0xfd, 0x6, 0xaf, 0xe5, 0xff, 0x40, 0x0, 0x8f,
    0xff, 0x90, 0x0, 0x2, 0xff, 0xc0, 0x0, 0x0,
    0xbf, 0xfc, 0x0, 0x1, 0x9f, 0xff, 0xfb, 0x0,
    0xbf, 0xf7, 0xbf, 0xf2, 0x4f, 0xfa, 0x3, 0xff,
    0x91, 0xdc, 0x0, 0x4, 0xd9,

    /* U+0079 "y" */
    0x0, 0x34, 0x0, 0xd, 0xa1, 0x0, 0xdf, 0x90,
    0xe, 0xf9, 0x0, 0xf, 0xf1, 0xc, 0xfc, 0x0,
    0xf, 0xf3, 0xf, 0xfa, 0x0, 0x1f, 0xf4, 0x3f,
    0xf7, 0x0, 0x4f, 0xf4, 0xaf, 0xf4, 0x0, 0x9f,
    0xff, 0xff, 0xf1, 0x1, 0xff, 0xff, 0xff, 0xf0,
    0x2, 0xff, 0xf7, 0xcf, 0xe0, 0x0, 0x8f, 0x70,
    0xbf, 0xe0, 0x0, 0x0, 0x0, 0xdf, 0xd0, 0x0,
    0x0, 0x1, 0xff, 0xc0, 0x8, 0x0, 0x9, 0xff,
    0xb0, 0x7, 0xb1, 0x5f, 0xff, 0x70, 0x1, 0xef,
    0xff, 0xff, 0x10, 0x0, 0x2d, 0xff, 0xf6, 0x0,
    0x0, 0x0, 0x67, 0x20, 0x0,

    /* U+007A "z" */
    0x0, 0x3a, 0x57, 0xdc, 0x20, 0x0, 0x5f, 0xff,
    0xff, 0xfb, 0x0, 0x1, 0xef, 0xff, 0xff, 0x80,
    0x0, 0x1, 0x6c, 0xff, 0x90, 0x0, 0x0, 0x2,
    0xef, 0xb0, 0x0, 0x0, 0x1, 0xdf, 0xd0, 0x0,
    0x0, 0x1, 0xcf, 0xe2, 0x0, 0x10, 0x0, 0xcf,
    0xfb, 0x6a, 0xab, 0x0, 0x5f, 0xff, 0xff, 0xff,
    0xfa, 0x1, 0xef, 0xff, 0xff, 0xff, 0xf1, 0x2,
    0x63, 0x10, 0x3, 0x55, 0x0,

    /* U+007B "{" */
    0x0, 0xae, 0x40, 0x5, 0xff, 0xe0, 0x9, 0xff,
    0xf8, 0xa, 0xff, 0x88, 0xb, 0xfb, 0x0, 0xa,
    0xfa, 0x0, 0xc, 0xfb, 0x0, 0xdf, 0xfb, 0x0,
    0x7f, 0xfb, 0x0, 0x9, 0xfa, 0x0, 0xa, 0xf8,
    0x0, 0xe, 0xf7, 0x0, 0x1f, 0xf5, 0x0, 0x1f,
    0xf4, 0x16, 0xc, 0xfa, 0xd3, 0x7, 0xff, 0xf0,
    0x0, 0x9f, 0x80, 0x0, 0x1, 0x0,

    /* U+007C "|" */
    0xe, 0xa0, 0x3f, 0xf5, 0xe, 0xf9, 0xd, 0xfb,
    0xc, 0xfc, 0xb, 0xfc, 0xb, 0xfb, 0xc, 0xfb,
    0xd, 0xfb, 0xd, 0xfa, 0xe, 0xfa, 0xf, 0xfa,
    0xf, 0xf9, 0xf, 0xf9, 0xf, 0xf9, 0xa, 0xf9,
    0x2, 0xe5,

    /* U+007D "}" */
    0x0, 0x0, 0x0, 0x4, 0xde, 0x50, 0x0, 0x35,
    0xff, 0x20, 0x0, 0xf, 0xf6, 0x0, 0x1, 0xff,
    0x70, 0x0, 0x4f, 0xf5, 0x0, 0x4, 0xff, 0x30,
    0x0, 0xf, 0xf8, 0x0, 0x0, 0x9f, 0xfd, 0x10,
    0x1, 0xff, 0xf6, 0x0, 0x3f, 0xf8, 0x10, 0x6,
    0xff, 0x0, 0x0, 0x9f, 0xe0, 0x0, 0xb, 0xfe,
    0x0, 0x0, 0xef, 0xe0, 0x0, 0x3f, 0xfc, 0x0,
    0x9d, 0xff, 0x70, 0x3, 0xef, 0xc0, 0x0, 0x0,
    0x20, 0x0, 0x0,

    /* U+007E "~" */
    0x0, 0x39, 0xed, 0x80, 0x0, 0x0, 0x1, 0x0,
    0x9f, 0xff, 0xff, 0xd2, 0x0, 0x2, 0xd2, 0x3f,
    0xfc, 0x65, 0xdf, 0xe4, 0x7, 0xff, 0x40, 0xea,
    0x0, 0x1, 0xdf, 0xff, 0xff, 0xf2, 0x2, 0x30,
    0x0, 0x1, 0xcf, 0xff, 0xfc, 0x0, 0x0, 0x0,
    0x0, 0x0, 0x6c, 0xfc, 0x10,

    /* U+4E8E "于" */
    0x0, 0x1, 0x2, 0x6c, 0xeb, 0x10, 0x0, 0x0,
    0x2, 0xed, 0xef, 0xff, 0xfa, 0x0, 0x0, 0x0,
    0xc, 0xff, 0xff, 0xfd, 0x40, 0x0, 0x0, 0x0,
    0x8, 0xef, 0xd4, 0x0, 0x0, 0x0, 0x0, 0x2,
    0x6b, 0xff, 0xa6, 0x64, 0x0, 0x0, 0x3, 0x23,
    0x6f, 0xff, 0xff, 0xfe, 0x20, 0x4, 0x36, 0xce,
    0xff, 0xff, 0xff, 0xfe, 0x4, 0xfe, 0xff, 0xff,
    0xf8, 0x0, 0x37, 0x81, 0x6, 0xef, 0xd3, 0xcf,
    0x70, 0x0, 0x0, 0x0, 0x0, 0x20, 0xc, 0xf7,
    0x0, 0x0, 0x0, 0x0, 0x0, 0x0, 0xdf, 0x70,
    0x0, 0x0, 0x0, 0x0, 0x30, 0xf, 0xf8, 0x0,
    0x0, 0x0, 0x0, 0x1, 0xcd, 0xff, 0xa0, 0x0,
    0x0, 0x0, 0x0, 0x5, 0xef, 0xfb, 0x0, 0x0,
    0x0, 0x0, 0x0, 0xa, 0xff, 0x70, 0x0, 0x0,
    0x0, 0x0, 0x0, 0x7, 0xa0, 0x0, 0x0, 0x0,

    /* U+524D "前" */
    0x0, 0x0, 0x0, 0x0, 0x0, 0x69, 0x20, 0x0,
    0x0, 0x0, 0x0, 0x0, 0x3, 0xaf, 0xfd, 0x0,
    0x0, 0x0, 0x0, 0xa, 0xca, 0xaa, 0xff, 0xd0,
    0x0, 0x0, 0x0, 0x7, 0xff, 0xc8, 0xfb, 0x40,
    0x0, 0x0, 0x0, 0x0, 0xbf, 0xe8, 0xfe, 0xcd,
    0xee, 0xc4, 0x0, 0x0, 0x38, 0xff, 0xea, 0x64,
    0x6e, 0xff, 0xf5, 0xb, 0xdf, 0xff, 0xa6, 0x10,
    0x7, 0xff, 0xaf, 0x91, 0xff, 0xfc, 0x5c, 0xff,
    0x20, 0x1f, 0xf4, 0x0, 0x3, 0xa7, 0x1b, 0xef,
    0xf7, 0x14, 0xef, 0x20, 0x0, 0x0, 0x64, 0x8b,
    0xff, 0xaf, 0x3d, 0xf0, 0x0, 0x0, 0x7, 0xff,
    0xee, 0xeb, 0xf2, 0xdf, 0x0, 0x0, 0x0, 0x8f,
    0xde, 0xfe, 0xcf, 0xd, 0xf1, 0x0, 0x0, 0xa,
    0xff, 0xad, 0xed, 0xf0, 0xdf, 0x10, 0x0, 0x0,
    0xdf, 0x91, 0xcf, 0x6f, 0xd, 0xf2, 0x0, 0x0,
    0xb, 0xf3, 0xdf, 0xf2, 0x6a, 0xef, 0x20, 0x0,
    0x0, 0x2f, 0x27, 0xff, 0x22, 0xef, 0xf2, 0x0,
    0x0, 0x0, 0x30, 0xb, 0xd0, 0xc, 0xff, 0x10,
    0x0, 0x0, 0x0, 0x0, 0x0, 0x0, 0x2f, 0xa0,
    0x0, 0x0, 0x0, 0x0, 0x0, 0x0, 0x0, 0x10,
    0x0, 0x0,

    /* U+53EF "可" */
    0x0, 0x0, 0x0, 0x0, 0x1, 0x44, 0x44, 0x10,
    0x0, 0x0, 0x0, 0x26, 0xbe, 0xff, 0xff, 0xff,
    0x80, 0x23, 0x68, 0xcf, 0xff, 0xeb, 0x77, 0x8e,
    0xff, 0x74, 0xff, 0xff, 0xfb, 0x30, 0x2f, 0xc6,
    0x67, 0xa8, 0xb, 0xff, 0xb3, 0x6f, 0xa0, 0xef,
    0x40, 0x0, 0x0, 0x5, 0x70, 0x8f, 0xff, 0x3c,
    0xf1, 0x0, 0x0, 0x0, 0xe, 0x96, 0xaf, 0xd0,
    0xcf, 0x0, 0x0, 0x0, 0x0, 0x8f, 0x9c, 0xf4,
    0xc, 0xf0, 0x0, 0x0, 0x0, 0x6, 0xfd, 0xff,
    0xe3, 0xcf, 0x0, 0x0, 0x0, 0x0, 0x4f, 0xfc,
    0x41, 0xd, 0xf0, 0x0, 0x0, 0x0, 0x0, 0xc5,
    0x0, 0x0, 0xef, 0x10, 0x0, 0x0, 0x0, 0x0,
    0x3, 0x0, 0x2e, 0xf2, 0x0, 0x0, 0x0, 0x0,
    0x0, 0x8, 0x7c, 0xff, 0x10, 0x0, 0x0, 0x0,
    0x0, 0x0, 0x4c, 0xef, 0xf0, 0x0, 0x0, 0x0,
    0x0, 0x0, 0x0, 0x8f, 0xfc, 0x0, 0x0, 0x0,
    0x0, 0x0, 0x0, 0x0, 0x6e, 0x60, 0x0, 0x0,
    0x0, 0x0, 0x0, 0x0, 0x0, 0x0, 0x0, 0x0,
    0x0,

    /* U+54CD "响" */
    0x0, 0x0, 0x0, 0x0, 0x1, 0x0, 0x0, 0x0,
    0x0, 0x0, 0x0, 0x0, 0x2, 0xff, 0xe4, 0x0,
    0x0, 0x0, 0x0, 0x0, 0x0, 0x0, 0x5d, 0xf9,
    0x0, 0x0, 0x0, 0x0, 0x0, 0x31, 0x0, 0x6f,
    0xf3, 0x0, 0x0, 0x0, 0x0, 0x5c, 0xfb, 0x0,
    0xed, 0x20, 0x14, 0x52, 0x0, 0x60, 0x3c, 0xf9,
    0x8, 0xd3, 0x5c, 0xfb, 0xdf, 0x60, 0x8c, 0x6c,
    0xf4, 0x2a, 0xef, 0xe7, 0x10, 0x3d, 0xf1, 0x3f,
    0xcf, 0xcc, 0x50, 0x25, 0x6f, 0xf4, 0x2d, 0xf4,
    0x3f, 0xff, 0xff, 0xd6, 0x17, 0xdf, 0xf9, 0x2e,
    0xf2, 0x2f, 0xf9, 0x19, 0xfc, 0xf5, 0x4f, 0xd1,
    0x3f, 0xf0, 0xd, 0x40, 0x7, 0xfb, 0xf9, 0xef,
    0x90, 0x4f, 0xe0, 0x2, 0x0, 0x8, 0xf9, 0xef,
    0xfd, 0xe5, 0x6f, 0xd0, 0x0, 0x0, 0xa, 0xf8,
    0x75, 0x53, 0x0, 0xaf, 0xd0, 0x0, 0x0, 0xb,
    0xf6, 0x0, 0x8, 0x44, 0xff, 0xb0, 0x0, 0x0,
    0x6, 0xf4, 0x0, 0x0, 0xcf, 0xff, 0x70, 0x0,
    0x0, 0x0, 0xa1, 0x0, 0x0, 0x5f, 0xff, 0x20,
    0x0, 0x0, 0x0, 0x0, 0x0, 0x0, 0x7, 0xe7,
    0x0,

    /* U+5608 "嘈" */
    0x0, 0x0, 0x0, 0x0, 0x0, 0x0, 0x3, 0x0,
    0x0, 0x0, 0x0, 0x0, 0x0, 0x0, 0x1e, 0xf4,
    0x0, 0x0, 0x0, 0x0, 0x3, 0xcb, 0x0, 0xdf,
    0x50, 0x0, 0x0, 0x0, 0x0, 0x1f, 0xf4, 0x3f,
    0xf1, 0x0, 0x0, 0x1, 0x64, 0x3, 0xef, 0xef,
    0xff, 0xfb, 0x0, 0x6, 0xef, 0xff, 0xef, 0xff,
    0xff, 0xff, 0xf6, 0x20, 0x6d, 0xfc, 0x8f, 0xff,
    0x7c, 0xf8, 0x39, 0x3c, 0x95, 0x6e, 0x40, 0x5c,
    0xff, 0xff, 0xff, 0x80, 0x9f, 0x8c, 0xca, 0x4e,
    0xff, 0xbf, 0xd3, 0xff, 0x35, 0xfc, 0xfb, 0xdf,
    0x8b, 0xff, 0xfe, 0x8f, 0xf2, 0x2f, 0xff, 0xda,
    0xfe, 0x8e, 0xff, 0x7e, 0xf8, 0x0, 0xac, 0x10,
    0x7, 0xfc, 0xff, 0xff, 0xfc, 0x0, 0x0, 0x40,
    0x0, 0x1, 0xbd, 0xef, 0xfb, 0x0, 0x0, 0x0,
    0x0, 0x0, 0x8a, 0x9f, 0xcf, 0xf1, 0x0, 0x0,
    0x0, 0x0, 0xc, 0xf9, 0xff, 0xff, 0x20, 0x0,
    0x0, 0x0, 0x0, 0xcf, 0x8f, 0xcf, 0xe1, 0x0,
    0x0, 0x0, 0x0, 0xb, 0xfc, 0xdb, 0xfe, 0x0,
    0x0, 0x0, 0x0, 0x0, 0x4f, 0xe8, 0x7f, 0xc0,
    0x0, 0x0, 0x0, 0x0, 0x0, 0x10, 0x0, 0x31,
    0x0, 0x0,

    /* U+5883 "境" */
    0x0, 0x0, 0x0, 0x0, 0x0, 0xba, 0x0, 0x0,
    0x0, 0x0, 0x0, 0x0, 0x0, 0x2f, 0xff, 0x50,
    0x0, 0x0, 0x0, 0x4, 0x50, 0x0, 0x8, 0xff,
    0x50, 0x0, 0x0, 0x0, 0x4f, 0xf9, 0x1, 0x5e,
    0xff, 0xd0, 0x0, 0x0, 0x0, 0x1f, 0xf8, 0x4,
    0xfd, 0x68, 0x91, 0x0, 0x0, 0x0, 0x1f, 0xfb,
    0x0, 0xa7, 0x3a, 0xfe, 0x0, 0x0, 0x0, 0x9f,
    0xfb, 0x4, 0xfd, 0x7e, 0xdc, 0xa8, 0x0, 0x6,
    0xff, 0xf1, 0x7, 0xff, 0xfe, 0xcd, 0xff, 0xb0,
    0x0, 0x4f, 0xfa, 0xae, 0xfb, 0xdf, 0xfa, 0x46,
    0x80, 0x0, 0x4f, 0xf6, 0xcd, 0x5c, 0xd9, 0xbf,
    0xa0, 0x0, 0x1, 0xbf, 0x50, 0xe, 0xba, 0xfc,
    0xdf, 0x60, 0x0, 0x2c, 0xf8, 0x0, 0xf, 0xd3,
    0xc9, 0xff, 0x10, 0x40, 0x6f, 0xc0, 0x0, 0x9,
    0xee, 0xff, 0xf9, 0x0, 0xa0, 0x1, 0x0, 0x0,
    0x2, 0xff, 0xaf, 0x60, 0x0, 0xe3, 0x0, 0x0,
    0x0, 0xa, 0xf5, 0xaf, 0x21, 0x5c, 0xf8, 0x0,
    0x0, 0x0, 0x8c, 0x30, 0xdf, 0xce, 0xff, 0xf8,
    0x0, 0x0, 0x7, 0x50, 0x0, 0x4b, 0xef, 0xec,
    0x80, 0x0, 0x0, 0x10, 0x0, 0x0, 0x0, 0x0,
    0x0, 0x0,

    /* U+5F53 "当" */
    0x0, 0x0, 0x5e, 0x80, 0x0, 0x0, 0x0, 0x0,
    0xa, 0xff, 0x40, 0x0, 0x0, 0x0, 0x0, 0x5f,
    0xf4, 0x0, 0x0, 0x0, 0x4, 0x4, 0xff, 0xad,
    0xd9, 0x0, 0xc, 0xfa, 0xdf, 0xf4, 0xcf, 0xf8,
    0x6, 0xff, 0xe7, 0xff, 0xa7, 0x67, 0x70, 0x9f,
    0xd3, 0xcf, 0xf3, 0x45, 0x10, 0x0, 0x50, 0x17,
    0xff, 0xff, 0xff, 0x30, 0x6, 0x7d, 0xff, 0xfb,
    0x9d, 0xfd, 0x0, 0xff, 0xfe, 0x85, 0x20, 0x9f,
    0xf0, 0x3, 0xbb, 0x8c, 0xff, 0x3b, 0xff, 0x0,
    0x59, 0xdf, 0xfe, 0x93, 0xdf, 0xb0, 0x3, 0xef,
    0xe4, 0x0, 0x5f, 0xf6, 0x0, 0x1, 0x87, 0xce,
    0xde, 0xff, 0x10, 0x4, 0x7d, 0xfc, 0x79, 0xff,
    0xa0, 0x0, 0xbf, 0xb3, 0x0, 0x4, 0x70, 0x0,
    0x0, 0x10, 0x0, 0x0, 0x0, 0x0, 0x0,

    /* U+5F71 "影" */
    0x0, 0x0, 0x0, 0x6, 0xdd, 0x10, 0x0, 0x0,
    0x0, 0x0, 0x20, 0x5c, 0xff, 0xf8, 0x1, 0x74,
    0x0, 0x0, 0x3, 0xea, 0xbe, 0x9f, 0x60, 0x6f,
    0xf4, 0x0, 0x0, 0x1f, 0xfb, 0xff, 0xe3, 0x4e,
    0xff, 0x40, 0x0, 0x0, 0xff, 0xa7, 0xec, 0x4f,
    0xff, 0x40, 0x0, 0x0, 0x8, 0xfb, 0xef, 0xa5,
    0xff, 0xe7, 0x0, 0x0, 0x0, 0x8, 0xff, 0xd4,
    0x2, 0x7f, 0xfa, 0x0, 0x0, 0x2, 0xaf, 0xfd,
    0xa0, 0x1b, 0xfd, 0x30, 0x0, 0x4a, 0xfc, 0xac,
    0xfe, 0x5a, 0xfa, 0x10, 0xa, 0xcf, 0xf7, 0xbd,
    0x7f, 0xec, 0xff, 0x95, 0x0, 0x5d, 0x98, 0xf8,
    0x5d, 0xf5, 0x5d, 0xff, 0xfc, 0x0, 0x0, 0x2f,
    0xff, 0xf8, 0x40, 0x6, 0xff, 0xd0, 0x0, 0x1,
    0x67, 0xbf, 0xeb, 0x30, 0xdf, 0xd1, 0x0, 0x0,
    0xdf, 0x9a, 0xf9, 0xec, 0x9f, 0xb1, 0x0, 0x0,
    0x6f, 0xd4, 0xdf, 0x20, 0x3e, 0x70, 0x0, 0x0,
    0x1, 0x60, 0x8f, 0xf0, 0x37, 0x20, 0x0, 0x0,
    0x0, 0x0, 0x0, 0x9b, 0x2, 0x0, 0x0, 0x0,
    0x0,

    /* U+6548 "效" */
    0x0, 0x0, 0x4, 0x0, 0x9, 0xe4, 0x0, 0x0,
    0x0, 0x0, 0x6c, 0xef, 0xc0, 0xc, 0xff, 0x0,
    0x0, 0x0, 0x0, 0x1c, 0xff, 0xa0, 0xa, 0xfc,
    0x0, 0x0, 0x0, 0x0, 0x8, 0xbb, 0xfb, 0xc,
    0xf7, 0x5, 0x81, 0x0, 0x0, 0x37, 0xcf, 0xf6,
    0x1f, 0xf5, 0xbe, 0xfc, 0x0, 0x10, 0x8f, 0xfe,
    0x65, 0x5f, 0xee, 0xfc, 0x83, 0x0, 0xaf, 0xff,
    0xfc, 0xff, 0xff, 0xff, 0xa0, 0x0, 0x0, 0x2b,
    0xff, 0xd8, 0xab, 0xf9, 0x5f, 0xf7, 0x0, 0x0,
    0x0, 0xda, 0x6f, 0xe6, 0xe3, 0xe, 0xf4, 0x0,
    0x0, 0x7, 0x80, 0x7f, 0xb8, 0xaf, 0x8e, 0xf1,
    0x0, 0x0, 0x35, 0xbc, 0xff, 0xf8, 0x1d, 0xff,
    0xc0, 0x0, 0x0, 0x0, 0x1c, 0xfb, 0xef, 0x24,
    0xff, 0xd2, 0x0, 0x0, 0x0, 0x4f, 0xa1, 0x45,
    0x19, 0xff, 0xff, 0x92, 0x0, 0x3, 0xd6, 0x0,
    0x1, 0xbd, 0x87, 0xef, 0xff, 0xc1, 0x15, 0x0,
    0x0, 0x14, 0x10, 0x0, 0x8f, 0xff, 0xf7, 0x0,
    0x0, 0x0, 0x0, 0x0, 0x0, 0x4, 0x74, 0x31,

    /* U+6742 "杂" */
    0x0, 0x0, 0x0, 0x6e, 0x70, 0x0, 0x0, 0x0,
    0x0, 0x0, 0x0, 0x8f, 0xf1, 0x0, 0x0, 0x0,
    0x0, 0x0, 0x0, 0x7f, 0xff, 0xd6, 0x0, 0x0,
    0x0, 0x0, 0x3, 0xdf, 0xee, 0xfd, 0x1, 0x0,
    0x0, 0x8, 0x9e, 0xff, 0x5f, 0xd1, 0x6, 0x30,
    0x0, 0x7, 0xdd, 0xfa, 0x7f, 0x70, 0xa, 0xa0,
    0x0, 0x0, 0x1d, 0xc0, 0xbf, 0x66, 0xbf, 0xf3,
    0x0, 0x0, 0xbc, 0x0, 0x7f, 0xff, 0xff, 0xf2,
    0x0, 0x7, 0x60, 0x38, 0xa6, 0x89, 0x85, 0x20,
    0x0, 0x0, 0x0, 0x6f, 0xff, 0xee, 0xda, 0x40,
    0x0, 0x14, 0x9e, 0xff, 0xff, 0xdc, 0xef, 0xf4,
    0x7d, 0xdf, 0xff, 0xcd, 0xf7, 0x0, 0x12, 0x92,
    0x1b, 0xff, 0x84, 0x4b, 0xff, 0xfe, 0xa3, 0x0,
    0x0, 0x8f, 0xc8, 0xb, 0xf6, 0x4c, 0xff, 0x80,
    0x1, 0xff, 0x90, 0xbf, 0xf6, 0x4a, 0xdf, 0xf0,
    0x0, 0xca, 0x0, 0x5f, 0xf4, 0x0, 0x1, 0x30,
    0x0, 0x0, 0x0, 0x9, 0xc0, 0x0, 0x0, 0x0,

    /* U+679C "果" */
    0x0, 0x0, 0x0, 0x28, 0xff, 0xc2, 0x0, 0x0,
    0x0, 0x40, 0x6b, 0xff, 0xb9, 0xfe, 0x0, 0x0,
    0x0, 0xbc, 0x7a, 0xfa, 0x12, 0xff, 0x0, 0x0,
    0x0, 0x5f, 0xc1, 0xff, 0xd7, 0xfa, 0x0, 0x0,
    0x0, 0x3e, 0xdc, 0xff, 0x7d, 0xf5, 0x0, 0x0,
    0x0, 0x1d, 0xe0, 0xef, 0xbf, 0xf1, 0x0, 0x0,
    0x0, 0x9, 0xfa, 0xff, 0xdf, 0xa0, 0x0, 0x0,
    0x0, 0x0, 0x6b, 0xef, 0x38, 0x40, 0x0, 0x0,
    0x0, 0x0, 0x38, 0xef, 0xff, 0xed, 0x40, 0x0,
    0x63, 0x6c, 0xff, 0xff, 0xea, 0xcf, 0xf4, 0x0,
    0x9e, 0xff, 0xff, 0xff, 0xf7, 0x1, 0x73, 0x0,
    0x1a, 0xc7, 0x8f, 0xff, 0xff, 0xb4, 0x0, 0x0,
    0x0, 0x6, 0xfb, 0xff, 0xaf, 0xfe, 0xd9, 0x10,
    0x0, 0x9d, 0x7a, 0xff, 0x18, 0xff, 0xff, 0xb1,
    0x16, 0x50, 0x4, 0xff, 0x0, 0x58, 0x83, 0x0,
    0x0, 0x0, 0x0, 0xab, 0x0, 0x0, 0x0, 0x0,

    /* U+68C0 "检" */
    0x0, 0x0, 0x20, 0x0, 0xa, 0xe3, 0x0, 0x0,
    0x0, 0x0, 0x0, 0x6f, 0xc0, 0x0, 0xdf, 0xc0,
    0x0, 0x0, 0x0, 0x0, 0x4, 0xef, 0x40, 0x2e,
    0xff, 0x50, 0x0, 0x0, 0x0, 0x0, 0x5f, 0xf1,
    0x6, 0xf9, 0xfd, 0x20, 0x0, 0x0, 0x0, 0x6,
    0xff, 0x50, 0xcf, 0x28, 0xfd, 0x10, 0x0, 0x0,
    0x43, 0xbf, 0xf5, 0x3f, 0xb0, 0x6f, 0xfc, 0x10,
    0x0, 0xd, 0xef, 0xfb, 0x19, 0xf8, 0xcf, 0xff,
    0xfd, 0x30, 0x0, 0x4d, 0xff, 0xc5, 0xff, 0xef,
    0xfa, 0xdf, 0xff, 0x80, 0x0, 0x1f, 0xfc, 0x9c,
    0x1c, 0xc2, 0x18, 0xff, 0xff, 0xa0, 0xa, 0xff,
    0x8c, 0x50, 0x8c, 0x53, 0xef, 0xda, 0x84, 0x4,
    0xff, 0xf9, 0x1e, 0xab, 0xf8, 0x7f, 0xd2, 0x0,
    0x0, 0xef, 0xff, 0x25, 0xff, 0xce, 0x2d, 0x90,
    0x0, 0x0, 0xe, 0xff, 0xf4, 0x7f, 0x95, 0xbe,
    0xfa, 0x85, 0x0, 0x0, 0x34, 0xcf, 0x47, 0xbc,
    0xff, 0xfe, 0xff, 0xfb, 0x0, 0x0, 0xa, 0xf2,
    0xaf, 0xfb, 0x30, 0x3, 0xcc, 0xf3, 0x0, 0x0,
    0x1d, 0x0, 0x43, 0x0, 0x0, 0x0, 0x0, 0x0,

    /* U+6D4B "测" */
    0x0, 0x0, 0x0, 0x0, 0x0, 0x0, 0x0, 0xbe,
    0x60, 0x0, 0x0, 0x10, 0x0, 0x8f, 0xe2, 0x0,
    0x6f, 0xf0, 0x0, 0xac, 0xf9, 0x49, 0xfe, 0xf8,
    0x0, 0x5f, 0xc0, 0x0, 0xaf, 0xfd, 0x2b, 0x5b,
    0xf6, 0x2, 0x4f, 0xa0, 0x0, 0x3c, 0x88, 0xb1,
    0xd, 0xf9, 0x66, 0x4f, 0xa0, 0x0, 0x42, 0x6,
    0xff, 0xee, 0xf7, 0xfe, 0x4f, 0xa0, 0x0, 0x3d,
    0x88, 0xfe, 0xed, 0xf8, 0xfc, 0x3f, 0xb0, 0xc,
    0xff, 0xfb, 0xfd, 0xcf, 0xf9, 0xfb, 0x3f, 0xb0,
    0x3, 0xef, 0x6c, 0xfd, 0xcf, 0xf8, 0xf9, 0x4f,
    0xa0, 0x0, 0xa8, 0x2d, 0xfd, 0xef, 0xf3, 0xf6,
    0x4f, 0xa0, 0x0, 0x60, 0xb5, 0xff, 0xdf, 0xd0,
    0x52, 0x5f, 0xa0, 0x2, 0x1a, 0x90, 0xaf, 0xad,
    0x60, 0x0, 0x6f, 0xa0, 0x9, 0xff, 0x33, 0xf7,
    0x6f, 0xe4, 0x55, 0xdf, 0xb0, 0x1f, 0xfc, 0x2c,
    0x50, 0x48, 0xb4, 0x3e, 0xff, 0xb0, 0x1f, 0xf5,
    0x30, 0x0, 0x0, 0x0, 0x8, 0xff, 0x90, 0x9,
    0xb0, 0x0, 0x0, 0x0, 0x0, 0x0, 0x8e, 0x20,

    /* U+73AF "环" */
    0x0, 0x0, 0x0, 0x0, 0x0, 0x0, 0x37, 0x61,
    0x0, 0x0, 0x0, 0x1, 0x11, 0x22, 0x5c, 0xff,
    0xff, 0x70, 0x3, 0x54, 0x8f, 0xfa, 0xfd, 0xff,
    0xfe, 0xff, 0xf2, 0x9, 0xff, 0xff, 0xfb, 0xff,
    0xff, 0x95, 0x45, 0x82, 0x1, 0xdf, 0xfd, 0x40,
    0x15, 0xef, 0xf0, 0x0, 0x0, 0x0, 0x6d, 0xff,
    0x71, 0x0, 0xdf, 0xb0, 0x0, 0x0, 0x5, 0x77,
    0xff, 0xf7, 0x4, 0xff, 0x20, 0x0, 0x0, 0x1e,
    0xcf, 0xfe, 0x60, 0xd, 0xfe, 0x10, 0x0, 0x0,
    0xb, 0xff, 0xfc, 0x87, 0x4f, 0xff, 0xc4, 0x41,
    0x0, 0x0, 0xa, 0xff, 0xa1, 0xcf, 0xaf, 0xcd,
    0xff, 0x90, 0x0, 0x8f, 0xfb, 0x8, 0xe4, 0x7f,
    0x78, 0xff, 0xf6, 0x3d, 0xff, 0xb0, 0x6a, 0x10,
    0x9f, 0xa9, 0xaa, 0xe6, 0x4f, 0xfa, 0x4, 0x60,
    0x0, 0xbf, 0x60, 0x0, 0x0, 0x3, 0x40, 0x1,
    0x0, 0x4, 0xff, 0x50, 0x0, 0x0, 0x0, 0x0,
    0x0, 0x0, 0x2, 0xdf, 0x30, 0x0, 0x0, 0x0,
    0x0, 0x0, 0x0, 0x0, 0x6e, 0x0, 0x0, 0x0,
    0x0, 0x0, 0x0, 0x0, 0x0, 0x0, 0x0, 0x0,
    0x0,

    /* U+80FD "能" */
    0x0, 0xc, 0xd2, 0x0, 0x0, 0x0, 0x0, 0x0,
    0x0, 0x1, 0xdf, 0xa0, 0x0, 0x9f, 0x31, 0x40,
    0x0, 0x0, 0x6f, 0xe7, 0xea, 0x18, 0xf7, 0x9f,
    0x90, 0x0, 0x1e, 0xf3, 0x6d, 0xfc, 0xcf, 0x4d,
    0xfd, 0x0, 0x9, 0xfd, 0xee, 0x5d, 0xff, 0xfa,
    0xf9, 0xa0, 0x5, 0xff, 0xfe, 0x5e, 0xdf, 0xff,
    0xd4, 0x3f, 0x60, 0x8f, 0xf9, 0x7e, 0xfe, 0x1f,
    0xf9, 0xaf, 0xfb, 0x0, 0xb5, 0xcf, 0xff, 0xf4,
    0x7f, 0xff, 0xff, 0x70, 0x1, 0xeb, 0x98, 0xff,
    0x67, 0x45, 0xce, 0x50, 0x0, 0xe, 0xff, 0xcf,
    0xf5, 0xff, 0xd, 0xff, 0x0, 0x2, 0xfc, 0xc9,
    0xfe, 0x3f, 0xba, 0xfe, 0x73, 0x0, 0x5f, 0xee,
    0xbf, 0xe6, 0xfd, 0xb7, 0x0, 0xa0, 0x6, 0xfe,
    0x70, 0xff, 0x6f, 0x81, 0x0, 0x5f, 0x30, 0x5f,
    0x8a, 0xff, 0xe4, 0xfe, 0x87, 0xad, 0xf5, 0x0,
    0xd7, 0x2f, 0xfb, 0xc, 0xff, 0xff, 0xfe, 0x10,
    0x3, 0x30, 0x6e, 0x20, 0x4, 0x78, 0x74, 0x0,

    /* U+8FC7 "过" */
    0x0, 0x0, 0x0, 0x0, 0x5, 0xcc, 0x0, 0x0,
    0x0, 0x0, 0x0, 0x0, 0x0, 0x6, 0xef, 0x70,
    0x0, 0x0, 0x0, 0x0, 0x0, 0x0, 0x2, 0xdf,
    0x60, 0x0, 0x0, 0x0, 0x30, 0x0, 0x0, 0x27,
    0xff, 0xc6, 0x0, 0x0, 0x4c, 0xf9, 0x30, 0x39,
    0xdf, 0xff, 0xff, 0x60, 0x0, 0x4f, 0xff, 0xdc,
    0xef, 0xfd, 0xff, 0x45, 0x10, 0x0, 0x8, 0xf9,
    0xef, 0xff, 0x63, 0xef, 0x0, 0x0, 0x0, 0x7,
    0x48, 0x55, 0xbf, 0xc4, 0xef, 0x10, 0x0, 0x0,
    0x6, 0xcf, 0xf1, 0xcf, 0xf8, 0xff, 0x10, 0x0,
    0x0, 0xd, 0xff, 0xe2, 0x24, 0x5b, 0xff, 0x20,
    0x0, 0x0, 0x0, 0x5d, 0xe4, 0x2, 0xdf, 0xff,
    0x20, 0x0, 0x0, 0x0, 0x5, 0xff, 0x30, 0x6f,
    0xff, 0x10, 0x0, 0x0, 0x7, 0x9e, 0xff, 0xc5,
    0x19, 0xf9, 0x0, 0x0, 0x0, 0xe, 0xfe, 0xdf,
    0xff, 0xfd, 0xfa, 0x98, 0x89, 0x92, 0x1, 0x61,
    0x6, 0xef, 0xff, 0xef, 0xff, 0xff, 0xe1, 0x0,
    0x0, 0x0, 0x8, 0xdc, 0xff, 0xff, 0xff, 0x70,
    0x0, 0x0, 0x0, 0x0, 0x16, 0x79, 0xcd, 0x92,
    0x0,

    /* U+F001 "" */
    0x0, 0x0, 0x0, 0x0, 0x0, 0x0, 0x0, 0x27,
    0xba, 0x0, 0x0, 0x0, 0x0, 0x0, 0x0, 0x48,
    0xdf, 0xff, 0xf2, 0x0, 0x0, 0x0, 0x1, 0x6a,
    0xff, 0xff, 0xff, 0xff, 0x20, 0x0, 0x0, 0x7c,
    0xff, 0xff, 0xff, 0xff, 0xff, 0xf2, 0x0, 0x0,
    0x4f, 0xff, 0xff, 0xff, 0xff, 0xff, 0xff, 0x20,
    0x0, 0x5, 0xff, 0xff, 0xff, 0xff, 0xb7, 0x3f,
    0xf2, 0x0, 0x0, 0x5f, 0xff, 0xfe, 0x95, 0x0,
    0x1, 0xff, 0x20, 0x0, 0x5, 0xff, 0x73, 0x0,
    0x0, 0x0, 0x1f, 0xf2, 0x0, 0x0, 0x5f, 0xe0,
    0x0, 0x0, 0x0, 0x1, 0xff, 0x20, 0x0, 0x5,
    0xfe, 0x0, 0x0, 0x0, 0x0, 0x1f, 0xf2, 0x0,
    0x0, 0x5f, 0xe0, 0x0, 0x0, 0x0, 0x1, 0xff,
    0x20, 0x0, 0x5, 0xfe, 0x0, 0x0, 0x0, 0x69,
    0x8f, 0xf2, 0x0, 0x0, 0x5f, 0xe0, 0x0, 0x2,
    0xef, 0xff, 0xff, 0x20, 0x3, 0x58, 0xfe, 0x0,
    0x0, 0x8f, 0xff, 0xff, 0xf2, 0x2d, 0xff, 0xff,
    0xe0, 0x0, 0x4, 0xff, 0xff, 0xfd, 0xb, 0xff,
    0xff, 0xfe, 0x0, 0x0, 0x4, 0xbd, 0xc8, 0x10,
    0xaf, 0xff, 0xff, 0xb0, 0x0, 0x0, 0x0, 0x0,
    0x0, 0x0, 0xaf, 0xff, 0xb1, 0x0, 0x0, 0x0,
    0x0, 0x0, 0x0, 0x0, 0x1, 0x0, 0x0, 0x0,
    0x0, 0x0, 0x0, 0x0, 0x0,

    /* U+F008 "" */
    0x51, 0x6, 0x88, 0x88, 0x88, 0x88, 0x88, 0x30,
    0x15, 0xf7, 0x6e, 0xff, 0xff, 0xff, 0xff, 0xff,
    0xb6, 0x8f, 0xfd, 0xcf, 0xf3, 0x33, 0x33, 0x33,
    0x6f, 0xec, 0xdf, 0xf2, 0xc, 0xe0, 0x0, 0x0,
    0x0, 0x3f, 0x70, 0x2f, 0xf2, 0xc, 0xe0, 0x0,
    0x0, 0x0, 0x3f, 0x80, 0x2f, 0xff, 0xff, 0xe0,
    0x0, 0x0, 0x0, 0x3f, 0xff, 0xff, 0xf4, 0x2d,
    0xf9, 0x99, 0x99, 0x99, 0xbf, 0x92, 0x4f, 0xf2,
    0xc, 0xff, 0xff, 0xff, 0xff, 0xff, 0x70, 0x2f,
    0xfb, 0xaf, 0xf1, 0x11, 0x11, 0x11, 0x5f, 0xda,
    0xbf, 0xf9, 0x8e, 0xe0, 0x0, 0x0, 0x0, 0x3f,
    0xc8, 0x9f, 0xf2, 0xc, 0xe0, 0x0, 0x0, 0x0,
    0x3f, 0x70, 0x2f, 0xf6, 0x4d, 0xe0, 0x0, 0x0,
    0x0, 0x3f, 0xa4, 0x6f, 0xfe, 0xef, 0xfb, 0xbb,
    0xbb, 0xbb, 0xcf, 0xfe, 0xef, 0xc2, 0xc, 0xff,
    0xff, 0xff, 0xff, 0xff, 0x80, 0x2c,

    /* U+F00B "" */
    0x58, 0x88, 0x70, 0x28, 0x88, 0x88, 0x88, 0x88,
    0x85, 0xff, 0xff, 0xf3, 0x9f, 0xff, 0xff, 0xff,
    0xff, 0xff, 0xff, 0xff, 0xf3, 0xaf, 0xff, 0xff,
    0xff, 0xff, 0xff, 0xff, 0xff, 0xf3, 0xaf, 0xff,
    0xff, 0xff, 0xff, 0xff, 0xbf, 0xff, 0xd1, 0x6f,
    0xff, 0xff, 0xff, 0xff, 0xfb, 0x0, 0x0, 0x0,
    0x0, 0x0, 0x0, 0x0, 0x0, 0x0, 0xcf, 0xff,
    0xe1, 0x7f, 0xff, 0xff, 0xff, 0xff, 0xfc, 0xff,
    0xff, 0xf3, 0xaf, 0xff, 0xff, 0xff, 0xff, 0xff,
    0xff, 0xff, 0xf3, 0xaf, 0xff, 0xff, 0xff, 0xff,
    0xff, 0xff, 0xff, 0xf3, 0x9f, 0xff, 0xff, 0xff,
    0xff, 0xff, 0x58, 0x88, 0x60, 0x27, 0x88, 0x88,
    0x88, 0x88, 0x85, 0x47, 0x77, 0x50, 0x17, 0x77,
    0x77, 0x77, 0x77, 0x74, 0xff, 0xff, 0xf3, 0x9f,
    0xff, 0xff, 0xff, 0xff, 0xff, 0xff, 0xff, 0xf3,
    0xaf, 0xff, 0xff, 0xff, 0xff, 0xff, 0xff, 0xff,
    0xf3, 0xaf, 0xff, 0xff, 0xff, 0xff, 0xff, 0xdf,
    0xff, 0xf1, 0x7f, 0xff, 0xff, 0xff, 0xff, 0xfd,
    0x0, 0x0, 0x0, 0x0, 0x0, 0x0, 0x0, 0x0,
    0x0,

    /* U+F00C "" */
    0x0, 0x0, 0x0, 0x0, 0x0, 0x0, 0x0, 0x5,
    0x20, 0x0, 0x0, 0x0, 0x0, 0x0, 0x0, 0x0,
    0x7f, 0xf3, 0x0, 0x0, 0x0, 0x0, 0x0, 0x0,
    0x7, 0xff, 0xfe, 0x0, 0x0, 0x0, 0x0, 0x0,
    0x0, 0x7f, 0xff, 0xf8, 0x0, 0x0, 0x0, 0x0,
    0x0, 0x7, 0xff, 0xff, 0x90, 0x9, 0xd1, 0x0,
    0x0, 0x0, 0x7f, 0xff, 0xf9, 0x0, 0x9f, 0xfd,
    0x10, 0x0, 0x7, 0xff, 0xff, 0x90, 0x0, 0xdf,
    0xff, 0xd1, 0x0, 0x7f, 0xff, 0xf9, 0x0, 0x0,
    0x2e, 0xff, 0xfd, 0x17, 0xff, 0xff, 0x90, 0x0,
    0x0, 0x2, 0xef, 0xff, 0xef, 0xff, 0xf9, 0x0,
    0x0, 0x0, 0x0, 0x2e, 0xff, 0xff, 0xff, 0x90,
    0x0, 0x0, 0x0, 0x0, 0x2, 0xef, 0xff, 0xf9,
    0x0, 0x0, 0x0, 0x0, 0x0, 0x0, 0x2e, 0xff,
    0x90, 0x0, 0x0, 0x0, 0x0, 0x0, 0x0, 0x2,
    0xd8, 0x0, 0x0, 0x0, 0x0, 0x0,

    /* U+F00D "" */
    0x2d, 0xb0, 0x0, 0x0, 0x6, 0xe6, 0xd, 0xff,
    0xc0, 0x0, 0x6, 0xff, 0xf3, 0xcf, 0xff, 0xc0,
    0x6, 0xff, 0xff, 0x31, 0xdf, 0xff, 0xc7, 0xff,
    0xff, 0x50, 0x1, 0xdf, 0xff, 0xff, 0xff, 0x50,
    0x0, 0x1, 0xdf, 0xff, 0xff, 0x50, 0x0, 0x0,
    0x7, 0xff, 0xff, 0xd0, 0x0, 0x0, 0x6, 0xff,
    0xff, 0xff, 0xc0, 0x0, 0x6, 0xff, 0xff, 0xdf,
    0xff, 0xc0, 0x6, 0xff, 0xff, 0x51, 0xdf, 0xff,
    0xc0, 0xff, 0xff, 0x50, 0x1, 0xdf, 0xff, 0x58,
    0xff, 0x50, 0x0, 0x1, 0xdf, 0xd0, 0x5, 0x30,
    0x0, 0x0, 0x1, 0x61, 0x0,

    /* U+F011 "" */
    0x0, 0x0, 0x0, 0x0, 0xcd, 0x50, 0x0, 0x0,
    0x0, 0x0, 0x0, 0x0, 0x0, 0x3f, 0xfa, 0x0,
    0x0, 0x0, 0x0, 0x0, 0x7, 0xe3, 0x3, 0xff,
    0xa0, 0xb, 0xc1, 0x0, 0x0, 0x8, 0xff, 0xb0,
    0x3f, 0xfa, 0x4, 0xff, 0xd1, 0x0, 0x4, 0xff,
    0xf6, 0x3, 0xff, 0xa0, 0x1e, 0xff, 0xa0, 0x0,
    0xdf, 0xf7, 0x0, 0x3f, 0xfa, 0x0, 0x2e, 0xff,
    0x40, 0x3f, 0xfc, 0x0, 0x3, 0xff, 0xa0, 0x0,
    0x6f, 0xfa, 0x8, 0xff, 0x60, 0x0, 0x3f, 0xfa,
    0x0, 0x0, 0xef, 0xf0, 0xaf, 0xf2, 0x0, 0x3,
    0xff, 0xa0, 0x0, 0xb, 0xff, 0x1b, 0xff, 0x10,
    0x0, 0x1f, 0xf8, 0x0, 0x0, 0xbf, 0xf1, 0x9f,
    0xf3, 0x0, 0x0, 0x24, 0x0, 0x0, 0xd, 0xff,
    0x6, 0xff, 0x90, 0x0, 0x0, 0x0, 0x0, 0x2,
    0xff, 0xd0, 0x1f, 0xff, 0x20, 0x0, 0x0, 0x0,
    0x0, 0xbf, 0xf8, 0x0, 0x9f, 0xfd, 0x20, 0x0,
    0x0, 0x0, 0x9f, 0xfe, 0x10, 0x0, 0xcf, 0xfe,
    0x71, 0x0, 0x4, 0xcf, 0xff, 0x50, 0x0, 0x1,
    0xdf, 0xff, 0xfe, 0xdf, 0xff, 0xff, 0x60, 0x0,
    0x0, 0x0, 0x9f, 0xff, 0xff, 0xff, 0xfd, 0x40,
    0x0, 0x0, 0x0, 0x0, 0x28, 0xce, 0xfd, 0xa5,
    0x0, 0x0, 0x0,

    /* U+F013 "" */
    0x0, 0x0, 0x0, 0x4, 0x66, 0x40, 0x0, 0x0,
    0x0, 0x0, 0x0, 0x0, 0x3f, 0xff, 0xf3, 0x0,
    0x0, 0x0, 0x0, 0x0, 0x0, 0x4f, 0xff, 0xf4,
    0x0, 0x0, 0x0, 0x0, 0x78, 0x17, 0xff, 0xff,
    0xff, 0x71, 0x87, 0x0, 0x4, 0xff, 0xff, 0xff,
    0xff, 0xff, 0xff, 0xff, 0x40, 0xd, 0xff, 0xff,
    0xff, 0xff, 0xff, 0xff, 0xff, 0xd0, 0x3f, 0xff,
    0xff, 0xfe, 0x88, 0xef, 0xff, 0xff, 0xf3, 0x8,
    0xff, 0xff, 0xd0, 0x0, 0xd, 0xff, 0xff, 0x80,
    0x0, 0xaf, 0xff, 0x50, 0x0, 0x5, 0xff, 0xfa,
    0x0, 0x0, 0xbf, 0xff, 0x30, 0x0, 0x3, 0xff,
    0xfb, 0x0, 0x1, 0xcf, 0xff, 0x80, 0x0, 0x8,
    0xff, 0xfc, 0x10, 0x3e, 0xff, 0xff, 0xf6, 0x0,
    0x6f, 0xff, 0xff, 0xe3, 0x1f, 0xff, 0xff, 0xff,
    0xff, 0xff, 0xff, 0xff, 0xf1, 0x9, 0xff, 0xff,
    0xff, 0xff, 0xff, 0xff, 0xff, 0x90, 0x0, 0xdf,
    0x8e, 0xff, 0xff, 0xff, 0xe8, 0xfd, 0x0, 0x0,
    0x11, 0x1, 0x9f, 0xff, 0xf9, 0x10, 0x11, 0x0,
    0x0, 0x0, 0x0, 0x4f, 0xff, 0xf4, 0x0, 0x0,
    0x0, 0x0, 0x0, 0x0, 0x2c, 0xee, 0xd2, 0x0,
    0x0, 0x0, 0x0, 0x0, 0x0, 0x0, 0x0, 0x0,
    0x0, 0x0, 0x0,

    /* U+F015 "" */
    0x0, 0x0, 0x0, 0x0, 0x8, 0x92, 0x0, 0x6b,
    0xb1, 0x0, 0x0, 0x0, 0x0, 0x0, 0x2d, 0xff,
    0xe4, 0xa, 0xff, 0x20, 0x0, 0x0, 0x0, 0x0,
    0x4e, 0xff, 0xff, 0xf6, 0xaf, 0xf2, 0x0, 0x0,
    0x0, 0x0, 0x6f, 0xfe, 0x31, 0xcf, 0xff, 0xff,
    0x20, 0x0, 0x0, 0x0, 0x9f, 0xfd, 0x25, 0x70,
    0xaf, 0xff, 0xf2, 0x0, 0x0, 0x1, 0xbf, 0xfa,
    0x8, 0xff, 0xb0, 0x7f, 0xff, 0x40, 0x0, 0x2,
    0xdf, 0xf8, 0xa, 0xff, 0xff, 0xd2, 0x5f, 0xff,
    0x50, 0x4, 0xff, 0xf5, 0x1d, 0xff, 0xff, 0xff,
    0xe4, 0x2e, 0xff, 0x70, 0xdf, 0xe3, 0x3e, 0xff,
    0xff, 0xff, 0xff, 0xf6, 0x1c, 0xff, 0x13, 0xb1,
    0x5f, 0xff, 0xff, 0xff, 0xff, 0xff, 0xf8, 0x9,
    0x60, 0x0, 0xa, 0xff, 0xff, 0xff, 0xff, 0xff,
    0xff, 0xe0, 0x0, 0x0, 0x0, 0xaf, 0xff, 0xfd,
    0x88, 0xbf, 0xff, 0xfe, 0x0, 0x0, 0x0, 0xa,
    0xff, 0xff, 0x70, 0x3, 0xff, 0xff, 0xe0, 0x0,
    0x0, 0x0, 0xaf, 0xff, 0xf7, 0x0, 0x3f, 0xff,
    0xfe, 0x0, 0x0, 0x0, 0xa, 0xff, 0xff, 0x70,
    0x3, 0xff, 0xff, 0xe0, 0x0, 0x0, 0x0, 0x8f,
    0xff, 0xf5, 0x0, 0x2f, 0xff, 0xfc, 0x0, 0x0,
    0x0, 0x0, 0x0, 0x0, 0x0, 0x0, 0x0, 0x0,
    0x0, 0x0, 0x0,

    /* U+F019 "" */
    0x0, 0x0, 0x0, 0x9, 0xaa, 0x90, 0x0, 0x0,
    0x0, 0x0, 0x0, 0x0, 0x3f, 0xff, 0xf3, 0x0,
    0x0, 0x0, 0x0, 0x0, 0x0, 0x4f, 0xff, 0xf4,
    0x0, 0x0, 0x0, 0x0, 0x0, 0x0, 0x4f, 0xff,
    0xf4, 0x0, 0x0, 0x0, 0x0, 0x0, 0x0, 0x4f,
    0xff, 0xf4, 0x0, 0x0, 0x0, 0x0, 0x0, 0x0,
    0x4f, 0xff, 0xf4, 0x0, 0x0, 0x0, 0x0, 0x0,
    0x0, 0x4f, 0xff, 0xf4, 0x0, 0x0, 0x0, 0x0,
    0xc, 0xee, 0xef, 0xff, 0xfe, 0xee, 0xc0, 0x0,
    0x0, 0x8, 0xff, 0xff, 0xff, 0xff, 0xff, 0x90,
    0x0, 0x0, 0x0, 0x8f, 0xff, 0xff, 0xff, 0xf8,
    0x0, 0x0, 0x0, 0x0, 0x8, 0xff, 0xff, 0xff,
    0x80, 0x0, 0x0, 0x0, 0x0, 0x0, 0x8f, 0xff,
    0xf8, 0x0, 0x0, 0x0, 0x24, 0x44, 0x44, 0x7,
    0xff, 0x70, 0x44, 0x44, 0x42, 0xff, 0xff, 0xff,
    0xc1, 0x66, 0x1d, 0xff, 0xff, 0xff, 0xff, 0xff,
    0xff, 0xfe, 0x66, 0xef, 0xff, 0xff, 0xff, 0xff,
    0xff, 0xff, 0xff, 0xff, 0xff, 0xff, 0xff, 0xff,
    0xff, 0xff, 0xff, 0xff, 0xff, 0xff, 0x66, 0xc4,
    0xff, 0xdf, 0xff, 0xff, 0xff, 0xff, 0xff, 0xff,
    0xff, 0xfd, 0x0, 0x0, 0x0, 0x0, 0x0, 0x0,
    0x0, 0x0, 0x0,

    /* U+F01C "" */
    0x0, 0x0, 0x4, 0x44, 0x44, 0x44, 0x44, 0x41,
    0x0, 0x0, 0x0, 0x0, 0x1e, 0xff, 0xff, 0xff,
    0xff, 0xff, 0xf4, 0x0, 0x0, 0x0, 0xb, 0xff,
    0xff, 0xff, 0xff, 0xff, 0xff, 0xe1, 0x0, 0x0,
    0x6, 0xff, 0x50, 0x0, 0x0, 0x0, 0x1, 0xff,
    0xa0, 0x0, 0x1, 0xff, 0x90, 0x0, 0x0, 0x0,
    0x0, 0x5, 0xff, 0x50, 0x0, 0xbf, 0xd0, 0x0,
    0x0, 0x0, 0x0, 0x0, 0xa, 0xfe, 0x10, 0x6f,
    0xf3, 0x0, 0x0, 0x0, 0x0, 0x0, 0x0, 0x1e,
    0xfa, 0xe, 0xff, 0xcc, 0xcc, 0x20, 0x0, 0x0,
    0xbc, 0xcc, 0xef, 0xf2, 0xff, 0xff, 0xff, 0xfa,
    0x0, 0x0, 0x6f, 0xff, 0xff, 0xff, 0x4f, 0xff,
    0xff, 0xff, 0xf8, 0x88, 0x8e, 0xff, 0xff, 0xff,
    0xf4, 0xff, 0xff, 0xff, 0xff, 0xff, 0xff, 0xff,
    0xff, 0xff, 0xff, 0x4f, 0xff, 0xff, 0xff, 0xff,
    0xff, 0xff, 0xff, 0xff, 0xff, 0xf4, 0xff, 0xff,
    0xff, 0xff, 0xff, 0xff, 0xff, 0xff, 0xff, 0xff,
    0x37, 0xff, 0xff, 0xff, 0xff, 0xff, 0xff, 0xff,
    0xff, 0xff, 0xa0,

    /* U+F021 "" */
    0x0, 0x0, 0x0, 0x15, 0x66, 0x40, 0x0, 0x5,
    0xcb, 0x0, 0x0, 0x3b, 0xff, 0xff, 0xff, 0x92,
    0x7, 0xff, 0x0, 0x7, 0xff, 0xff, 0xff, 0xff,
    0xff, 0x66, 0xff, 0x0, 0x8f, 0xff, 0xa4, 0x12,
    0x5b, 0xff, 0xfd, 0xff, 0x4, 0xff, 0xe4, 0x0,
    0x0, 0x0, 0x4e, 0xff, 0xff, 0xd, 0xff, 0x30,
    0x0, 0x0, 0x45, 0x46, 0xff, 0xff, 0x4f, 0xf7,
    0x0, 0x0, 0x0, 0xdf, 0xff, 0xff, 0xff, 0x8f,
    0xf1, 0x0, 0x0, 0x0, 0xdf, 0xff, 0xff, 0xff,
    0x2, 0x10, 0x0, 0x0, 0x0, 0x12, 0x22, 0x22,
    0x21, 0x0, 0x0, 0x0, 0x0, 0x0, 0x0, 0x0,
    0x0, 0x0, 0x67, 0x77, 0x77, 0x75, 0x0, 0x0,
    0x0, 0x6, 0x73, 0xff, 0xff, 0xff, 0xfe, 0x0,
    0x0, 0x0, 0x3f, 0xf6, 0xff, 0xff, 0xee, 0xfd,
    0x0, 0x0, 0x0, 0xcf, 0xf1, 0xff, 0xff, 0x70,
    0x0, 0x0, 0x0, 0x9, 0xff, 0xa0, 0xff, 0xff,
    0xfb, 0x20, 0x0, 0x2, 0xbf, 0xfe, 0x10, 0xff,
    0x8d, 0xff, 0xfc, 0xa9, 0xcf, 0xff, 0xe2, 0x0,
    0xff, 0x61, 0x9f, 0xff, 0xff, 0xff, 0xfb, 0x10,
    0x0, 0xff, 0x70, 0x1, 0x7c, 0xee, 0xd9, 0x30,
    0x0, 0x0, 0x56, 0x20, 0x0, 0x0, 0x0, 0x0,
    0x0, 0x0, 0x0,

    /* U+F026 "" */
    0x0, 0x0, 0x0, 0x2, 0x40, 0x0, 0x0, 0x2,
    0xef, 0x0, 0x0, 0x2, 0xef, 0xf0, 0x0, 0x3,
    0xef, 0xff, 0xdf, 0xff, 0xff, 0xff, 0xff, 0xff,
    0xff, 0xff, 0xff, 0xff, 0xff, 0xff, 0xff, 0xff,
    0xff, 0xff, 0xff, 0xff, 0xff, 0xff, 0xff, 0xff,
    0xff, 0xff, 0xff, 0xff, 0xff, 0x7b, 0xbb, 0xdf,
    0xff, 0xf0, 0x0, 0x0, 0xbf, 0xff, 0x0, 0x0,
    0x0, 0xbf, 0xf0, 0x0, 0x0, 0x0, 0xbe, 0x0,
    0x0, 0x0, 0x0, 0x0,

    /* U+F027 "" */
    0x0, 0x0, 0x0, 0x2, 0x40, 0x0, 0x0, 0x0,
    0x0, 0x0, 0x2e, 0xf0, 0x0, 0x0, 0x0, 0x0,
    0x2, 0xef, 0xf0, 0x0, 0x0, 0x0, 0x0, 0x3e,
    0xff, 0xf0, 0x0, 0x0, 0xdf, 0xff, 0xff, 0xff,
    0xf0, 0x7, 0x10, 0xff, 0xff, 0xff, 0xff, 0xf0,
    0x3f, 0xd0, 0xff, 0xff, 0xff, 0xff, 0xf0, 0x8,
    0xf5, 0xff, 0xff, 0xff, 0xff, 0xf0, 0x4, 0xf7,
    0xff, 0xff, 0xff, 0xff, 0xf0, 0xd, 0xf3, 0xff,
    0xff, 0xff, 0xff, 0xf0, 0x3f, 0x70, 0x8b, 0xbb,
    0xdf, 0xff, 0xf0, 0x0, 0x0, 0x0, 0x0, 0xb,
    0xff, 0xf0, 0x0, 0x0, 0x0, 0x0, 0x0, 0xbf,
    0xf0, 0x0, 0x0, 0x0, 0x0, 0x0, 0xb, 0xe0,
    0x0, 0x0, 0x0, 0x0, 0x0, 0x0, 0x0, 0x0,
    0x0,

    /* U+F028 "" */
    0x0, 0x0, 0x0, 0x0, 0x0, 0x0, 0x0, 0x1,
    0x0, 0x0, 0x0, 0x0, 0x0, 0x0, 0x0, 0x0,
    0x0, 0x7, 0xf6, 0x0, 0x0, 0x0, 0x0, 0x0,
    0x2, 0x40, 0x0, 0x0, 0x2d, 0xf8, 0x0, 0x0,
    0x0, 0x0, 0x2, 0xef, 0x0, 0x0, 0x40, 0x1c,
    0xf4, 0x0, 0x0, 0x0, 0x2, 0xef, 0xf0, 0x0,
    0x5f, 0xb0, 0x1e, 0xe1, 0x0, 0x0, 0x3, 0xef,
    0xff, 0x0, 0x0, 0xaf, 0xa0, 0x6f, 0x70, 0xdf,
    0xff, 0xff, 0xff, 0xf0, 0x7, 0x10, 0xbf, 0x30,
    0xfd, 0xf, 0xff, 0xff, 0xff, 0xff, 0x3, 0xfd,
    0x3, 0xf9, 0xa, 0xf0, 0xff, 0xff, 0xff, 0xff,
    0xf0, 0x7, 0xf5, 0xe, 0xc0, 0x8f, 0x2f, 0xff,
    0xff, 0xff, 0xff, 0x0, 0x4f, 0x70, 0xdd, 0x7,
    0xf3, 0xff, 0xff, 0xff, 0xff, 0xf0, 0x1d, 0xf3,
    0xf, 0xb0, 0x9f, 0x2f, 0xff, 0xff, 0xff, 0xff,
    0x3, 0xf7, 0x7, 0xf6, 0xc, 0xf0, 0x7b, 0xbb,
    0xdf, 0xff, 0xf0, 0x0, 0x3, 0xfe, 0x12, 0xfa,
    0x0, 0x0, 0x0, 0xbf, 0xff, 0x0, 0x3, 0xff,
    0x40, 0xaf, 0x30, 0x0, 0x0, 0x0, 0xbf, 0xf0,
    0x0, 0x3c, 0x30, 0x6f, 0xa0, 0x0, 0x0, 0x0,
    0x0, 0xbe, 0x0, 0x0, 0x0, 0x6f, 0xe1, 0x0,
    0x0, 0x0, 0x0, 0x0, 0x0, 0x0, 0x0, 0x6f,
    0xd2, 0x0, 0x0, 0x0, 0x0, 0x0, 0x0, 0x0,
    0x0, 0x3, 0x90, 0x0, 0x0,

    /* U+F03E "" */
    0x3a, 0xbb, 0xbb, 0xbb, 0xbb, 0xbb, 0xbb, 0xbb,
    0xa3, 0xef, 0xff, 0xff, 0xff, 0xff, 0xff, 0xff,
    0xff, 0xfe, 0xff, 0xd5, 0x6e, 0xff, 0xff, 0xff,
    0xff, 0xff, 0xff, 0xff, 0x20, 0x4, 0xff, 0xff,
    0xff, 0xff, 0xff, 0xff, 0xff, 0x0, 0x2, 0xff,
    0xff, 0xff, 0xbf, 0xff, 0xff, 0xff, 0x50, 0x7,
    0xff, 0xff, 0xf5, 0x9, 0xff, 0xff, 0xff, 0xfb,
    0xbf, 0xff, 0xff, 0x50, 0x0, 0x9f, 0xff, 0xff,
    0xff, 0xcb, 0xff, 0xf5, 0x0, 0x0, 0x9, 0xff,
    0xff, 0xfc, 0x0, 0xaf, 0x50, 0x0, 0x0, 0x4,
    0xff, 0xff, 0xc0, 0x0, 0x3, 0x0, 0x0, 0x0,
    0x4, 0xff, 0xff, 0x40, 0x0, 0x0, 0x0, 0x0,
    0x0, 0x4, 0xff, 0xff, 0x74, 0x44, 0x44, 0x44,
    0x44, 0x44, 0x47, 0xff, 0xff, 0xff, 0xff, 0xff,
    0xff, 0xff, 0xff, 0xff, 0xff, 0x6f, 0xff, 0xff,
    0xff, 0xff, 0xff, 0xff, 0xff, 0xf6,

    /* U+F043 "" */
    0x0, 0x0, 0x6, 0x90, 0x0, 0x0, 0x0, 0x0,
    0x1, 0xff, 0x40, 0x0, 0x0, 0x0, 0x0, 0x6f,
    0xfa, 0x0, 0x0, 0x0, 0x0, 0xd, 0xff, 0xf2,
    0x0, 0x0, 0x0, 0x5, 0xff, 0xff, 0x90, 0x0,
    0x0, 0x0, 0xef, 0xff, 0xff, 0x30, 0x0, 0x0,
    0x9f, 0xff, 0xff, 0xfd, 0x0, 0x0, 0x5f, 0xff,
    0xff, 0xff, 0xf9, 0x0, 0xe, 0xff, 0xff, 0xff,
    0xff, 0xf3, 0x7, 0xff, 0xff, 0xff, 0xff, 0xff,
    0xa0, 0xcf, 0xff, 0xff, 0xff, 0xff, 0xff, 0xf,
    0xfb, 0xff, 0xff, 0xff, 0xff, 0xf2, 0xff, 0x4a,
    0xff, 0xff, 0xff, 0xff, 0x2c, 0xf8, 0x4f, 0xff,
    0xff, 0xff, 0xf0, 0x7f, 0xf2, 0x5c, 0xff, 0xff,
    0xfb, 0x0, 0xef, 0xe5, 0x8, 0xff, 0xff, 0x30,
    0x2, 0xef, 0xff, 0xff, 0xff, 0x50, 0x0, 0x1,
    0xaf, 0xff, 0xfb, 0x30, 0x0, 0x0, 0x0, 0x3,
    0x31, 0x0, 0x0, 0x0,

    /* U+F048 "" */
    0x6b, 0x90, 0x0, 0x0, 0x3, 0xa2, 0x9f, 0xe0,
    0x0, 0x0, 0x4f, 0xf9, 0x9f, 0xe0, 0x0, 0x5,
    0xff, 0xfa, 0x9f, 0xe0, 0x0, 0x6f, 0xff, 0xfa,
    0x9f, 0xe0, 0x7, 0xff, 0xff, 0xfa, 0x9f, 0xe0,
    0x8f, 0xff, 0xff, 0xfa, 0x9f, 0xe9, 0xff, 0xff,
    0xff, 0xfa, 0x9f, 0xff, 0xff, 0xff, 0xff, 0xfa,
    0x9f, 0xff, 0xff, 0xff, 0xff, 0xfa, 0x9f, 0xfe,
    0xff, 0xff, 0xff, 0xfa, 0x9f, 0xe1, 0xdf, 0xff,
    0xff, 0xfa, 0x9f, 0xe0, 0x1c, 0xff, 0xff, 0xfa,
    0x9f, 0xe0, 0x0, 0xbf, 0xff, 0xfa, 0x9f, 0xe0,
    0x0, 0xa, 0xff, 0xfa, 0x9f, 0xe0, 0x0, 0x0,
    0x9f, 0xfa, 0x9f, 0xe0, 0x0, 0x0, 0x8, 0xf6,
    0x0, 0x0, 0x0, 0x0, 0x0, 0x0,

    /* U+F04B "" */
    0x3a, 0x70, 0x0, 0x0, 0x0, 0x0, 0x0, 0x0,
    0xef, 0xfe, 0x50, 0x0, 0x0, 0x0, 0x0, 0x0,
    0xff, 0xff, 0xfb, 0x20, 0x0, 0x0, 0x0, 0x0,
    0xff, 0xff, 0xff, 0xf8, 0x0, 0x0, 0x0, 0x0,
    0xff, 0xff, 0xff, 0xff, 0xe6, 0x0, 0x0, 0x0,
    0xff, 0xff, 0xff, 0xff, 0xff, 0xc3, 0x0, 0x0,
    0xff, 0xff, 0xff, 0xff, 0xff, 0xff, 0x91, 0x0,
    0xff, 0xff, 0xff, 0xff, 0xff, 0xff, 0xfe, 0x60,
    0xff, 0xff, 0xff, 0xff, 0xff, 0xff, 0xff, 0xf7,
    0xff, 0xff, 0xff, 0xff, 0xff, 0xff, 0xff, 0xfa,
    0xff, 0xff, 0xff, 0xff, 0xff, 0xff, 0xff, 0xe2,
    0xff, 0xff, 0xff, 0xff, 0xff, 0xff, 0xf8, 0x0,
    0xff, 0xff, 0xff, 0xff, 0xff, 0xfb, 0x20, 0x0,
    0xff, 0xff, 0xff, 0xff, 0xfd, 0x40, 0x0, 0x0,
    0xff, 0xff, 0xff, 0xff, 0x70, 0x0, 0x0, 0x0,
    0xff, 0xff, 0xff, 0xa1, 0x0, 0x0, 0x0, 0x0,
    0xff, 0xff, 0xd3, 0x0, 0x0, 0x0, 0x0, 0x0,
    0xaf, 0xe6, 0x0, 0x0, 0x0, 0x0, 0x0, 0x0,
    0x2, 0x0, 0x0, 0x0, 0x0, 0x0, 0x0, 0x0,

    /* U+F04C "" */
    0x3a, 0xbb, 0xb9, 0x10, 0x3, 0xab, 0xbb, 0x91,
    0xef, 0xff, 0xff, 0xa0, 0xe, 0xff, 0xff, 0xfa,
    0xff, 0xff, 0xff, 0xc0, 0xf, 0xff, 0xff, 0xfc,
    0xff, 0xff, 0xff, 0xc0, 0xf, 0xff, 0xff, 0xfc,
    0xff, 0xff, 0xff, 0xc0, 0xf, 0xff, 0xff, 0xfc,
    0xff, 0xff, 0xff, 0xc0, 0xf, 0xff, 0xff, 0xfc,
    0xff, 0xff, 0xff, 0xc0, 0xf, 0xff, 0xff, 0xfc,
    0xff, 0xff, 0xff, 0xc0, 0xf, 0xff, 0xff, 0xfc,
    0xff, 0xff, 0xff, 0xc0, 0xf, 0xff, 0xff, 0xfc,
    0xff, 0xff, 0xff, 0xc0, 0xf, 0xff, 0xff, 0xfc,
    0xff, 0xff, 0xff, 0xc0, 0xf, 0xff, 0xff, 0xfc,
    0xff, 0xff, 0xff, 0xc0, 0xf, 0xff, 0xff, 0xfc,
    0xff, 0xff, 0xff, 0xc0, 0xf, 0xff, 0xff, 0xfc,
    0xff, 0xff, 0xff, 0xc0, 0xf, 0xff, 0xff, 0xfc,
    0xff, 0xff, 0xff, 0xb0, 0xf, 0xff, 0xff, 0xfb,
    0x7f, 0xff, 0xfe, 0x40, 0x7, 0xff, 0xff, 0xe4,
    0x0, 0x0, 0x0, 0x0, 0x0, 0x0, 0x0, 0x0,

    /* U+F04D "" */
    0x3a, 0xbb, 0xbb, 0xbb, 0xbb, 0xbb, 0xbb, 0x91,
    0xef, 0xff, 0xff, 0xff, 0xff, 0xff, 0xff, 0xfa,
    0xff, 0xff, 0xff, 0xff, 0xff, 0xff, 0xff, 0xfc,
    0xff, 0xff, 0xff, 0xff, 0xff, 0xff, 0xff, 0xfc,
    0xff, 0xff, 0xff, 0xff, 0xff, 0xff, 0xff, 0xfc,
    0xff, 0xff, 0xff, 0xff, 0xff, 0xff, 0xff, 0xfc,
    0xff, 0xff, 0xff, 0xff, 0xff, 0xff, 0xff, 0xfc,
    0xff, 0xff, 0xff, 0xff, 0xff, 0xff, 0xff, 0xfc,
    0xff, 0xff, 0xff, 0xff, 0xff, 0xff, 0xff, 0xfc,
    0xff, 0xff, 0xff, 0xff, 0xff, 0xff, 0xff, 0xfc,
    0xff, 0xff, 0xff, 0xff, 0xff, 0xff, 0xff, 0xfc,
    0xff, 0xff, 0xff, 0xff, 0xff, 0xff, 0xff, 0xfc,
    0xff, 0xff, 0xff, 0xff, 0xff, 0xff, 0xff, 0xfc,
    0xff, 0xff, 0xff, 0xff, 0xff, 0xff, 0xff, 0xfc,
    0xff, 0xff, 0xff, 0xff, 0xff, 0xff, 0xff, 0xfb,
    0x7f, 0xff, 0xff, 0xff, 0xff, 0xff, 0xff, 0xe4,
    0x0, 0x0, 0x0, 0x0, 0x0, 0x0, 0x0, 0x0,

    /* U+F051 "" */
    0x4a, 0x20, 0x0, 0x0, 0xa, 0xb4, 0xbf, 0xe3,
    0x0, 0x0, 0xf, 0xf8, 0xcf, 0xff, 0x40, 0x0,
    0xf, 0xf8, 0xcf, 0xff, 0xf5, 0x0, 0xf, 0xf8,
    0xcf, 0xff, 0xff, 0x60, 0xf, 0xf8, 0xcf, 0xff,
    0xff, 0xf7, 0xf, 0xf8, 0xcf, 0xff, 0xff, 0xff,
    0x9f, 0xf8, 0xcf, 0xff, 0xff, 0xff, 0xff, 0xf8,
    0xcf, 0xff, 0xff, 0xff, 0xff, 0xf8, 0xcf, 0xff,
    0xff, 0xff, 0xdf, 0xf8, 0xcf, 0xff, 0xff, 0xfc,
    0x1f, 0xf8, 0xcf, 0xff, 0xff, 0xb0, 0xf, 0xf8,
    0xcf, 0xff, 0xfa, 0x0, 0xf, 0xf8, 0xcf, 0xff,
    0x80, 0x0, 0xf, 0xf8, 0xbf, 0xf7, 0x0, 0x0,
    0xf, 0xf8, 0x7f, 0x60, 0x0, 0x0, 0xf, 0xf7,
    0x0, 0x0, 0x0, 0x0, 0x0, 0x0,

    /* U+F052 "" */
    0x0, 0x0, 0x0, 0x2, 0xca, 0x10, 0x0, 0x0,
    0x0, 0x0, 0x0, 0x0, 0x2e, 0xff, 0xc0, 0x0,
    0x0, 0x0, 0x0, 0x0, 0x1, 0xef, 0xff, 0xfb,
    0x0, 0x0, 0x0, 0x0, 0x0, 0x1d, 0xff, 0xff,
    0xff, 0xa0, 0x0, 0x0, 0x0, 0x0, 0xcf, 0xff,
    0xff, 0xff, 0xf9, 0x0, 0x0, 0x0, 0xb, 0xff,
    0xff, 0xff, 0xff, 0xff, 0x70, 0x0, 0x0, 0xaf,
    0xff, 0xff, 0xff, 0xff, 0xff, 0xf6, 0x0, 0x8,
    0xff, 0xff, 0xff, 0xff, 0xff, 0xff, 0xff, 0x40,
    0xf, 0xff, 0xff, 0xff, 0xff, 0xff, 0xff, 0xff,
    0xb0, 0xa, 0xff, 0xff, 0xff, 0xff, 0xff, 0xff,
    0xff, 0x60, 0x0, 0x34, 0x44, 0x44, 0x44, 0x44,
    0x44, 0x42, 0x0, 0x3, 0x77, 0x77, 0x77, 0x77,
    0x77, 0x77, 0x77, 0x10, 0xf, 0xff, 0xff, 0xff,
    0xff, 0xff, 0xff, 0xff, 0xb0, 0xf, 0xff, 0xff,
    0xff, 0xff, 0xff, 0xff, 0xff, 0xc0, 0xf, 0xff,
    0xff, 0xff, 0xff, 0xff, 0xff, 0xff, 0xb0, 0xc,
    0xff, 0xff, 0xff, 0xff, 0xff, 0xff, 0xff, 0x70,
    0x0, 0x0, 0x0, 0x0, 0x0, 0x0, 0x0, 0x0,
    0x0,

    /* U+F053 "" */
    0x0, 0x0, 0x0, 0x0, 0x41, 0x0, 0x0, 0x0,
    0x0, 0x9f, 0xd0, 0x0, 0x0, 0x0, 0x9f, 0xff,
    0x20, 0x0, 0x0, 0x9f, 0xff, 0x50, 0x0, 0x0,
    0x9f, 0xff, 0x50, 0x0, 0x0, 0x9f, 0xff, 0x50,
    0x0, 0x0, 0x9f, 0xff, 0x50, 0x0, 0x0, 0x9f,
    0xff, 0x50, 0x0, 0x0, 0xe, 0xff, 0xd1, 0x0,
    0x0, 0x0, 0x3e, 0xff, 0xc1, 0x0, 0x0, 0x0,
    0x3e, 0xff, 0xc1, 0x0, 0x0, 0x0, 0x3e, 0xff,
    0xc1, 0x0, 0x0, 0x0, 0x3e, 0xff, 0xc1, 0x0,
    0x0, 0x0, 0x3e, 0xff, 0xc0, 0x0, 0x0, 0x0,
    0x3e, 0xff, 0x20, 0x0, 0x0, 0x0, 0x3c, 0x60,

    /* U+F054 "" */
    0x0, 0x50, 0x0, 0x0, 0x0, 0x0, 0x9f, 0xc1,
    0x0, 0x0, 0x0, 0xe, 0xff, 0xc1, 0x0, 0x0,
    0x0, 0x2e, 0xff, 0xc1, 0x0, 0x0, 0x0, 0x2e,
    0xff, 0xc1, 0x0, 0x0, 0x0, 0x2e, 0xff, 0xc1,
    0x0, 0x0, 0x0, 0x2e, 0xff, 0xc1, 0x0, 0x0,
    0x0, 0x2e, 0xff, 0xc0, 0x0, 0x0, 0x0, 0xaf,
    0xff, 0x20, 0x0, 0x0, 0x9f, 0xff, 0x50, 0x0,
    0x0, 0x9f, 0xff, 0x50, 0x0, 0x0, 0x9f, 0xff,
    0x50, 0x0, 0x0, 0x9f, 0xff, 0x60, 0x0, 0x0,
    0x9f, 0xff, 0x60, 0x0, 0x0, 0xe, 0xff, 0x60,
    0x0, 0x0, 0x0, 0x3d, 0x50, 0x0, 0x0, 0x0,

    /* U+F067 "" */
    0x0, 0x0, 0x0, 0x39, 0x91, 0x0, 0x0, 0x0,
    0x0, 0x0, 0x0, 0xcf, 0xf8, 0x0, 0x0, 0x0,
    0x0, 0x0, 0x0, 0xdf, 0xf9, 0x0, 0x0, 0x0,
    0x0, 0x0, 0x0, 0xdf, 0xf9, 0x0, 0x0, 0x0,
    0x0, 0x0, 0x0, 0xdf, 0xf9, 0x0, 0x0, 0x0,
    0x0, 0x0, 0x0, 0xdf, 0xf9, 0x0, 0x0, 0x0,
    0x36, 0x77, 0x77, 0xef, 0xfc, 0x77, 0x77, 0x61,
    0xef, 0xff, 0xff, 0xff, 0xff, 0xff, 0xff, 0xfa,
    0xff, 0xff, 0xff, 0xff, 0xff, 0xff, 0xff, 0xfb,
    0xae, 0xff, 0xff, 0xff, 0xff, 0xff, 0xff, 0xe6,
    0x0, 0x0, 0x0, 0xdf, 0xf9, 0x0, 0x0, 0x0,
    0x0, 0x0, 0x0, 0xdf, 0xf9, 0x0, 0x0, 0x0,
    0x0, 0x0, 0x0, 0xdf, 0xf9, 0x0, 0x0, 0x0,
    0x0, 0x0, 0x0, 0xdf, 0xf9, 0x0, 0x0, 0x0,
    0x0, 0x0, 0x0, 0xdf, 0xf9, 0x0, 0x0, 0x0,
    0x0, 0x0, 0x0, 0x9f, 0xf5, 0x0, 0x0, 0x0,
    0x0, 0x0, 0x0, 0x1, 0x10, 0x0, 0x0, 0x0,

    /* U+F068 "" */
    0x36, 0x66, 0x66, 0x66, 0x66, 0x66, 0x66, 0x61,
    0xef, 0xff, 0xff, 0xff, 0xff, 0xff, 0xff, 0xfa,
    0xff, 0xff, 0xff, 0xff, 0xff, 0xff, 0xff, 0xfb,
    0xaf, 0xff, 0xff, 0xff, 0xff, 0xff, 0xff, 0xf6,

    /* U+F06E "" */
    0x0, 0x0, 0x0, 0x3, 0x68, 0x87, 0x40, 0x0,
    0x0, 0x0, 0x0, 0x0, 0x0, 0x8e, 0xff, 0xff,
    0xff, 0xf9, 0x20, 0x0, 0x0, 0x0, 0x4, 0xef,
    0xfd, 0x63, 0x25, 0xbf, 0xff, 0x70, 0x0, 0x0,
    0x7, 0xff, 0xfa, 0x0, 0x0, 0x0, 0x7f, 0xff,
    0xa0, 0x0, 0x6, 0xff, 0xfd, 0x0, 0x8, 0xfc,
    0x20, 0x9f, 0xff, 0xa0, 0x2, 0xff, 0xff, 0x50,
    0x0, 0x8f, 0xfe, 0x12, 0xff, 0xff, 0x60, 0xcf,
    0xff, 0xf2, 0x16, 0x7f, 0xff, 0xf5, 0xe, 0xff,
    0xfe, 0x1e, 0xff, 0xff, 0x12, 0xff, 0xff, 0xff,
    0x70, 0xdf, 0xff, 0xf2, 0x6f, 0xff, 0xf3, 0xe,
    0xff, 0xff, 0xf3, 0xf, 0xff, 0xfb, 0x0, 0xbf,
    0xff, 0x90, 0x4f, 0xff, 0xf8, 0x5, 0xff, 0xfe,
    0x10, 0x1, 0xdf, 0xff, 0x40, 0x28, 0x84, 0x1,
    0xef, 0xff, 0x30, 0x0, 0x1, 0xbf, 0xff, 0x60,
    0x0, 0x4, 0xef, 0xfd, 0x30, 0x0, 0x0, 0x0,
    0x6e, 0xff, 0xfb, 0xbe, 0xff, 0xf9, 0x0, 0x0,
    0x0, 0x0, 0x0, 0x5, 0xad, 0xff, 0xeb, 0x71,
    0x0, 0x0, 0x0,

    /* U+F070 "" */
    0x4a, 0x10, 0x0, 0x0, 0x0, 0x0, 0x0, 0x0,
    0x0, 0x0, 0x0, 0xe, 0xfe, 0x30, 0x0, 0x0,
    0x0, 0x0, 0x0, 0x0, 0x0, 0x0, 0x0, 0x5f,
    0xff, 0x60, 0x0, 0x15, 0x78, 0x74, 0x0, 0x0,
    0x0, 0x0, 0x0, 0x2d, 0xff, 0xa6, 0xdf, 0xff,
    0xff, 0xff, 0xa2, 0x0, 0x0, 0x0, 0x0, 0xa,
    0xff, 0xff, 0xe8, 0x32, 0x5b, 0xff, 0xf8, 0x0,
    0x0, 0x0, 0x0, 0x6, 0xff, 0xf6, 0x0, 0x10,
    0x6, 0xff, 0xfb, 0x0, 0x0, 0x0, 0x0, 0x3,
    0xef, 0xf8, 0x7f, 0xd3, 0x9, 0xff, 0xfb, 0x0,
    0x0, 0x1e, 0x70, 0x1, 0xbf, 0xfe, 0xff, 0xf2,
    0x1f, 0xff, 0xf7, 0x0, 0x9, 0xff, 0xa0, 0x0,
    0x8f, 0xff, 0xff, 0x70, 0xdf, 0xff, 0xf1, 0x0,
    0xcf, 0xff, 0xd1, 0x0, 0x5f, 0xff, 0xf9, 0xc,
    0xff, 0xff, 0x30, 0x5, 0xff, 0xff, 0x60, 0x0,
    0x2d, 0xff, 0xb0, 0xef, 0xff, 0xb0, 0x0, 0xa,
    0xff, 0xfc, 0x0, 0x0, 0xa, 0xff, 0xef, 0xff,
    0xe1, 0x0, 0x0, 0xc, 0xff, 0xf6, 0x0, 0x0,
    0x6, 0xff, 0xff, 0xf3, 0x0, 0x0, 0x0, 0xa,
    0xff, 0xf8, 0x10, 0x0, 0x3, 0xef, 0xfa, 0x0,
    0x0, 0x0, 0x0, 0x5, 0xef, 0xff, 0xcb, 0x80,
    0x1, 0xbf, 0xfb, 0x10, 0x0, 0x0, 0x0, 0x0,
    0x5a, 0xdf, 0xfe, 0x70, 0x0, 0x8f, 0xfe, 0x30,
    0x0, 0x0, 0x0, 0x0, 0x0, 0x0, 0x0, 0x0,
    0x0, 0x5f, 0xff, 0x30, 0x0, 0x0, 0x0, 0x0,
    0x0, 0x0, 0x0, 0x0, 0x0, 0x2d, 0xe1, 0x0,
    0x0, 0x0, 0x0, 0x0, 0x0, 0x0, 0x0, 0x0,
    0x0, 0x1, 0x0,

    /* U+F071 "" */
    0x0, 0x0, 0x0, 0x0, 0x1, 0xcd, 0x40, 0x0,
    0x0, 0x0, 0x0, 0x0, 0x0, 0x0, 0x0, 0xa,
    0xff, 0xe0, 0x0, 0x0, 0x0, 0x0, 0x0, 0x0,
    0x0, 0x0, 0x4f, 0xff, 0xf8, 0x0, 0x0, 0x0,
    0x0, 0x0, 0x0, 0x0, 0x0, 0xdf, 0xff, 0xff,
    0x10, 0x0, 0x0, 0x0, 0x0, 0x0, 0x0, 0x6,
    0xff, 0xff, 0xff, 0xa0, 0x0, 0x0, 0x0, 0x0,
    0x0, 0x0, 0xe, 0xff, 0xff, 0xff, 0xf3, 0x0,
    0x0, 0x0, 0x0, 0x0, 0x0, 0x8f, 0xfb, 0x33,
    0x8f, 0xfc, 0x0, 0x0, 0x0, 0x0, 0x0, 0x2,
    0xff, 0xf9, 0x0, 0x6f, 0xff, 0x60, 0x0, 0x0,
    0x0, 0x0, 0xa, 0xff, 0xfa, 0x0, 0x6f, 0xff,
    0xe0, 0x0, 0x0, 0x0, 0x0, 0x4f, 0xff, 0xfb,
    0x0, 0x7f, 0xff, 0xf8, 0x0, 0x0, 0x0, 0x0,
    0xdf, 0xff, 0xfc, 0x0, 0x8f, 0xff, 0xff, 0x10,
    0x0, 0x0, 0x6, 0xff, 0xff, 0xfd, 0x0, 0x9f,
    0xff, 0xff, 0xa0, 0x0, 0x0, 0xe, 0xff, 0xff,
    0xff, 0xcb, 0xff, 0xff, 0xff, 0xf3, 0x0, 0x0,
    0x8f, 0xff, 0xff, 0xfc, 0x0, 0x8f, 0xff, 0xff,
    0xfc, 0x0, 0x2, 0xff, 0xff, 0xff, 0xf9, 0x0,
    0x4f, 0xff, 0xff, 0xff, 0x60, 0xa, 0xff, 0xff,
    0xff, 0xfe, 0x42, 0xcf, 0xff, 0xff, 0xff, 0xe0,
    0xf, 0xff, 0xff, 0xff, 0xff, 0xff, 0xff, 0xff,
    0xff, 0xff, 0xf3, 0x9, 0xff, 0xff, 0xff, 0xff,
    0xff, 0xff, 0xff, 0xff, 0xff, 0xd0, 0x0, 0x23,
    0x33, 0x33, 0x33, 0x33, 0x33, 0x33, 0x33, 0x33,
    0x0,

    /* U+F074 "" */
    0x0, 0x0, 0x0, 0x0, 0x0, 0x0, 0x1, 0x40,
    0x0, 0x0, 0x0, 0x0, 0x0, 0x0, 0x0, 0x7,
    0xf9, 0x0, 0x12, 0x22, 0x10, 0x0, 0x0, 0x1,
    0x29, 0xff, 0x90, 0xff, 0xff, 0xe2, 0x0, 0x0,
    0x6f, 0xff, 0xff, 0xf8, 0xff, 0xff, 0xfe, 0x20,
    0x5, 0xff, 0xff, 0xff, 0xfd, 0x9a, 0xad, 0xff,
    0xd0, 0x5f, 0xff, 0xbd, 0xff, 0xe2, 0x0, 0x0,
    0xcf, 0x44, 0xff, 0xf9, 0x8, 0xfe, 0x20, 0x0,
    0x0, 0x4, 0x4f, 0xff, 0x90, 0x4, 0xd2, 0x0,
    0x0, 0x0, 0x3, 0xff, 0xfa, 0x0, 0x0, 0x10,
    0x0, 0x0, 0x0, 0x3f, 0xff, 0xa1, 0x91, 0x6,
    0xf6, 0x0, 0x0, 0x2, 0xef, 0xfb, 0xc, 0xfc,
    0x8, 0xff, 0x60, 0xef, 0xff, 0xff, 0xb0, 0x1d,
    0xff, 0xff, 0xff, 0xf6, 0xff, 0xff, 0xfc, 0x0,
    0x2, 0xef, 0xff, 0xff, 0xfe, 0xdd, 0xdd, 0xb0,
    0x0, 0x0, 0x2d, 0xde, 0xff, 0xf5, 0x0, 0x0,
    0x0, 0x0, 0x0, 0x0, 0x8, 0xff, 0x50, 0x0,
    0x0, 0x0, 0x0, 0x0, 0x0, 0x6, 0xf5, 0x0,
    0x0, 0x0, 0x0, 0x0, 0x0, 0x0, 0x0, 0x0,
    0x0,

    /* U+F077 "" */
    0x0, 0x0, 0x0, 0x4, 0x20, 0x0, 0x0, 0x0,
    0x0, 0x0, 0x0, 0x5f, 0xe2, 0x0, 0x0, 0x0,
    0x0, 0x0, 0x5, 0xff, 0xfe, 0x20, 0x0, 0x0,
    0x0, 0x0, 0x5f, 0xff, 0xff, 0xe3, 0x0, 0x0,
    0x0, 0x6, 0xff, 0xfa, 0xcf, 0xfe, 0x30, 0x0,
    0x0, 0x6f, 0xff, 0x90, 0xc, 0xff, 0xe3, 0x0,
    0x6, 0xff, 0xf9, 0x0, 0x0, 0xcf, 0xfe, 0x30,
    0x5f, 0xff, 0x90, 0x0, 0x0, 0xc, 0xff, 0xe2,
    0xaf, 0xf9, 0x0, 0x0, 0x0, 0x0, 0xcf, 0xf6,
    0x1b, 0x80, 0x0, 0x0, 0x0, 0x0, 0xb, 0x90,

    /* U+F078 "" */
    0x3, 0x20, 0x0, 0x0, 0x0, 0x0, 0x3, 0x20,
    0x6f, 0xe2, 0x0, 0x0, 0x0, 0x0, 0x5f, 0xf2,
    0xaf, 0xfe, 0x30, 0x0, 0x0, 0x5, 0xff, 0xf6,
    0x1c, 0xff, 0xe3, 0x0, 0x0, 0x5f, 0xff, 0x90,
    0x1, 0xcf, 0xfe, 0x30, 0x5, 0xff, 0xf9, 0x0,
    0x0, 0x1c, 0xff, 0xe3, 0x5f, 0xff, 0x90, 0x0,
    0x0, 0x1, 0xcf, 0xff, 0xff, 0xf9, 0x0, 0x0,
    0x0, 0x0, 0x1c, 0xff, 0xff, 0x90, 0x0, 0x0,
    0x0, 0x0, 0x1, 0xcf, 0xf9, 0x0, 0x0, 0x0,
    0x0, 0x0, 0x0, 0x1b, 0x90, 0x0, 0x0, 0x0,

    /* U+F079 "" */
    0x0, 0x0, 0x26, 0x0, 0x0, 0x0, 0x0, 0x0,
    0x0, 0x0, 0x0, 0x0, 0x0, 0x2, 0xef, 0xa0,
    0x0, 0x44, 0x44, 0x44, 0x44, 0x42, 0x0, 0x0,
    0x0, 0x2e, 0xff, 0xfa, 0x4, 0xff, 0xff, 0xff,
    0xff, 0xfd, 0x0, 0x0, 0x3, 0xef, 0xff, 0xff,
    0xa0, 0xaf, 0xff, 0xff, 0xff, 0xfe, 0x0, 0x0,
    0xe, 0xfd, 0xef, 0xcf, 0xf8, 0x0, 0x0, 0x0,
    0x5, 0xfe, 0x0, 0x0, 0xb, 0xe2, 0xdf, 0x67,
    0xf5, 0x0, 0x0, 0x0, 0x5, 0xfe, 0x0, 0x0,
    0x0, 0x0, 0xdf, 0x60, 0x0, 0x0, 0x0, 0x0,
    0x5, 0xfe, 0x0, 0x0, 0x0, 0x0, 0xdf, 0x60,
    0x0, 0x0, 0x0, 0x0, 0x5, 0xfe, 0x0, 0x0,
    0x0, 0x0, 0xdf, 0x60, 0x0, 0x0, 0x0, 0x4,
    0x15, 0xfe, 0x3, 0x20, 0x0, 0x0, 0xdf, 0x60,
    0x0, 0x0, 0x0, 0x6f, 0xd6, 0xfe, 0x4f, 0xf1,
    0x0, 0x0, 0xdf, 0x94, 0x44, 0x44, 0x41, 0x3f,
    0xff, 0xff, 0xff, 0xc0, 0x0, 0x0, 0xdf, 0xff,
    0xff, 0xff, 0xff, 0x24, 0xff, 0xff, 0xfc, 0x10,
    0x0, 0x0, 0x9f, 0xff, 0xff, 0xff, 0xfe, 0x30,
    0x4f, 0xff, 0xc0, 0x0, 0x0, 0x0, 0x0, 0x0,
    0x0, 0x0, 0x0, 0x0, 0x4, 0xfc, 0x0, 0x0,
    0x0, 0x0, 0x0, 0x0, 0x0, 0x0, 0x0, 0x0,
    0x0, 0x10, 0x0, 0x0,

    /* U+F07B "" */
    0x17, 0x88, 0x88, 0x84, 0x0, 0x0, 0x0, 0x0,
    0x0, 0xcf, 0xff, 0xff, 0xff, 0x50, 0x0, 0x0,
    0x0, 0x0, 0xff, 0xff, 0xff, 0xff, 0xf6, 0x44,
    0x44, 0x44, 0x30, 0xff, 0xff, 0xff, 0xff, 0xff,
    0xff, 0xff, 0xff, 0xfa, 0xff, 0xff, 0xff, 0xff,
    0xff, 0xff, 0xff, 0xff, 0xff, 0xff, 0xff, 0xff,
    0xff, 0xff, 0xff, 0xff, 0xff, 0xff, 0xff, 0xff,
    0xff, 0xff, 0xff, 0xff, 0xff, 0xff, 0xff, 0xff,
    0xff, 0xff, 0xff, 0xff, 0xff, 0xff, 0xff, 0xff,
    0xff, 0xff, 0xff, 0xff, 0xff, 0xff, 0xff, 0xff,
    0xff, 0xff, 0xff, 0xff, 0xff, 0xff, 0xff, 0xff,
    0xff, 0xff, 0xff, 0xff, 0xff, 0xff, 0xff, 0xff,
    0xff, 0xff, 0xff, 0xff, 0xff, 0xff, 0xff, 0xff,
    0xff, 0xff, 0xff, 0xff, 0xff, 0xff, 0xff, 0xff,
    0xff, 0xff, 0xff, 0xff, 0xff, 0x7f, 0xff, 0xff,
    0xff, 0xff, 0xff, 0xff, 0xff, 0xf6,

    /* U+F093 "" */
    0x0, 0x0, 0x0, 0x0, 0x47, 0x0, 0x0, 0x0,
    0x0, 0x0, 0x0, 0x0, 0x4, 0xff, 0x90, 0x0,
    0x0, 0x0, 0x0, 0x0, 0x0, 0x4f, 0xff, 0xf9,
    0x0, 0x0, 0x0, 0x0, 0x0, 0x4, 0xff, 0xff,
    0xff, 0x90, 0x0, 0x0, 0x0, 0x0, 0x4f, 0xff,
    0xff, 0xff, 0xf9, 0x0, 0x0, 0x0, 0x4, 0xff,
    0xff, 0xff, 0xff, 0xff, 0x90, 0x0, 0x0, 0xc,
    0xff, 0xff, 0xff, 0xff, 0xff, 0xf1, 0x0, 0x0,
    0x0, 0x11, 0x2f, 0xff, 0xf7, 0x11, 0x10, 0x0,
    0x0, 0x0, 0x0, 0x1f, 0xff, 0xf6, 0x0, 0x0,
    0x0, 0x0, 0x0, 0x0, 0x1f, 0xff, 0xf6, 0x0,
    0x0, 0x0, 0x0, 0x0, 0x0, 0x1f, 0xff, 0xf6,
    0x0, 0x0, 0x0, 0x0, 0x0, 0x0, 0x1f, 0xff,
    0xf6, 0x0, 0x0, 0x0, 0x24, 0x44, 0x42, 0x1f,
    0xff, 0xf6, 0x24, 0x44, 0x42, 0xff, 0xff, 0xfc,
    0x8, 0xbb, 0xa2, 0xcf, 0xff, 0xff, 0xff, 0xff,
    0xff, 0xa5, 0x55, 0x5a, 0xff, 0xff, 0xff, 0xff,
    0xff, 0xff, 0xff, 0xff, 0xff, 0xff, 0xff, 0xff,
    0xff, 0xff, 0xff, 0xff, 0xff, 0xff, 0x66, 0xc4,
    0xff, 0xdf, 0xff, 0xff, 0xff, 0xff, 0xff, 0xff,
    0xff, 0xfd, 0x0, 0x0, 0x0, 0x0, 0x0, 0x0,
    0x0, 0x0, 0x0,

    /* U+F095 "" */
    0x0, 0x0, 0x0, 0x0, 0x0, 0x0, 0x2, 0xb8,
    0x41, 0x0, 0x0, 0x0, 0x0, 0x0, 0x0, 0x0,
    0x9f, 0xff, 0xfb, 0x0, 0x0, 0x0, 0x0, 0x0,
    0x0, 0x1f, 0xff, 0xff, 0xf0, 0x0, 0x0, 0x0,
    0x0, 0x0, 0x7, 0xff, 0xff, 0xfe, 0x0, 0x0,
    0x0, 0x0, 0x0, 0x0, 0xdf, 0xff, 0xff, 0xc0,
    0x0, 0x0, 0x0, 0x0, 0x0, 0xc, 0xff, 0xff,
    0xf9, 0x0, 0x0, 0x0, 0x0, 0x0, 0x0, 0xa,
    0xff, 0xff, 0x50, 0x0, 0x0, 0x0, 0x0, 0x0,
    0x0, 0xc, 0xff, 0xf1, 0x0, 0x0, 0x0, 0x0,
    0x0, 0x0, 0x3, 0xff, 0xfa, 0x0, 0x0, 0x0,
    0x0, 0x0, 0x0, 0x0, 0xdf, 0xff, 0x20, 0x0,
    0x0, 0x0, 0x0, 0x0, 0x0, 0xaf, 0xff, 0x90,
    0x0, 0x0, 0x4, 0xa5, 0x0, 0x0, 0xaf, 0xff,
    0xd0, 0x0, 0x0, 0x7d, 0xff, 0xf4, 0x2, 0xcf,
    0xff, 0xe2, 0x0, 0x0, 0xdf, 0xff, 0xff, 0xe9,
    0xff, 0xff, 0xf3, 0x0, 0x0, 0xd, 0xff, 0xff,
    0xff, 0xff, 0xff, 0xe2, 0x0, 0x0, 0x0, 0x9f,
    0xff, 0xff, 0xff, 0xff, 0xa1, 0x0, 0x0, 0x0,
    0x6, 0xff, 0xff, 0xff, 0xfc, 0x40, 0x0, 0x0,
    0x0, 0x0, 0x2f, 0xff, 0xfd, 0x83, 0x0, 0x0,
    0x0, 0x0, 0x0, 0x0, 0x23, 0x20, 0x0, 0x0,
    0x0, 0x0, 0x0, 0x0, 0x0,

    /* U+F0C4 "" */
    0x0, 0x35, 0x20, 0x0, 0x0, 0x0, 0x0, 0x0,
    0x1c, 0xff, 0xfa, 0x0, 0x0, 0x1, 0x9c, 0xa1,
    0xaf, 0xfe, 0xff, 0x60, 0x0, 0x2e, 0xff, 0xf9,
    0xef, 0x60, 0xaf, 0xb0, 0x3, 0xef, 0xff, 0xb0,
    0xef, 0x92, 0xcf, 0x90, 0x3e, 0xff, 0xfa, 0x0,
    0x7f, 0xff, 0xff, 0xe6, 0xff, 0xff, 0xa0, 0x0,
    0x8, 0xff, 0xff, 0xff, 0xff, 0xfa, 0x0, 0x0,
    0x0, 0x1, 0xcf, 0xff, 0xff, 0xa0, 0x0, 0x0,
    0x0, 0x0, 0x3f, 0xff, 0xff, 0x10, 0x0, 0x0,
    0x0, 0x36, 0xef, 0xff, 0xff, 0xd1, 0x0, 0x0,
    0x1c, 0xff, 0xff, 0xff, 0xff, 0xfd, 0x10, 0x0,
    0xaf, 0xfe, 0xff, 0xc2, 0xdf, 0xff, 0xd1, 0x0,
    0xef, 0x60, 0xaf, 0xa0, 0x1c, 0xff, 0xfe, 0x20,
    0xef, 0x92, 0xcf, 0xa0, 0x0, 0xcf, 0xff, 0xe2,
    0x7f, 0xff, 0xff, 0x40, 0x0, 0xb, 0xff, 0xf9,
    0x8, 0xff, 0xe5, 0x0, 0x0, 0x0, 0x58, 0x50,
    0x0, 0x1, 0x0, 0x0, 0x0, 0x0, 0x0, 0x0,

    /* U+F0C5 "" */
    0x0, 0x0, 0x6f, 0xff, 0xff, 0xf1, 0x68, 0x0,
    0x0, 0x0, 0xaf, 0xff, 0xff, 0xf1, 0x7f, 0x80,
    0x0, 0x0, 0xaf, 0xff, 0xff, 0xf1, 0x7f, 0xf8,
    0x36, 0x62, 0xaf, 0xff, 0xff, 0xf1, 0x36, 0x66,
    0xff, 0xf6, 0xaf, 0xff, 0xff, 0xf6, 0x22, 0x22,
    0xff, 0xf6, 0xaf, 0xff, 0xff, 0xff, 0xff, 0xfe,
    0xff, 0xf6, 0xaf, 0xff, 0xff, 0xff, 0xff, 0xfe,
    0xff, 0xf6, 0xaf, 0xff, 0xff, 0xff, 0xff, 0xfe,
    0xff, 0xf6, 0xaf, 0xff, 0xff, 0xff, 0xff, 0xfe,
    0xff, 0xf6, 0xaf, 0xff, 0xff, 0xff, 0xff, 0xfe,
    0xff, 0xf6, 0xaf, 0xff, 0xff, 0xff, 0xff, 0xfe,
    0xff, 0xf6, 0xaf, 0xff, 0xff, 0xff, 0xff, 0xfe,
    0xff, 0xf6, 0xaf, 0xff, 0xff, 0xff, 0xff, 0xfe,
    0xff, 0xf6, 0xaf, 0xff, 0xff, 0xff, 0xff, 0xfe,
    0xff, 0xf7, 0x6f, 0xff, 0xff, 0xff, 0xff, 0xfa,
    0xff, 0xfe, 0x30, 0x0, 0x0, 0x0, 0x0, 0x0,
    0xff, 0xff, 0xff, 0xff, 0xff, 0xf1, 0x0, 0x0,
    0xef, 0xff, 0xff, 0xff, 0xff, 0xf0, 0x0, 0x0,
    0x14, 0x44, 0x44, 0x44, 0x44, 0x20, 0x0, 0x0,

    /* U+F0C7 "" */
    0x5, 0x66, 0x66, 0x66, 0x66, 0x64, 0x0, 0x0,
    0xcf, 0xff, 0xff, 0xff, 0xff, 0xff, 0x90, 0x0,
    0xff, 0xed, 0xdd, 0xdd, 0xdd, 0xef, 0xf9, 0x0,
    0xff, 0x40, 0x0, 0x0, 0x0, 0xf, 0xff, 0x90,
    0xff, 0x40, 0x0, 0x0, 0x0, 0xe, 0xff, 0xf6,
    0xff, 0x40, 0x0, 0x0, 0x0, 0xe, 0xff, 0xf9,
    0xff, 0x40, 0x0, 0x0, 0x0, 0xf, 0xff, 0xf9,
    0xff, 0xff, 0xff, 0xff, 0xff, 0xff, 0xff, 0xf9,
    0xff, 0xff, 0xff, 0xff, 0xff, 0xff, 0xff, 0xf9,
    0xff, 0xff, 0xff, 0xc5, 0x7f, 0xff, 0xff, 0xf9,
    0xff, 0xff, 0xfe, 0x0, 0x5, 0xff, 0xff, 0xf9,
    0xff, 0xff, 0xfa, 0x0, 0x1, 0xff, 0xff, 0xf9,
    0xff, 0xff, 0xfd, 0x0, 0x4, 0xff, 0xff, 0xf9,
    0xff, 0xff, 0xff, 0x93, 0x4d, 0xff, 0xff, 0xf9,
    0xff, 0xff, 0xff, 0xff, 0xff, 0xff, 0xff, 0xf8,
    0x8f, 0xff, 0xff, 0xff, 0xff, 0xff, 0xff, 0xe3,
    0x1, 0x22, 0x22, 0x22, 0x22, 0x22, 0x21, 0x0,

    /* U+F0C9 "" */
    0x79, 0x99, 0x99, 0x99, 0x99, 0x99, 0x99, 0x95,
    0xff, 0xff, 0xff, 0xff, 0xff, 0xff, 0xff, 0xfc,
    0xdf, 0xff, 0xff, 0xff, 0xff, 0xff, 0xff, 0xfa,
    0x0, 0x0, 0x0, 0x0, 0x0, 0x0, 0x0, 0x0,
    0x0, 0x0, 0x0, 0x0, 0x0, 0x0, 0x0, 0x0,
    0x0, 0x0, 0x0, 0x0, 0x0, 0x0, 0x0, 0x0,
    0xef, 0xff, 0xff, 0xff, 0xff, 0xff, 0xff, 0xfa,
    0xff, 0xff, 0xff, 0xff, 0xff, 0xff, 0xff, 0xfb,
    0x68, 0x88, 0x88, 0x88, 0x88, 0x88, 0x88, 0x84,
    0x0, 0x0, 0x0, 0x0, 0x0, 0x0, 0x0, 0x0,
    0x0, 0x0, 0x0, 0x0, 0x0, 0x0, 0x0, 0x0,
    0x67, 0x77, 0x77, 0x77, 0x77, 0x77, 0x77, 0x74,
    0xff, 0xff, 0xff, 0xff, 0xff, 0xff, 0xff, 0xfb,
    0xef, 0xff, 0xff, 0xff, 0xff, 0xff, 0xff, 0xfa,
    0x0, 0x0, 0x0, 0x0, 0x0, 0x0, 0x0, 0x0,

    /* U+F0E0 "" */
    0x3, 0x44, 0x44, 0x44, 0x44, 0x44, 0x44, 0x44,
    0x30, 0xaf, 0xff, 0xff, 0xff, 0xff, 0xff, 0xff,
    0xff, 0xfa, 0xff, 0xff, 0xff, 0xff, 0xff, 0xff,
    0xff, 0xff, 0xff, 0xcf, 0xff, 0xff, 0xff, 0xff,
    0xff, 0xff, 0xff, 0xfc, 0xa, 0xff, 0xff, 0xff,
    0xff, 0xff, 0xff, 0xff, 0xa0, 0xa1, 0x6f, 0xff,
    0xff, 0xff, 0xff, 0xff, 0xf6, 0x3d, 0xfe, 0x42,
    0xdf, 0xff, 0xff, 0xff, 0xfd, 0x26, 0xff, 0xff,
    0xf9, 0x19, 0xff, 0xff, 0xff, 0x91, 0xbf, 0xff,
    0xff, 0xff, 0xd3, 0x5f, 0xff, 0xe5, 0x4e, 0xff,
    0xff, 0xff, 0xff, 0xff, 0x71, 0x99, 0x17, 0xff,
    0xff, 0xff, 0xff, 0xff, 0xff, 0xfd, 0x77, 0xdf,
    0xff, 0xff, 0xff, 0xff, 0xff, 0xff, 0xff, 0xff,
    0xff, 0xff, 0xff, 0xff, 0xff, 0xff, 0xff, 0xff,
    0xff, 0xff, 0xff, 0xff, 0xff, 0x7f, 0xff, 0xff,
    0xff, 0xff, 0xff, 0xff, 0xff, 0xf6,

    /* U+F0E7 "" */
    0x0, 0xaf, 0xff, 0xff, 0xa0, 0x0, 0x0, 0xf,
    0xff, 0xff, 0xfb, 0x0, 0x0, 0x1, 0xff, 0xff,
    0xff, 0x60, 0x0, 0x0, 0x3f, 0xff, 0xff, 0xf1,
    0x0, 0x0, 0x5, 0xff, 0xff, 0xfb, 0x0, 0x0,
    0x0, 0x8f, 0xff, 0xff, 0xa5, 0x55, 0x40, 0xa,
    0xff, 0xff, 0xff, 0xff, 0xff, 0x30, 0xcf, 0xff,
    0xff, 0xff, 0xff, 0xc0, 0xe, 0xff, 0xff, 0xff,
    0xff, 0xf3, 0x0, 0xef, 0xff, 0xff, 0xff, 0xfa,
    0x0, 0x1, 0x22, 0x23, 0xff, 0xff, 0x10, 0x0,
    0x0, 0x0, 0x4f, 0xff, 0x70, 0x0, 0x0, 0x0,
    0x8, 0xff, 0xe0, 0x0, 0x0, 0x0, 0x0, 0xcf,
    0xf5, 0x0, 0x0, 0x0, 0x0, 0xf, 0xfc, 0x0,
    0x0, 0x0, 0x0, 0x3, 0xff, 0x30, 0x0, 0x0,
    0x0, 0x0, 0x7f, 0x90, 0x0, 0x0, 0x0, 0x0,
    0x7, 0xe1, 0x0, 0x0, 0x0, 0x0, 0x0, 0x0,
    0x0, 0x0, 0x0, 0x0,

    /* U+F0EA "" */
    0x0, 0x0, 0x8d, 0x90, 0x0, 0x0, 0x0, 0x0,
    0x8b, 0xbc, 0xfa, 0xfd, 0xbb, 0x90, 0x0, 0x0,
    0xff, 0xff, 0xd0, 0xcf, 0xff, 0xf1, 0x0, 0x0,
    0xff, 0xff, 0xf8, 0xff, 0xff, 0xf1, 0x0, 0x0,
    0xff, 0xff, 0xff, 0xff, 0xff, 0xf1, 0x0, 0x0,
    0xff, 0xff, 0xf3, 0x0, 0x0, 0x0, 0x0, 0x0,
    0xff, 0xff, 0x95, 0xff, 0xff, 0xf1, 0x79, 0x0,
    0xff, 0xff, 0x88, 0xff, 0xff, 0xf1, 0x7f, 0xb0,
    0xff, 0xff, 0x88, 0xff, 0xff, 0xf1, 0x7f, 0xfa,
    0xff, 0xff, 0x88, 0xff, 0xff, 0xf2, 0x2, 0x21,
    0xff, 0xff, 0x88, 0xff, 0xff, 0xff, 0xdd, 0xdc,
    0xff, 0xff, 0x88, 0xff, 0xff, 0xff, 0xff, 0xfe,
    0xff, 0xff, 0x88, 0xff, 0xff, 0xff, 0xff, 0xfe,
    0xff, 0xff, 0x88, 0xff, 0xff, 0xff, 0xff, 0xfe,
    0x7a, 0xaa, 0x58, 0xff, 0xff, 0xff, 0xff, 0xfe,
    0x0, 0x0, 0x8, 0xff, 0xff, 0xff, 0xff, 0xfe,
    0x0, 0x0, 0x8, 0xff, 0xff, 0xff, 0xff, 0xfe,
    0x0, 0x0, 0x6, 0xff, 0xff, 0xff, 0xff, 0xfc,
    0x0, 0x0, 0x0, 0x0, 0x0, 0x0, 0x0, 0x0,

    /* U+F0F3 "" */
    0x0, 0x0, 0x0, 0x8, 0x60, 0x0, 0x0, 0x0,
    0x0, 0x0, 0x0, 0x3f, 0xf0, 0x0, 0x0, 0x0,
    0x0, 0x0, 0x6, 0xcf, 0xfa, 0x40, 0x0, 0x0,
    0x0, 0x1, 0xcf, 0xff, 0xff, 0xf9, 0x0, 0x0,
    0x0, 0xc, 0xff, 0xff, 0xff, 0xff, 0x80, 0x0,
    0x0, 0x5f, 0xff, 0xff, 0xff, 0xff, 0xf1, 0x0,
    0x0, 0x9f, 0xff, 0xff, 0xff, 0xff, 0xf5, 0x0,
    0x0, 0xbf, 0xff, 0xff, 0xff, 0xff, 0xf7, 0x0,
    0x0, 0xcf, 0xff, 0xff, 0xff, 0xff, 0xf8, 0x0,
    0x0, 0xef, 0xff, 0xff, 0xff, 0xff, 0xfa, 0x0,
    0x2, 0xff, 0xff, 0xff, 0xff, 0xff, 0xfe, 0x0,
    0x8, 0xff, 0xff, 0xff, 0xff, 0xff, 0xff, 0x40,
    0x3f, 0xff, 0xff, 0xff, 0xff, 0xff, 0xff, 0xd1,
    0xef, 0xff, 0xff, 0xff, 0xff, 0xff, 0xff, 0xfa,
    0xaf, 0xff, 0xff, 0xff, 0xff, 0xff, 0xff, 0xf7,
    0x0, 0x0, 0x0, 0x0, 0x0, 0x0, 0x0, 0x0,
    0x0, 0x0, 0x4, 0xff, 0xff, 0x0, 0x0, 0x0,
    0x0, 0x0, 0x0, 0xbf, 0xf7, 0x0, 0x0, 0x0,
    0x0, 0x0, 0x0, 0x2, 0x10, 0x0, 0x0, 0x0,

    /* U+F11C "" */
    0x4, 0x44, 0x44, 0x44, 0x44, 0x44, 0x44, 0x44,
    0x44, 0x41, 0xb, 0xff, 0xff, 0xff, 0xff, 0xff,
    0xff, 0xff, 0xff, 0xff, 0xe0, 0xff, 0xff, 0xff,
    0xff, 0xff, 0xff, 0xff, 0xff, 0xff, 0xff, 0x3f,
    0xf4, 0x4, 0xd0, 0x2f, 0x0, 0xf3, 0x3, 0xf0,
    0xf, 0xf4, 0xff, 0x40, 0x5d, 0x2, 0xf0, 0xf,
    0x40, 0x4f, 0x0, 0xff, 0x4f, 0xff, 0xff, 0xff,
    0xff, 0xff, 0xff, 0xff, 0xff, 0xff, 0xf4, 0xff,
    0xff, 0x22, 0xb7, 0x29, 0xa2, 0x4f, 0x42, 0xcf,
    0xff, 0x4f, 0xff, 0xf0, 0xa, 0x60, 0x79, 0x2,
    0xf2, 0xb, 0xff, 0xf4, 0xff, 0xff, 0xdd, 0xfe,
    0xdf, 0xfd, 0xef, 0xed, 0xff, 0xff, 0x4f, 0xf8,
    0x48, 0xe4, 0x44, 0x44, 0x44, 0x47, 0xf4, 0x5f,
    0xf4, 0xff, 0x40, 0x4d, 0x0, 0x0, 0x0, 0x0,
    0x3e, 0x0, 0xff, 0x4f, 0xf7, 0x48, 0xe4, 0x44,
    0x44, 0x44, 0x47, 0xf4, 0x4f, 0xf4, 0xff, 0xff,
    0xff, 0xff, 0xff, 0xff, 0xff, 0xff, 0xff, 0xff,
    0x37, 0xff, 0xff, 0xff, 0xff, 0xff, 0xff, 0xff,
    0xff, 0xff, 0xa0,

    /* U+F124 "" */
    0x0, 0x0, 0x0, 0x0, 0x0, 0x0, 0x0, 0x0,
    0x0, 0x0, 0x0, 0x0, 0x0, 0x0, 0x0, 0x0,
    0x0, 0x1, 0x8b, 0x30, 0x0, 0x0, 0x0, 0x0,
    0x0, 0x0, 0x2, 0xaf, 0xff, 0xd0, 0x0, 0x0,
    0x0, 0x0, 0x0, 0x3, 0xbf, 0xff, 0xff, 0xd0,
    0x0, 0x0, 0x0, 0x0, 0x5, 0xcf, 0xff, 0xff,
    0xff, 0x70, 0x0, 0x0, 0x0, 0x6, 0xdf, 0xff,
    0xff, 0xff, 0xfe, 0x0, 0x0, 0x0, 0x17, 0xef,
    0xff, 0xff, 0xff, 0xff, 0xf8, 0x0, 0x0, 0x29,
    0xff, 0xff, 0xff, 0xff, 0xff, 0xff, 0xf1, 0x0,
    0x7, 0xff, 0xff, 0xff, 0xff, 0xff, 0xff, 0xff,
    0x90, 0x0, 0xf, 0xff, 0xff, 0xff, 0xff, 0xff,
    0xff, 0xff, 0x20, 0x0, 0xb, 0xff, 0xff, 0xff,
    0xff, 0xff, 0xff, 0xfb, 0x0, 0x0, 0x0, 0x56,
    0x66, 0x66, 0x7f, 0xff, 0xff, 0xf3, 0x0, 0x0,
    0x0, 0x0, 0x0, 0x0, 0x2f, 0xff, 0xff, 0xc0,
    0x0, 0x0, 0x0, 0x0, 0x0, 0x0, 0x2f, 0xff,
    0xff, 0x50, 0x0, 0x0, 0x0, 0x0, 0x0, 0x0,
    0x2f, 0xff, 0xfd, 0x0, 0x0, 0x0, 0x0, 0x0,
    0x0, 0x0, 0x2f, 0xff, 0xf6, 0x0, 0x0, 0x0,
    0x0, 0x0, 0x0, 0x0, 0x2f, 0xff, 0xe0, 0x0,
    0x0, 0x0, 0x0, 0x0, 0x0, 0x0, 0x1f, 0xff,
    0x70, 0x0, 0x0, 0x0, 0x0, 0x0, 0x0, 0x0,
    0xc, 0xfd, 0x0, 0x0, 0x0, 0x0, 0x0, 0x0,
    0x0, 0x0, 0x0, 0x30, 0x0, 0x0, 0x0, 0x0,

    /* U+F15B "" */
    0x58, 0x88, 0x88, 0x87, 0x6, 0x0, 0x0, 0xff,
    0xff, 0xff, 0xfe, 0xf, 0x90, 0x0, 0xff, 0xff,
    0xff, 0xfe, 0xf, 0xf9, 0x0, 0xff, 0xff, 0xff,
    0xfe, 0xf, 0xff, 0x90, 0xff, 0xff, 0xff, 0xfe,
    0xf, 0xff, 0xf5, 0xff, 0xff, 0xff, 0xff, 0x32,
    0x22, 0x21, 0xff, 0xff, 0xff, 0xff, 0xff, 0xff,
    0xf8, 0xff, 0xff, 0xff, 0xff, 0xff, 0xff, 0xf8,
    0xff, 0xff, 0xff, 0xff, 0xff, 0xff, 0xf8, 0xff,
    0xff, 0xff, 0xff, 0xff, 0xff, 0xf8, 0xff, 0xff,
    0xff, 0xff, 0xff, 0xff, 0xf8, 0xff, 0xff, 0xff,
    0xff, 0xff, 0xff, 0xf8, 0xff, 0xff, 0xff, 0xff,
    0xff, 0xff, 0xf8, 0xff, 0xff, 0xff, 0xff, 0xff,
    0xff, 0xf8, 0xff, 0xff, 0xff, 0xff, 0xff, 0xff,
    0xf8, 0xff, 0xff, 0xff, 0xff, 0xff, 0xff, 0xf8,
    0xff, 0xff, 0xff, 0xff, 0xff, 0xff, 0xf8, 0xef,
    0xff, 0xff, 0xff, 0xff, 0xff, 0xf6, 0x14, 0x44,
    0x44, 0x44, 0x44, 0x44, 0x30,

    /* U+F1EB "" */
    0x0, 0x0, 0x0, 0x0, 0x0, 0x0, 0x0, 0x0,
    0x0, 0x0, 0x0, 0x0, 0x0, 0x0, 0x0, 0x36,
    0x89, 0xa9, 0x74, 0x10, 0x0, 0x0, 0x0, 0x0,
    0x0, 0x29, 0xef, 0xff, 0xff, 0xff, 0xff, 0xc6,
    0x0, 0x0, 0x0, 0x1, 0xaf, 0xff, 0xff, 0xff,
    0xff, 0xff, 0xff, 0xfe, 0x60, 0x0, 0x6, 0xff,
    0xff, 0xfc, 0x75, 0x43, 0x46, 0x9e, 0xff, 0xff,
    0xb1, 0x8, 0xff, 0xfe, 0x71, 0x0, 0x0, 0x0,
    0x0, 0x3, 0xcf, 0xff, 0xe2, 0xcf, 0xfa, 0x10,
    0x0, 0x0, 0x0, 0x0, 0x0, 0x0, 0x4e, 0xff,
    0x40, 0xb6, 0x0, 0x0, 0x59, 0xde, 0xfe, 0xc7,
    0x20, 0x0, 0x1b, 0x50, 0x0, 0x0, 0x5, 0xdf,
    0xff, 0xff, 0xff, 0xff, 0xa1, 0x0, 0x0, 0x0,
    0x0, 0x9, 0xff, 0xff, 0xfe, 0xde, 0xff, 0xff,
    0xe3, 0x0, 0x0, 0x0, 0x0, 0xdf, 0xfc, 0x40,
    0x0, 0x2, 0x8f, 0xff, 0x50, 0x0, 0x0, 0x0,
    0x1, 0xb6, 0x0, 0x0, 0x0, 0x0, 0x1b, 0x60,
    0x0, 0x0, 0x0, 0x0, 0x0, 0x0, 0x0, 0x35,
    0x0, 0x0, 0x0, 0x0, 0x0, 0x0, 0x0, 0x0,
    0x0, 0x0, 0x7f, 0xfe, 0x10, 0x0, 0x0, 0x0,
    0x0, 0x0, 0x0, 0x0, 0x0, 0xe, 0xff, 0xf6,
    0x0, 0x0, 0x0, 0x0, 0x0, 0x0, 0x0, 0x0,
    0x0, 0xdf, 0xff, 0x50, 0x0, 0x0, 0x0, 0x0,
    0x0, 0x0, 0x0, 0x0, 0x4, 0xff, 0xb0, 0x0,
    0x0, 0x0, 0x0, 0x0, 0x0, 0x0, 0x0, 0x0,
    0x0, 0x10, 0x0, 0x0, 0x0, 0x0, 0x0,

    /* U+F240 "" */
    0x4, 0x44, 0x44, 0x44, 0x44, 0x44, 0x44, 0x44,
    0x44, 0x44, 0x10, 0xa, 0xff, 0xff, 0xff, 0xff,
    0xff, 0xff, 0xff, 0xff, 0xff, 0xfe, 0x10, 0xff,
    0xff, 0xff, 0xff, 0xff, 0xff, 0xff, 0xff, 0xff,
    0xff, 0xf5, 0xf, 0xf4, 0x0, 0x0, 0x0, 0x0,
    0x0, 0x0, 0x0, 0x0, 0xff, 0xf3, 0xff, 0x4a,
    0xff, 0xff, 0xff, 0xff, 0xff, 0xff, 0xff, 0xf,
    0xff, 0x5f, 0xf4, 0xaf, 0xff, 0xff, 0xff, 0xff,
    0xff, 0xff, 0xf0, 0x3f, 0xf5, 0xff, 0x4a, 0xff,
    0xff, 0xff, 0xff, 0xff, 0xff, 0xff, 0x0, 0xef,
    0x5f, 0xf4, 0xaf, 0xff, 0xff, 0xff, 0xff, 0xff,
    0xff, 0xf0, 0x8f, 0xf5, 0xff, 0x45, 0x88, 0x88,
    0x88, 0x88, 0x88, 0x88, 0x88, 0xf, 0xff, 0x5f,
    0xf7, 0x44, 0x44, 0x44, 0x44, 0x44, 0x44, 0x44,
    0x45, 0xff, 0xc1, 0xff, 0xff, 0xff, 0xff, 0xff,
    0xff, 0xff, 0xff, 0xff, 0xff, 0xf5, 0x6, 0xef,
    0xff, 0xff, 0xff, 0xff, 0xff, 0xff, 0xff, 0xff,
    0xfb, 0x0,

    /* U+F241 "" */
    0x4, 0x44, 0x44, 0x44, 0x44, 0x44, 0x44, 0x44,
    0x44, 0x44, 0x10, 0xa, 0xff, 0xff, 0xff, 0xff,
    0xff, 0xff, 0xff, 0xff, 0xff, 0xfe, 0x10, 0xff,
    0xff, 0xff, 0xff, 0xff, 0xff, 0xff, 0xff, 0xff,
    0xff, 0xf5, 0xf, 0xf4, 0x0, 0x0, 0x0, 0x0,
    0x0, 0x0, 0x0, 0x0, 0xff, 0xf3, 0xff, 0x4d,
    0xff, 0xff, 0xff, 0xff, 0xff, 0x60, 0x0, 0xf,
    0xff, 0x5f, 0xf4, 0xdf, 0xff, 0xff, 0xff, 0xff,
    0xf6, 0x0, 0x0, 0x3f, 0xf5, 0xff, 0x4d, 0xff,
    0xff, 0xff, 0xff, 0xff, 0x60, 0x0, 0x0, 0xef,
    0x5f, 0xf4, 0xdf, 0xff, 0xff, 0xff, 0xff, 0xf6,
    0x0, 0x0, 0x8f, 0xf5, 0xff, 0x46, 0x88, 0x88,
    0x88, 0x88, 0x88, 0x30, 0x0, 0xf, 0xff, 0x5f,
    0xf7, 0x44, 0x44, 0x44, 0x44, 0x44, 0x44, 0x44,
    0x45, 0xff, 0xc1, 0xff, 0xff, 0xff, 0xff, 0xff,
    0xff, 0xff, 0xff, 0xff, 0xff, 0xf5, 0x6, 0xef,
    0xff, 0xff, 0xff, 0xff, 0xff, 0xff, 0xff, 0xff,
    0xfb, 0x0,

    /* U+F242 "" */
    0x4, 0x44, 0x44, 0x44, 0x44, 0x44, 0x44, 0x44,
    0x44, 0x44, 0x10, 0xa, 0xff, 0xff, 0xff, 0xff,
    0xff, 0xff, 0xff, 0xff, 0xff, 0xfe, 0x10, 0xff,
    0xff, 0xff, 0xff, 0xff, 0xff, 0xff, 0xff, 0xff,
    0xff, 0xf5, 0xf, 0xf4, 0x0, 0x0, 0x0, 0x0,
    0x0, 0x0, 0x0, 0x0, 0xff, 0xf3, 0xff, 0x4c,
    0xff, 0xff, 0xff, 0xf1, 0x0, 0x0, 0x0, 0xf,
    0xff, 0x5f, 0xf4, 0xcf, 0xff, 0xff, 0xff, 0x10,
    0x0, 0x0, 0x0, 0x3f, 0xf5, 0xff, 0x4c, 0xff,
    0xff, 0xff, 0xf1, 0x0, 0x0, 0x0, 0x0, 0xef,
    0x5f, 0xf4, 0xcf, 0xff, 0xff, 0xff, 0x10, 0x0,
    0x0, 0x0, 0x8f, 0xf5, 0xff, 0x46, 0x88, 0x88,
    0x88, 0x80, 0x0, 0x0, 0x0, 0xf, 0xff, 0x5f,
    0xf7, 0x44, 0x44, 0x44, 0x44, 0x44, 0x44, 0x44,
    0x45, 0xff, 0xc1, 0xff, 0xff, 0xff, 0xff, 0xff,
    0xff, 0xff, 0xff, 0xff, 0xff, 0xf5, 0x6, 0xef,
    0xff, 0xff, 0xff, 0xff, 0xff, 0xff, 0xff, 0xff,
    0xfb, 0x0,

    /* U+F243 "" */
    0x4, 0x44, 0x44, 0x44, 0x44, 0x44, 0x44, 0x44,
    0x44, 0x44, 0x10, 0xa, 0xff, 0xff, 0xff, 0xff,
    0xff, 0xff, 0xff, 0xff, 0xff, 0xfe, 0x10, 0xff,
    0xff, 0xff, 0xff, 0xff, 0xff, 0xff, 0xff, 0xff,
    0xff, 0xf5, 0xf, 0xf4, 0x0, 0x0, 0x0, 0x0,
    0x0, 0x0, 0x0, 0x0, 0xff, 0xf3, 0xff, 0x49,
    0xff, 0xfe, 0x0, 0x0, 0x0, 0x0, 0x0, 0xf,
    0xff, 0x5f, 0xf4, 0x9f, 0xff, 0xe0, 0x0, 0x0,
    0x0, 0x0, 0x0, 0x3f, 0xf5, 0xff, 0x49, 0xff,
    0xfe, 0x0, 0x0, 0x0, 0x0, 0x0, 0x0, 0xef,
    0x5f, 0xf4, 0x9f, 0xff, 0xe0, 0x0, 0x0, 0x0,
    0x0, 0x0, 0x8f, 0xf5, 0xff, 0x44, 0x88, 0x87,
    0x0, 0x0, 0x0, 0x0, 0x0, 0xf, 0xff, 0x5f,
    0xf7, 0x44, 0x44, 0x44, 0x44, 0x44, 0x44, 0x44,
    0x45, 0xff, 0xc1, 0xff, 0xff, 0xff, 0xff, 0xff,
    0xff, 0xff, 0xff, 0xff, 0xff, 0xf5, 0x6, 0xef,
    0xff, 0xff, 0xff, 0xff, 0xff, 0xff, 0xff, 0xff,
    0xfb, 0x0,

    /* U+F244 "" */
    0x4, 0x44, 0x44, 0x44, 0x44, 0x44, 0x44, 0x44,
    0x44, 0x44, 0x10, 0xa, 0xff, 0xff, 0xff, 0xff,
    0xff, 0xff, 0xff, 0xff, 0xff, 0xfe, 0x10, 0xff,
    0xff, 0xff, 0xff, 0xff, 0xff, 0xff, 0xff, 0xff,
    0xff, 0xf5, 0xf, 0xf4, 0x0, 0x0, 0x0, 0x0,
    0x0, 0x0, 0x0, 0x0, 0xff, 0xf3, 0xff, 0x40,
    0x0, 0x0, 0x0, 0x0, 0x0, 0x0, 0x0, 0xf,
    0xff, 0x5f, 0xf4, 0x0, 0x0, 0x0, 0x0, 0x0,
    0x0, 0x0, 0x0, 0x3f, 0xf5, 0xff, 0x40, 0x0,
    0x0, 0x0, 0x0, 0x0, 0x0, 0x0, 0x0, 0xef,
    0x5f, 0xf4, 0x0, 0x0, 0x0, 0x0, 0x0, 0x0,
    0x0, 0x0, 0x8f, 0xf5, 0xff, 0x40, 0x0, 0x0,
    0x0, 0x0, 0x0, 0x0, 0x0, 0xf, 0xff, 0x5f,
    0xf7, 0x44, 0x44, 0x44, 0x44, 0x44, 0x44, 0x44,
    0x45, 0xff, 0xc1, 0xff, 0xff, 0xff, 0xff, 0xff,
    0xff, 0xff, 0xff, 0xff, 0xff, 0xf5, 0x6, 0xef,
    0xff, 0xff, 0xff, 0xff, 0xff, 0xff, 0xff, 0xff,
    0xfb, 0x0,

    /* U+F287 "" */
    0x0, 0x0, 0x0, 0x0, 0x0, 0x0, 0x78, 0x10,
    0x0, 0x0, 0x0, 0x0, 0x0, 0x0, 0x0, 0x0,
    0x26, 0x9f, 0xfd, 0x0, 0x0, 0x0, 0x0, 0x0,
    0x0, 0x0, 0x0, 0x4f, 0xef, 0xff, 0xf0, 0x0,
    0x0, 0x0, 0x0, 0x0, 0x0, 0x0, 0xe, 0x80,
    0x2e, 0xf7, 0x0, 0x0, 0x0, 0x0, 0x0, 0x20,
    0x0, 0x6, 0xe0, 0x0, 0x0, 0x0, 0x0, 0x0,
    0x0, 0x3, 0xef, 0xe3, 0x0, 0xd7, 0x0, 0x0,
    0x0, 0x0, 0x2, 0xa1, 0x0, 0xcf, 0xff, 0xd4,
    0x9f, 0x55, 0x55, 0x55, 0x55, 0x55, 0x7f, 0xf7,
    0xf, 0xff, 0xff, 0xff, 0xff, 0xff, 0xff, 0xff,
    0xff, 0xff, 0xff, 0xf5, 0xaf, 0xff, 0xa0, 0x0,
    0xb, 0xb0, 0x0, 0x0, 0x0, 0x3f, 0xb2, 0x0,
    0x9c, 0x90, 0x0, 0x0, 0x3f, 0x30, 0x0, 0x0,
    0x1, 0x50, 0x0, 0x0, 0x0, 0x0, 0x0, 0x0,
    0xbb, 0x2, 0xbb, 0xb5, 0x0, 0x0, 0x0, 0x0,
    0x0, 0x0, 0x0, 0x2, 0xf9, 0x9f, 0xff, 0x80,
    0x0, 0x0, 0x0, 0x0, 0x0, 0x0, 0x0, 0x3,
    0xbd, 0xff, 0xf8, 0x0, 0x0, 0x0, 0x0, 0x0,
    0x0, 0x0, 0x0, 0x0, 0x3f, 0xff, 0x80, 0x0,
    0x0, 0x0, 0x0, 0x0, 0x0, 0x0, 0x0, 0x0,
    0x0, 0x0, 0x0, 0x0, 0x0,

    /* U+F293 "" */
    0x0, 0x1, 0x7b, 0xdd, 0xb8, 0x20, 0x0, 0x0,
    0x5f, 0xff, 0xdf, 0xff, 0xf6, 0x0, 0x4, 0xff,
    0xff, 0x68, 0xff, 0xff, 0x40, 0xe, 0xff, 0xff,
    0x60, 0x8f, 0xff, 0xd0, 0x4f, 0xff, 0xff, 0x60,
    0x9, 0xff, 0xf3, 0x8f, 0xf6, 0xbf, 0x61, 0xc0,
    0x9f, 0xf7, 0xbf, 0xf6, 0xb, 0x60, 0xe2, 0x5f,
    0xf9, 0xdf, 0xff, 0x50, 0x20, 0x33, 0xff, 0xfb,
    0xef, 0xff, 0xf5, 0x0, 0x2e, 0xff, 0xfc, 0xef,
    0xff, 0xfc, 0x0, 0x7f, 0xff, 0xfc, 0xdf, 0xff,
    0xd1, 0x0, 0x9, 0xff, 0xfc, 0xcf, 0xfc, 0x13,
    0x50, 0x90, 0xaf, 0xfb, 0xaf, 0xf2, 0x4f, 0x60,
    0xf3, 0x2f, 0xf9, 0x6f, 0xfd, 0xff, 0x70, 0x52,
    0xef, 0xf6, 0x1f, 0xff, 0xff, 0x70, 0x2e, 0xff,
    0xf1, 0x9, 0xff, 0xff, 0x72, 0xef, 0xff, 0x90,
    0x0, 0xbf, 0xff, 0xae, 0xff, 0xfd, 0x10, 0x0,
    0x5, 0xcf, 0xff, 0xfd, 0x80, 0x0, 0x0, 0x0,
    0x0, 0x11, 0x0, 0x0, 0x0,

    /* U+F2ED "" */
    0x0, 0x0, 0x5, 0x88, 0x88, 0x30, 0x0, 0x0,
    0x56, 0x66, 0x7f, 0xff, 0xff, 0xe6, 0x66, 0x63,
    0xff, 0xff, 0xff, 0xff, 0xff, 0xff, 0xff, 0xfb,
    0xcd, 0xdd, 0xdd, 0xdd, 0xdd, 0xdd, 0xdd, 0xd8,
    0x3, 0x44, 0x44, 0x44, 0x44, 0x44, 0x44, 0x20,
    0xe, 0xff, 0xff, 0xff, 0xff, 0xff, 0xff, 0xa0,
    0xe, 0xff, 0xff, 0xff, 0xff, 0xff, 0xff, 0xa0,
    0xe, 0xff, 0x1f, 0xf6, 0xaf, 0xc4, 0xff, 0xa0,
    0xe, 0xff, 0xf, 0xf5, 0x9f, 0xb3, 0xff, 0xa0,
    0xe, 0xff, 0xf, 0xf5, 0x9f, 0xb3, 0xff, 0xa0,
    0xe, 0xff, 0xf, 0xf5, 0x9f, 0xb3, 0xff, 0xa0,
    0xe, 0xff, 0xf, 0xf5, 0x9f, 0xb3, 0xff, 0xa0,
    0xe, 0xff, 0xf, 0xf5, 0x9f, 0xb3, 0xff, 0xa0,
    0xe, 0xff, 0xf, 0xf5, 0x9f, 0xb3, 0xff, 0xa0,
    0xe, 0xff, 0xf, 0xf5, 0x9f, 0xb3, 0xff, 0xa0,
    0xe, 0xff, 0x1f, 0xf6, 0xaf, 0xc4, 0xff, 0xa0,
    0xd, 0xff, 0xff, 0xff, 0xff, 0xff, 0xff, 0x90,
    0x8, 0xff, 0xff, 0xff, 0xff, 0xff, 0xff, 0x40,
    0x0, 0x24, 0x44, 0x44, 0x44, 0x44, 0x31, 0x0,

    /* U+F304 "" */
    0x0, 0x0, 0x0, 0x0, 0x0, 0x0, 0x0, 0x8a,
    0x30, 0x0, 0x0, 0x0, 0x0, 0x0, 0x0, 0x0,
    0xbf, 0xff, 0x30, 0x0, 0x0, 0x0, 0x0, 0x0,
    0x0, 0xbf, 0xff, 0xff, 0x30, 0x0, 0x0, 0x0,
    0x0, 0x0, 0x34, 0xff, 0xff, 0xfd, 0x0, 0x0,
    0x0, 0x0, 0x0, 0xbf, 0x44, 0xff, 0xff, 0xe0,
    0x0, 0x0, 0x0, 0x0, 0xbf, 0xff, 0x44, 0xff,
    0xf4, 0x0, 0x0, 0x0, 0x0, 0xbf, 0xff, 0xff,
    0x44, 0xf4, 0x0, 0x0, 0x0, 0x0, 0xbf, 0xff,
    0xff, 0xff, 0x41, 0x0, 0x0, 0x0, 0x0, 0xbf,
    0xff, 0xff, 0xff, 0xf4, 0x0, 0x0, 0x0, 0x0,
    0xbf, 0xff, 0xff, 0xff, 0xf4, 0x0, 0x0, 0x0,
    0x0, 0xbf, 0xff, 0xff, 0xff, 0xf4, 0x0, 0x0,
    0x0, 0x0, 0xbf, 0xff, 0xff, 0xff, 0xf4, 0x0,
    0x0, 0x0, 0x0, 0xbf, 0xff, 0xff, 0xff, 0xf4,
    0x0, 0x0, 0x0, 0x0, 0x8f, 0xff, 0xff, 0xff,
    0xf4, 0x0, 0x0, 0x0, 0x0, 0xa, 0xff, 0xff,
    0xff, 0xf4, 0x0, 0x0, 0x0, 0x0, 0x0, 0xcf,
    0xff, 0xff, 0xf4, 0x0, 0x0, 0x0, 0x0, 0x0,
    0xe, 0xff, 0xff, 0xf4, 0x0, 0x0, 0x0, 0x0,
    0x0, 0x0, 0xff, 0xff, 0xd4, 0x0, 0x0, 0x0,
    0x0, 0x0, 0x0, 0x2, 0x31, 0x0, 0x0, 0x0,
    0x0, 0x0, 0x0, 0x0, 0x0,

    /* U+F55A "" */
    0x0, 0x0, 0x0, 0x57, 0x88, 0x88, 0x88, 0x88,
    0x88, 0x88, 0x72, 0x0, 0x0, 0x0, 0xaf, 0xff,
    0xff, 0xff, 0xff, 0xff, 0xff, 0xff, 0xf2, 0x0,
    0x0, 0xbf, 0xff, 0xff, 0xff, 0xff, 0xff, 0xff,
    0xff, 0xff, 0x70, 0x0, 0xbf, 0xff, 0xff, 0xf8,
    0xaf, 0xff, 0xa8, 0xff, 0xff, 0xf8, 0x0, 0xbf,
    0xff, 0xff, 0xfa, 0x0, 0xaf, 0xa0, 0xa, 0xff,
    0xff, 0x80, 0xbf, 0xff, 0xff, 0xff, 0xf3, 0x0,
    0x60, 0x3, 0xff, 0xff, 0xf8, 0xaf, 0xff, 0xff,
    0xff, 0xff, 0xf3, 0x0, 0x3, 0xff, 0xff, 0xff,
    0x8e, 0xff, 0xff, 0xff, 0xff, 0xff, 0x90, 0x0,
    0x9f, 0xff, 0xff, 0xf8, 0x4f, 0xff, 0xff, 0xff,
    0xff, 0xa0, 0x0, 0x0, 0xaf, 0xff, 0xff, 0x80,
    0x4f, 0xff, 0xff, 0xff, 0xb0, 0x3, 0xe3, 0x0,
    0xbf, 0xff, 0xf8, 0x0, 0x4f, 0xff, 0xff, 0xfe,
    0x13, 0xff, 0xf3, 0x1e, 0xff, 0xff, 0x80, 0x0,
    0x4f, 0xff, 0xff, 0xfe, 0xff, 0xff, 0xfe, 0xff,
    0xff, 0xf7, 0x0, 0x0, 0x4f, 0xff, 0xff, 0xff,
    0xff, 0xff, 0xff, 0xff, 0xff, 0x50, 0x0, 0x0,
    0x3d, 0xff, 0xff, 0xff, 0xff, 0xff, 0xff, 0xff,
    0x90,

    /* U+F7C2 "" */
    0x0, 0x1, 0xcf, 0xff, 0xff, 0xfe, 0x60, 0x0,
    0x1c, 0xff, 0xff, 0xff, 0xff, 0xf2, 0x0, 0xcf,
    0x47, 0xf4, 0xd8, 0x4f, 0xf5, 0xc, 0xff, 0x3,
    0xe0, 0xc5, 0xe, 0xf5, 0xcf, 0xff, 0x3, 0xe0,
    0xc5, 0xe, 0xf5, 0xff, 0xff, 0x24, 0xe2, 0xc6,
    0x2e, 0xf5, 0xff, 0xff, 0xff, 0xff, 0xff, 0xff,
    0xf5, 0xff, 0xff, 0xff, 0xff, 0xff, 0xff, 0xf5,
    0xff, 0xff, 0xff, 0xff, 0xff, 0xff, 0xf5, 0xff,
    0xff, 0xff, 0xff, 0xff, 0xff, 0xf5, 0xff, 0xff,
    0xff, 0xff, 0xff, 0xff, 0xf5, 0xff, 0xff, 0xff,
    0xff, 0xff, 0xff, 0xf5, 0xff, 0xff, 0xff, 0xff,
    0xff, 0xff, 0xf5, 0xff, 0xff, 0xff, 0xff, 0xff,
    0xff, 0xf5, 0xff, 0xff, 0xff, 0xff, 0xff, 0xff,
    0xf5, 0xff, 0xff, 0xff, 0xff, 0xff, 0xff, 0xf5,
    0xef, 0xff, 0xff, 0xff, 0xff, 0xff, 0xf3, 0x5f,
    0xff, 0xff, 0xff, 0xff, 0xff, 0xa0, 0x1, 0x34,
    0x44, 0x44, 0x44, 0x42, 0x0,

    /* U+F8A2 "" */
    0x0, 0x0, 0x0, 0x0, 0x0, 0x0, 0x0, 0x0,
    0x3, 0x0, 0x0, 0x0, 0x0, 0x0, 0x0, 0x0,
    0x0, 0x5, 0xf1, 0x0, 0x0, 0x0, 0x0, 0x0,
    0x0, 0x0, 0x5, 0xff, 0x10, 0x0, 0x3e, 0x90,
    0x0, 0x0, 0x0, 0x0, 0xbf, 0xf1, 0x0, 0x4f,
    0xfb, 0x0, 0x0, 0x0, 0x0, 0xb, 0xff, 0x10,
    0x5f, 0xff, 0xb0, 0x0, 0x0, 0x0, 0x0, 0xbf,
    0xf1, 0x6f, 0xff, 0xff, 0xff, 0xff, 0xff, 0xff,
    0xff, 0xff, 0x1d, 0xff, 0xff, 0xff, 0xff, 0xff,
    0xff, 0xff, 0xff, 0xf1, 0x3e, 0xff, 0xfe, 0xcc,
    0xcc, 0xcc, 0xcc, 0xcc, 0xca, 0x0, 0x2e, 0xff,
    0xb0, 0x0, 0x0, 0x0, 0x0, 0x0, 0x0, 0x0,
    0x1d, 0xfb, 0x0, 0x0, 0x0, 0x0, 0x0, 0x0,
    0x0, 0x0, 0x1b, 0x60, 0x0, 0x0, 0x0, 0x0,
    0x0, 0x0
};


/*---------------------
 *  GLYPH DESCRIPTION
 *--------------------*/

static const lv_font_fmt_txt_glyph_dsc_t glyph_dsc[] = {
    {.bitmap_index = 0, .adv_w = 0, .box_w = 0, .box_h = 0, .ofs_x = 0, .ofs_y = 0} /* id = 0 reserved */,
    {.bitmap_index = 0, .adv_w = 86, .box_w = 0, .box_h = 0, .ofs_x = 0, .ofs_y = 0},
    {.bitmap_index = 0, .adv_w = 75, .box_w = 4, .box_h = 15, .ofs_x = 0, .ofs_y = -2},
    {.bitmap_index = 30, .adv_w = 103, .box_w = 6, .box_h = 9, .ofs_x = 0, .ofs_y = 6},
    {.bitmap_index = 57, .adv_w = 229, .box_w = 14, .box_h = 16, .ofs_x = 0, .ofs_y = -3},
    {.bitmap_index = 169, .adv_w = 197, .box_w = 12, .box_h = 16, .ofs_x = 0, .ofs_y = -2},
    {.bitmap_index = 265, .adv_w = 200, .box_w = 12, .box_h = 17, .ofs_x = 0, .ofs_y = -3},
    {.bitmap_index = 367, .adv_w = 202, .box_w = 12, .box_h = 15, .ofs_x = 0, .ofs_y = -2},
    {.bitmap_index = 457, .adv_w = 64, .box_w = 4, .box_h = 8, .ofs_x = 0, .ofs_y = 7},
    {.bitmap_index = 473, .adv_w = 161, .box_w = 8, .box_h = 18, .ofs_x = 1, .ofs_y = -4},
    {.bitmap_index = 545, .adv_w = 167, .box_w = 9, .box_h = 17, .ofs_x = 1, .ofs_y = -3},
    {.bitmap_index = 622, .adv_w = 135, .box_w = 8, .box_h = 8, .ofs_x = 0, .ofs_y = 7},
    {.bitmap_index = 654, .adv_w = 186, .box_w = 11, .box_h = 13, .ofs_x = 0, .ofs_y = -1},
    {.bitmap_index = 726, .adv_w = 92, .box_w = 6, .box_h = 5, .ofs_x = 0, .ofs_y = -4},
    {.bitmap_index = 741, .adv_w = 170, .box_w = 10, .box_h = 4, .ofs_x = 0, .ofs_y = 4},
    {.bitmap_index = 761, .adv_w = 79, .box_w = 5, .box_h = 3, .ofs_x = 0, .ofs_y = -2},
    {.bitmap_index = 769, .adv_w = 84, .box_w = 5, .box_h = 17, .ofs_x = 0, .ofs_y = -3},
    {.bitmap_index = 812, .adv_w = 149, .box_w = 9, .box_h = 16, .ofs_x = 0, .ofs_y = -2},
    {.bitmap_index = 884, .adv_w = 168, .box_w = 5, .box_h = 16, .ofs_x = 3, .ofs_y = -3},
    {.bitmap_index = 924, .adv_w = 173, .box_w = 11, .box_h = 15, .ofs_x = 0, .ofs_y = -2},
    {.bitmap_index = 1007, .adv_w = 147, .box_w = 9, .box_h = 15, .ofs_x = 0, .ofs_y = -2},
    {.bitmap_index = 1075, .adv_w = 176, .box_w = 11, .box_h = 16, .ofs_x = 0, .ofs_y = -3},
    {.bitmap_index = 1163, .adv_w = 159, .box_w = 10, .box_h = 17, .ofs_x = 0, .ofs_y = -3},
    {.bitmap_index = 1248, .adv_w = 146, .box_w = 9, .box_h = 15, .ofs_x = 0, .ofs_y = -2},
    {.bitmap_index = 1316, .adv_w = 152, .box_w = 9, .box_h = 15, .ofs_x = 0, .ofs_y = -2},
    {.bitmap_index = 1384, .adv_w = 149, .box_w = 9, .box_h = 15, .ofs_x = 0, .ofs_y = -2},
    {.bitmap_index = 1452, .adv_w = 144, .box_w = 9, .box_h = 16, .ofs_x = 0, .ofs_y = -3},
    {.bitmap_index = 1524, .adv_w = 77, .box_w = 5, .box_h = 11, .ofs_x = 0, .ofs_y = -2},
    {.bitmap_index = 1552, .adv_w = 92, .box_w = 6, .box_h = 14, .ofs_x = 0, .ofs_y = -5},
    {.bitmap_index = 1594, .adv_w = 178, .box_w = 11, .box_h = 12, .ofs_x = 0, .ofs_y = -1},
    {.bitmap_index = 1660, .adv_w = 171, .box_w = 10, .box_h = 9, .ofs_x = 0, .ofs_y = 1},
    {.bitmap_index = 1705, .adv_w = 167, .box_w = 10, .box_h = 11, .ofs_x = 0, .ofs_y = 0},
    {.bitmap_index = 1760, .adv_w = 146, .box_w = 9, .box_h = 16, .ofs_x = 0, .ofs_y = -3},
    {.bitmap_index = 1832, .adv_w = 224, .box_w = 14, .box_h = 15, .ofs_x = 0, .ofs_y = -2},
    {.bitmap_index = 1937, .adv_w = 190, .box_w = 12, .box_h = 15, .ofs_x = 0, .ofs_y = -2},
    {.bitmap_index = 2027, .adv_w = 190, .box_w = 12, .box_h = 15, .ofs_x = 0, .ofs_y = -2},
    {.bitmap_index = 2117, .adv_w = 177, .box_w = 11, .box_h = 15, .ofs_x = 0, .ofs_y = -2},
    {.bitmap_index = 2200, .adv_w = 199, .box_w = 12, .box_h = 15, .ofs_x = 0, .ofs_y = -2},
    {.bitmap_index = 2290, .adv_w = 216, .box_w = 13, .box_h = 15, .ofs_x = 0, .ofs_y = -2},
    {.bitmap_index = 2388, .adv_w = 172, .box_w = 11, .box_h = 16, .ofs_x = 0, .ofs_y = -3},
    {.bitmap_index = 2476, .adv_w = 195, .box_w = 12, .box_h = 15, .ofs_x = 0, .ofs_y = -2},
    {.bitmap_index = 2566, .adv_w = 173, .box_w = 11, .box_h = 15, .ofs_x = 0, .ofs_y = -2},
    {.bitmap_index = 2649, .adv_w = 159, .box_w = 10, .box_h = 16, .ofs_x = 0, .ofs_y = -3},
    {.bitmap_index = 2729, .adv_w = 178, .box_w = 11, .box_h = 15, .ofs_x = 0, .ofs_y = -2},
    {.bitmap_index = 2812, .adv_w = 194, .box_w = 12, .box_h = 15, .ofs_x = 0, .ofs_y = -2},
    {.bitmap_index = 2902, .adv_w = 168, .box_w = 10, .box_h = 17, .ofs_x = 0, .ofs_y = -3},
    {.bitmap_index = 2987, .adv_w = 259, .box_w = 16, .box_h = 16, .ofs_x = 0, .ofs_y = -2},
    {.bitmap_index = 3115, .adv_w = 190, .box_w = 12, .box_h = 16, .ofs_x = 0, .ofs_y = -2},
    {.bitmap_index = 3211, .adv_w = 192, .box_w = 12, .box_h = 16, .ofs_x = 0, .ofs_y = -3},
    {.bitmap_index = 3307, .adv_w = 181, .box_w = 11, .box_h = 15, .ofs_x = 0, .ofs_y = -2},
    {.bitmap_index = 3390, .adv_w = 225, .box_w = 14, .box_h = 15, .ofs_x = 0, .ofs_y = -2},
    {.bitmap_index = 3495, .adv_w = 226, .box_w = 14, .box_h = 15, .ofs_x = 0, .ofs_y = -2},
    {.bitmap_index = 3600, .adv_w = 186, .box_w = 11, .box_h = 15, .ofs_x = 0, .ofs_y = -2},
    {.bitmap_index = 3683, .adv_w = 203, .box_w = 12, .box_h = 16, .ofs_x = 0, .ofs_y = -3},
    {.bitmap_index = 3779, .adv_w = 168, .box_w = 10, .box_h = 16, .ofs_x = 0, .ofs_y = -2},
    {.bitmap_index = 3859, .adv_w = 199, .box_w = 12, .box_h = 15, .ofs_x = 0, .ofs_y = -2},
    {.bitmap_index = 3949, .adv_w = 237, .box_w = 15, .box_h = 16, .ofs_x = 0, .ofs_y = -2},
    {.bitmap_index = 4069, .adv_w = 191, .box_w = 12, .box_h = 16, .ofs_x = 0, .ofs_y = -2},
    {.bitmap_index = 4165, .adv_w = 189, .box_w = 12, .box_h = 15, .ofs_x = 0, .ofs_y = -2},
    {.bitmap_index = 4255, .adv_w = 205, .box_w = 13, .box_h = 15, .ofs_x = 0, .ofs_y = -2},
    {.bitmap_index = 4353, .adv_w = 183, .box_w = 10, .box_h = 18, .ofs_x = 1, .ofs_y = -3},
    {.bitmap_index = 4443, .adv_w = 84, .box_w = 5, .box_h = 17, .ofs_x = 0, .ofs_y = -3},
    {.bitmap_index = 4486, .adv_w = 178, .box_w = 10, .box_h = 18, .ofs_x = 1, .ofs_y = -4},
    {.bitmap_index = 4576, .adv_w = 165, .box_w = 10, .box_h = 7, .ofs_x = 0, .ofs_y = 8},
    {.bitmap_index = 4611, .adv_w = 179, .box_w = 11, .box_h = 4, .ofs_x = 0, .ofs_y = -3},
    {.bitmap_index = 4633, .adv_w = 173, .box_w = 5, .box_h = 5, .ofs_x = 3, .ofs_y = 8},
    {.bitmap_index = 4646, .adv_w = 161, .box_w = 10, .box_h = 10, .ofs_x = 0, .ofs_y = -2},
    {.bitmap_index = 4696, .adv_w = 142, .box_w = 9, .box_h = 16, .ofs_x = 0, .ofs_y = -3},
    {.bitmap_index = 4768, .adv_w = 135, .box_w = 8, .box_h = 10, .ofs_x = 0, .ofs_y = -2},
    {.bitmap_index = 4808, .adv_w = 147, .box_w = 9, .box_h = 17, .ofs_x = 0, .ofs_y = -3},
    {.bitmap_index = 4885, .adv_w = 162, .box_w = 10, .box_h = 10, .ofs_x = 0, .ofs_y = -2},
    {.bitmap_index = 4935, .adv_w = 130, .box_w = 8, .box_h = 15, .ofs_x = 0, .ofs_y = -2},
    {.bitmap_index = 4995, .adv_w = 142, .box_w = 9, .box_h = 17, .ofs_x = 0, .ofs_y = -9},
    {.bitmap_index = 5072, .adv_w = 141, .box_w = 9, .box_h = 15, .ofs_x = 0, .ofs_y = -2},
    {.bitmap_index = 5140, .adv_w = 80, .box_w = 5, .box_h = 16, .ofs_x = 0, .ofs_y = -2},
    {.bitmap_index = 5180, .adv_w = 92, .box_w = 7, .box_h = 23, .ofs_x = -1, .ofs_y = -9},
    {.bitmap_index = 5261, .adv_w = 166, .box_w = 10, .box_h = 17, .ofs_x = 0, .ofs_y = -3},
    {.bitmap_index = 5346, .adv_w = 79, .box_w = 5, .box_h = 15, .ofs_x = 0, .ofs_y = -2},
    {.bitmap_index = 5384, .adv_w = 188, .box_w = 12, .box_h = 11, .ofs_x = 0, .ofs_y = -2},
    {.bitmap_index = 5450, .adv_w = 154, .box_w = 9, .box_h = 11, .ofs_x = 0, .ofs_y = -3},
    {.bitmap_index = 5500, .adv_w = 139, .box_w = 9, .box_h = 11, .ofs_x = 0, .ofs_y = -2},
    {.bitmap_index = 5550, .adv_w = 158, .box_w = 10, .box_h = 17, .ofs_x = 0, .ofs_y = -9},
    {.bitmap_index = 5635, .adv_w = 142, .box_w = 9, .box_h = 18, .ofs_x = 0, .ofs_y = -10},
    {.bitmap_index = 5716, .adv_w = 145, .box_w = 9, .box_h = 11, .ofs_x = 0, .ofs_y = -3},
    {.bitmap_index = 5766, .adv_w = 147, .box_w = 9, .box_h = 11, .ofs_x = 0, .ofs_y = -3},
    {.bitmap_index = 5816, .adv_w = 150, .box_w = 9, .box_h = 16, .ofs_x = 0, .ofs_y = -2},
    {.bitmap_index = 5888, .adv_w = 141, .box_w = 9, .box_h = 11, .ofs_x = 0, .ofs_y = -3},
    {.bitmap_index = 5938, .adv_w = 156, .box_w = 10, .box_h = 11, .ofs_x = 0, .ofs_y = -3},
    {.bitmap_index = 5993, .adv_w = 190, .box_w = 12, .box_h = 11, .ofs_x = 0, .ofs_y = -3},
    {.bitmap_index = 6059, .adv_w = 153, .box_w = 9, .box_h = 10, .ofs_x = 0, .ofs_y = -2},
    {.bitmap_index = 6104, .adv_w = 167, .box_w = 10, .box_h = 17, .ofs_x = 0, .ofs_y = -9},
    {.bitmap_index = 6189, .adv_w = 173, .box_w = 11, .box_h = 11, .ofs_x = 0, .ofs_y = -3},
    {.bitmap_index = 6250, .adv_w = 126, .box_w = 6, .box_h = 18, .ofs_x = 1, .ofs_y = -3},
    {.bitmap_index = 6304, .adv_w = 72, .box_w = 4, .box_h = 17, .ofs_x = 0, .ofs_y = -3},
    {.bitmap_index = 6338, .adv_w = 137, .box_w = 7, .box_h = 19, .ofs_x = 1, .ofs_y = -4},
    {.bitmap_index = 6405, .adv_w = 240, .box_w = 15, .box_h = 6, .ofs_x = 0, .ofs_y = 3},
    {.bitmap_index = 6450, .adv_w = 288, .box_w = 15, .box_h = 16, .ofs_x = 2, .ofs_y = -3},
    {.bitmap_index = 6570, .adv_w = 288, .box_w = 17, .box_h = 19, .ofs_x = 0, .ofs_y = -4},
    {.bitmap_index = 6732, .adv_w = 288, .box_w = 17, .box_h = 17, .ofs_x = 1, .ofs_y = -4},
    {.bitmap_index = 6877, .adv_w = 288, .box_w = 18, .box_h = 17, .ofs_x = 0, .ofs_y = -3},
    {.bitmap_index = 7030, .adv_w = 288, .box_w = 17, .box_h = 19, .ofs_x = 1, .ofs_y = -4},
    {.bitmap_index = 7192, .adv_w = 288, .box_w = 18, .box_h = 18, .ofs_x = 0, .ofs_y = -4},
    {.bitmap_index = 7354, .adv_w = 288, .box_w = 13, .box_h = 17, .ofs_x = 3, .ofs_y = -3},
    {.bitmap_index = 7465, .adv_w = 288, .box_w = 17, .box_h = 17, .ofs_x = 1, .ofs_y = -3},
    {.bitmap_index = 7610, .adv_w = 288, .box_w = 18, .box_h = 16, .ofs_x = 1, .ofs_y = -3},
    {.bitmap_index = 7754, .adv_w = 288, .box_w = 16, .box_h = 17, .ofs_x = 1, .ofs_y = -3},
    {.bitmap_index = 7890, .adv_w = 288, .box_w = 16, .box_h = 16, .ofs_x = 2, .ofs_y = -3},
    {.bitmap_index = 8018, .adv_w = 288, .box_w = 19, .box_h = 16, .ofs_x = 0, .ofs_y = -3},
    {.bitmap_index = 8170, .adv_w = 288, .box_w = 18, .box_h = 16, .ofs_x = 0, .ofs_y = -3},
    {.bitmap_index = 8314, .adv_w = 288, .box_w = 18, .box_h = 17, .ofs_x = 0, .ofs_y = -4},
    {.bitmap_index = 8467, .adv_w = 288, .box_w = 17, .box_h = 16, .ofs_x = 1, .ofs_y = -3},
    {.bitmap_index = 8603, .adv_w = 288, .box_w = 18, .box_h = 17, .ofs_x = 1, .ofs_y = -3},
    {.bitmap_index = 8756, .adv_w = 288, .box_w = 19, .box_h = 19, .ofs_x = 0, .ofs_y = -3},
    {.bitmap_index = 8937, .adv_w = 288, .box_w = 18, .box_h = 14, .ofs_x = 0, .ofs_y = 0},
    {.bitmap_index = 9063, .adv_w = 288, .box_w = 18, .box_h = 17, .ofs_x = 0, .ofs_y = -2},
    {.bitmap_index = 9216, .adv_w = 288, .box_w = 18, .box_h = 14, .ofs_x = 0, .ofs_y = 0},
    {.bitmap_index = 9342, .adv_w = 198, .box_w = 13, .box_h = 13, .ofs_x = 0, .ofs_y = 0},
    {.bitmap_index = 9427, .adv_w = 288, .box_w = 19, .box_h = 18, .ofs_x = 0, .ofs_y = -2},
    {.bitmap_index = 9598, .adv_w = 288, .box_w = 18, .box_h = 19, .ofs_x = 0, .ofs_y = -3},
    {.bitmap_index = 9769, .adv_w = 324, .box_w = 21, .box_h = 17, .ofs_x = 0, .ofs_y = -2},
    {.bitmap_index = 9948, .adv_w = 288, .box_w = 18, .box_h = 19, .ofs_x = 0, .ofs_y = -3},
    {.bitmap_index = 10119, .adv_w = 324, .box_w = 21, .box_h = 14, .ofs_x = 0, .ofs_y = 0},
    {.bitmap_index = 10266, .adv_w = 288, .box_w = 18, .box_h = 19, .ofs_x = 0, .ofs_y = -3},
    {.bitmap_index = 10437, .adv_w = 144, .box_w = 9, .box_h = 15, .ofs_x = 0, .ofs_y = -1},
    {.bitmap_index = 10505, .adv_w = 216, .box_w = 14, .box_h = 15, .ofs_x = 0, .ofs_y = -1},
    {.bitmap_index = 10610, .adv_w = 324, .box_w = 21, .box_h = 18, .ofs_x = 0, .ofs_y = -2},
    {.bitmap_index = 10799, .adv_w = 288, .box_w = 18, .box_h = 14, .ofs_x = 0, .ofs_y = 0},
    {.bitmap_index = 10925, .adv_w = 198, .box_w = 13, .box_h = 19, .ofs_x = 0, .ofs_y = -3},
    {.bitmap_index = 11049, .adv_w = 252, .box_w = 12, .box_h = 17, .ofs_x = 2, .ofs_y = -2},
    {.bitmap_index = 11151, .adv_w = 252, .box_w = 16, .box_h = 19, .ofs_x = 0, .ofs_y = -3},
    {.bitmap_index = 11303, .adv_w = 252, .box_w = 16, .box_h = 17, .ofs_x = 0, .ofs_y = -2},
    {.bitmap_index = 11439, .adv_w = 252, .box_w = 16, .box_h = 17, .ofs_x = 0, .ofs_y = -2},
    {.bitmap_index = 11575, .adv_w = 252, .box_w = 12, .box_h = 17, .ofs_x = 2, .ofs_y = -2},
    {.bitmap_index = 11677, .adv_w = 252, .box_w = 18, .box_h = 17, .ofs_x = -1, .ofs_y = -2},
    {.bitmap_index = 11830, .adv_w = 180, .box_w = 11, .box_h = 16, .ofs_x = 0, .ofs_y = -1},
    {.bitmap_index = 11918, .adv_w = 180, .box_w = 11, .box_h = 16, .ofs_x = 0, .ofs_y = -1},
    {.bitmap_index = 12006, .adv_w = 252, .box_w = 16, .box_h = 17, .ofs_x = 0, .ofs_y = -2},
    {.bitmap_index = 12142, .adv_w = 252, .box_w = 16, .box_h = 4, .ofs_x = 0, .ofs_y = 5},
    {.bitmap_index = 12174, .adv_w = 324, .box_w = 21, .box_h = 14, .ofs_x = 0, .ofs_y = 0},
    {.bitmap_index = 12321, .adv_w = 360, .box_w = 23, .box_h = 19, .ofs_x = 0, .ofs_y = -3},
    {.bitmap_index = 12540, .adv_w = 324, .box_w = 22, .box_h = 19, .ofs_x = -1, .ofs_y = -3},
    {.bitmap_index = 12749, .adv_w = 288, .box_w = 18, .box_h = 17, .ofs_x = 0, .ofs_y = -2},
    {.bitmap_index = 12902, .adv_w = 252, .box_w = 16, .box_h = 10, .ofs_x = 0, .ofs_y = 2},
    {.bitmap_index = 12982, .adv_w = 252, .box_w = 16, .box_h = 10, .ofs_x = 0, .ofs_y = 2},
    {.bitmap_index = 13062, .adv_w = 360, .box_w = 24, .box_h = 15, .ofs_x = -1, .ofs_y = -1},
    {.bitmap_index = 13242, .adv_w = 288, .box_w = 18, .box_h = 14, .ofs_x = 0, .ofs_y = 0},
    {.bitmap_index = 13368, .adv_w = 288, .box_w = 18, .box_h = 19, .ofs_x = 0, .ofs_y = -3},
    {.bitmap_index = 13539, .adv_w = 288, .box_w = 19, .box_h = 19, .ofs_x = -1, .ofs_y = -3},
    {.bitmap_index = 13720, .adv_w = 252, .box_w = 16, .box_h = 17, .ofs_x = 0, .ofs_y = -2},
    {.bitmap_index = 13856, .adv_w = 252, .box_w = 16, .box_h = 19, .ofs_x = 0, .ofs_y = -3},
    {.bitmap_index = 14008, .adv_w = 252, .box_w = 16, .box_h = 17, .ofs_x = 0, .ofs_y = -2},
    {.bitmap_index = 14144, .adv_w = 252, .box_w = 16, .box_h = 15, .ofs_x = 0, .ofs_y = -1},
    {.bitmap_index = 14264, .adv_w = 288, .box_w = 18, .box_h = 14, .ofs_x = 0, .ofs_y = 0},
    {.bitmap_index = 14390, .adv_w = 180, .box_w = 13, .box_h = 19, .ofs_x = -1, .ofs_y = -3},
    {.bitmap_index = 14514, .adv_w = 252, .box_w = 16, .box_h = 19, .ofs_x = 0, .ofs_y = -3},
    {.bitmap_index = 14666, .adv_w = 252, .box_w = 16, .box_h = 19, .ofs_x = 0, .ofs_y = -3},
    {.bitmap_index = 14818, .adv_w = 324, .box_w = 21, .box_h = 14, .ofs_x = 0, .ofs_y = 0},
    {.bitmap_index = 14965, .adv_w = 288, .box_w = 20, .box_h = 20, .ofs_x = -1, .ofs_y = -3},
    {.bitmap_index = 15165, .adv_w = 216, .box_w = 14, .box_h = 19, .ofs_x = 0, .ofs_y = -3},
    {.bitmap_index = 15298, .adv_w = 360, .box_w = 23, .box_h = 18, .ofs_x = 0, .ofs_y = -2},
    {.bitmap_index = 15505, .adv_w = 360, .box_w = 23, .box_h = 12, .ofs_x = 0, .ofs_y = 1},
    {.bitmap_index = 15643, .adv_w = 360, .box_w = 23, .box_h = 12, .ofs_x = 0, .ofs_y = 1},
    {.bitmap_index = 15781, .adv_w = 360, .box_w = 23, .box_h = 12, .ofs_x = 0, .ofs_y = 1},
    {.bitmap_index = 15919, .adv_w = 360, .box_w = 23, .box_h = 12, .ofs_x = 0, .ofs_y = 1},
    {.bitmap_index = 16057, .adv_w = 360, .box_w = 23, .box_h = 12, .ofs_x = 0, .ofs_y = 1},
    {.bitmap_index = 16195, .adv_w = 360, .box_w = 23, .box_h = 15, .ofs_x = 0, .ofs_y = -1},
    {.bitmap_index = 16368, .adv_w = 252, .box_w = 14, .box_h = 19, .ofs_x = 1, .ofs_y = -3},
    {.bitmap_index = 16501, .adv_w = 252, .box_w = 16, .box_h = 19, .ofs_x = 0, .ofs_y = -3},
    {.bitmap_index = 16653, .adv_w = 288, .box_w = 19, .box_h = 19, .ofs_x = -1, .ofs_y = -3},
    {.bitmap_index = 16834, .adv_w = 360, .box_w = 23, .box_h = 14, .ofs_x = 0, .ofs_y = 0},
    {.bitmap_index = 16995, .adv_w = 216, .box_w = 14, .box_h = 19, .ofs_x = 0, .ofs_y = -3},
    {.bitmap_index = 17128, .adv_w = 290, .box_w = 19, .box_h = 12, .ofs_x = 0, .ofs_y = 1}
};

/*---------------------
 *  CHARACTER MAPPING
 *--------------------*/

static const uint16_t unicode_list_1[] = {
    0x0, 0x3bf, 0x561, 0x63f, 0x77a, 0x9f5, 0x10c5, 0x10e3,
    0x16ba, 0x18b4, 0x190e, 0x1a32, 0x1ebd, 0x2521, 0x326f, 0x4139,
    0xa173, 0xa17a, 0xa17d, 0xa17e, 0xa17f, 0xa183, 0xa185, 0xa187,
    0xa18b, 0xa18e, 0xa193, 0xa198, 0xa199, 0xa19a, 0xa1b0, 0xa1b5,
    0xa1ba, 0xa1bd, 0xa1be, 0xa1bf, 0xa1c3, 0xa1c4, 0xa1c5, 0xa1c6,
    0xa1d9, 0xa1da, 0xa1e0, 0xa1e2, 0xa1e3, 0xa1e6, 0xa1e9, 0xa1ea,
    0xa1eb, 0xa1ed, 0xa205, 0xa207, 0xa236, 0xa237, 0xa239, 0xa23b,
    0xa252, 0xa259, 0xa25c, 0xa265, 0xa28e, 0xa296, 0xa2cd, 0xa35d,
    0xa3b2, 0xa3b3, 0xa3b4, 0xa3b5, 0xa3b6, 0xa3f9, 0xa405, 0xa45f,
    0xa476, 0xa6cc, 0xa934, 0xaa14
};

/*Collect the unicode lists and glyph_id offsets*/
static const lv_font_fmt_txt_cmap_t cmaps[] =
{
    {
        .range_start = 32, .range_length = 95, .glyph_id_start = 1,
        .unicode_list = NULL, .glyph_id_ofs_list = NULL, .list_length = 0, .type = LV_FONT_FMT_TXT_CMAP_FORMAT0_TINY
    },
    {
        .range_start = 20110, .range_length = 43541, .glyph_id_start = 96,
        .unicode_list = unicode_list_1, .glyph_id_ofs_list = NULL, .list_length = 76, .type = LV_FONT_FMT_TXT_CMAP_SPARSE_TINY
    }
};

/*-----------------
 *    KERNING
 *----------------*/


/*Map glyph_ids to kern left classes*/
static const uint8_t kern_left_class_mapping[] =
{
    0, 0, 0, 0, 0, 0, 0, 0,
    0, 0, 0, 0, 0, 0, 0, 0,
    0, 0, 0, 0, 0, 0, 0, 0,
    0, 0, 0, 0, 0, 0, 0, 0,
    0, 0, 1, 0, 0, 2, 0, 3,
    4, 0, 0, 0, 5, 6, 0, 0,
    0, 7, 8, 0, 0, 9, 0, 10,
    11, 0, 12, 0, 0, 0, 0, 0,
    0, 0, 13, 0, 14, 15, 16, 17,
    18, 0, 0, 0, 19, 0, 0, 0,
    20, 21, 18, 0, 22, 23, 0, 24,
    25, 24, 0, 26, 0, 0, 0, 0,
    0, 0, 0, 0, 0, 0, 0, 0,
    0, 0, 0, 0, 0, 0, 0, 0,
    0, 0, 0, 0, 0, 0, 0, 0,
    0, 0, 0, 0, 0, 0, 0, 0,
    0, 0, 0, 0, 0, 0, 0, 0,
    0, 0, 0, 0, 0, 0, 0, 0,
    0, 0, 0, 0, 0, 0, 0, 0,
    0, 0, 0, 0, 0, 0, 0, 0,
    0, 0, 0, 0, 0, 0, 0, 0,
    0, 0, 0, 0
};

/*Map glyph_ids to kern right classes*/
static const uint8_t kern_right_class_mapping[] =
{
    0, 0, 0, 0, 0, 0, 0, 0,
    0, 0, 0, 0, 0, 0, 0, 0,
    0, 0, 0, 0, 0, 0, 0, 0,
    0, 0, 0, 0, 0, 0, 0, 0,
    0, 0, 1, 0, 2, 0, 0, 0,
    2, 0, 0, 0, 0, 0, 0, 0,
    2, 0, 2, 3, 0, 4, 0, 5,
    6, 0, 7, 0, 0, 0, 0, 0,
    0, 0, 8, 0, 8, 0, 8, 0,
    9, 0, 0, 10, 0, 0, 11, 11,
    8, 11, 8, 11, 0, 12, 11, 13,
    13, 14, 15, 0, 0, 0, 0, 0,
    0, 0, 0, 0, 0, 0, 0, 0,
    0, 0, 0, 0, 0, 0, 0, 0,
    0, 0, 0, 0, 0, 0, 0, 0,
    0, 0, 0, 0, 0, 0, 0, 0,
    0, 0, 0, 0, 0, 0, 0, 0,
    0, 0, 0, 0, 0, 0, 0, 0,
    0, 0, 0, 0, 0, 0, 0, 0,
    0, 0, 0, 0, 0, 0, 0, 0,
    0, 0, 0, 0, 0, 0, 0, 0,
    0, 0, 0, 0
};

/*Kern values between classes*/
static const int8_t kern_class_values[] =
{
    0, 0, 0, -23, -14, -14, -14, 0,
    0, 0, 0, 0, 0, 0, -9, -35,
    0, 0, 0, 0, 0, 0, 0, 0,
    0, 0, 0, 0, 0, 0, -23, 0,
    0, 0, 0, 0, 0, 0, 0, 0,
    0, 0, 0, 0, -14, 0, 0, 0,
    0, 0, 0, -9, 0, 0, 0, 0,
    0, 0, 0, 0, 0, 0, 0, 0,
    0, 0, 0, 0, 0, 0, 0, -23,
    -14, 0, -23, 0, 0, 0, -52, -40,
    -29, -40, 0, 0, 0, 0, 0, -14,
    0, -14, -46, 0, -29, 0, 0, 0,
    0, -14, -14, 0, -9, 0, 0, -23,
    -23, 0, 0, 0, 0, -9, -9, -14,
    0, 0, 0, 0, 0, 0, 0, 0,
    -46, 0, 0, 0, 0, 0, 0, -35,
    -35, 0, -35, 0, -40, -35, -46, -46,
    0, 0, 0, 0, 0, 0, -14, -14,
    0, -6, 0, -3, -14, -23, -29, 0,
    0, 0, 0, 0, 0, 0, 0, 0,
    0, 0, 0, -9, -23, -46, -14, 0,
    0, 0, 0, 0, -40, -40, 0, -35,
    0, -35, -46, -52, 0, 0, 0, 0,
    0, 0, 0, 0, 0, 0, -23, 0,
    -14, -9, -23, 0, 0, 0, 0, 0,
    0, 0, 0, 0, 0, 0, 0, 0,
    0, -23, 0, 0, 0, 0, 0, 0,
    0, 0, 0, 0, 0, 0, 0, 0,
    -14, 0, 0, 0, 0, 0, 0, 0,
    0, 0, 0, -14, 0, 0, -9, -23,
    -35, 0, 0, 0, 0, 0, 0, -9,
    -23, 0, 0, 0, 0, -9, -23, 0,
    0, 0, 0, 0, 0, 0, 0, 0,
    12, 0, 0, 0, 0, 0, 0, 0,
    0, 0, 0, 0, 0, -9, -9, 0,
    0, 0, -9, 0, -14, 0, 0, 0,
    0, 0, 0, 0, 0, 0, 0, -9,
    0, 0, 0, -23, 0, 0, 0, 0,
    0, 0, 0, 0, 0, 0, -9, 0,
    0, -9, 0, 0, 0, 0, 0, 0,
    0, 0, 0, 0, 0, 0, 0, 0,
    -9, 0, 0, 0, 0, 0, 0, 0,
    0, -9, -9, 0, 0, 0, 0, -14,
    -14, 0, 0, 0, 0, 0, 0, 0,
    0, 0, 0, 0, 0, 0, 0, -9,
    0, 0, 0, 0, 0, 0, 0, 0,
    0, 0, 0, 0, 0, -9, -23, 0,
    0, 0, 0, 0, 0, 0, 0, 0,
    0, 0, -23, -14, 0, -23
};


/*Collect the kern class' data in one place*/
static const lv_font_fmt_txt_kern_classes_t kern_classes =
{
    .class_pair_values   = kern_class_values,
    .left_class_mapping  = kern_left_class_mapping,
    .right_class_mapping = kern_right_class_mapping,
    .left_class_cnt      = 26,
    .right_class_cnt     = 15,
};

/*--------------------
 *  ALL CUSTOM DATA
 *--------------------*/

#if LVGL_VERSION_MAJOR == 8
/*Store all the custom data of the font*/
static  lv_font_fmt_txt_glyph_cache_t cache;
#endif

#if LVGL_VERSION_MAJOR >= 8
static const lv_font_fmt_txt_dsc_t font_dsc = {
#else
static lv_font_fmt_txt_dsc_t font_dsc = {
#endif
    .glyph_bitmap = glyph_bitmap,
    .glyph_dsc = glyph_dsc,
    .cmaps = cmaps,
    .kern_dsc = &kern_classes,
    .kern_scale = 16,
    .cmap_num = 2,
    .bpp = 4,
    .kern_classes = 1,
    .bitmap_format = 0,
#if LVGL_VERSION_MAJOR == 8
    .cache = &cache
#endif
};



/*-----------------
 *  PUBLIC FONT
 *----------------*/

/*Initialize a public general font descriptor*/
#if LVGL_VERSION_MAJOR >= 8
const lv_font_t lv_font_gudianChinese_18 = {
#else
lv_font_t lv_font_gudianChinese_18 = {
#endif
    .get_glyph_dsc = lv_font_get_glyph_dsc_fmt_txt,    /*Function pointer to get glyph's data*/
    .get_glyph_bitmap = lv_font_get_bitmap_fmt_txt,    /*Function pointer to get glyph's bitmap*/
    .line_height = 18,          /*The maximum line height required by the font*/
    .base_line = 2,             /*Baseline measured from the bottom of the line*/
#if !(LVGL_VERSION_MAJOR == 6 && LVGL_VERSION_MINOR == 0)
    .subpx = LV_FONT_SUBPX_NONE,
#endif
#if LV_VERSION_CHECK(7, 4, 0) || LVGL_VERSION_MAJOR >= 8
    .underline_position = -1,
    .underline_thickness = 1,
#endif
    .dsc = &font_dsc,          /*The custom font data. Will be accessed by `get_glyph_bitmap/dsc` */
#if LV_VERSION_CHECK(8, 2, 0) || LVGL_VERSION_MAJOR >= 9
    .fallback = NULL,
#endif
    .user_data = NULL,
};



#endif /*#if LV_FONT_GUDIANCHINESE_18*/

