/*******************************************************************************
 * Size: 18 px
 * Bpp: 4
 * Opts: undefined
 ******************************************************************************/

#ifdef LV_LVGL_H_INCLUDE_SIMPLE
#include "lvgl.h"
#else
#include "lvgl.h"
#endif

#ifndef LV_FONT_SOURCEHANSANSSCBOLD_18
#define LV_FONT_SOURCEHANSANSSCBOLD_18 1
#endif

#if LV_FONT_SOURCEHANSANSSCBOLD_18

/*-----------------
 *    BITMAPS
 *----------------*/

/*Store the image of the glyphs*/
static LV_ATTRIBUTE_LARGE_CONST const uint8_t glyph_bitmap[] = {
    /* U+0020 " " */

    /* U+0021 "!" */
    0xf, 0xfa, 0xf, 0xf9, 0xe, 0xf9, 0xd, 0xf8,
    0xc, 0xf7, 0xb, 0xf6, 0xa, 0xf5, 0x9, 0xf4,
    0x7, 0xd2, 0x0, 0x30, 0xe, 0xfa, 0x3f, 0xfd,
    0xa, 0xe5,

    /* U+0022 "\"" */
    0x6f, 0xf3, 0xe, 0xfb, 0x6f, 0xf3, 0xe, 0xfb,
    0x5f, 0xf2, 0xd, 0xfa, 0x3f, 0xf0, 0xb, 0xf8,
    0xf, 0xe0, 0x8, 0xf6, 0xe, 0xb0, 0x6, 0xf3,
    0x2, 0x10, 0x0, 0x20,

    /* U+0023 "#" */
    0x0, 0xa, 0xe0, 0xd, 0xb0, 0x0, 0x0, 0xdb,
    0x0, 0xf9, 0x0, 0x0, 0xf, 0x90, 0x2f, 0x70,
    0x0, 0xef, 0xff, 0xff, 0xff, 0xf0, 0x9, 0xbf,
    0xca, 0xcf, 0xba, 0x0, 0x5, 0xf3, 0x8, 0xf1,
    0x0, 0x0, 0x7f, 0x10, 0x9f, 0x0, 0x3, 0xad,
    0xfa, 0xae, 0xfa, 0x60, 0x4f, 0xff, 0xff, 0xff,
    0xf9, 0x0, 0xc, 0xb0, 0xf, 0x90, 0x0, 0x0,
    0xea, 0x1, 0xf7, 0x0, 0x0, 0xf, 0x80, 0x3f,
    0x50, 0x0, 0x2, 0xf6, 0x5, 0xf4, 0x0, 0x0,

    /* U+0024 "$" */
    0x0, 0x0, 0x9f, 0x30, 0x0, 0x0, 0x0, 0x9f,
    0x30, 0x0, 0x0, 0x1a, 0xff, 0xe9, 0x10, 0x1,
    0xef, 0xff, 0xff, 0xd0, 0x7, 0xff, 0x61, 0x3b,
    0x50, 0x9, 0xff, 0x0, 0x0, 0x0, 0x6, 0xff,
    0xa1, 0x0, 0x0, 0x0, 0xbf, 0xff, 0x70, 0x0,
    0x0, 0x6, 0xff, 0xfc, 0x10, 0x0, 0x0, 0x2a,
    0xff, 0xd0, 0x0, 0x0, 0x0, 0x8f, 0xf3, 0x0,
    0x0, 0x0, 0x3f, 0xf5, 0x7, 0xe6, 0x11, 0xaf,
    0xf2, 0xd, 0xff, 0xff, 0xff, 0xa0, 0x0, 0x7c,
    0xff, 0xe7, 0x0, 0x0, 0x0, 0x9f, 0x30, 0x0,
    0x0, 0x0, 0x9f, 0x30, 0x0,

    /* U+0025 "%" */
    0x1, 0xbe, 0xd7, 0x0, 0x0, 0xc, 0xc0, 0x0,
    0x0, 0xdf, 0x8b, 0xf7, 0x0, 0x5, 0xf3, 0x0,
    0x0, 0x3f, 0x90, 0xf, 0xe0, 0x0, 0xda, 0x0,
    0x0, 0x6, 0xf7, 0x0, 0xdf, 0x0, 0x7f, 0x20,
    0x0, 0x0, 0x4f, 0x80, 0xe, 0xf0, 0x1e, 0x80,
    0x1, 0x0, 0x1, 0xee, 0x37, 0xfa, 0x9, 0xe1,
    0x5e, 0xfe, 0x50, 0x4, 0xff, 0xfc, 0x12, 0xf7,
    0x2f, 0x90, 0x9f, 0x20, 0x0, 0x32, 0x0, 0xad,
    0x8, 0xf3, 0x3, 0xf8, 0x0, 0x0, 0x0, 0x3f,
    0x50, 0xaf, 0x20, 0x2f, 0xb0, 0x0, 0x0, 0xc,
    0xc0, 0xa, 0xf3, 0x2, 0xfa, 0x0, 0x0, 0x5,
    0xf3, 0x0, 0x7f, 0x60, 0x6f, 0x80, 0x0, 0x0,
    0xea, 0x0, 0x1, 0xfe, 0x8e, 0xf1, 0x0, 0x0,
    0x7f, 0x20, 0x0, 0x3, 0xcf, 0xc3, 0x0,

    /* U+0026 "&" */
    0x0, 0x4, 0xcf, 0xd7, 0x0, 0x0, 0x0, 0x3,
    0xff, 0xdf, 0xf7, 0x0, 0x0, 0x0, 0xaf, 0xa0,
    0x5f, 0xb0, 0x0, 0x0, 0xb, 0xf7, 0x7, 0xf9,
    0x0, 0x0, 0x0, 0x8f, 0xb7, 0xff, 0x20, 0x0,
    0x0, 0x2, 0xff, 0xfd, 0x20, 0x2, 0x33, 0x0,
    0xaf, 0xff, 0x30, 0x0, 0xdf, 0x80, 0xcf, 0xfc,
    0xff, 0x40, 0x4f, 0xf2, 0x4f, 0xf5, 0xc, 0xff,
    0x6e, 0xf9, 0x6, 0xff, 0x20, 0xb, 0xff, 0xfd,
    0x0, 0x3f, 0xfb, 0x30, 0x5f, 0xff, 0xf9, 0x30,
    0xaf, 0xff, 0xff, 0xfd, 0xdf, 0xfc, 0x0, 0x6c,
    0xfe, 0xb6, 0x0, 0x6b, 0x70,

    /* U+0027 "'" */
    0x6f, 0xf3, 0x6f, 0xf3, 0x5f, 0xf2, 0x3f, 0xf0,
    0xf, 0xe0, 0xe, 0xb0, 0x2, 0x10,

    /* U+0028 "(" */
    0x0, 0x5, 0x0, 0x5, 0xfa, 0x0, 0xdf, 0x30,
    0x4f, 0xc0, 0xa, 0xf7, 0x0, 0xef, 0x20, 0x2f,
    0xf0, 0x5, 0xfc, 0x0, 0x6f, 0xb0, 0x7, 0xfa,
    0x0, 0x6f, 0xb0, 0x5, 0xfc, 0x0, 0x2f, 0xf0,
    0x0, 0xff, 0x20, 0xa, 0xf6, 0x0, 0x4f, 0xc0,
    0x0, 0xdf, 0x30, 0x5, 0xfa, 0x0, 0x5, 0x0,

    /* U+0029 ")" */
    0x1, 0x40, 0x0, 0xd, 0xf2, 0x0, 0x6, 0xfa,
    0x0, 0x0, 0xff, 0x10, 0x0, 0xaf, 0x70, 0x0,
    0x5f, 0xb0, 0x0, 0x2f, 0xf0, 0x0, 0xf, 0xf2,
    0x0, 0xe, 0xf3, 0x0, 0xe, 0xf4, 0x0, 0xe,
    0xf3, 0x0, 0xf, 0xf2, 0x0, 0x2f, 0xf0, 0x0,
    0x5f, 0xc0, 0x0, 0xaf, 0x70, 0x0, 0xef, 0x10,
    0x6, 0xfa, 0x0, 0xd, 0xf2, 0x0, 0x1, 0x40,
    0x0,

    /* U+002A "*" */
    0x0, 0x3, 0xf5, 0x0, 0x0, 0x10, 0x5f, 0x60,
    0x10, 0xe, 0xfd, 0xfe, 0xef, 0x0, 0x5c, 0xff,
    0xfd, 0x60, 0x0, 0x4f, 0xff, 0x50, 0x0, 0xd,
    0xf5, 0xee, 0x10, 0x0, 0x74, 0x2, 0x80, 0x0,

    /* U+002B "+" */
    0x0, 0x0, 0x23, 0x10, 0x0, 0x0, 0x0, 0xaf,
    0x40, 0x0, 0x0, 0x0, 0xaf, 0x40, 0x0, 0x0,
    0x0, 0xaf, 0x40, 0x0, 0x3d, 0xdd, 0xff, 0xed,
    0xdc, 0x4f, 0xff, 0xff, 0xff, 0xfe, 0x0, 0x0,
    0xaf, 0x40, 0x0, 0x0, 0x0, 0xaf, 0x40, 0x0,
    0x0, 0x0, 0xaf, 0x40, 0x0, 0x0, 0x0, 0xaf,
    0x40, 0x0,

    /* U+002C "," */
    0x0, 0x0, 0x0, 0x4d, 0xe4, 0xa, 0xff, 0xc0,
    0x4d, 0xfd, 0x0, 0xf, 0xb0, 0xa, 0xf5, 0xd,
    0xf9, 0x0, 0x75, 0x0,

    /* U+002D "-" */
    0x1d, 0xdd, 0xda, 0x1f, 0xff, 0xfc,

    /* U+002E "." */
    0x2, 0x20, 0x6f, 0xf3, 0x9f, 0xf7, 0x3d, 0xc1,

    /* U+002F "/" */
    0x0, 0x0, 0x6f, 0x50, 0x0, 0xa, 0xf1, 0x0,
    0x0, 0xed, 0x0, 0x0, 0x3f, 0x80, 0x0, 0x7,
    0xf4, 0x0, 0x0, 0xbf, 0x0, 0x0, 0xf, 0xc0,
    0x0, 0x3, 0xf8, 0x0, 0x0, 0x8f, 0x30, 0x0,
    0xc, 0xf0, 0x0, 0x0, 0xfb, 0x0, 0x0, 0x4f,
    0x70, 0x0, 0x9, 0xf3, 0x0, 0x0, 0xde, 0x0,
    0x0, 0x1f, 0xa0, 0x0, 0x5, 0xf6, 0x0, 0x0,
    0x9f, 0x20, 0x0, 0x0,

    /* U+0030 "0" */
    0x0, 0x8, 0xde, 0xb4, 0x0, 0x0, 0xcf, 0xff,
    0xff, 0x60, 0x6, 0xff, 0x40, 0x9f, 0xf0, 0xc,
    0xfa, 0x0, 0x1f, 0xf6, 0xf, 0xf7, 0x0, 0xd,
    0xf9, 0x1f, 0xf5, 0x0, 0xc, 0xfb, 0x2f, 0xf5,
    0x0, 0xb, 0xfc, 0x1f, 0xf5, 0x0, 0xc, 0xfb,
    0xf, 0xf7, 0x0, 0xd, 0xf9, 0xc, 0xfb, 0x0,
    0x1f, 0xf6, 0x5, 0xff, 0x51, 0xaf, 0xe0, 0x0,
    0xbf, 0xff, 0xff, 0x60, 0x0, 0x8, 0xde, 0xb4,
    0x0,

    /* U+0031 "1" */
    0x0, 0x4b, 0xff, 0x0, 0x1, 0xff, 0xff, 0xf0,
    0x0, 0xb, 0xbe, 0xff, 0x0, 0x0, 0x0, 0xaf,
    0xf0, 0x0, 0x0, 0xa, 0xff, 0x0, 0x0, 0x0,
    0xaf, 0xf0, 0x0, 0x0, 0xa, 0xff, 0x0, 0x0,
    0x0, 0xaf, 0xf0, 0x0, 0x0, 0xa, 0xff, 0x0,
    0x0, 0x0, 0xaf, 0xf0, 0x0, 0x1, 0x1a, 0xff,
    0x11, 0x8, 0xff, 0xff, 0xff, 0xf7, 0x8f, 0xff,
    0xff, 0xff, 0x70,

    /* U+0032 "2" */
    0x0, 0x6b, 0xee, 0xb3, 0x0, 0x1b, 0xff, 0xff,
    0xff, 0x30, 0xb, 0xe5, 0x14, 0xff, 0xc0, 0x0,
    0x10, 0x0, 0x9f, 0xf0, 0x0, 0x0, 0x0, 0x9f,
    0xf0, 0x0, 0x0, 0x0, 0xdf, 0xb0, 0x0, 0x0,
    0x6, 0xff, 0x40, 0x0, 0x0, 0x2f, 0xfb, 0x0,
    0x0, 0x2, 0xef, 0xd1, 0x0, 0x0, 0x2d, 0xfe,
    0x20, 0x0, 0x3, 0xef, 0xe3, 0x22, 0x21, 0x2f,
    0xff, 0xff, 0xff, 0xfb, 0x3f, 0xff, 0xff, 0xff,
    0xfb,

    /* U+0033 "3" */
    0x0, 0x6b, 0xee, 0xc6, 0x0, 0xc, 0xff, 0xff,
    0xff, 0x90, 0x4, 0xc4, 0x13, 0xef, 0xf0, 0x0,
    0x0, 0x0, 0x9f, 0xf2, 0x0, 0x0, 0x3, 0xef,
    0xc0, 0x0, 0x9, 0xff, 0xf9, 0x0, 0x0, 0xb,
    0xff, 0xfb, 0x20, 0x0, 0x0, 0x14, 0xdf, 0xf1,
    0x0, 0x0, 0x0, 0x2f, 0xf7, 0x2, 0x0, 0x0,
    0x2f, 0xf8, 0x1e, 0xd5, 0x25, 0xcf, 0xf4, 0x3e,
    0xff, 0xff, 0xff, 0xa0, 0x1, 0x8d, 0xfe, 0xc5,
    0x0,

    /* U+0034 "4" */
    0x0, 0x0, 0xe, 0xff, 0x80, 0x0, 0x0, 0x9,
    0xff, 0xf8, 0x0, 0x0, 0x2, 0xff, 0xef, 0x80,
    0x0, 0x0, 0xcf, 0x8d, 0xf8, 0x0, 0x0, 0x6f,
    0xf1, 0xef, 0x80, 0x0, 0x1e, 0xf7, 0xe, 0xf8,
    0x0, 0x9, 0xfd, 0x0, 0xef, 0x80, 0x3, 0xff,
    0x40, 0xe, 0xf8, 0x0, 0x9f, 0xff, 0xff, 0xff,
    0xff, 0x19, 0xff, 0xff, 0xff, 0xff, 0xf1, 0x0,
    0x0, 0x0, 0xef, 0x80, 0x0, 0x0, 0x0, 0xe,
    0xf8, 0x0, 0x0, 0x0, 0x0, 0xef, 0x80, 0x0,

    /* U+0035 "5" */
    0x2, 0xff, 0xff, 0xff, 0xf0, 0x3, 0xff, 0xff,
    0xff, 0xf0, 0x4, 0xff, 0x42, 0x22, 0x20, 0x5,
    0xff, 0x0, 0x0, 0x0, 0x6, 0xff, 0x9c, 0xa5,
    0x0, 0x6, 0xff, 0xff, 0xff, 0x90, 0x0, 0x74,
    0x2, 0xcf, 0xf3, 0x0, 0x0, 0x0, 0x3f, 0xf7,
    0x0, 0x0, 0x0, 0xf, 0xf9, 0x2, 0x0, 0x0,
    0x4f, 0xf6, 0x1e, 0xd5, 0x24, 0xdf, 0xf2, 0x3e,
    0xff, 0xff, 0xff, 0x60, 0x0, 0x8d, 0xfe, 0xb3,
    0x0,

    /* U+0036 "6" */
    0x0, 0x3, 0xae, 0xeb, 0x50, 0x0, 0x5f, 0xff,
    0xff, 0xf6, 0x1, 0xff, 0xc3, 0x27, 0xa0, 0x9,
    0xff, 0x10, 0x0, 0x0, 0xc, 0xf9, 0x0, 0x0,
    0x0, 0xe, 0xf7, 0x8d, 0xeb, 0x30, 0xf, 0xfe,
    0xfd, 0xff, 0xf2, 0xf, 0xfd, 0x20, 0x1e, 0xfa,
    0xd, 0xf7, 0x0, 0x9, 0xfc, 0xa, 0xfb, 0x0,
    0xa, 0xfb, 0x2, 0xff, 0x60, 0x3f, 0xf7, 0x0,
    0x8f, 0xff, 0xff, 0xd0, 0x0, 0x5, 0xcf, 0xd9,
    0x0,

    /* U+0037 "7" */
    0x1f, 0xff, 0xff, 0xff, 0xfb, 0x1f, 0xff, 0xff,
    0xff, 0xfa, 0x2, 0x22, 0x22, 0x7f, 0xf2, 0x0,
    0x0, 0x0, 0xef, 0x60, 0x0, 0x0, 0x9, 0xfc,
    0x0, 0x0, 0x0, 0x1f, 0xf5, 0x0, 0x0, 0x0,
    0x7f, 0xe0, 0x0, 0x0, 0x0, 0xdf, 0xa0, 0x0,
    0x0, 0x0, 0xff, 0x70, 0x0, 0x0, 0x4, 0xff,
    0x40, 0x0, 0x0, 0x6, 0xff, 0x30, 0x0, 0x0,
    0x8, 0xff, 0x10, 0x0, 0x0, 0x9, 0xff, 0x0,
    0x0,

    /* U+0038 "8" */
    0x0, 0x19, 0xdf, 0xd7, 0x0, 0x1, 0xef, 0xfd,
    0xff, 0x90, 0x7, 0xff, 0x20, 0x5f, 0xf1, 0x8,
    0xfc, 0x0, 0xf, 0xf3, 0x4, 0xff, 0x20, 0x1f,
    0xe0, 0x0, 0xaf, 0xf9, 0xbf, 0x40, 0x0, 0x3f,
    0xff, 0xfc, 0x10, 0x4, 0xfd, 0x38, 0xff, 0xd1,
    0xe, 0xf5, 0x0, 0x2f, 0xf9, 0x1f, 0xf3, 0x0,
    0xb, 0xfb, 0xf, 0xfa, 0x10, 0x2e, 0xf9, 0x6,
    0xff, 0xfe, 0xff, 0xe1, 0x0, 0x4b, 0xef, 0xd8,
    0x10,

    /* U+0039 "9" */
    0x0, 0x3b, 0xee, 0xa2, 0x0, 0x5, 0xff, 0xff,
    0xff, 0x30, 0xe, 0xfb, 0x1, 0xbf, 0xc0, 0x2f,
    0xf3, 0x0, 0x1f, 0xf4, 0x3f, 0xf3, 0x0, 0xd,
    0xf7, 0xf, 0xf9, 0x0, 0x6f, 0xf9, 0x9, 0xff,
    0xee, 0xfe, 0xfa, 0x0, 0x7d, 0xfc, 0x3d, 0xf8,
    0x0, 0x0, 0x0, 0xf, 0xf6, 0x0, 0x0, 0x0,
    0x6f, 0xf2, 0x2, 0xc5, 0x26, 0xff, 0x90, 0xc,
    0xff, 0xff, 0xfd, 0x10, 0x0, 0x8c, 0xfd, 0x80,
    0x0,

    /* U+003A ":" */
    0x3d, 0xc1, 0x9f, 0xf7, 0x5f, 0xf3, 0x2, 0x10,
    0x0, 0x0, 0x0, 0x0, 0x2, 0x20, 0x6f, 0xf3,
    0x9f, 0xf7, 0x3d, 0xc1,

    /* U+003B ";" */
    0x3, 0xdc, 0x10, 0x9f, 0xf7, 0x5, 0xff, 0x30,
    0x2, 0x10, 0x0, 0x0, 0x0, 0x0, 0x0, 0x0,
    0x0, 0x0, 0x4d, 0xe4, 0xa, 0xff, 0xc0, 0x4d,
    0xfd, 0x0, 0xf, 0xb0, 0xa, 0xf5, 0xd, 0xf9,
    0x0, 0x75, 0x0,

    /* U+003C "<" */
    0x0, 0x0, 0x0, 0x0, 0x6b, 0x0, 0x0, 0x4,
    0xaf, 0xfe, 0x0, 0x28, 0xef, 0xff, 0xa5, 0x2c,
    0xff, 0xfa, 0x50, 0x0, 0x4f, 0xfc, 0x20, 0x0,
    0x0, 0x1a, 0xff, 0xfc, 0x72, 0x0, 0x0, 0x6,
    0xcf, 0xff, 0xc7, 0x0, 0x0, 0x2, 0x8e, 0xfe,
    0x0, 0x0, 0x0, 0x0, 0x49,

    /* U+003D "=" */
    0x4f, 0xff, 0xff, 0xff, 0xfe, 0x3c, 0xcc, 0xcc,
    0xcc, 0xcb, 0x0, 0x0, 0x0, 0x0, 0x0, 0x0,
    0x0, 0x0, 0x0, 0x0, 0x3d, 0xdd, 0xdd, 0xdd,
    0xdc, 0x4f, 0xff, 0xff, 0xff, 0xfe,

    /* U+003E ">" */
    0x49, 0x30, 0x0, 0x0, 0x0, 0x4f, 0xfd, 0x82,
    0x0, 0x0, 0x17, 0xcf, 0xff, 0xc6, 0x0, 0x0,
    0x1, 0x7c, 0xff, 0xf9, 0x0, 0x0, 0x0, 0x6f,
    0xfe, 0x0, 0x4, 0x9e, 0xff, 0xd7, 0x19, 0xef,
    0xff, 0x93, 0x0, 0x4f, 0xfb, 0x50, 0x0, 0x0,
    0x37, 0x20, 0x0, 0x0, 0x0,

    /* U+003F "?" */
    0x0, 0x7b, 0xfe, 0x91, 0x0, 0xbf, 0xff, 0xff,
    0xd0, 0x5, 0xc4, 0x2a, 0xff, 0x30, 0x0, 0x0,
    0x4f, 0xf3, 0x0, 0x0, 0xb, 0xfd, 0x0, 0x0,
    0x9, 0xfe, 0x20, 0x0, 0x5, 0xff, 0x40, 0x0,
    0x0, 0xcf, 0x90, 0x0, 0x0, 0x6, 0x73, 0x0,
    0x0, 0x0, 0x3, 0x0, 0x0, 0x0, 0xe, 0xfa,
    0x0, 0x0, 0x3, 0xff, 0xe0, 0x0, 0x0, 0x9,
    0xe6, 0x0, 0x0,

    /* U+0040 "@" */
    0x0, 0x0, 0x0, 0x49, 0xdf, 0xfd, 0x92, 0x0,
    0x0, 0x0, 0x0, 0x3c, 0xff, 0xb9, 0xbe, 0xff,
    0x80, 0x0, 0x0, 0x4, 0xff, 0x91, 0x0, 0x0,
    0x2c, 0xf8, 0x0, 0x0, 0x3f, 0xf4, 0x0, 0x0,
    0x0, 0x0, 0xcf, 0x30, 0x0, 0xcf, 0x60, 0x0,
    0x57, 0x17, 0x60, 0x3f, 0xa0, 0x4, 0xfb, 0x0,
    0x2e, 0xff, 0xef, 0x90, 0xd, 0xd0, 0xa, 0xf4,
    0x0, 0xef, 0x61, 0xcf, 0x60, 0xa, 0xf0, 0xd,
    0xf0, 0x6, 0xfa, 0x0, 0xbf, 0x30, 0xa, 0xf0,
    0xf, 0xd0, 0xa, 0xf4, 0x0, 0xef, 0x0, 0xc,
    0xd0, 0xf, 0xe0, 0xc, 0xf4, 0x1, 0xfd, 0x0,
    0x3f, 0x80, 0xe, 0xf1, 0x9, 0xfa, 0x3b, 0xff,
    0x44, 0xed, 0x0, 0xa, 0xf4, 0x1, 0xdf, 0xfa,
    0x4f, 0xff, 0xb1, 0x0, 0x4, 0xfd, 0x0, 0x3,
    0x10, 0x0, 0x31, 0x0, 0x0, 0x0, 0xaf, 0xa0,
    0x0, 0x0, 0x0, 0x0, 0x0, 0x0, 0x0, 0xd,
    0xfe, 0x63, 0x1, 0x49, 0x10, 0x0, 0x0, 0x0,
    0x0, 0x7f, 0xff, 0xff, 0xff, 0x50, 0x0, 0x0,
    0x0, 0x0, 0x1, 0x46, 0x87, 0x51, 0x0, 0x0,
    0x0,

    /* U+0041 "A" */
    0x0, 0x0, 0xf, 0xff, 0x80, 0x0, 0x0, 0x0,
    0x4, 0xff, 0xfd, 0x0, 0x0, 0x0, 0x0, 0xaf,
    0xbf, 0xf2, 0x0, 0x0, 0x0, 0xf, 0xf4, 0xef,
    0x70, 0x0, 0x0, 0x4, 0xff, 0x9, 0xfd, 0x0,
    0x0, 0x0, 0x9f, 0xc0, 0x5f, 0xf2, 0x0, 0x0,
    0xe, 0xf8, 0x1, 0xff, 0x70, 0x0, 0x4, 0xff,
    0x40, 0xd, 0xfc, 0x0, 0x0, 0x9f, 0xff, 0xff,
    0xff, 0xf2, 0x0, 0xe, 0xff, 0xff, 0xff, 0xff,
    0x70, 0x4, 0xff, 0x60, 0x0, 0xf, 0xfc, 0x0,
    0x9f, 0xf1, 0x0, 0x0, 0xaf, 0xf1, 0xe, 0xfc,
    0x0, 0x0, 0x5, 0xff, 0x70,

    /* U+0042 "B" */
    0x5f, 0xff, 0xff, 0xea, 0x40, 0x5, 0xff, 0xff,
    0xff, 0xff, 0x50, 0x5f, 0xf4, 0x0, 0x5f, 0xfb,
    0x5, 0xff, 0x40, 0x0, 0xcf, 0xc0, 0x5f, 0xf4,
    0x0, 0x4f, 0xf6, 0x5, 0xff, 0xee, 0xff, 0xf7,
    0x0, 0x5f, 0xff, 0xff, 0xff, 0xe5, 0x5, 0xff,
    0x40, 0x2, 0xbf, 0xf2, 0x5f, 0xf4, 0x0, 0x2,
    0xff, 0x75, 0xff, 0x40, 0x0, 0x2f, 0xf6, 0x5f,
    0xf4, 0x0, 0x3c, 0xff, 0x35, 0xff, 0xff, 0xff,
    0xff, 0x80, 0x5f, 0xff, 0xff, 0xdb, 0x40, 0x0,

    /* U+0043 "C" */
    0x0, 0x0, 0x5b, 0xee, 0xb6, 0x0, 0x0, 0x1b,
    0xff, 0xff, 0xff, 0xb0, 0x0, 0xbf, 0xfb, 0x54,
    0x8f, 0x50, 0x5, 0xff, 0xa0, 0x0, 0x1, 0x0,
    0xa, 0xff, 0x10, 0x0, 0x0, 0x0, 0xd, 0xfd,
    0x0, 0x0, 0x0, 0x0, 0xf, 0xfb, 0x0, 0x0,
    0x0, 0x0, 0xd, 0xfd, 0x0, 0x0, 0x0, 0x0,
    0xb, 0xff, 0x10, 0x0, 0x0, 0x0, 0x6, 0xff,
    0xa0, 0x0, 0x2, 0x0, 0x0, 0xcf, 0xfb, 0x55,
    0x8f, 0xb0, 0x0, 0x2c, 0xff, 0xff, 0xff, 0xb1,
    0x0, 0x0, 0x7b, 0xee, 0xb6, 0x0,

    /* U+0044 "D" */
    0x5f, 0xff, 0xfd, 0xa5, 0x0, 0x5, 0xff, 0xff,
    0xff, 0xfc, 0x10, 0x5f, 0xf5, 0x24, 0xbf, 0xfb,
    0x5, 0xff, 0x40, 0x0, 0xaf, 0xf5, 0x5f, 0xf4,
    0x0, 0x2, 0xff, 0x85, 0xff, 0x40, 0x0, 0xf,
    0xfb, 0x5f, 0xf4, 0x0, 0x0, 0xef, 0xd5, 0xff,
    0x40, 0x0, 0xf, 0xfb, 0x5f, 0xf4, 0x0, 0x3,
    0xff, 0x85, 0xff, 0x40, 0x0, 0xbf, 0xf4, 0x5f,
    0xf5, 0x24, 0xcf, 0xfa, 0x5, 0xff, 0xff, 0xff,
    0xfb, 0x10, 0x5f, 0xff, 0xfd, 0xa5, 0x0, 0x0,

    /* U+0045 "E" */
    0x5f, 0xff, 0xff, 0xff, 0xc0, 0x5f, 0xff, 0xff,
    0xff, 0xc0, 0x5f, 0xf6, 0x22, 0x22, 0x20, 0x5f,
    0xf4, 0x0, 0x0, 0x0, 0x5f, 0xf4, 0x0, 0x0,
    0x0, 0x5f, 0xff, 0xff, 0xff, 0x0, 0x5f, 0xff,
    0xff, 0xff, 0x0, 0x5f, 0xf6, 0x22, 0x22, 0x0,
    0x5f, 0xf4, 0x0, 0x0, 0x0, 0x5f, 0xf4, 0x0,
    0x0, 0x0, 0x5f, 0xf6, 0x22, 0x22, 0x20, 0x5f,
    0xff, 0xff, 0xff, 0xf0, 0x5f, 0xff, 0xff, 0xff,
    0xf0,

    /* U+0046 "F" */
    0x5f, 0xff, 0xff, 0xff, 0xd5, 0xff, 0xff, 0xff,
    0xfd, 0x5f, 0xf6, 0x22, 0x22, 0x25, 0xff, 0x40,
    0x0, 0x0, 0x5f, 0xf4, 0x0, 0x0, 0x5, 0xff,
    0x62, 0x22, 0x20, 0x5f, 0xff, 0xff, 0xff, 0x5,
    0xff, 0xff, 0xff, 0xf0, 0x5f, 0xf4, 0x0, 0x0,
    0x5, 0xff, 0x40, 0x0, 0x0, 0x5f, 0xf4, 0x0,
    0x0, 0x5, 0xff, 0x40, 0x0, 0x0, 0x5f, 0xf4,
    0x0, 0x0, 0x0,

    /* U+0047 "G" */
    0x0, 0x0, 0x5a, 0xdf, 0xd9, 0x10, 0x0, 0x1b,
    0xff, 0xff, 0xff, 0xe3, 0x0, 0xaf, 0xfc, 0x64,
    0x6d, 0xb0, 0x5, 0xff, 0xa0, 0x0, 0x0, 0x0,
    0xa, 0xff, 0x10, 0x0, 0x0, 0x0, 0xd, 0xfd,
    0x0, 0x1, 0x11, 0x11, 0xf, 0xfb, 0x0, 0xf,
    0xff, 0xfb, 0xd, 0xfd, 0x0, 0xf, 0xff, 0xfb,
    0xb, 0xff, 0x10, 0x0, 0xa, 0xfb, 0x6, 0xff,
    0xa0, 0x0, 0xa, 0xfb, 0x0, 0xbf, 0xfc, 0x64,
    0x5e, 0xfb, 0x0, 0x1c, 0xff, 0xff, 0xff, 0xf7,
    0x0, 0x0, 0x5b, 0xdf, 0xc9, 0x30,

    /* U+0048 "H" */
    0x5f, 0xf4, 0x0, 0x0, 0xaf, 0xf5, 0xff, 0x40,
    0x0, 0xa, 0xff, 0x5f, 0xf4, 0x0, 0x0, 0xaf,
    0xf5, 0xff, 0x40, 0x0, 0xa, 0xff, 0x5f, 0xf4,
    0x0, 0x0, 0xaf, 0xf5, 0xff, 0xff, 0xff, 0xff,
    0xff, 0x5f, 0xff, 0xff, 0xff, 0xff, 0xf5, 0xff,
    0x73, 0x33, 0x3b, 0xff, 0x5f, 0xf4, 0x0, 0x0,
    0xaf, 0xf5, 0xff, 0x40, 0x0, 0xa, 0xff, 0x5f,
    0xf4, 0x0, 0x0, 0xaf, 0xf5, 0xff, 0x40, 0x0,
    0xa, 0xff, 0x5f, 0xf4, 0x0, 0x0, 0xaf, 0xf0,

    /* U+0049 "I" */
    0x5f, 0xf4, 0x5f, 0xf4, 0x5f, 0xf4, 0x5f, 0xf4,
    0x5f, 0xf4, 0x5f, 0xf4, 0x5f, 0xf4, 0x5f, 0xf4,
    0x5f, 0xf4, 0x5f, 0xf4, 0x5f, 0xf4, 0x5f, 0xf4,
    0x5f, 0xf4,

    /* U+004A "J" */
    0x0, 0x0, 0x0, 0xff, 0xa0, 0x0, 0x0, 0xf,
    0xfa, 0x0, 0x0, 0x0, 0xff, 0xa0, 0x0, 0x0,
    0xf, 0xfa, 0x0, 0x0, 0x0, 0xff, 0xa0, 0x0,
    0x0, 0xf, 0xfa, 0x0, 0x0, 0x0, 0xff, 0xa0,
    0x0, 0x0, 0xf, 0xfa, 0x0, 0x0, 0x0, 0xff,
    0xa0, 0x14, 0x0, 0x2f, 0xf8, 0x4e, 0xf7, 0x4b,
    0xff, 0x41, 0xef, 0xff, 0xff, 0xb0, 0x1, 0x9e,
    0xfd, 0x80, 0x0,

    /* U+004B "K" */
    0x5f, 0xf4, 0x0, 0xa, 0xff, 0x40, 0x5f, 0xf4,
    0x0, 0x6f, 0xf8, 0x0, 0x5f, 0xf4, 0x3, 0xff,
    0xb0, 0x0, 0x5f, 0xf4, 0x1e, 0xfd, 0x0, 0x0,
    0x5f, 0xf4, 0xbf, 0xf2, 0x0, 0x0, 0x5f, 0xfc,
    0xff, 0xd0, 0x0, 0x0, 0x5f, 0xff, 0xff, 0xf7,
    0x0, 0x0, 0x5f, 0xff, 0xcc, 0xff, 0x10, 0x0,
    0x5f, 0xfe, 0x12, 0xff, 0xa0, 0x0, 0x5f, 0xf5,
    0x0, 0x9f, 0xf4, 0x0, 0x5f, 0xf4, 0x0, 0x1e,
    0xfd, 0x0, 0x5f, 0xf4, 0x0, 0x6, 0xff, 0x80,
    0x5f, 0xf4, 0x0, 0x0, 0xcf, 0xf2,

    /* U+004C "L" */
    0x5f, 0xf4, 0x0, 0x0, 0x5, 0xff, 0x40, 0x0,
    0x0, 0x5f, 0xf4, 0x0, 0x0, 0x5, 0xff, 0x40,
    0x0, 0x0, 0x5f, 0xf4, 0x0, 0x0, 0x5, 0xff,
    0x40, 0x0, 0x0, 0x5f, 0xf4, 0x0, 0x0, 0x5,
    0xff, 0x40, 0x0, 0x0, 0x5f, 0xf4, 0x0, 0x0,
    0x5, 0xff, 0x40, 0x0, 0x0, 0x5f, 0xf6, 0x22,
    0x22, 0x15, 0xff, 0xff, 0xff, 0xfb, 0x5f, 0xff,
    0xff, 0xff, 0xb0,

    /* U+004D "M" */
    0x5f, 0xfc, 0x0, 0x0, 0x6, 0xff, 0xb5, 0xff,
    0xf2, 0x0, 0x0, 0xcf, 0xfb, 0x5f, 0xff, 0x80,
    0x0, 0x2f, 0xff, 0xb5, 0xfe, 0xfe, 0x0, 0x7,
    0xfe, 0xfb, 0x5f, 0xcd, 0xf4, 0x0, 0xdf, 0x9f,
    0xb5, 0xfe, 0x7f, 0xa0, 0x3f, 0xc9, 0xfb, 0x5f,
    0xf1, 0xff, 0x9, 0xf6, 0xaf, 0xb5, 0xff, 0xb,
    0xf5, 0xef, 0x1b, 0xfb, 0x5f, 0xf0, 0x5f, 0xdf,
    0xa0, 0xbf, 0xb5, 0xff, 0x0, 0xff, 0xf4, 0xb,
    0xfb, 0x5f, 0xf0, 0x9, 0xfe, 0x0, 0xbf, 0xb5,
    0xff, 0x0, 0x3d, 0x70, 0xb, 0xfb, 0x5f, 0xf0,
    0x0, 0x0, 0x0, 0xbf, 0xb0,

    /* U+004E "N" */
    0x5f, 0xfa, 0x0, 0x0, 0xaf, 0xd5, 0xff, 0xf3,
    0x0, 0xa, 0xfd, 0x5f, 0xff, 0xc0, 0x0, 0xaf,
    0xd5, 0xfe, 0xef, 0x40, 0xa, 0xfd, 0x5f, 0xe7,
    0xfd, 0x0, 0xaf, 0xd5, 0xff, 0x1e, 0xf6, 0xa,
    0xfd, 0x5f, 0xf1, 0x7f, 0xe0, 0x9f, 0xd5, 0xff,
    0x20, 0xef, 0x78, 0xfd, 0x5f, 0xf2, 0x5, 0xfe,
    0x7f, 0xd5, 0xff, 0x20, 0xc, 0xfd, 0xfd, 0x5f,
    0xf2, 0x0, 0x4f, 0xff, 0xd5, 0xff, 0x20, 0x0,
    0xbf, 0xfd, 0x5f, 0xf2, 0x0, 0x2, 0xff, 0xd0,

    /* U+004F "O" */
    0x0, 0x0, 0x7b, 0xee, 0xb6, 0x0, 0x0, 0x3,
    0xdf, 0xff, 0xff, 0xfc, 0x10, 0x0, 0xdf, 0xfa,
    0x55, 0xbf, 0xfb, 0x0, 0x7f, 0xf8, 0x0, 0x0,
    0xaf, 0xf4, 0xb, 0xff, 0x10, 0x0, 0x2, 0xff,
    0x90, 0xef, 0xd0, 0x0, 0x0, 0xf, 0xfb, 0xf,
    0xfb, 0x0, 0x0, 0x0, 0xdf, 0xd0, 0xdf, 0xd0,
    0x0, 0x0, 0xf, 0xfb, 0xb, 0xff, 0x10, 0x0,
    0x3, 0xff, 0x80, 0x6f, 0xf9, 0x0, 0x0, 0xbf,
    0xf4, 0x0, 0xcf, 0xfa, 0x55, 0xbf, 0xfa, 0x0,
    0x2, 0xdf, 0xff, 0xff, 0xfb, 0x10, 0x0, 0x0,
    0x7b, 0xee, 0xb6, 0x0, 0x0,

    /* U+0050 "P" */
    0x5f, 0xff, 0xff, 0xda, 0x30, 0x5, 0xff, 0xff,
    0xff, 0xff, 0x50, 0x5f, 0xf5, 0x11, 0x5e, 0xfe,
    0x5, 0xff, 0x40, 0x0, 0x7f, 0xf2, 0x5f, 0xf4,
    0x0, 0x7, 0xff, 0x15, 0xff, 0x40, 0x5, 0xef,
    0xd0, 0x5f, 0xff, 0xff, 0xff, 0xf3, 0x5, 0xff,
    0xff, 0xfe, 0x92, 0x0, 0x5f, 0xf5, 0x0, 0x0,
    0x0, 0x5, 0xff, 0x40, 0x0, 0x0, 0x0, 0x5f,
    0xf4, 0x0, 0x0, 0x0, 0x5, 0xff, 0x40, 0x0,
    0x0, 0x0, 0x5f, 0xf4, 0x0, 0x0, 0x0, 0x0,

    /* U+0051 "Q" */
    0x0, 0x0, 0x7b, 0xee, 0xb6, 0x0, 0x0, 0x0,
    0x2c, 0xff, 0xff, 0xff, 0xb1, 0x0, 0x0, 0xcf,
    0xfa, 0x55, 0xbf, 0xfa, 0x0, 0x5, 0xff, 0x90,
    0x0, 0xb, 0xff, 0x30, 0xb, 0xff, 0x10, 0x0,
    0x3, 0xff, 0x80, 0xd, 0xfd, 0x0, 0x0, 0x0,
    0xff, 0xb0, 0xf, 0xfb, 0x0, 0x0, 0x0, 0xdf,
    0xd0, 0xe, 0xfc, 0x0, 0x0, 0x0, 0xef, 0xc0,
    0xc, 0xfe, 0x0, 0x0, 0x0, 0xff, 0xa0, 0x9,
    0xff, 0x30, 0x0, 0x5, 0xff, 0x70, 0x2, 0xff,
    0xc0, 0x0, 0x1d, 0xff, 0x10, 0x0, 0x8f, 0xfd,
    0x89, 0xef, 0xf7, 0x0, 0x0, 0x8, 0xff, 0xff,
    0xff, 0x70, 0x0, 0x0, 0x0, 0x18, 0xff, 0xd1,
    0x0, 0x0, 0x0, 0x0, 0x0, 0xbf, 0xfa, 0x31,
    0x30, 0x0, 0x0, 0x0, 0xb, 0xff, 0xff, 0xf3,
    0x0, 0x0, 0x0, 0x0, 0x5b, 0xef, 0xe4,

    /* U+0052 "R" */
    0x5f, 0xff, 0xff, 0xda, 0x40, 0x5, 0xff, 0xff,
    0xff, 0xff, 0x60, 0x5f, 0xf5, 0x1, 0x4e, 0xff,
    0x5, 0xff, 0x40, 0x0, 0x6f, 0xf3, 0x5f, 0xf4,
    0x0, 0x7, 0xff, 0x35, 0xff, 0x40, 0x4, 0xef,
    0xe0, 0x5f, 0xff, 0xff, 0xff, 0xf5, 0x5, 0xff,
    0xff, 0xff, 0xe3, 0x0, 0x5f, 0xf5, 0x9, 0xff,
    0x30, 0x5, 0xff, 0x40, 0x1f, 0xfd, 0x0, 0x5f,
    0xf4, 0x0, 0x7f, 0xf6, 0x5, 0xff, 0x40, 0x0,
    0xef, 0xe1, 0x5f, 0xf4, 0x0, 0x6, 0xff, 0x90,

    /* U+0053 "S" */
    0x0, 0x6, 0xce, 0xeb, 0x50, 0x0, 0xc, 0xff,
    0xff, 0xff, 0xb0, 0x6, 0xff, 0xa5, 0x59, 0xf6,
    0x0, 0xaf, 0xf1, 0x0, 0x1, 0x0, 0x8, 0xff,
    0xa1, 0x0, 0x0, 0x0, 0x1e, 0xff, 0xfa, 0x40,
    0x0, 0x0, 0x19, 0xff, 0xff, 0xd3, 0x0, 0x0,
    0x2, 0x8e, 0xff, 0xe1, 0x0, 0x0, 0x0, 0xa,
    0xff, 0x60, 0x6, 0x0, 0x0, 0x4f, 0xf7, 0xb,
    0xfd, 0x74, 0x5d, 0xff, 0x30, 0x9f, 0xff, 0xff,
    0xff, 0x80, 0x0, 0x39, 0xcf, 0xdb, 0x40, 0x0,

    /* U+0054 "T" */
    0x7f, 0xff, 0xff, 0xff, 0xff, 0xb7, 0xff, 0xff,
    0xff, 0xff, 0xfb, 0x12, 0x22, 0xcf, 0xf2, 0x22,
    0x10, 0x0, 0xb, 0xff, 0x0, 0x0, 0x0, 0x0,
    0xbf, 0xf0, 0x0, 0x0, 0x0, 0xb, 0xff, 0x0,
    0x0, 0x0, 0x0, 0xbf, 0xf0, 0x0, 0x0, 0x0,
    0xb, 0xff, 0x0, 0x0, 0x0, 0x0, 0xbf, 0xf0,
    0x0, 0x0, 0x0, 0xb, 0xff, 0x0, 0x0, 0x0,
    0x0, 0xbf, 0xf0, 0x0, 0x0, 0x0, 0xb, 0xff,
    0x0, 0x0, 0x0, 0x0, 0xbf, 0xf0, 0x0, 0x0,

    /* U+0055 "U" */
    0x6f, 0xf3, 0x0, 0x0, 0xaf, 0xe6, 0xff, 0x30,
    0x0, 0xa, 0xfe, 0x6f, 0xf3, 0x0, 0x0, 0xaf,
    0xe6, 0xff, 0x30, 0x0, 0xa, 0xfe, 0x6f, 0xf3,
    0x0, 0x0, 0xaf, 0xe6, 0xff, 0x30, 0x0, 0xa,
    0xfe, 0x6f, 0xf3, 0x0, 0x0, 0xaf, 0xe5, 0xff,
    0x40, 0x0, 0xb, 0xfd, 0x3f, 0xf5, 0x0, 0x0,
    0xcf, 0xb1, 0xff, 0xa0, 0x0, 0x2f, 0xf8, 0xa,
    0xff, 0x94, 0x5d, 0xff, 0x20, 0x2e, 0xff, 0xff,
    0xff, 0x80, 0x0, 0x19, 0xcf, 0xeb, 0x40, 0x0,

    /* U+0056 "V" */
    0xe, 0xfd, 0x0, 0x0, 0x9, 0xff, 0x10, 0x9f,
    0xf2, 0x0, 0x0, 0xef, 0xc0, 0x4, 0xff, 0x60,
    0x0, 0x2f, 0xf7, 0x0, 0xf, 0xfa, 0x0, 0x6,
    0xff, 0x20, 0x0, 0xaf, 0xf0, 0x0, 0xbf, 0xd0,
    0x0, 0x5, 0xff, 0x30, 0xf, 0xf8, 0x0, 0x0,
    0x1f, 0xf8, 0x4, 0xff, 0x30, 0x0, 0x0, 0xbf,
    0xc0, 0x8f, 0xe0, 0x0, 0x0, 0x6, 0xff, 0xc,
    0xf9, 0x0, 0x0, 0x0, 0x1f, 0xf5, 0xff, 0x40,
    0x0, 0x0, 0x0, 0xcf, 0xef, 0xe0, 0x0, 0x0,
    0x0, 0x7, 0xff, 0xf9, 0x0, 0x0, 0x0, 0x0,
    0x2f, 0xff, 0x40, 0x0, 0x0,

    /* U+0057 "W" */
    0x8f, 0xf2, 0x0, 0xf, 0xf9, 0x0, 0x7, 0xff,
    0x5, 0xff, 0x40, 0x3, 0xff, 0xd0, 0x0, 0xaf,
    0xd0, 0x2f, 0xf7, 0x0, 0x7f, 0xff, 0x10, 0xd,
    0xfa, 0x0, 0xff, 0xa0, 0xa, 0xfe, 0xf4, 0x0,
    0xff, 0x70, 0xc, 0xfc, 0x0, 0xef, 0x9f, 0x80,
    0x2f, 0xf4, 0x0, 0x9f, 0xf0, 0x2f, 0xd5, 0xfc,
    0x5, 0xff, 0x10, 0x6, 0xff, 0x16, 0xf9, 0x2f,
    0xf0, 0x7f, 0xd0, 0x0, 0x2f, 0xf4, 0x9f, 0x60,
    0xef, 0x3a, 0xfa, 0x0, 0x0, 0xff, 0x6c, 0xf2,
    0xb, 0xf6, 0xcf, 0x70, 0x0, 0xc, 0xf9, 0xff,
    0x0, 0x7f, 0xae, 0xf4, 0x0, 0x0, 0x9f, 0xef,
    0xb0, 0x4, 0xfe, 0xff, 0x10, 0x0, 0x6, 0xff,
    0xf7, 0x0, 0xf, 0xff, 0xe0, 0x0, 0x0, 0x3f,
    0xff, 0x40, 0x0, 0xcf, 0xfb, 0x0, 0x0,

    /* U+0058 "X" */
    0x4f, 0xfa, 0x0, 0x3, 0xff, 0x80, 0xb, 0xff,
    0x20, 0xb, 0xfe, 0x0, 0x2, 0xff, 0xa0, 0x2f,
    0xf6, 0x0, 0x0, 0x9f, 0xf2, 0x9f, 0xd0, 0x0,
    0x0, 0x1e, 0xfb, 0xff, 0x50, 0x0, 0x0, 0x7,
    0xff, 0xfc, 0x0, 0x0, 0x0, 0x2, 0xff, 0xf7,
    0x0, 0x0, 0x0, 0xa, 0xff, 0xfe, 0x0, 0x0,
    0x0, 0x3f, 0xf7, 0xff, 0x70, 0x0, 0x0, 0xcf,
    0xc0, 0xbf, 0xf1, 0x0, 0x5, 0xff, 0x50, 0x3f,
    0xf9, 0x0, 0xd, 0xfd, 0x0, 0xb, 0xff, 0x30,
    0x7f, 0xf5, 0x0, 0x3, 0xff, 0xb0,

    /* U+0059 "Y" */
    0xd, 0xfe, 0x0, 0x0, 0x6f, 0xf5, 0x6, 0xff,
    0x50, 0x0, 0xdf, 0xd0, 0x0, 0xef, 0xc0, 0x4,
    0xff, 0x50, 0x0, 0x6f, 0xf2, 0xa, 0xfd, 0x0,
    0x0, 0xe, 0xf9, 0x1f, 0xf5, 0x0, 0x0, 0x6,
    0xff, 0x8f, 0xd0, 0x0, 0x0, 0x0, 0xef, 0xff,
    0x60, 0x0, 0x0, 0x0, 0x7f, 0xfe, 0x0, 0x0,
    0x0, 0x0, 0x1f, 0xf8, 0x0, 0x0, 0x0, 0x0,
    0x1f, 0xf8, 0x0, 0x0, 0x0, 0x0, 0x1f, 0xf8,
    0x0, 0x0, 0x0, 0x0, 0x1f, 0xf8, 0x0, 0x0,
    0x0, 0x0, 0x1f, 0xf8, 0x0, 0x0,

    /* U+005A "Z" */
    0x9, 0xff, 0xff, 0xff, 0xff, 0x40, 0x9f, 0xff,
    0xff, 0xff, 0xf3, 0x1, 0x22, 0x22, 0x6f, 0xfa,
    0x0, 0x0, 0x0, 0xd, 0xfe, 0x10, 0x0, 0x0,
    0x9, 0xff, 0x40, 0x0, 0x0, 0x3, 0xff, 0x90,
    0x0, 0x0, 0x0, 0xdf, 0xe1, 0x0, 0x0, 0x0,
    0x9f, 0xf4, 0x0, 0x0, 0x0, 0x4f, 0xf9, 0x0,
    0x0, 0x0, 0xd, 0xfe, 0x0, 0x0, 0x0, 0x9,
    0xff, 0x62, 0x22, 0x22, 0x2, 0xff, 0xff, 0xff,
    0xff, 0xf4, 0x3f, 0xff, 0xff, 0xff, 0xff, 0x40,

    /* U+005B "[" */
    0x2f, 0xff, 0xe2, 0xfd, 0x55, 0x2f, 0xc0, 0x2,
    0xfc, 0x0, 0x2f, 0xc0, 0x2, 0xfc, 0x0, 0x2f,
    0xc0, 0x2, 0xfc, 0x0, 0x2f, 0xc0, 0x2, 0xfc,
    0x0, 0x2f, 0xc0, 0x2, 0xfc, 0x0, 0x2f, 0xc0,
    0x2, 0xfc, 0x0, 0x2f, 0xc0, 0x2, 0xfd, 0x11,
    0x2f, 0xff, 0xe0, 0x44, 0x43,

    /* U+005C "\\" */
    0x5f, 0x60, 0x0, 0x1, 0xfa, 0x0, 0x0, 0xd,
    0xe0, 0x0, 0x0, 0x9f, 0x20, 0x0, 0x5, 0xf6,
    0x0, 0x0, 0x1f, 0xb0, 0x0, 0x0, 0xcf, 0x0,
    0x0, 0x8, 0xf3, 0x0, 0x0, 0x4f, 0x70, 0x0,
    0x0, 0xfc, 0x0, 0x0, 0xb, 0xf0, 0x0, 0x0,
    0x7f, 0x40, 0x0, 0x3, 0xf8, 0x0, 0x0, 0xf,
    0xc0, 0x0, 0x0, 0xbf, 0x10, 0x0, 0x6, 0xf5,
    0x0, 0x0, 0x2f, 0x90,

    /* U+005D "]" */
    0x2f, 0xff, 0xf0, 0x55, 0xff, 0x0, 0xf, 0xf0,
    0x0, 0xff, 0x0, 0xf, 0xf0, 0x0, 0xff, 0x0,
    0xf, 0xf0, 0x0, 0xff, 0x0, 0xf, 0xf0, 0x0,
    0xff, 0x0, 0xf, 0xf0, 0x0, 0xff, 0x0, 0xf,
    0xf0, 0x0, 0xff, 0x0, 0xf, 0xf0, 0x11, 0xff,
    0x2f, 0xff, 0xf0, 0x44, 0x44,

    /* U+005E "^" */
    0x0, 0xe, 0xf9, 0x0, 0x0, 0x5, 0xff, 0xe0,
    0x0, 0x0, 0xcf, 0xdf, 0x50, 0x0, 0x2f, 0xd4,
    0xfc, 0x0, 0x8, 0xf8, 0xe, 0xf2, 0x0, 0xef,
    0x20, 0x9f, 0x80, 0x5f, 0xd0, 0x3, 0xfe, 0xb,
    0xf7, 0x0, 0xd, 0xf5,

    /* U+005F "_" */
    0x12, 0x22, 0x22, 0x22, 0x22, 0xbf, 0xff, 0xff,
    0xff, 0xff, 0x35, 0x55, 0x55, 0x55, 0x55,

    /* U+0060 "`" */
    0x0, 0x0, 0x1, 0xc5, 0x0, 0xbf, 0xf3, 0x1,
    0xdf, 0xe2, 0x0, 0xbf, 0x90, 0x0, 0x70,

    /* U+0061 "a" */
    0x0, 0x4a, 0xdf, 0xd7, 0x0, 0x7, 0xff, 0xff,
    0xff, 0x90, 0x1, 0xc6, 0x22, 0xcf, 0xf1, 0x0,
    0x0, 0x2, 0x8f, 0xf3, 0x0, 0x4a, 0xff, 0xff,
    0xf5, 0x6, 0xff, 0xb6, 0x7f, 0xf5, 0xe, 0xf9,
    0x0, 0x4f, 0xf5, 0xf, 0xfb, 0x13, 0xcf, 0xf5,
    0xb, 0xff, 0xff, 0xff, 0xf5, 0x1, 0xae, 0xe9,
    0x1d, 0xf5,

    /* U+0062 "b" */
    0x9f, 0xf0, 0x0, 0x0, 0x0, 0x9f, 0xf0, 0x0,
    0x0, 0x0, 0x9f, 0xf0, 0x0, 0x0, 0x0, 0x9f,
    0xf0, 0x0, 0x0, 0x0, 0x9f, 0xf3, 0xbe, 0xd8,
    0x0, 0x9f, 0xff, 0xff, 0xff, 0xc0, 0x9f, 0xfb,
    0x33, 0xcf, 0xf4, 0x9f, 0xf1, 0x0, 0x2f, 0xf9,
    0x9f, 0xf0, 0x0, 0xf, 0xfb, 0x9f, 0xf0, 0x0,
    0xf, 0xfa, 0x9f, 0xf0, 0x0, 0x4f, 0xf7, 0x9f,
    0xf9, 0x24, 0xdf, 0xf2, 0x9f, 0xff, 0xff, 0xff,
    0x70, 0x9f, 0x94, 0xcf, 0xc5, 0x0,

    /* U+0063 "c" */
    0x0, 0x6, 0xbe, 0xea, 0x20, 0xb, 0xff, 0xff,
    0xf8, 0x8, 0xff, 0xa3, 0x27, 0x0, 0xef, 0xd0,
    0x0, 0x0, 0x1f, 0xf8, 0x0, 0x0, 0x1, 0xff,
    0x80, 0x0, 0x0, 0xe, 0xfd, 0x0, 0x0, 0x0,
    0x9f, 0xfa, 0x33, 0x92, 0x0, 0xdf, 0xff, 0xff,
    0xc0, 0x0, 0x7c, 0xfd, 0xa2,

    /* U+0064 "d" */
    0x0, 0x0, 0x0, 0x7, 0xff, 0x20, 0x0, 0x0,
    0x0, 0x7f, 0xf2, 0x0, 0x0, 0x0, 0x7, 0xff,
    0x20, 0x0, 0x0, 0x0, 0x7f, 0xf2, 0x0, 0x9,
    0xde, 0xa8, 0xff, 0x20, 0xd, 0xff, 0xff, 0xff,
    0xf2, 0x8, 0xff, 0x92, 0x4c, 0xff, 0x20, 0xef,
    0xd0, 0x0, 0x7f, 0xf2, 0x1f, 0xf9, 0x0, 0x7,
    0xff, 0x21, 0xff, 0x90, 0x0, 0x7f, 0xf2, 0xf,
    0xfd, 0x0, 0x7, 0xff, 0x20, 0xaf, 0xf8, 0x25,
    0xef, 0xf2, 0x2, 0xff, 0xff, 0xff, 0xff, 0x20,
    0x2, 0xbe, 0xe9, 0x2f, 0xf2,

    /* U+0065 "e" */
    0x0, 0x7, 0xcf, 0xc8, 0x0, 0x0, 0xcf, 0xff,
    0xff, 0xb0, 0x8, 0xff, 0x40, 0x3f, 0xf4, 0xe,
    0xf9, 0x0, 0xb, 0xf8, 0x1f, 0xff, 0xff, 0xff,
    0xfa, 0x1f, 0xfd, 0xbb, 0xbb, 0xb7, 0xe, 0xf9,
    0x0, 0x0, 0x0, 0x8, 0xff, 0x71, 0x3, 0x50,
    0x0, 0xcf, 0xff, 0xff, 0xf1, 0x0, 0x7, 0xcf,
    0xeb, 0x40,

    /* U+0066 "f" */
    0x0, 0x9, 0xdf, 0xd2, 0x0, 0xaf, 0xff, 0xf0,
    0x0, 0xff, 0xc2, 0x20, 0x1, 0xff, 0x80, 0x0,
    0x7f, 0xff, 0xff, 0x60, 0x7f, 0xff, 0xff, 0x60,
    0x2, 0xff, 0x80, 0x0, 0x1, 0xff, 0x70, 0x0,
    0x1, 0xff, 0x70, 0x0, 0x1, 0xff, 0x70, 0x0,
    0x1, 0xff, 0x70, 0x0, 0x1, 0xff, 0x70, 0x0,
    0x1, 0xff, 0x70, 0x0, 0x1, 0xff, 0x70, 0x0,

    /* U+0067 "g" */
    0x0, 0x3b, 0xef, 0xff, 0xff, 0x40, 0x4f, 0xff,
    0xef, 0xff, 0xe4, 0xb, 0xfd, 0x0, 0xaf, 0xb0,
    0x0, 0xdf, 0xa0, 0x6, 0xff, 0x0, 0x9, 0xff,
    0x32, 0xcf, 0xb0, 0x0, 0xd, 0xff, 0xff, 0xe2,
    0x0, 0x3, 0xfc, 0x78, 0x60, 0x0, 0x0, 0x9f,
    0x90, 0x0, 0x0, 0x0, 0x7, 0xff, 0xff, 0xfe,
    0xc4, 0x0, 0x1e, 0xff, 0xff, 0xff, 0xf3, 0xd,
    0xf2, 0x0, 0x6, 0xff, 0x62, 0xff, 0x20, 0x0,
    0x6f, 0xf2, 0xd, 0xff, 0xca, 0xcf, 0xf7, 0x0,
    0x19, 0xdf, 0xfd, 0x93, 0x0,

    /* U+0068 "h" */
    0x9f, 0xf0, 0x0, 0x0, 0x0, 0x9f, 0xf0, 0x0,
    0x0, 0x0, 0x9f, 0xf0, 0x0, 0x0, 0x0, 0x9f,
    0xf0, 0x0, 0x0, 0x0, 0x9f, 0xf1, 0x9d, 0xea,
    0x10, 0x9f, 0xfe, 0xff, 0xff, 0xa0, 0x9f, 0xfd,
    0x54, 0xdf, 0xf0, 0x9f, 0xf1, 0x0, 0x8f, 0xf2,
    0x9f, 0xf0, 0x0, 0x6f, 0xf3, 0x9f, 0xf0, 0x0,
    0x6f, 0xf3, 0x9f, 0xf0, 0x0, 0x6f, 0xf3, 0x9f,
    0xf0, 0x0, 0x6f, 0xf3, 0x9f, 0xf0, 0x0, 0x6f,
    0xf3, 0x9f, 0xf0, 0x0, 0x6f, 0xf3,

    /* U+0069 "i" */
    0x5e, 0xb0, 0xaf, 0xf2, 0x3b, 0x80, 0x0, 0x0,
    0x9f, 0xf0, 0x9f, 0xf0, 0x9f, 0xf0, 0x9f, 0xf0,
    0x9f, 0xf0, 0x9f, 0xf0, 0x9f, 0xf0, 0x9f, 0xf0,
    0x9f, 0xf0, 0x9f, 0xf0,

    /* U+006A "j" */
    0x0, 0x5e, 0xb0, 0x0, 0xaf, 0xf2, 0x0, 0x3b,
    0x80, 0x0, 0x0, 0x0, 0x0, 0x8f, 0xf1, 0x0,
    0x8f, 0xf1, 0x0, 0x8f, 0xf1, 0x0, 0x8f, 0xf1,
    0x0, 0x8f, 0xf1, 0x0, 0x8f, 0xf1, 0x0, 0x8f,
    0xf1, 0x0, 0x8f, 0xf1, 0x0, 0x8f, 0xf1, 0x0,
    0x8f, 0xf1, 0x0, 0x9f, 0xf1, 0x2, 0xdf, 0xf0,
    0xaf, 0xff, 0x80, 0xcf, 0xd8, 0x0,

    /* U+006B "k" */
    0x9f, 0xf0, 0x0, 0x0, 0x0, 0x9f, 0xf0, 0x0,
    0x0, 0x0, 0x9f, 0xf0, 0x0, 0x0, 0x0, 0x9f,
    0xf0, 0x0, 0x0, 0x0, 0x9f, 0xf0, 0x0, 0xdf,
    0xe1, 0x9f, 0xf0, 0xa, 0xff, 0x30, 0x9f, 0xf0,
    0x7f, 0xf5, 0x0, 0x9f, 0xf4, 0xff, 0x80, 0x0,
    0x9f, 0xff, 0xff, 0x30, 0x0, 0x9f, 0xff, 0xff,
    0xd0, 0x0, 0x9f, 0xfd, 0x3f, 0xf8, 0x0, 0x9f,
    0xf2, 0x9, 0xff, 0x20, 0x9f, 0xf0, 0x1, 0xef,
    0xc0, 0x9f, 0xf0, 0x0, 0x6f, 0xf7,

    /* U+006C "l" */
    0x9f, 0xf0, 0x9, 0xff, 0x0, 0x9f, 0xf0, 0x9,
    0xff, 0x0, 0x9f, 0xf0, 0x9, 0xff, 0x0, 0x9f,
    0xf0, 0x9, 0xff, 0x0, 0x9f, 0xf0, 0x9, 0xff,
    0x0, 0x9f, 0xf0, 0x8, 0xff, 0x40, 0x5f, 0xff,
    0x0, 0x9e, 0xe2,

    /* U+006D "m" */
    0x9f, 0xa1, 0xae, 0xd8, 0x1, 0x9e, 0xe8, 0x0,
    0x9f, 0xee, 0xff, 0xff, 0xae, 0xff, 0xff, 0x70,
    0x9f, 0xfd, 0x55, 0xff, 0xfd, 0x55, 0xff, 0xd0,
    0x9f, 0xf1, 0x0, 0xaf, 0xf1, 0x0, 0xbf, 0xf0,
    0x9f, 0xf0, 0x0, 0x9f, 0xf0, 0x0, 0x9f, 0xf0,
    0x9f, 0xf0, 0x0, 0x9f, 0xf0, 0x0, 0x9f, 0xf0,
    0x9f, 0xf0, 0x0, 0x9f, 0xf0, 0x0, 0x9f, 0xf0,
    0x9f, 0xf0, 0x0, 0x9f, 0xf0, 0x0, 0x9f, 0xf0,
    0x9f, 0xf0, 0x0, 0x9f, 0xf0, 0x0, 0x9f, 0xf0,
    0x9f, 0xf0, 0x0, 0x9f, 0xf0, 0x0, 0x9f, 0xf0,

    /* U+006E "n" */
    0x9f, 0xa1, 0x9d, 0xea, 0x10, 0x9f, 0xee, 0xff,
    0xff, 0xa0, 0x9f, 0xfd, 0x54, 0xdf, 0xf0, 0x9f,
    0xf1, 0x0, 0x8f, 0xf2, 0x9f, 0xf0, 0x0, 0x6f,
    0xf3, 0x9f, 0xf0, 0x0, 0x6f, 0xf3, 0x9f, 0xf0,
    0x0, 0x6f, 0xf3, 0x9f, 0xf0, 0x0, 0x6f, 0xf3,
    0x9f, 0xf0, 0x0, 0x6f, 0xf3, 0x9f, 0xf0, 0x0,
    0x6f, 0xf3,

    /* U+006F "o" */
    0x0, 0x7, 0xcf, 0xd9, 0x10, 0x0, 0xc, 0xff,
    0xff, 0xfe, 0x20, 0x8, 0xff, 0x82, 0x5f, 0xfc,
    0x0, 0xef, 0xc0, 0x0, 0x8f, 0xf2, 0x1f, 0xf8,
    0x0, 0x4, 0xff, 0x51, 0xff, 0x80, 0x0, 0x4f,
    0xf5, 0xe, 0xfc, 0x0, 0x8, 0xff, 0x20, 0x8f,
    0xf8, 0x25, 0xff, 0xc0, 0x0, 0xcf, 0xff, 0xff,
    0xe2, 0x0, 0x0, 0x7c, 0xfd, 0x91, 0x0,

    /* U+0070 "p" */
    0x9f, 0xa3, 0xbe, 0xd8, 0x0, 0x9f, 0xff, 0xff,
    0xff, 0xc0, 0x9f, 0xfb, 0x33, 0xcf, 0xf4, 0x9f,
    0xf1, 0x0, 0x2f, 0xf9, 0x9f, 0xf0, 0x0, 0xf,
    0xfb, 0x9f, 0xf0, 0x0, 0xf, 0xfa, 0x9f, 0xf0,
    0x0, 0x4f, 0xf7, 0x9f, 0xf9, 0x24, 0xdf, 0xf2,
    0x9f, 0xff, 0xff, 0xff, 0x70, 0x9f, 0xf4, 0xcf,
    0xc5, 0x0, 0x9f, 0xf0, 0x0, 0x0, 0x0, 0x9f,
    0xf0, 0x0, 0x0, 0x0, 0x9f, 0xf0, 0x0, 0x0,
    0x0, 0x9f, 0xf0, 0x0, 0x0, 0x0,

    /* U+0071 "q" */
    0x0, 0x9, 0xde, 0xb2, 0xff, 0x20, 0xd, 0xff,
    0xff, 0xff, 0xf2, 0x8, 0xff, 0x92, 0x4c, 0xff,
    0x20, 0xef, 0xd0, 0x0, 0x7f, 0xf2, 0x1f, 0xf9,
    0x0, 0x7, 0xff, 0x21, 0xff, 0x90, 0x0, 0x7f,
    0xf2, 0xf, 0xfd, 0x0, 0x7, 0xff, 0x20, 0xaf,
    0xf8, 0x25, 0xef, 0xf2, 0x2, 0xff, 0xff, 0xff,
    0xff, 0x20, 0x2, 0xbe, 0xe9, 0x7f, 0xf2, 0x0,
    0x0, 0x0, 0x7, 0xff, 0x20, 0x0, 0x0, 0x0,
    0x7f, 0xf2, 0x0, 0x0, 0x0, 0x7, 0xff, 0x20,
    0x0, 0x0, 0x0, 0x7f, 0xf2,

    /* U+0072 "r" */
    0x9f, 0xa0, 0x9e, 0xc9, 0xfc, 0xbf, 0xf9, 0x9f,
    0xff, 0x95, 0x29, 0xff, 0x70, 0x0, 0x9f, 0xf1,
    0x0, 0x9, 0xff, 0x0, 0x0, 0x9f, 0xf0, 0x0,
    0x9, 0xff, 0x0, 0x0, 0x9f, 0xf0, 0x0, 0x9,
    0xff, 0x0, 0x0,

    /* U+0073 "s" */
    0x0, 0x6d, 0xfd, 0xa3, 0x0, 0x8f, 0xff, 0xff,
    0xe0, 0xe, 0xfb, 0x0, 0x73, 0x0, 0xdf, 0xd3,
    0x0, 0x0, 0x4, 0xff, 0xfd, 0x50, 0x0, 0x1,
    0x8e, 0xff, 0xb0, 0x0, 0x0, 0x9, 0xff, 0x30,
    0x97, 0x10, 0x6f, 0xf3, 0x4f, 0xff, 0xff, 0xfc,
    0x0, 0x3a, 0xdf, 0xd8, 0x10,

    /* U+0074 "t" */
    0x0, 0x67, 0x30, 0x0, 0x0, 0xef, 0x60, 0x0,
    0x0, 0xff, 0x60, 0x0, 0x8f, 0xff, 0xff, 0xe0,
    0x9f, 0xff, 0xff, 0xe0, 0x3, 0xff, 0x70, 0x0,
    0x3, 0xff, 0x60, 0x0, 0x3, 0xff, 0x60, 0x0,
    0x3, 0xff, 0x60, 0x0, 0x2, 0xff, 0x70, 0x0,
    0x0, 0xff, 0xd2, 0x20, 0x0, 0xbf, 0xff, 0xf0,
    0x0, 0x1a, 0xef, 0xd1,

    /* U+0075 "u" */
    0xaf, 0xe0, 0x0, 0x9f, 0xf0, 0xaf, 0xe0, 0x0,
    0x9f, 0xf0, 0xaf, 0xe0, 0x0, 0x9f, 0xf0, 0xaf,
    0xe0, 0x0, 0x9f, 0xf0, 0xaf, 0xe0, 0x0, 0x9f,
    0xf0, 0xaf, 0xf0, 0x0, 0x9f, 0xf0, 0xaf, 0xf0,
    0x0, 0xaf, 0xf0, 0x8f, 0xf8, 0x49, 0xff, 0xf0,
    0x2f, 0xff, 0xff, 0xbf, 0xf0, 0x5, 0xdf, 0xb5,
    0x2f, 0xf0,

    /* U+0076 "v" */
    0x9f, 0xf1, 0x0, 0x9, 0xfe, 0x3, 0xff, 0x50,
    0x0, 0xdf, 0x90, 0xe, 0xfa, 0x0, 0x2f, 0xf4,
    0x0, 0x8f, 0xe0, 0x7, 0xfe, 0x0, 0x3, 0xff,
    0x30, 0xbf, 0x90, 0x0, 0xd, 0xf8, 0xf, 0xf4,
    0x0, 0x0, 0x8f, 0xc4, 0xfe, 0x0, 0x0, 0x2,
    0xff, 0xaf, 0x90, 0x0, 0x0, 0xd, 0xff, 0xf3,
    0x0, 0x0, 0x0, 0x7f, 0xfe, 0x0, 0x0,

    /* U+0077 "w" */
    0x5f, 0xf3, 0x0, 0x7f, 0xf2, 0x0, 0x8f, 0xe0,
    0x1f, 0xf7, 0x0, 0xbf, 0xf6, 0x0, 0xcf, 0xa0,
    0xd, 0xfb, 0x0, 0xff, 0xfa, 0x0, 0xff, 0x60,
    0x9, 0xfe, 0x3, 0xf9, 0xfe, 0x3, 0xff, 0x20,
    0x5, 0xff, 0x27, 0xf5, 0xdf, 0x26, 0xfe, 0x0,
    0x1, 0xff, 0x5a, 0xf2, 0xaf, 0x69, 0xfa, 0x0,
    0x0, 0xdf, 0x7e, 0xe0, 0x6f, 0x9c, 0xf6, 0x0,
    0x0, 0x8f, 0xcf, 0xb0, 0x2f, 0xdf, 0xf2, 0x0,
    0x0, 0x4f, 0xff, 0x70, 0xe, 0xff, 0xe0, 0x0,
    0x0, 0xf, 0xff, 0x30, 0xa, 0xff, 0xa0, 0x0,

    /* U+0078 "x" */
    0x3f, 0xf9, 0x0, 0x5f, 0xf5, 0x9, 0xff, 0x30,
    0xdf, 0xc0, 0x1, 0xef, 0xb4, 0xff, 0x20, 0x0,
    0x5f, 0xfd, 0xf9, 0x0, 0x0, 0xc, 0xff, 0xe1,
    0x0, 0x0, 0x1e, 0xff, 0xe0, 0x0, 0x0, 0x9f,
    0xdf, 0xf9, 0x0, 0x3, 0xff, 0x47, 0xff, 0x30,
    0xc, 0xfc, 0x0, 0xef, 0xd0, 0x6f, 0xf4, 0x0,
    0x5f, 0xf8,

    /* U+0079 "y" */
    0x8f, 0xf1, 0x0, 0x9, 0xfe, 0x2, 0xff, 0x60,
    0x0, 0xef, 0x90, 0xc, 0xfc, 0x0, 0x3f, 0xf3,
    0x0, 0x5f, 0xf2, 0x7, 0xfd, 0x0, 0x0, 0xef,
    0x70, 0xcf, 0x80, 0x0, 0x8, 0xfc, 0xf, 0xf2,
    0x0, 0x0, 0x2f, 0xf6, 0xfd, 0x0, 0x0, 0x0,
    0xcf, 0xef, 0x70, 0x0, 0x0, 0x5, 0xff, 0xf2,
    0x0, 0x0, 0x0, 0xf, 0xfc, 0x0, 0x0, 0x0,
    0x1, 0xff, 0x60, 0x0, 0x0, 0x12, 0xbf, 0xe0,
    0x0, 0x0, 0xc, 0xff, 0xf5, 0x0, 0x0, 0x0,
    0xdf, 0xc4, 0x0, 0x0, 0x0,

    /* U+007A "z" */
    0xc, 0xff, 0xff, 0xff, 0x80, 0xcf, 0xff, 0xff,
    0xf6, 0x0, 0x0, 0x2f, 0xfc, 0x0, 0x0, 0xb,
    0xff, 0x20, 0x0, 0x7, 0xff, 0x60, 0x0, 0x2,
    0xff, 0xb0, 0x0, 0x0, 0xcf, 0xe1, 0x0, 0x0,
    0x7f, 0xf6, 0x0, 0x0, 0x2f, 0xff, 0xff, 0xff,
    0xb4, 0xff, 0xff, 0xff, 0xfb,

    /* U+007B "{" */
    0x0, 0x1b, 0xfe, 0x0, 0x9f, 0xd6, 0x0, 0xbf,
    0x60, 0x0, 0xcf, 0x50, 0x0, 0xbf, 0x60, 0x0,
    0xaf, 0x60, 0x0, 0xaf, 0x60, 0x3, 0xef, 0x40,
    0x5f, 0xf7, 0x0, 0x3b, 0xfd, 0x10, 0x0, 0xcf,
    0x50, 0x0, 0xaf, 0x60, 0x0, 0xaf, 0x60, 0x0,
    0xbf, 0x50, 0x0, 0xcf, 0x50, 0x0, 0xaf, 0xa1,
    0x0, 0x4f, 0xfe, 0x0, 0x1, 0x33,

    /* U+007C "|" */
    0x2c, 0x63, 0xf8, 0x3f, 0x83, 0xf8, 0x3f, 0x83,
    0xf8, 0x3f, 0x83, 0xf8, 0x3f, 0x83, 0xf8, 0x3f,
    0x83, 0xf8, 0x3f, 0x83, 0xf8, 0x3f, 0x83, 0xf8,
    0x3f, 0x83, 0xf8, 0x3f, 0x83, 0xf8,

    /* U+007D "}" */
    0x2f, 0xfa, 0x0, 0x0, 0x7e, 0xf6, 0x0, 0x0,
    0x9f, 0x80, 0x0, 0x9, 0xf8, 0x0, 0x0, 0x9f,
    0x80, 0x0, 0x9, 0xf7, 0x0, 0x0, 0x9f, 0x70,
    0x0, 0x7, 0xfd, 0x10, 0x0, 0x9, 0xff, 0x20,
    0x3, 0xef, 0xa1, 0x0, 0x9f, 0x90, 0x0, 0xa,
    0xf6, 0x0, 0x0, 0x9f, 0x70, 0x0, 0x9, 0xf8,
    0x0, 0x0, 0x9f, 0x90, 0x0, 0x2c, 0xf7, 0x0,
    0x2f, 0xfe, 0x10, 0x0, 0x43, 0x0, 0x0,

    /* U+007E "~" */
    0x2, 0xae, 0xd6, 0x0, 0x73, 0x1e, 0xfe, 0xff,
    0xfe, 0xfa, 0x6, 0x40, 0x19, 0xed, 0x80,

    /* U+4E50 "乐" */
    0x0, 0x0, 0x0, 0x0, 0x12, 0x45, 0x7a, 0xc0,
    0x0, 0x0, 0x5d, 0xef, 0xff, 0xff, 0xff, 0xff,
    0xf8, 0x0, 0x0, 0x8f, 0xff, 0xff, 0xed, 0xcb,
    0x97, 0x42, 0x0, 0x0, 0x9f, 0xa1, 0x0, 0x0,
    0x0, 0x0, 0x0, 0x0, 0x0, 0xaf, 0x80, 0x0,
    0x0, 0x0, 0x0, 0x0, 0x0, 0x0, 0xcf, 0x50,
    0x0, 0xef, 0x40, 0x0, 0x0, 0x0, 0x0, 0xef,
    0x30, 0x0, 0xef, 0x40, 0x0, 0x0, 0x0, 0x2,
    0xff, 0x43, 0x33, 0xff, 0x73, 0x33, 0x33, 0x10,
    0x8, 0xff, 0xff, 0xff, 0xff, 0xff, 0xff, 0xff,
    0x70, 0x2, 0xff, 0xff, 0xff, 0xff, 0xff, 0xff,
    0xff, 0x70, 0x0, 0x10, 0x0, 0x0, 0xef, 0x40,
    0x0, 0x0, 0x0, 0x0, 0x7, 0x93, 0x0, 0xef,
    0x40, 0x4b, 0x30, 0x0, 0x0, 0x3f, 0xf5, 0x0,
    0xef, 0x40, 0x9f, 0xd0, 0x0, 0x0, 0xcf, 0xb0,
    0x0, 0xef, 0x40, 0xd, 0xfa, 0x0, 0xa, 0xff,
    0x20, 0x0, 0xef, 0x40, 0x4, 0xff, 0x40, 0x6f,
    0xf5, 0x2, 0x22, 0xff, 0x40, 0x0, 0xaf, 0xd0,
    0x7, 0x80, 0x8, 0xff, 0xff, 0x20, 0x0, 0x1c,
    0x50, 0x0, 0x0, 0x3, 0xff, 0xc5, 0x0, 0x0,
    0x0, 0x0, 0x0, 0x0, 0x0, 0x0, 0x0, 0x0,
    0x0, 0x0, 0x0,

    /* U+5668 "器" */
    0x0, 0xdf, 0xff, 0xff, 0x24, 0xff, 0xff, 0xfe,
    0x0, 0x0, 0xdf, 0xdc, 0xff, 0x24, 0xfe, 0xcd,
    0xfe, 0x0, 0x0, 0xdf, 0x10, 0xef, 0x24, 0xfa,
    0x2, 0xfe, 0x0, 0x0, 0xdf, 0x20, 0xef, 0x24,
    0xfa, 0x3, 0xfe, 0x0, 0x0, 0xdf, 0xff, 0xff,
    0x24, 0xff, 0xff, 0xfe, 0x0, 0x0, 0xac, 0xcc,
    0xcf, 0x54, 0xce, 0xfd, 0xca, 0x0, 0x0, 0x0,
    0x0, 0x4f, 0xf2, 0x9, 0xff, 0x40, 0x0, 0x2d,
    0xdd, 0xdd, 0xff, 0xfd, 0xdd, 0xef, 0xdd, 0xd2,
    0x2f, 0xff, 0xff, 0xff, 0xff, 0xff, 0xff, 0xff,
    0xf3, 0x0, 0x6, 0xff, 0xb1, 0x0, 0x4f, 0xfa,
    0x20, 0x0, 0x3, 0xbf, 0xfb, 0x10, 0x0, 0x5,
    0xff, 0xe7, 0x10, 0x5f, 0xff, 0xff, 0xff, 0x24,
    0xff, 0xff, 0xff, 0xf6, 0xc, 0xff, 0xdc, 0xff,
    0x24, 0xff, 0xcd, 0xff, 0xd0, 0x0, 0xdf, 0x20,
    0xef, 0x24, 0xfb, 0x2, 0xfe, 0x10, 0x0, 0xdf,
    0x20, 0xef, 0x24, 0xfb, 0x2, 0xfe, 0x0, 0x0,
    0xdf, 0xed, 0xff, 0x24, 0xff, 0xde, 0xfe, 0x0,
    0x0, 0xdf, 0xff, 0xee, 0x24, 0xff, 0xff, 0xed,
    0x0,

    /* U+5EA6 "度" */
    0x0, 0x0, 0x0, 0x0, 0x26, 0x50, 0x0, 0x0,
    0x0, 0x0, 0x0, 0x0, 0x0, 0x6f, 0xd0, 0x0,
    0x0, 0x0, 0x0, 0xff, 0xff, 0xff, 0xff, 0xff,
    0xff, 0xff, 0xe0, 0x0, 0xff, 0xff, 0xff, 0xff,
    0xff, 0xff, 0xff, 0xf0, 0x0, 0xff, 0x20, 0x5,
    0x50, 0x0, 0x55, 0x10, 0x0, 0x0, 0xff, 0x20,
    0x1f, 0xf0, 0x0, 0xef, 0x30, 0x0, 0x0, 0xff,
    0x9f, 0xff, 0xff, 0xff, 0xff, 0xff, 0xc0, 0x0,
    0xff, 0x7a, 0xaf, 0xfa, 0xaa, 0xff, 0xba, 0x80,
    0x0, 0xff, 0x10, 0xf, 0xf3, 0x33, 0xff, 0x20,
    0x0, 0x1, 0xff, 0x10, 0xf, 0xff, 0xff, 0xff,
    0x20, 0x0, 0x2, 0xff, 0x0, 0x5, 0x55, 0x55,
    0x55, 0x10, 0x0, 0x3, 0xfe, 0x5f, 0xff, 0xff,
    0xff, 0xff, 0xf7, 0x0, 0x6, 0xfc, 0x4b, 0xef,
    0xcb, 0xbb, 0xef, 0xf4, 0x0, 0x9, 0xf9, 0x0,
    0x9f, 0xe6, 0x8, 0xff, 0x80, 0x0, 0xc, 0xf6,
    0x0, 0x7, 0xff, 0xff, 0xf5, 0x0, 0x0, 0x2f,
    0xf3, 0x7a, 0xce, 0xff, 0xff, 0xfe, 0xb9, 0x70,
    0x5f, 0xc0, 0xcf, 0xff, 0xb6, 0x49, 0xef, 0xff,
    0xa0, 0x1, 0x30, 0x24, 0x10, 0x0, 0x0, 0x1,
    0x47, 0x10,

    /* U+6027 "性" */
    0x0, 0x1, 0x10, 0x0, 0x0, 0x0, 0x0, 0x0,
    0x0, 0x0, 0x3f, 0xe0, 0x1, 0x42, 0xf, 0xf2,
    0x0, 0x0, 0x0, 0x3f, 0xe0, 0x5, 0xfd, 0xf,
    0xf2, 0x0, 0x0, 0x0, 0x3f, 0xe4, 0x9, 0xfa,
    0xf, 0xf2, 0x0, 0x0, 0xc, 0xef, 0xff, 0x5d,
    0xfe, 0xdf, 0xfe, 0xdd, 0xc0, 0xf, 0xef, 0xee,
    0xdf, 0xff, 0xff, 0xff, 0xff, 0xd0, 0x1f, 0xcf,
    0xe9, 0xef, 0xd2, 0x2f, 0xf4, 0x22, 0x20, 0x5f,
    0x9f, 0xe0, 0xcf, 0x60, 0xf, 0xf2, 0x0, 0x0,
    0x7f, 0x5f, 0xe0, 0x6, 0x0, 0xf, 0xf2, 0x0,
    0x0, 0x1, 0x3f, 0xe0, 0x7, 0xdd, 0xdf, 0xfe,
    0xdd, 0x60, 0x0, 0x3f, 0xe0, 0x8, 0xff, 0xff,
    0xff, 0xff, 0x70, 0x0, 0x3f, 0xe0, 0x1, 0x22,
    0x2f, 0xf4, 0x22, 0x10, 0x0, 0x3f, 0xe0, 0x0,
    0x0, 0xf, 0xf2, 0x0, 0x0, 0x0, 0x3f, 0xe0,
    0x0, 0x0, 0xf, 0xf2, 0x0, 0x0, 0x0, 0x3f,
    0xe0, 0x0, 0x0, 0xf, 0xf2, 0x0, 0x0, 0x0,
    0x3f, 0xe0, 0xef, 0xff, 0xff, 0xff, 0xff, 0xf5,
    0x0, 0x3f, 0xe0, 0xef, 0xff, 0xff, 0xff, 0xff,
    0xf5, 0x0, 0x3f, 0xe0, 0x0, 0x0, 0x0, 0x0,
    0x0, 0x0,

    /* U+62CD "拍" */
    0x0, 0x1f, 0xf1, 0x0, 0x0, 0xd, 0xd9, 0x0,
    0x0, 0x1, 0xff, 0x10, 0x0, 0x1, 0xff, 0x60,
    0x0, 0x0, 0x1f, 0xf1, 0x1, 0x22, 0x6f, 0xf3,
    0x22, 0x21, 0xff, 0xff, 0xfe, 0x5f, 0xff, 0xff,
    0xff, 0xfe, 0x1f, 0xff, 0xff, 0xe5, 0xff, 0xdd,
    0xdd, 0xef, 0xe0, 0x13, 0xff, 0x31, 0x5f, 0xc0,
    0x0, 0x5, 0xfe, 0x0, 0x1f, 0xf1, 0x5, 0xfc,
    0x0, 0x0, 0x5f, 0xe0, 0x1, 0xff, 0x79, 0x5f,
    0xc0, 0x0, 0x5, 0xfe, 0x17, 0xbf, 0xff, 0xf6,
    0xff, 0xff, 0xff, 0xff, 0xe3, 0xff, 0xff, 0xc8,
    0x6f, 0xff, 0xff, 0xff, 0xfe, 0xe, 0xaf, 0xf1,
    0x5, 0xfd, 0x11, 0x11, 0x6f, 0xe0, 0x1, 0xff,
    0x10, 0x5f, 0xc0, 0x0, 0x5, 0xfe, 0x0, 0x1f,
    0xf1, 0x5, 0xfc, 0x0, 0x0, 0x5f, 0xe0, 0x1,
    0xff, 0x10, 0x5f, 0xd3, 0x33, 0x37, 0xfe, 0x0,
    0x3f, 0xf1, 0x5, 0xff, 0xff, 0xff, 0xff, 0xe0,
    0xbf, 0xff, 0x0, 0x5f, 0xfc, 0xcc, 0xcd, 0xfe,
    0x6, 0xfd, 0x50, 0x5, 0xeb, 0x0, 0x0, 0x4c,
    0xb0,

    /* U+6570 "数" */
    0x2, 0x81, 0xaf, 0x56, 0x92, 0xd, 0xc0, 0x0,
    0x0, 0x4, 0xfa, 0xaf, 0x6e, 0xe2, 0x2f, 0xe0,
    0x0, 0x0, 0x1, 0xc9, 0xaf, 0x8c, 0x50, 0x5f,
    0xa0, 0x0, 0x0, 0x1f, 0xff, 0xff, 0xff, 0xfb,
    0x8f, 0xff, 0xff, 0xf6, 0x9, 0x9d, 0xff, 0xfc,
    0x97, 0xcf, 0xff, 0xff, 0xf6, 0x0, 0x6f, 0xff,
    0xff, 0x82, 0xff, 0x70, 0xdf, 0x30, 0x1b, 0xfe,
    0xdf, 0x8e, 0xd8, 0xff, 0xb0, 0xff, 0x0, 0x1e,
    0xd2, 0xaf, 0x52, 0x5f, 0xff, 0xf3, 0xfc, 0x0,
    0x3, 0x13, 0xc8, 0x10, 0x3d, 0xac, 0xfa, 0xf9,
    0x0, 0xc, 0xff, 0xff, 0xff, 0xf2, 0x6, 0xff,
    0xf3, 0x0, 0x8, 0xdf, 0xeb, 0xcf, 0xd0, 0x1,
    0xff, 0xe0, 0x0, 0x0, 0xdf, 0x60, 0xbf, 0x60,
    0x0, 0xdf, 0xa0, 0x0, 0x2, 0xcf, 0xfc, 0xfc,
    0x0, 0x9, 0xff, 0xf5, 0x0, 0x0, 0x7, 0xff,
    0xfa, 0x0, 0x8f, 0xfb, 0xff, 0x40, 0x6, 0xcf,
    0xfc, 0xef, 0x6d, 0xff, 0x40, 0xbf, 0xf6, 0x1f,
    0xfd, 0x50, 0x13, 0x6f, 0xe4, 0x0, 0x1b, 0xf2,
    0x4, 0x30, 0x0, 0x0, 0x7, 0x0, 0x0, 0x0,
    0x30,

    /* U+8C03 "调" */
    0x0, 0x10, 0x0, 0x0, 0x0, 0x0, 0x0, 0x0,
    0x0, 0x1d, 0xc0, 0x0, 0xff, 0xff, 0xff, 0xff,
    0xfd, 0x2, 0xef, 0xc0, 0xf, 0xfd, 0xdd, 0xdd,
    0xef, 0xd0, 0x3, 0xff, 0xa0, 0xfc, 0x0, 0x64,
    0x0, 0xfd, 0x0, 0x5, 0xf3, 0xf, 0xc0, 0xf,
    0xa0, 0xf, 0xd0, 0x0, 0x2, 0x0, 0xfc, 0x6f,
    0xff, 0xf3, 0xfd, 0x28, 0x88, 0x80, 0xf, 0xc3,
    0x7f, 0xd7, 0x2f, 0xd4, 0xff, 0xfe, 0x0, 0xfc,
    0x57, 0xfd, 0x74, 0xfd, 0x15, 0x7f, 0xe0, 0xf,
    0xcb, 0xff, 0xff, 0x9f, 0xd0, 0x2, 0xfe, 0x1,
    0xfc, 0x0, 0x0, 0x1, 0xfd, 0x0, 0x2f, 0xe0,
    0x1f, 0xb8, 0xff, 0xff, 0x3f, 0xd0, 0x2, 0xfe,
    0x3, 0xfa, 0x9f, 0x8b, 0xf3, 0xfd, 0x0, 0x2f,
    0xe9, 0x9f, 0x89, 0xe0, 0x5f, 0x3f, 0xd0, 0x3,
    0xff, 0xff, 0xf6, 0x9f, 0xff, 0xf3, 0xfd, 0x0,
    0x5f, 0xfe, 0xff, 0x29, 0xf8, 0x88, 0x2f, 0xd0,
    0xb, 0xfe, 0x7f, 0xe0, 0x35, 0x0, 0x1, 0xfd,
    0x1, 0xee, 0x2b, 0xf8, 0x0, 0x0, 0xd, 0xef,
    0xb0, 0x3, 0x30, 0x1b, 0x10, 0x0, 0x0, 0xaf,
    0xc3, 0x0, 0x0, 0x0, 0x0, 0x0, 0x0, 0x0,
    0x0, 0x0,

    /* U+901F "速" */
    0x0, 0x40, 0x0, 0x0, 0x0, 0xef, 0x20, 0x0,
    0x0, 0xc, 0xf8, 0x3, 0x88, 0x88, 0xff, 0xa8,
    0x88, 0x70, 0x4, 0xff, 0x95, 0xff, 0xff, 0xff,
    0xff, 0xff, 0xd0, 0x0, 0x4f, 0xd1, 0x11, 0x11,
    0xef, 0x41, 0x11, 0x10, 0x0, 0x4, 0x0, 0xdf,
    0xff, 0xff, 0xff, 0xff, 0x30, 0x0, 0x0, 0x0,
    0xef, 0xbb, 0xff, 0xcb, 0xff, 0x30, 0x4d, 0xdd,
    0xd0, 0xef, 0x10, 0xef, 0x20, 0xdf, 0x30, 0x4f,
    0xff, 0xf0, 0xef, 0xba, 0xff, 0xba, 0xff, 0x30,
    0x13, 0x4f, 0xf0, 0xdf, 0xff, 0xff, 0xff, 0xff,
    0x30, 0x0, 0xf, 0xf0, 0x0, 0x6f, 0xff, 0xf9,
    0x0, 0x0, 0x0, 0xf, 0xf0, 0x7, 0xff, 0xff,
    0xef, 0xe3, 0x0, 0x0, 0xf, 0xf3, 0xcf, 0xf3,
    0xef, 0x3a, 0xff, 0x50, 0x0, 0xf, 0xf5, 0xfe,
    0x40, 0xef, 0x20, 0x8f, 0x40, 0x1, 0x9f, 0xf7,
    0x61, 0x0, 0xef, 0x20, 0x2, 0x0, 0x3e, 0xfd,
    0xbf, 0xc6, 0x0, 0x0, 0x0, 0x2, 0x51, 0x3f,
    0xe1, 0x6, 0xff, 0xff, 0xed, 0xef, 0xff, 0xf0,
    0xa, 0x40, 0x0, 0x17, 0xde, 0xff, 0xff, 0xfe,
    0xa0, 0x1, 0x0, 0x0, 0x0, 0x0, 0x0, 0x0,
    0x0, 0x0,

    /* U+F001 "" */
    0x0, 0x0, 0x0, 0x0, 0x0, 0x0, 0x0, 0x27,
    0xba, 0x0, 0x0, 0x0, 0x0, 0x0, 0x0, 0x48,
    0xdf, 0xff, 0xf2, 0x0, 0x0, 0x0, 0x1, 0x6a,
    0xff, 0xff, 0xff, 0xff, 0x20, 0x0, 0x0, 0x7c,
    0xff, 0xff, 0xff, 0xff, 0xff, 0xf2, 0x0, 0x0,
    0x4f, 0xff, 0xff, 0xff, 0xff, 0xff, 0xff, 0x20,
    0x0, 0x5, 0xff, 0xff, 0xff, 0xff, 0xb7, 0x3f,
    0xf2, 0x0, 0x0, 0x5f, 0xff, 0xfe, 0x95, 0x0,
    0x1, 0xff, 0x20, 0x0, 0x5, 0xff, 0x73, 0x0,
    0x0, 0x0, 0x1f, 0xf2, 0x0, 0x0, 0x5f, 0xe0,
    0x0, 0x0, 0x0, 0x1, 0xff, 0x20, 0x0, 0x5,
    0xfe, 0x0, 0x0, 0x0, 0x0, 0x1f, 0xf2, 0x0,
    0x0, 0x5f, 0xe0, 0x0, 0x0, 0x0, 0x1, 0xff,
    0x20, 0x0, 0x5, 0xfe, 0x0, 0x0, 0x0, 0x69,
    0x8f, 0xf2, 0x0, 0x0, 0x5f, 0xe0, 0x0, 0x2,
    0xef, 0xff, 0xff, 0x20, 0x3, 0x58, 0xfe, 0x0,
    0x0, 0x8f, 0xff, 0xff, 0xf2, 0x2d, 0xff, 0xff,
    0xe0, 0x0, 0x4, 0xff, 0xff, 0xfd, 0xb, 0xff,
    0xff, 0xfe, 0x0, 0x0, 0x4, 0xbd, 0xc8, 0x10,
    0xaf, 0xff, 0xff, 0xb0, 0x0, 0x0, 0x0, 0x0,
    0x0, 0x0, 0xaf, 0xff, 0xb1, 0x0, 0x0, 0x0,
    0x0, 0x0, 0x0, 0x0, 0x1, 0x0, 0x0, 0x0,
    0x0, 0x0, 0x0, 0x0, 0x0,

    /* U+F008 "" */
    0x51, 0x6, 0x88, 0x88, 0x88, 0x88, 0x88, 0x30,
    0x15, 0xf7, 0x6e, 0xff, 0xff, 0xff, 0xff, 0xff,
    0xb6, 0x8f, 0xfd, 0xcf, 0xf3, 0x33, 0x33, 0x33,
    0x6f, 0xec, 0xdf, 0xf2, 0xc, 0xe0, 0x0, 0x0,
    0x0, 0x3f, 0x70, 0x2f, 0xf2, 0xc, 0xe0, 0x0,
    0x0, 0x0, 0x3f, 0x80, 0x2f, 0xff, 0xff, 0xe0,
    0x0, 0x0, 0x0, 0x3f, 0xff, 0xff, 0xf4, 0x2d,
    0xf9, 0x99, 0x99, 0x99, 0xbf, 0x92, 0x4f, 0xf2,
    0xc, 0xff, 0xff, 0xff, 0xff, 0xff, 0x70, 0x2f,
    0xfb, 0xaf, 0xf1, 0x11, 0x11, 0x11, 0x5f, 0xda,
    0xbf, 0xf9, 0x8e, 0xe0, 0x0, 0x0, 0x0, 0x3f,
    0xc8, 0x9f, 0xf2, 0xc, 0xe0, 0x0, 0x0, 0x0,
    0x3f, 0x70, 0x2f, 0xf6, 0x4d, 0xe0, 0x0, 0x0,
    0x0, 0x3f, 0xa4, 0x6f, 0xfe, 0xef, 0xfb, 0xbb,
    0xbb, 0xbb, 0xcf, 0xfe, 0xef, 0xc2, 0xc, 0xff,
    0xff, 0xff, 0xff, 0xff, 0x80, 0x2c,

    /* U+F00B "" */
    0x58, 0x88, 0x70, 0x28, 0x88, 0x88, 0x88, 0x88,
    0x85, 0xff, 0xff, 0xf3, 0x9f, 0xff, 0xff, 0xff,
    0xff, 0xff, 0xff, 0xff, 0xf3, 0xaf, 0xff, 0xff,
    0xff, 0xff, 0xff, 0xff, 0xff, 0xf3, 0xaf, 0xff,
    0xff, 0xff, 0xff, 0xff, 0xbf, 0xff, 0xd1, 0x6f,
    0xff, 0xff, 0xff, 0xff, 0xfb, 0x0, 0x0, 0x0,
    0x0, 0x0, 0x0, 0x0, 0x0, 0x0, 0xcf, 0xff,
    0xe1, 0x7f, 0xff, 0xff, 0xff, 0xff, 0xfc, 0xff,
    0xff, 0xf3, 0xaf, 0xff, 0xff, 0xff, 0xff, 0xff,
    0xff, 0xff, 0xf3, 0xaf, 0xff, 0xff, 0xff, 0xff,
    0xff, 0xff, 0xff, 0xf3, 0x9f, 0xff, 0xff, 0xff,
    0xff, 0xff, 0x58, 0x88, 0x60, 0x27, 0x88, 0x88,
    0x88, 0x88, 0x85, 0x47, 0x77, 0x50, 0x17, 0x77,
    0x77, 0x77, 0x77, 0x74, 0xff, 0xff, 0xf3, 0x9f,
    0xff, 0xff, 0xff, 0xff, 0xff, 0xff, 0xff, 0xf3,
    0xaf, 0xff, 0xff, 0xff, 0xff, 0xff, 0xff, 0xff,
    0xf3, 0xaf, 0xff, 0xff, 0xff, 0xff, 0xff, 0xdf,
    0xff, 0xf1, 0x7f, 0xff, 0xff, 0xff, 0xff, 0xfd,
    0x0, 0x0, 0x0, 0x0, 0x0, 0x0, 0x0, 0x0,
    0x0,

    /* U+F00C "" */
    0x0, 0x0, 0x0, 0x0, 0x0, 0x0, 0x0, 0x5,
    0x20, 0x0, 0x0, 0x0, 0x0, 0x0, 0x0, 0x0,
    0x7f, 0xf3, 0x0, 0x0, 0x0, 0x0, 0x0, 0x0,
    0x7, 0xff, 0xfe, 0x0, 0x0, 0x0, 0x0, 0x0,
    0x0, 0x7f, 0xff, 0xf8, 0x0, 0x0, 0x0, 0x0,
    0x0, 0x7, 0xff, 0xff, 0x90, 0x9, 0xd1, 0x0,
    0x0, 0x0, 0x7f, 0xff, 0xf9, 0x0, 0x9f, 0xfd,
    0x10, 0x0, 0x7, 0xff, 0xff, 0x90, 0x0, 0xdf,
    0xff, 0xd1, 0x0, 0x7f, 0xff, 0xf9, 0x0, 0x0,
    0x2e, 0xff, 0xfd, 0x17, 0xff, 0xff, 0x90, 0x0,
    0x0, 0x2, 0xef, 0xff, 0xef, 0xff, 0xf9, 0x0,
    0x0, 0x0, 0x0, 0x2e, 0xff, 0xff, 0xff, 0x90,
    0x0, 0x0, 0x0, 0x0, 0x2, 0xef, 0xff, 0xf9,
    0x0, 0x0, 0x0, 0x0, 0x0, 0x0, 0x2e, 0xff,
    0x90, 0x0, 0x0, 0x0, 0x0, 0x0, 0x0, 0x2,
    0xd8, 0x0, 0x0, 0x0, 0x0, 0x0,

    /* U+F00D "" */
    0x2d, 0xb0, 0x0, 0x0, 0x6, 0xe6, 0xd, 0xff,
    0xc0, 0x0, 0x6, 0xff, 0xf3, 0xcf, 0xff, 0xc0,
    0x6, 0xff, 0xff, 0x31, 0xdf, 0xff, 0xc7, 0xff,
    0xff, 0x50, 0x1, 0xdf, 0xff, 0xff, 0xff, 0x50,
    0x0, 0x1, 0xdf, 0xff, 0xff, 0x50, 0x0, 0x0,
    0x7, 0xff, 0xff, 0xd0, 0x0, 0x0, 0x6, 0xff,
    0xff, 0xff, 0xc0, 0x0, 0x6, 0xff, 0xff, 0xdf,
    0xff, 0xc0, 0x6, 0xff, 0xff, 0x51, 0xdf, 0xff,
    0xc0, 0xff, 0xff, 0x50, 0x1, 0xdf, 0xff, 0x58,
    0xff, 0x50, 0x0, 0x1, 0xdf, 0xd0, 0x5, 0x30,
    0x0, 0x0, 0x1, 0x61, 0x0,

    /* U+F011 "" */
    0x0, 0x0, 0x0, 0x0, 0xcd, 0x50, 0x0, 0x0,
    0x0, 0x0, 0x0, 0x0, 0x0, 0x3f, 0xfa, 0x0,
    0x0, 0x0, 0x0, 0x0, 0x7, 0xe3, 0x3, 0xff,
    0xa0, 0xb, 0xc1, 0x0, 0x0, 0x8, 0xff, 0xb0,
    0x3f, 0xfa, 0x4, 0xff, 0xd1, 0x0, 0x4, 0xff,
    0xf6, 0x3, 0xff, 0xa0, 0x1e, 0xff, 0xa0, 0x0,
    0xdf, 0xf7, 0x0, 0x3f, 0xfa, 0x0, 0x2e, 0xff,
    0x40, 0x3f, 0xfc, 0x0, 0x3, 0xff, 0xa0, 0x0,
    0x6f, 0xfa, 0x8, 0xff, 0x60, 0x0, 0x3f, 0xfa,
    0x0, 0x0, 0xef, 0xf0, 0xaf, 0xf2, 0x0, 0x3,
    0xff, 0xa0, 0x0, 0xb, 0xff, 0x1b, 0xff, 0x10,
    0x0, 0x1f, 0xf8, 0x0, 0x0, 0xbf, 0xf1, 0x9f,
    0xf3, 0x0, 0x0, 0x24, 0x0, 0x0, 0xd, 0xff,
    0x6, 0xff, 0x90, 0x0, 0x0, 0x0, 0x0, 0x2,
    0xff, 0xd0, 0x1f, 0xff, 0x20, 0x0, 0x0, 0x0,
    0x0, 0xbf, 0xf8, 0x0, 0x9f, 0xfd, 0x20, 0x0,
    0x0, 0x0, 0x9f, 0xfe, 0x10, 0x0, 0xcf, 0xfe,
    0x71, 0x0, 0x4, 0xcf, 0xff, 0x50, 0x0, 0x1,
    0xdf, 0xff, 0xfe, 0xdf, 0xff, 0xff, 0x60, 0x0,
    0x0, 0x0, 0x9f, 0xff, 0xff, 0xff, 0xfd, 0x40,
    0x0, 0x0, 0x0, 0x0, 0x28, 0xce, 0xfd, 0xa5,
    0x0, 0x0, 0x0,

    /* U+F013 "" */
    0x0, 0x0, 0x0, 0x4, 0x66, 0x40, 0x0, 0x0,
    0x0, 0x0, 0x0, 0x0, 0x3f, 0xff, 0xf3, 0x0,
    0x0, 0x0, 0x0, 0x0, 0x0, 0x4f, 0xff, 0xf4,
    0x0, 0x0, 0x0, 0x0, 0x78, 0x17, 0xff, 0xff,
    0xff, 0x71, 0x87, 0x0, 0x4, 0xff, 0xff, 0xff,
    0xff, 0xff, 0xff, 0xff, 0x40, 0xd, 0xff, 0xff,
    0xff, 0xff, 0xff, 0xff, 0xff, 0xd0, 0x3f, 0xff,
    0xff, 0xfe, 0x88, 0xef, 0xff, 0xff, 0xf3, 0x8,
    0xff, 0xff, 0xd0, 0x0, 0xd, 0xff, 0xff, 0x80,
    0x0, 0xaf, 0xff, 0x50, 0x0, 0x5, 0xff, 0xfa,
    0x0, 0x0, 0xbf, 0xff, 0x30, 0x0, 0x3, 0xff,
    0xfb, 0x0, 0x1, 0xcf, 0xff, 0x80, 0x0, 0x8,
    0xff, 0xfc, 0x10, 0x3e, 0xff, 0xff, 0xf6, 0x0,
    0x6f, 0xff, 0xff, 0xe3, 0x1f, 0xff, 0xff, 0xff,
    0xff, 0xff, 0xff, 0xff, 0xf1, 0x9, 0xff, 0xff,
    0xff, 0xff, 0xff, 0xff, 0xff, 0x90, 0x0, 0xdf,
    0x8e, 0xff, 0xff, 0xff, 0xe8, 0xfd, 0x0, 0x0,
    0x11, 0x1, 0x9f, 0xff, 0xf9, 0x10, 0x11, 0x0,
    0x0, 0x0, 0x0, 0x4f, 0xff, 0xf4, 0x0, 0x0,
    0x0, 0x0, 0x0, 0x0, 0x2c, 0xee, 0xd2, 0x0,
    0x0, 0x0, 0x0, 0x0, 0x0, 0x0, 0x0, 0x0,
    0x0, 0x0, 0x0,

    /* U+F015 "" */
    0x0, 0x0, 0x0, 0x0, 0x8, 0x92, 0x0, 0x6b,
    0xb1, 0x0, 0x0, 0x0, 0x0, 0x0, 0x2d, 0xff,
    0xe4, 0xa, 0xff, 0x20, 0x0, 0x0, 0x0, 0x0,
    0x4e, 0xff, 0xff, 0xf6, 0xaf, 0xf2, 0x0, 0x0,
    0x0, 0x0, 0x6f, 0xfe, 0x31, 0xcf, 0xff, 0xff,
    0x20, 0x0, 0x0, 0x0, 0x9f, 0xfd, 0x25, 0x70,
    0xaf, 0xff, 0xf2, 0x0, 0x0, 0x1, 0xbf, 0xfa,
    0x8, 0xff, 0xb0, 0x7f, 0xff, 0x40, 0x0, 0x2,
    0xdf, 0xf8, 0xa, 0xff, 0xff, 0xd2, 0x5f, 0xff,
    0x50, 0x4, 0xff, 0xf5, 0x1d, 0xff, 0xff, 0xff,
    0xe4, 0x2e, 0xff, 0x70, 0xdf, 0xe3, 0x3e, 0xff,
    0xff, 0xff, 0xff, 0xf6, 0x1c, 0xff, 0x13, 0xb1,
    0x5f, 0xff, 0xff, 0xff, 0xff, 0xff, 0xf8, 0x9,
    0x60, 0x0, 0xa, 0xff, 0xff, 0xff, 0xff, 0xff,
    0xff, 0xe0, 0x0, 0x0, 0x0, 0xaf, 0xff, 0xfd,
    0x88, 0xbf, 0xff, 0xfe, 0x0, 0x0, 0x0, 0xa,
    0xff, 0xff, 0x70, 0x3, 0xff, 0xff, 0xe0, 0x0,
    0x0, 0x0, 0xaf, 0xff, 0xf7, 0x0, 0x3f, 0xff,
    0xfe, 0x0, 0x0, 0x0, 0xa, 0xff, 0xff, 0x70,
    0x3, 0xff, 0xff, 0xe0, 0x0, 0x0, 0x0, 0x8f,
    0xff, 0xf5, 0x0, 0x2f, 0xff, 0xfc, 0x0, 0x0,
    0x0, 0x0, 0x0, 0x0, 0x0, 0x0, 0x0, 0x0,
    0x0, 0x0, 0x0,

    /* U+F019 "" */
    0x0, 0x0, 0x0, 0x9, 0xaa, 0x90, 0x0, 0x0,
    0x0, 0x0, 0x0, 0x0, 0x3f, 0xff, 0xf3, 0x0,
    0x0, 0x0, 0x0, 0x0, 0x0, 0x4f, 0xff, 0xf4,
    0x0, 0x0, 0x0, 0x0, 0x0, 0x0, 0x4f, 0xff,
    0xf4, 0x0, 0x0, 0x0, 0x0, 0x0, 0x0, 0x4f,
    0xff, 0xf4, 0x0, 0x0, 0x0, 0x0, 0x0, 0x0,
    0x4f, 0xff, 0xf4, 0x0, 0x0, 0x0, 0x0, 0x0,
    0x0, 0x4f, 0xff, 0xf4, 0x0, 0x0, 0x0, 0x0,
    0xc, 0xee, 0xef, 0xff, 0xfe, 0xee, 0xc0, 0x0,
    0x0, 0x8, 0xff, 0xff, 0xff, 0xff, 0xff, 0x90,
    0x0, 0x0, 0x0, 0x8f, 0xff, 0xff, 0xff, 0xf8,
    0x0, 0x0, 0x0, 0x0, 0x8, 0xff, 0xff, 0xff,
    0x80, 0x0, 0x0, 0x0, 0x0, 0x0, 0x8f, 0xff,
    0xf8, 0x0, 0x0, 0x0, 0x24, 0x44, 0x44, 0x7,
    0xff, 0x70, 0x44, 0x44, 0x42, 0xff, 0xff, 0xff,
    0xc1, 0x66, 0x1d, 0xff, 0xff, 0xff, 0xff, 0xff,
    0xff, 0xfe, 0x66, 0xef, 0xff, 0xff, 0xff, 0xff,
    0xff, 0xff, 0xff, 0xff, 0xff, 0xff, 0xff, 0xff,
    0xff, 0xff, 0xff, 0xff, 0xff, 0xff, 0x66, 0xc4,
    0xff, 0xdf, 0xff, 0xff, 0xff, 0xff, 0xff, 0xff,
    0xff, 0xfd, 0x0, 0x0, 0x0, 0x0, 0x0, 0x0,
    0x0, 0x0, 0x0,

    /* U+F01C "" */
    0x0, 0x0, 0x4, 0x44, 0x44, 0x44, 0x44, 0x41,
    0x0, 0x0, 0x0, 0x0, 0x1e, 0xff, 0xff, 0xff,
    0xff, 0xff, 0xf4, 0x0, 0x0, 0x0, 0xb, 0xff,
    0xff, 0xff, 0xff, 0xff, 0xff, 0xe1, 0x0, 0x0,
    0x6, 0xff, 0x50, 0x0, 0x0, 0x0, 0x1, 0xff,
    0xa0, 0x0, 0x1, 0xff, 0x90, 0x0, 0x0, 0x0,
    0x0, 0x5, 0xff, 0x50, 0x0, 0xbf, 0xd0, 0x0,
    0x0, 0x0, 0x0, 0x0, 0xa, 0xfe, 0x10, 0x6f,
    0xf3, 0x0, 0x0, 0x0, 0x0, 0x0, 0x0, 0x1e,
    0xfa, 0xe, 0xff, 0xcc, 0xcc, 0x20, 0x0, 0x0,
    0xbc, 0xcc, 0xef, 0xf2, 0xff, 0xff, 0xff, 0xfa,
    0x0, 0x0, 0x6f, 0xff, 0xff, 0xff, 0x4f, 0xff,
    0xff, 0xff, 0xf8, 0x88, 0x8e, 0xff, 0xff, 0xff,
    0xf4, 0xff, 0xff, 0xff, 0xff, 0xff, 0xff, 0xff,
    0xff, 0xff, 0xff, 0x4f, 0xff, 0xff, 0xff, 0xff,
    0xff, 0xff, 0xff, 0xff, 0xff, 0xf4, 0xff, 0xff,
    0xff, 0xff, 0xff, 0xff, 0xff, 0xff, 0xff, 0xff,
    0x37, 0xff, 0xff, 0xff, 0xff, 0xff, 0xff, 0xff,
    0xff, 0xff, 0xa0,

    /* U+F021 "" */
    0x0, 0x0, 0x0, 0x15, 0x66, 0x40, 0x0, 0x5,
    0xcb, 0x0, 0x0, 0x3b, 0xff, 0xff, 0xff, 0x92,
    0x7, 0xff, 0x0, 0x7, 0xff, 0xff, 0xff, 0xff,
    0xff, 0x66, 0xff, 0x0, 0x8f, 0xff, 0xa4, 0x12,
    0x5b, 0xff, 0xfd, 0xff, 0x4, 0xff, 0xe4, 0x0,
    0x0, 0x0, 0x4e, 0xff, 0xff, 0xd, 0xff, 0x30,
    0x0, 0x0, 0x45, 0x46, 0xff, 0xff, 0x4f, 0xf7,
    0x0, 0x0, 0x0, 0xdf, 0xff, 0xff, 0xff, 0x8f,
    0xf1, 0x0, 0x0, 0x0, 0xdf, 0xff, 0xff, 0xff,
    0x2, 0x10, 0x0, 0x0, 0x0, 0x12, 0x22, 0x22,
    0x21, 0x0, 0x0, 0x0, 0x0, 0x0, 0x0, 0x0,
    0x0, 0x0, 0x67, 0x77, 0x77, 0x75, 0x0, 0x0,
    0x0, 0x6, 0x73, 0xff, 0xff, 0xff, 0xfe, 0x0,
    0x0, 0x0, 0x3f, 0xf6, 0xff, 0xff, 0xee, 0xfd,
    0x0, 0x0, 0x0, 0xcf, 0xf1, 0xff, 0xff, 0x70,
    0x0, 0x0, 0x0, 0x9, 0xff, 0xa0, 0xff, 0xff,
    0xfb, 0x20, 0x0, 0x2, 0xbf, 0xfe, 0x10, 0xff,
    0x8d, 0xff, 0xfc, 0xa9, 0xcf, 0xff, 0xe2, 0x0,
    0xff, 0x61, 0x9f, 0xff, 0xff, 0xff, 0xfb, 0x10,
    0x0, 0xff, 0x70, 0x1, 0x7c, 0xee, 0xd9, 0x30,
    0x0, 0x0, 0x56, 0x20, 0x0, 0x0, 0x0, 0x0,
    0x0, 0x0, 0x0,

    /* U+F026 "" */
    0x0, 0x0, 0x0, 0x2, 0x40, 0x0, 0x0, 0x2,
    0xef, 0x0, 0x0, 0x2, 0xef, 0xf0, 0x0, 0x3,
    0xef, 0xff, 0xdf, 0xff, 0xff, 0xff, 0xff, 0xff,
    0xff, 0xff, 0xff, 0xff, 0xff, 0xff, 0xff, 0xff,
    0xff, 0xff, 0xff, 0xff, 0xff, 0xff, 0xff, 0xff,
    0xff, 0xff, 0xff, 0xff, 0xff, 0x7b, 0xbb, 0xdf,
    0xff, 0xf0, 0x0, 0x0, 0xbf, 0xff, 0x0, 0x0,
    0x0, 0xbf, 0xf0, 0x0, 0x0, 0x0, 0xbe, 0x0,
    0x0, 0x0, 0x0, 0x0,

    /* U+F027 "" */
    0x0, 0x0, 0x0, 0x2, 0x40, 0x0, 0x0, 0x0,
    0x0, 0x0, 0x2e, 0xf0, 0x0, 0x0, 0x0, 0x0,
    0x2, 0xef, 0xf0, 0x0, 0x0, 0x0, 0x0, 0x3e,
    0xff, 0xf0, 0x0, 0x0, 0xdf, 0xff, 0xff, 0xff,
    0xf0, 0x7, 0x10, 0xff, 0xff, 0xff, 0xff, 0xf0,
    0x3f, 0xd0, 0xff, 0xff, 0xff, 0xff, 0xf0, 0x8,
    0xf5, 0xff, 0xff, 0xff, 0xff, 0xf0, 0x4, 0xf7,
    0xff, 0xff, 0xff, 0xff, 0xf0, 0xd, 0xf3, 0xff,
    0xff, 0xff, 0xff, 0xf0, 0x3f, 0x70, 0x8b, 0xbb,
    0xdf, 0xff, 0xf0, 0x0, 0x0, 0x0, 0x0, 0xb,
    0xff, 0xf0, 0x0, 0x0, 0x0, 0x0, 0x0, 0xbf,
    0xf0, 0x0, 0x0, 0x0, 0x0, 0x0, 0xb, 0xe0,
    0x0, 0x0, 0x0, 0x0, 0x0, 0x0, 0x0, 0x0,
    0x0,

    /* U+F028 "" */
    0x0, 0x0, 0x0, 0x0, 0x0, 0x0, 0x0, 0x1,
    0x0, 0x0, 0x0, 0x0, 0x0, 0x0, 0x0, 0x0,
    0x0, 0x7, 0xf6, 0x0, 0x0, 0x0, 0x0, 0x0,
    0x2, 0x40, 0x0, 0x0, 0x2d, 0xf8, 0x0, 0x0,
    0x0, 0x0, 0x2, 0xef, 0x0, 0x0, 0x40, 0x1c,
    0xf4, 0x0, 0x0, 0x0, 0x2, 0xef, 0xf0, 0x0,
    0x5f, 0xb0, 0x1e, 0xe1, 0x0, 0x0, 0x3, 0xef,
    0xff, 0x0, 0x0, 0xaf, 0xa0, 0x6f, 0x70, 0xdf,
    0xff, 0xff, 0xff, 0xf0, 0x7, 0x10, 0xbf, 0x30,
    0xfd, 0xf, 0xff, 0xff, 0xff, 0xff, 0x3, 0xfd,
    0x3, 0xf9, 0xa, 0xf0, 0xff, 0xff, 0xff, 0xff,
    0xf0, 0x7, 0xf5, 0xe, 0xc0, 0x8f, 0x2f, 0xff,
    0xff, 0xff, 0xff, 0x0, 0x4f, 0x70, 0xdd, 0x7,
    0xf3, 0xff, 0xff, 0xff, 0xff, 0xf0, 0x1d, 0xf3,
    0xf, 0xb0, 0x9f, 0x2f, 0xff, 0xff, 0xff, 0xff,
    0x3, 0xf7, 0x7, 0xf6, 0xc, 0xf0, 0x7b, 0xbb,
    0xdf, 0xff, 0xf0, 0x0, 0x3, 0xfe, 0x12, 0xfa,
    0x0, 0x0, 0x0, 0xbf, 0xff, 0x0, 0x3, 0xff,
    0x40, 0xaf, 0x30, 0x0, 0x0, 0x0, 0xbf, 0xf0,
    0x0, 0x3c, 0x30, 0x6f, 0xa0, 0x0, 0x0, 0x0,
    0x0, 0xbe, 0x0, 0x0, 0x0, 0x6f, 0xe1, 0x0,
    0x0, 0x0, 0x0, 0x0, 0x0, 0x0, 0x0, 0x6f,
    0xd2, 0x0, 0x0, 0x0, 0x0, 0x0, 0x0, 0x0,
    0x0, 0x3, 0x90, 0x0, 0x0,

    /* U+F03E "" */
    0x3a, 0xbb, 0xbb, 0xbb, 0xbb, 0xbb, 0xbb, 0xbb,
    0xa3, 0xef, 0xff, 0xff, 0xff, 0xff, 0xff, 0xff,
    0xff, 0xfe, 0xff, 0xd5, 0x6e, 0xff, 0xff, 0xff,
    0xff, 0xff, 0xff, 0xff, 0x20, 0x4, 0xff, 0xff,
    0xff, 0xff, 0xff, 0xff, 0xff, 0x0, 0x2, 0xff,
    0xff, 0xff, 0xbf, 0xff, 0xff, 0xff, 0x50, 0x7,
    0xff, 0xff, 0xf5, 0x9, 0xff, 0xff, 0xff, 0xfb,
    0xbf, 0xff, 0xff, 0x50, 0x0, 0x9f, 0xff, 0xff,
    0xff, 0xcb, 0xff, 0xf5, 0x0, 0x0, 0x9, 0xff,
    0xff, 0xfc, 0x0, 0xaf, 0x50, 0x0, 0x0, 0x4,
    0xff, 0xff, 0xc0, 0x0, 0x3, 0x0, 0x0, 0x0,
    0x4, 0xff, 0xff, 0x40, 0x0, 0x0, 0x0, 0x0,
    0x0, 0x4, 0xff, 0xff, 0x74, 0x44, 0x44, 0x44,
    0x44, 0x44, 0x47, 0xff, 0xff, 0xff, 0xff, 0xff,
    0xff, 0xff, 0xff, 0xff, 0xff, 0x6f, 0xff, 0xff,
    0xff, 0xff, 0xff, 0xff, 0xff, 0xf6,

    /* U+F043 "" */
    0x0, 0x0, 0x6, 0x90, 0x0, 0x0, 0x0, 0x0,
    0x1, 0xff, 0x40, 0x0, 0x0, 0x0, 0x0, 0x6f,
    0xfa, 0x0, 0x0, 0x0, 0x0, 0xd, 0xff, 0xf2,
    0x0, 0x0, 0x0, 0x5, 0xff, 0xff, 0x90, 0x0,
    0x0, 0x0, 0xef, 0xff, 0xff, 0x30, 0x0, 0x0,
    0x9f, 0xff, 0xff, 0xfd, 0x0, 0x0, 0x5f, 0xff,
    0xff, 0xff, 0xf9, 0x0, 0xe, 0xff, 0xff, 0xff,
    0xff, 0xf3, 0x7, 0xff, 0xff, 0xff, 0xff, 0xff,
    0xa0, 0xcf, 0xff, 0xff, 0xff, 0xff, 0xff, 0xf,
    0xfb, 0xff, 0xff, 0xff, 0xff, 0xf2, 0xff, 0x4a,
    0xff, 0xff, 0xff, 0xff, 0x2c, 0xf8, 0x4f, 0xff,
    0xff, 0xff, 0xf0, 0x7f, 0xf2, 0x5c, 0xff, 0xff,
    0xfb, 0x0, 0xef, 0xe5, 0x8, 0xff, 0xff, 0x30,
    0x2, 0xef, 0xff, 0xff, 0xff, 0x50, 0x0, 0x1,
    0xaf, 0xff, 0xfb, 0x30, 0x0, 0x0, 0x0, 0x3,
    0x31, 0x0, 0x0, 0x0,

    /* U+F048 "" */
    0x6b, 0x90, 0x0, 0x0, 0x3, 0xa2, 0x9f, 0xe0,
    0x0, 0x0, 0x4f, 0xf9, 0x9f, 0xe0, 0x0, 0x5,
    0xff, 0xfa, 0x9f, 0xe0, 0x0, 0x6f, 0xff, 0xfa,
    0x9f, 0xe0, 0x7, 0xff, 0xff, 0xfa, 0x9f, 0xe0,
    0x8f, 0xff, 0xff, 0xfa, 0x9f, 0xe9, 0xff, 0xff,
    0xff, 0xfa, 0x9f, 0xff, 0xff, 0xff, 0xff, 0xfa,
    0x9f, 0xff, 0xff, 0xff, 0xff, 0xfa, 0x9f, 0xfe,
    0xff, 0xff, 0xff, 0xfa, 0x9f, 0xe1, 0xdf, 0xff,
    0xff, 0xfa, 0x9f, 0xe0, 0x1c, 0xff, 0xff, 0xfa,
    0x9f, 0xe0, 0x0, 0xbf, 0xff, 0xfa, 0x9f, 0xe0,
    0x0, 0xa, 0xff, 0xfa, 0x9f, 0xe0, 0x0, 0x0,
    0x9f, 0xfa, 0x9f, 0xe0, 0x0, 0x0, 0x8, 0xf6,
    0x0, 0x0, 0x0, 0x0, 0x0, 0x0,

    /* U+F04B "" */
    0x3a, 0x70, 0x0, 0x0, 0x0, 0x0, 0x0, 0x0,
    0xef, 0xfe, 0x50, 0x0, 0x0, 0x0, 0x0, 0x0,
    0xff, 0xff, 0xfb, 0x20, 0x0, 0x0, 0x0, 0x0,
    0xff, 0xff, 0xff, 0xf8, 0x0, 0x0, 0x0, 0x0,
    0xff, 0xff, 0xff, 0xff, 0xe6, 0x0, 0x0, 0x0,
    0xff, 0xff, 0xff, 0xff, 0xff, 0xc3, 0x0, 0x0,
    0xff, 0xff, 0xff, 0xff, 0xff, 0xff, 0x91, 0x0,
    0xff, 0xff, 0xff, 0xff, 0xff, 0xff, 0xfe, 0x60,
    0xff, 0xff, 0xff, 0xff, 0xff, 0xff, 0xff, 0xf7,
    0xff, 0xff, 0xff, 0xff, 0xff, 0xff, 0xff, 0xfa,
    0xff, 0xff, 0xff, 0xff, 0xff, 0xff, 0xff, 0xe2,
    0xff, 0xff, 0xff, 0xff, 0xff, 0xff, 0xf8, 0x0,
    0xff, 0xff, 0xff, 0xff, 0xff, 0xfb, 0x20, 0x0,
    0xff, 0xff, 0xff, 0xff, 0xfd, 0x40, 0x0, 0x0,
    0xff, 0xff, 0xff, 0xff, 0x70, 0x0, 0x0, 0x0,
    0xff, 0xff, 0xff, 0xa1, 0x0, 0x0, 0x0, 0x0,
    0xff, 0xff, 0xd3, 0x0, 0x0, 0x0, 0x0, 0x0,
    0xaf, 0xe6, 0x0, 0x0, 0x0, 0x0, 0x0, 0x0,
    0x2, 0x0, 0x0, 0x0, 0x0, 0x0, 0x0, 0x0,

    /* U+F04C "" */
    0x3a, 0xbb, 0xb9, 0x10, 0x3, 0xab, 0xbb, 0x91,
    0xef, 0xff, 0xff, 0xa0, 0xe, 0xff, 0xff, 0xfa,
    0xff, 0xff, 0xff, 0xc0, 0xf, 0xff, 0xff, 0xfc,
    0xff, 0xff, 0xff, 0xc0, 0xf, 0xff, 0xff, 0xfc,
    0xff, 0xff, 0xff, 0xc0, 0xf, 0xff, 0xff, 0xfc,
    0xff, 0xff, 0xff, 0xc0, 0xf, 0xff, 0xff, 0xfc,
    0xff, 0xff, 0xff, 0xc0, 0xf, 0xff, 0xff, 0xfc,
    0xff, 0xff, 0xff, 0xc0, 0xf, 0xff, 0xff, 0xfc,
    0xff, 0xff, 0xff, 0xc0, 0xf, 0xff, 0xff, 0xfc,
    0xff, 0xff, 0xff, 0xc0, 0xf, 0xff, 0xff, 0xfc,
    0xff, 0xff, 0xff, 0xc0, 0xf, 0xff, 0xff, 0xfc,
    0xff, 0xff, 0xff, 0xc0, 0xf, 0xff, 0xff, 0xfc,
    0xff, 0xff, 0xff, 0xc0, 0xf, 0xff, 0xff, 0xfc,
    0xff, 0xff, 0xff, 0xc0, 0xf, 0xff, 0xff, 0xfc,
    0xff, 0xff, 0xff, 0xb0, 0xf, 0xff, 0xff, 0xfb,
    0x7f, 0xff, 0xfe, 0x40, 0x7, 0xff, 0xff, 0xe4,
    0x0, 0x0, 0x0, 0x0, 0x0, 0x0, 0x0, 0x0,

    /* U+F04D "" */
    0x3a, 0xbb, 0xbb, 0xbb, 0xbb, 0xbb, 0xbb, 0x91,
    0xef, 0xff, 0xff, 0xff, 0xff, 0xff, 0xff, 0xfa,
    0xff, 0xff, 0xff, 0xff, 0xff, 0xff, 0xff, 0xfc,
    0xff, 0xff, 0xff, 0xff, 0xff, 0xff, 0xff, 0xfc,
    0xff, 0xff, 0xff, 0xff, 0xff, 0xff, 0xff, 0xfc,
    0xff, 0xff, 0xff, 0xff, 0xff, 0xff, 0xff, 0xfc,
    0xff, 0xff, 0xff, 0xff, 0xff, 0xff, 0xff, 0xfc,
    0xff, 0xff, 0xff, 0xff, 0xff, 0xff, 0xff, 0xfc,
    0xff, 0xff, 0xff, 0xff, 0xff, 0xff, 0xff, 0xfc,
    0xff, 0xff, 0xff, 0xff, 0xff, 0xff, 0xff, 0xfc,
    0xff, 0xff, 0xff, 0xff, 0xff, 0xff, 0xff, 0xfc,
    0xff, 0xff, 0xff, 0xff, 0xff, 0xff, 0xff, 0xfc,
    0xff, 0xff, 0xff, 0xff, 0xff, 0xff, 0xff, 0xfc,
    0xff, 0xff, 0xff, 0xff, 0xff, 0xff, 0xff, 0xfc,
    0xff, 0xff, 0xff, 0xff, 0xff, 0xff, 0xff, 0xfb,
    0x7f, 0xff, 0xff, 0xff, 0xff, 0xff, 0xff, 0xe4,
    0x0, 0x0, 0x0, 0x0, 0x0, 0x0, 0x0, 0x0,

    /* U+F051 "" */
    0x4a, 0x20, 0x0, 0x0, 0xa, 0xb4, 0xbf, 0xe3,
    0x0, 0x0, 0xf, 0xf8, 0xcf, 0xff, 0x40, 0x0,
    0xf, 0xf8, 0xcf, 0xff, 0xf5, 0x0, 0xf, 0xf8,
    0xcf, 0xff, 0xff, 0x60, 0xf, 0xf8, 0xcf, 0xff,
    0xff, 0xf7, 0xf, 0xf8, 0xcf, 0xff, 0xff, 0xff,
    0x9f, 0xf8, 0xcf, 0xff, 0xff, 0xff, 0xff, 0xf8,
    0xcf, 0xff, 0xff, 0xff, 0xff, 0xf8, 0xcf, 0xff,
    0xff, 0xff, 0xdf, 0xf8, 0xcf, 0xff, 0xff, 0xfc,
    0x1f, 0xf8, 0xcf, 0xff, 0xff, 0xb0, 0xf, 0xf8,
    0xcf, 0xff, 0xfa, 0x0, 0xf, 0xf8, 0xcf, 0xff,
    0x80, 0x0, 0xf, 0xf8, 0xbf, 0xf7, 0x0, 0x0,
    0xf, 0xf8, 0x7f, 0x60, 0x0, 0x0, 0xf, 0xf7,
    0x0, 0x0, 0x0, 0x0, 0x0, 0x0,

    /* U+F052 "" */
    0x0, 0x0, 0x0, 0x2, 0xca, 0x10, 0x0, 0x0,
    0x0, 0x0, 0x0, 0x0, 0x2e, 0xff, 0xc0, 0x0,
    0x0, 0x0, 0x0, 0x0, 0x1, 0xef, 0xff, 0xfb,
    0x0, 0x0, 0x0, 0x0, 0x0, 0x1d, 0xff, 0xff,
    0xff, 0xa0, 0x0, 0x0, 0x0, 0x0, 0xcf, 0xff,
    0xff, 0xff, 0xf9, 0x0, 0x0, 0x0, 0xb, 0xff,
    0xff, 0xff, 0xff, 0xff, 0x70, 0x0, 0x0, 0xaf,
    0xff, 0xff, 0xff, 0xff, 0xff, 0xf6, 0x0, 0x8,
    0xff, 0xff, 0xff, 0xff, 0xff, 0xff, 0xff, 0x40,
    0xf, 0xff, 0xff, 0xff, 0xff, 0xff, 0xff, 0xff,
    0xb0, 0xa, 0xff, 0xff, 0xff, 0xff, 0xff, 0xff,
    0xff, 0x60, 0x0, 0x34, 0x44, 0x44, 0x44, 0x44,
    0x44, 0x42, 0x0, 0x3, 0x77, 0x77, 0x77, 0x77,
    0x77, 0x77, 0x77, 0x10, 0xf, 0xff, 0xff, 0xff,
    0xff, 0xff, 0xff, 0xff, 0xb0, 0xf, 0xff, 0xff,
    0xff, 0xff, 0xff, 0xff, 0xff, 0xc0, 0xf, 0xff,
    0xff, 0xff, 0xff, 0xff, 0xff, 0xff, 0xb0, 0xc,
    0xff, 0xff, 0xff, 0xff, 0xff, 0xff, 0xff, 0x70,
    0x0, 0x0, 0x0, 0x0, 0x0, 0x0, 0x0, 0x0,
    0x0,

    /* U+F053 "" */
    0x0, 0x0, 0x0, 0x0, 0x41, 0x0, 0x0, 0x0,
    0x0, 0x9f, 0xd0, 0x0, 0x0, 0x0, 0x9f, 0xff,
    0x20, 0x0, 0x0, 0x9f, 0xff, 0x50, 0x0, 0x0,
    0x9f, 0xff, 0x50, 0x0, 0x0, 0x9f, 0xff, 0x50,
    0x0, 0x0, 0x9f, 0xff, 0x50, 0x0, 0x0, 0x9f,
    0xff, 0x50, 0x0, 0x0, 0xe, 0xff, 0xd1, 0x0,
    0x0, 0x0, 0x3e, 0xff, 0xc1, 0x0, 0x0, 0x0,
    0x3e, 0xff, 0xc1, 0x0, 0x0, 0x0, 0x3e, 0xff,
    0xc1, 0x0, 0x0, 0x0, 0x3e, 0xff, 0xc1, 0x0,
    0x0, 0x0, 0x3e, 0xff, 0xc0, 0x0, 0x0, 0x0,
    0x3e, 0xff, 0x20, 0x0, 0x0, 0x0, 0x3c, 0x60,

    /* U+F054 "" */
    0x0, 0x50, 0x0, 0x0, 0x0, 0x0, 0x9f, 0xc1,
    0x0, 0x0, 0x0, 0xe, 0xff, 0xc1, 0x0, 0x0,
    0x0, 0x2e, 0xff, 0xc1, 0x0, 0x0, 0x0, 0x2e,
    0xff, 0xc1, 0x0, 0x0, 0x0, 0x2e, 0xff, 0xc1,
    0x0, 0x0, 0x0, 0x2e, 0xff, 0xc1, 0x0, 0x0,
    0x0, 0x2e, 0xff, 0xc0, 0x0, 0x0, 0x0, 0xaf,
    0xff, 0x20, 0x0, 0x0, 0x9f, 0xff, 0x50, 0x0,
    0x0, 0x9f, 0xff, 0x50, 0x0, 0x0, 0x9f, 0xff,
    0x50, 0x0, 0x0, 0x9f, 0xff, 0x60, 0x0, 0x0,
    0x9f, 0xff, 0x60, 0x0, 0x0, 0xe, 0xff, 0x60,
    0x0, 0x0, 0x0, 0x3d, 0x50, 0x0, 0x0, 0x0,

    /* U+F067 "" */
    0x0, 0x0, 0x0, 0x39, 0x91, 0x0, 0x0, 0x0,
    0x0, 0x0, 0x0, 0xcf, 0xf8, 0x0, 0x0, 0x0,
    0x0, 0x0, 0x0, 0xdf, 0xf9, 0x0, 0x0, 0x0,
    0x0, 0x0, 0x0, 0xdf, 0xf9, 0x0, 0x0, 0x0,
    0x0, 0x0, 0x0, 0xdf, 0xf9, 0x0, 0x0, 0x0,
    0x0, 0x0, 0x0, 0xdf, 0xf9, 0x0, 0x0, 0x0,
    0x36, 0x77, 0x77, 0xef, 0xfc, 0x77, 0x77, 0x61,
    0xef, 0xff, 0xff, 0xff, 0xff, 0xff, 0xff, 0xfa,
    0xff, 0xff, 0xff, 0xff, 0xff, 0xff, 0xff, 0xfb,
    0xae, 0xff, 0xff, 0xff, 0xff, 0xff, 0xff, 0xe6,
    0x0, 0x0, 0x0, 0xdf, 0xf9, 0x0, 0x0, 0x0,
    0x0, 0x0, 0x0, 0xdf, 0xf9, 0x0, 0x0, 0x0,
    0x0, 0x0, 0x0, 0xdf, 0xf9, 0x0, 0x0, 0x0,
    0x0, 0x0, 0x0, 0xdf, 0xf9, 0x0, 0x0, 0x0,
    0x0, 0x0, 0x0, 0xdf, 0xf9, 0x0, 0x0, 0x0,
    0x0, 0x0, 0x0, 0x9f, 0xf5, 0x0, 0x0, 0x0,
    0x0, 0x0, 0x0, 0x1, 0x10, 0x0, 0x0, 0x0,

    /* U+F068 "" */
    0x36, 0x66, 0x66, 0x66, 0x66, 0x66, 0x66, 0x61,
    0xef, 0xff, 0xff, 0xff, 0xff, 0xff, 0xff, 0xfa,
    0xff, 0xff, 0xff, 0xff, 0xff, 0xff, 0xff, 0xfb,
    0xaf, 0xff, 0xff, 0xff, 0xff, 0xff, 0xff, 0xf6,

    /* U+F06E "" */
    0x0, 0x0, 0x0, 0x3, 0x68, 0x87, 0x40, 0x0,
    0x0, 0x0, 0x0, 0x0, 0x0, 0x8e, 0xff, 0xff,
    0xff, 0xf9, 0x20, 0x0, 0x0, 0x0, 0x4, 0xef,
    0xfd, 0x63, 0x25, 0xbf, 0xff, 0x70, 0x0, 0x0,
    0x7, 0xff, 0xfa, 0x0, 0x0, 0x0, 0x7f, 0xff,
    0xa0, 0x0, 0x6, 0xff, 0xfd, 0x0, 0x8, 0xfc,
    0x20, 0x9f, 0xff, 0xa0, 0x2, 0xff, 0xff, 0x50,
    0x0, 0x8f, 0xfe, 0x12, 0xff, 0xff, 0x60, 0xcf,
    0xff, 0xf2, 0x16, 0x7f, 0xff, 0xf5, 0xe, 0xff,
    0xfe, 0x1e, 0xff, 0xff, 0x12, 0xff, 0xff, 0xff,
    0x70, 0xdf, 0xff, 0xf2, 0x6f, 0xff, 0xf3, 0xe,
    0xff, 0xff, 0xf3, 0xf, 0xff, 0xfb, 0x0, 0xbf,
    0xff, 0x90, 0x4f, 0xff, 0xf8, 0x5, 0xff, 0xfe,
    0x10, 0x1, 0xdf, 0xff, 0x40, 0x28, 0x84, 0x1,
    0xef, 0xff, 0x30, 0x0, 0x1, 0xbf, 0xff, 0x60,
    0x0, 0x4, 0xef, 0xfd, 0x30, 0x0, 0x0, 0x0,
    0x6e, 0xff, 0xfb, 0xbe, 0xff, 0xf9, 0x0, 0x0,
    0x0, 0x0, 0x0, 0x5, 0xad, 0xff, 0xeb, 0x71,
    0x0, 0x0, 0x0,

    /* U+F070 "" */
    0x4a, 0x10, 0x0, 0x0, 0x0, 0x0, 0x0, 0x0,
    0x0, 0x0, 0x0, 0xe, 0xfe, 0x30, 0x0, 0x0,
    0x0, 0x0, 0x0, 0x0, 0x0, 0x0, 0x0, 0x5f,
    0xff, 0x60, 0x0, 0x15, 0x78, 0x74, 0x0, 0x0,
    0x0, 0x0, 0x0, 0x2d, 0xff, 0xa6, 0xdf, 0xff,
    0xff, 0xff, 0xa2, 0x0, 0x0, 0x0, 0x0, 0xa,
    0xff, 0xff, 0xe8, 0x32, 0x5b, 0xff, 0xf8, 0x0,
    0x0, 0x0, 0x0, 0x6, 0xff, 0xf6, 0x0, 0x10,
    0x6, 0xff, 0xfb, 0x0, 0x0, 0x0, 0x0, 0x3,
    0xef, 0xf8, 0x7f, 0xd3, 0x9, 0xff, 0xfb, 0x0,
    0x0, 0x1e, 0x70, 0x1, 0xbf, 0xfe, 0xff, 0xf2,
    0x1f, 0xff, 0xf7, 0x0, 0x9, 0xff, 0xa0, 0x0,
    0x8f, 0xff, 0xff, 0x70, 0xdf, 0xff, 0xf1, 0x0,
    0xcf, 0xff, 0xd1, 0x0, 0x5f, 0xff, 0xf9, 0xc,
    0xff, 0xff, 0x30, 0x5, 0xff, 0xff, 0x60, 0x0,
    0x2d, 0xff, 0xb0, 0xef, 0xff, 0xb0, 0x0, 0xa,
    0xff, 0xfc, 0x0, 0x0, 0xa, 0xff, 0xef, 0xff,
    0xe1, 0x0, 0x0, 0xc, 0xff, 0xf6, 0x0, 0x0,
    0x6, 0xff, 0xff, 0xf3, 0x0, 0x0, 0x0, 0xa,
    0xff, 0xf8, 0x10, 0x0, 0x3, 0xef, 0xfa, 0x0,
    0x0, 0x0, 0x0, 0x5, 0xef, 0xff, 0xcb, 0x80,
    0x1, 0xbf, 0xfb, 0x10, 0x0, 0x0, 0x0, 0x0,
    0x5a, 0xdf, 0xfe, 0x70, 0x0, 0x8f, 0xfe, 0x30,
    0x0, 0x0, 0x0, 0x0, 0x0, 0x0, 0x0, 0x0,
    0x0, 0x5f, 0xff, 0x30, 0x0, 0x0, 0x0, 0x0,
    0x0, 0x0, 0x0, 0x0, 0x0, 0x2d, 0xe1, 0x0,
    0x0, 0x0, 0x0, 0x0, 0x0, 0x0, 0x0, 0x0,
    0x0, 0x1, 0x0,

    /* U+F071 "" */
    0x0, 0x0, 0x0, 0x0, 0x1, 0xcd, 0x40, 0x0,
    0x0, 0x0, 0x0, 0x0, 0x0, 0x0, 0x0, 0xa,
    0xff, 0xe0, 0x0, 0x0, 0x0, 0x0, 0x0, 0x0,
    0x0, 0x0, 0x4f, 0xff, 0xf8, 0x0, 0x0, 0x0,
    0x0, 0x0, 0x0, 0x0, 0x0, 0xdf, 0xff, 0xff,
    0x10, 0x0, 0x0, 0x0, 0x0, 0x0, 0x0, 0x6,
    0xff, 0xff, 0xff, 0xa0, 0x0, 0x0, 0x0, 0x0,
    0x0, 0x0, 0xe, 0xff, 0xff, 0xff, 0xf3, 0x0,
    0x0, 0x0, 0x0, 0x0, 0x0, 0x8f, 0xfb, 0x33,
    0x8f, 0xfc, 0x0, 0x0, 0x0, 0x0, 0x0, 0x2,
    0xff, 0xf9, 0x0, 0x6f, 0xff, 0x60, 0x0, 0x0,
    0x0, 0x0, 0xa, 0xff, 0xfa, 0x0, 0x6f, 0xff,
    0xe0, 0x0, 0x0, 0x0, 0x0, 0x4f, 0xff, 0xfb,
    0x0, 0x7f, 0xff, 0xf8, 0x0, 0x0, 0x0, 0x0,
    0xdf, 0xff, 0xfc, 0x0, 0x8f, 0xff, 0xff, 0x10,
    0x0, 0x0, 0x6, 0xff, 0xff, 0xfd, 0x0, 0x9f,
    0xff, 0xff, 0xa0, 0x0, 0x0, 0xe, 0xff, 0xff,
    0xff, 0xcb, 0xff, 0xff, 0xff, 0xf3, 0x0, 0x0,
    0x8f, 0xff, 0xff, 0xfc, 0x0, 0x8f, 0xff, 0xff,
    0xfc, 0x0, 0x2, 0xff, 0xff, 0xff, 0xf9, 0x0,
    0x4f, 0xff, 0xff, 0xff, 0x60, 0xa, 0xff, 0xff,
    0xff, 0xfe, 0x42, 0xcf, 0xff, 0xff, 0xff, 0xe0,
    0xf, 0xff, 0xff, 0xff, 0xff, 0xff, 0xff, 0xff,
    0xff, 0xff, 0xf3, 0x9, 0xff, 0xff, 0xff, 0xff,
    0xff, 0xff, 0xff, 0xff, 0xff, 0xd0, 0x0, 0x23,
    0x33, 0x33, 0x33, 0x33, 0x33, 0x33, 0x33, 0x33,
    0x0,

    /* U+F074 "" */
    0x0, 0x0, 0x0, 0x0, 0x0, 0x0, 0x1, 0x40,
    0x0, 0x0, 0x0, 0x0, 0x0, 0x0, 0x0, 0x7,
    0xf9, 0x0, 0x12, 0x22, 0x10, 0x0, 0x0, 0x1,
    0x29, 0xff, 0x90, 0xff, 0xff, 0xe2, 0x0, 0x0,
    0x6f, 0xff, 0xff, 0xf8, 0xff, 0xff, 0xfe, 0x20,
    0x5, 0xff, 0xff, 0xff, 0xfd, 0x9a, 0xad, 0xff,
    0xd0, 0x5f, 0xff, 0xbd, 0xff, 0xe2, 0x0, 0x0,
    0xcf, 0x44, 0xff, 0xf9, 0x8, 0xfe, 0x20, 0x0,
    0x0, 0x4, 0x4f, 0xff, 0x90, 0x4, 0xd2, 0x0,
    0x0, 0x0, 0x3, 0xff, 0xfa, 0x0, 0x0, 0x10,
    0x0, 0x0, 0x0, 0x3f, 0xff, 0xa1, 0x91, 0x6,
    0xf6, 0x0, 0x0, 0x2, 0xef, 0xfb, 0xc, 0xfc,
    0x8, 0xff, 0x60, 0xef, 0xff, 0xff, 0xb0, 0x1d,
    0xff, 0xff, 0xff, 0xf6, 0xff, 0xff, 0xfc, 0x0,
    0x2, 0xef, 0xff, 0xff, 0xfe, 0xdd, 0xdd, 0xb0,
    0x0, 0x0, 0x2d, 0xde, 0xff, 0xf5, 0x0, 0x0,
    0x0, 0x0, 0x0, 0x0, 0x8, 0xff, 0x50, 0x0,
    0x0, 0x0, 0x0, 0x0, 0x0, 0x6, 0xf5, 0x0,
    0x0, 0x0, 0x0, 0x0, 0x0, 0x0, 0x0, 0x0,
    0x0,

    /* U+F077 "" */
    0x0, 0x0, 0x0, 0x4, 0x20, 0x0, 0x0, 0x0,
    0x0, 0x0, 0x0, 0x5f, 0xe2, 0x0, 0x0, 0x0,
    0x0, 0x0, 0x5, 0xff, 0xfe, 0x20, 0x0, 0x0,
    0x0, 0x0, 0x5f, 0xff, 0xff, 0xe3, 0x0, 0x0,
    0x0, 0x6, 0xff, 0xfa, 0xcf, 0xfe, 0x30, 0x0,
    0x0, 0x6f, 0xff, 0x90, 0xc, 0xff, 0xe3, 0x0,
    0x6, 0xff, 0xf9, 0x0, 0x0, 0xcf, 0xfe, 0x30,
    0x5f, 0xff, 0x90, 0x0, 0x0, 0xc, 0xff, 0xe2,
    0xaf, 0xf9, 0x0, 0x0, 0x0, 0x0, 0xcf, 0xf6,
    0x1b, 0x80, 0x0, 0x0, 0x0, 0x0, 0xb, 0x90,

    /* U+F078 "" */
    0x3, 0x20, 0x0, 0x0, 0x0, 0x0, 0x3, 0x20,
    0x6f, 0xe2, 0x0, 0x0, 0x0, 0x0, 0x5f, 0xf2,
    0xaf, 0xfe, 0x30, 0x0, 0x0, 0x5, 0xff, 0xf6,
    0x1c, 0xff, 0xe3, 0x0, 0x0, 0x5f, 0xff, 0x90,
    0x1, 0xcf, 0xfe, 0x30, 0x5, 0xff, 0xf9, 0x0,
    0x0, 0x1c, 0xff, 0xe3, 0x5f, 0xff, 0x90, 0x0,
    0x0, 0x1, 0xcf, 0xff, 0xff, 0xf9, 0x0, 0x0,
    0x0, 0x0, 0x1c, 0xff, 0xff, 0x90, 0x0, 0x0,
    0x0, 0x0, 0x1, 0xcf, 0xf9, 0x0, 0x0, 0x0,
    0x0, 0x0, 0x0, 0x1b, 0x90, 0x0, 0x0, 0x0,

    /* U+F079 "" */
    0x0, 0x0, 0x26, 0x0, 0x0, 0x0, 0x0, 0x0,
    0x0, 0x0, 0x0, 0x0, 0x0, 0x2, 0xef, 0xa0,
    0x0, 0x44, 0x44, 0x44, 0x44, 0x42, 0x0, 0x0,
    0x0, 0x2e, 0xff, 0xfa, 0x4, 0xff, 0xff, 0xff,
    0xff, 0xfd, 0x0, 0x0, 0x3, 0xef, 0xff, 0xff,
    0xa0, 0xaf, 0xff, 0xff, 0xff, 0xfe, 0x0, 0x0,
    0xe, 0xfd, 0xef, 0xcf, 0xf8, 0x0, 0x0, 0x0,
    0x5, 0xfe, 0x0, 0x0, 0xb, 0xe2, 0xdf, 0x67,
    0xf5, 0x0, 0x0, 0x0, 0x5, 0xfe, 0x0, 0x0,
    0x0, 0x0, 0xdf, 0x60, 0x0, 0x0, 0x0, 0x0,
    0x5, 0xfe, 0x0, 0x0, 0x0, 0x0, 0xdf, 0x60,
    0x0, 0x0, 0x0, 0x0, 0x5, 0xfe, 0x0, 0x0,
    0x0, 0x0, 0xdf, 0x60, 0x0, 0x0, 0x0, 0x4,
    0x15, 0xfe, 0x3, 0x20, 0x0, 0x0, 0xdf, 0x60,
    0x0, 0x0, 0x0, 0x6f, 0xd6, 0xfe, 0x4f, 0xf1,
    0x0, 0x0, 0xdf, 0x94, 0x44, 0x44, 0x41, 0x3f,
    0xff, 0xff, 0xff, 0xc0, 0x0, 0x0, 0xdf, 0xff,
    0xff, 0xff, 0xff, 0x24, 0xff, 0xff, 0xfc, 0x10,
    0x0, 0x0, 0x9f, 0xff, 0xff, 0xff, 0xfe, 0x30,
    0x4f, 0xff, 0xc0, 0x0, 0x0, 0x0, 0x0, 0x0,
    0x0, 0x0, 0x0, 0x0, 0x4, 0xfc, 0x0, 0x0,
    0x0, 0x0, 0x0, 0x0, 0x0, 0x0, 0x0, 0x0,
    0x0, 0x10, 0x0, 0x0,

    /* U+F07B "" */
    0x17, 0x88, 0x88, 0x84, 0x0, 0x0, 0x0, 0x0,
    0x0, 0xcf, 0xff, 0xff, 0xff, 0x50, 0x0, 0x0,
    0x0, 0x0, 0xff, 0xff, 0xff, 0xff, 0xf6, 0x44,
    0x44, 0x44, 0x30, 0xff, 0xff, 0xff, 0xff, 0xff,
    0xff, 0xff, 0xff, 0xfa, 0xff, 0xff, 0xff, 0xff,
    0xff, 0xff, 0xff, 0xff, 0xff, 0xff, 0xff, 0xff,
    0xff, 0xff, 0xff, 0xff, 0xff, 0xff, 0xff, 0xff,
    0xff, 0xff, 0xff, 0xff, 0xff, 0xff, 0xff, 0xff,
    0xff, 0xff, 0xff, 0xff, 0xff, 0xff, 0xff, 0xff,
    0xff, 0xff, 0xff, 0xff, 0xff, 0xff, 0xff, 0xff,
    0xff, 0xff, 0xff, 0xff, 0xff, 0xff, 0xff, 0xff,
    0xff, 0xff, 0xff, 0xff, 0xff, 0xff, 0xff, 0xff,
    0xff, 0xff, 0xff, 0xff, 0xff, 0xff, 0xff, 0xff,
    0xff, 0xff, 0xff, 0xff, 0xff, 0xff, 0xff, 0xff,
    0xff, 0xff, 0xff, 0xff, 0xff, 0x7f, 0xff, 0xff,
    0xff, 0xff, 0xff, 0xff, 0xff, 0xf6,

    /* U+F093 "" */
    0x0, 0x0, 0x0, 0x0, 0x47, 0x0, 0x0, 0x0,
    0x0, 0x0, 0x0, 0x0, 0x4, 0xff, 0x90, 0x0,
    0x0, 0x0, 0x0, 0x0, 0x0, 0x4f, 0xff, 0xf9,
    0x0, 0x0, 0x0, 0x0, 0x0, 0x4, 0xff, 0xff,
    0xff, 0x90, 0x0, 0x0, 0x0, 0x0, 0x4f, 0xff,
    0xff, 0xff, 0xf9, 0x0, 0x0, 0x0, 0x4, 0xff,
    0xff, 0xff, 0xff, 0xff, 0x90, 0x0, 0x0, 0xc,
    0xff, 0xff, 0xff, 0xff, 0xff, 0xf1, 0x0, 0x0,
    0x0, 0x11, 0x2f, 0xff, 0xf7, 0x11, 0x10, 0x0,
    0x0, 0x0, 0x0, 0x1f, 0xff, 0xf6, 0x0, 0x0,
    0x0, 0x0, 0x0, 0x0, 0x1f, 0xff, 0xf6, 0x0,
    0x0, 0x0, 0x0, 0x0, 0x0, 0x1f, 0xff, 0xf6,
    0x0, 0x0, 0x0, 0x0, 0x0, 0x0, 0x1f, 0xff,
    0xf6, 0x0, 0x0, 0x0, 0x24, 0x44, 0x42, 0x1f,
    0xff, 0xf6, 0x24, 0x44, 0x42, 0xff, 0xff, 0xfc,
    0x8, 0xbb, 0xa2, 0xcf, 0xff, 0xff, 0xff, 0xff,
    0xff, 0xa5, 0x55, 0x5a, 0xff, 0xff, 0xff, 0xff,
    0xff, 0xff, 0xff, 0xff, 0xff, 0xff, 0xff, 0xff,
    0xff, 0xff, 0xff, 0xff, 0xff, 0xff, 0x66, 0xc4,
    0xff, 0xdf, 0xff, 0xff, 0xff, 0xff, 0xff, 0xff,
    0xff, 0xfd, 0x0, 0x0, 0x0, 0x0, 0x0, 0x0,
    0x0, 0x0, 0x0,

    /* U+F095 "" */
    0x0, 0x0, 0x0, 0x0, 0x0, 0x0, 0x2, 0xb8,
    0x41, 0x0, 0x0, 0x0, 0x0, 0x0, 0x0, 0x0,
    0x9f, 0xff, 0xfb, 0x0, 0x0, 0x0, 0x0, 0x0,
    0x0, 0x1f, 0xff, 0xff, 0xf0, 0x0, 0x0, 0x0,
    0x0, 0x0, 0x7, 0xff, 0xff, 0xfe, 0x0, 0x0,
    0x0, 0x0, 0x0, 0x0, 0xdf, 0xff, 0xff, 0xc0,
    0x0, 0x0, 0x0, 0x0, 0x0, 0xc, 0xff, 0xff,
    0xf9, 0x0, 0x0, 0x0, 0x0, 0x0, 0x0, 0xa,
    0xff, 0xff, 0x50, 0x0, 0x0, 0x0, 0x0, 0x0,
    0x0, 0xc, 0xff, 0xf1, 0x0, 0x0, 0x0, 0x0,
    0x0, 0x0, 0x3, 0xff, 0xfa, 0x0, 0x0, 0x0,
    0x0, 0x0, 0x0, 0x0, 0xdf, 0xff, 0x20, 0x0,
    0x0, 0x0, 0x0, 0x0, 0x0, 0xaf, 0xff, 0x90,
    0x0, 0x0, 0x4, 0xa5, 0x0, 0x0, 0xaf, 0xff,
    0xd0, 0x0, 0x0, 0x7d, 0xff, 0xf4, 0x2, 0xcf,
    0xff, 0xe2, 0x0, 0x0, 0xdf, 0xff, 0xff, 0xe9,
    0xff, 0xff, 0xf3, 0x0, 0x0, 0xd, 0xff, 0xff,
    0xff, 0xff, 0xff, 0xe2, 0x0, 0x0, 0x0, 0x9f,
    0xff, 0xff, 0xff, 0xff, 0xa1, 0x0, 0x0, 0x0,
    0x6, 0xff, 0xff, 0xff, 0xfc, 0x40, 0x0, 0x0,
    0x0, 0x0, 0x2f, 0xff, 0xfd, 0x83, 0x0, 0x0,
    0x0, 0x0, 0x0, 0x0, 0x23, 0x20, 0x0, 0x0,
    0x0, 0x0, 0x0, 0x0, 0x0,

    /* U+F0C4 "" */
    0x0, 0x35, 0x20, 0x0, 0x0, 0x0, 0x0, 0x0,
    0x1c, 0xff, 0xfa, 0x0, 0x0, 0x1, 0x9c, 0xa1,
    0xaf, 0xfe, 0xff, 0x60, 0x0, 0x2e, 0xff, 0xf9,
    0xef, 0x60, 0xaf, 0xb0, 0x3, 0xef, 0xff, 0xb0,
    0xef, 0x92, 0xcf, 0x90, 0x3e, 0xff, 0xfa, 0x0,
    0x7f, 0xff, 0xff, 0xe6, 0xff, 0xff, 0xa0, 0x0,
    0x8, 0xff, 0xff, 0xff, 0xff, 0xfa, 0x0, 0x0,
    0x0, 0x1, 0xcf, 0xff, 0xff, 0xa0, 0x0, 0x0,
    0x0, 0x0, 0x3f, 0xff, 0xff, 0x10, 0x0, 0x0,
    0x0, 0x36, 0xef, 0xff, 0xff, 0xd1, 0x0, 0x0,
    0x1c, 0xff, 0xff, 0xff, 0xff, 0xfd, 0x10, 0x0,
    0xaf, 0xfe, 0xff, 0xc2, 0xdf, 0xff, 0xd1, 0x0,
    0xef, 0x60, 0xaf, 0xa0, 0x1c, 0xff, 0xfe, 0x20,
    0xef, 0x92, 0xcf, 0xa0, 0x0, 0xcf, 0xff, 0xe2,
    0x7f, 0xff, 0xff, 0x40, 0x0, 0xb, 0xff, 0xf9,
    0x8, 0xff, 0xe5, 0x0, 0x0, 0x0, 0x58, 0x50,
    0x0, 0x1, 0x0, 0x0, 0x0, 0x0, 0x0, 0x0,

    /* U+F0C5 "" */
    0x0, 0x0, 0x6f, 0xff, 0xff, 0xf1, 0x68, 0x0,
    0x0, 0x0, 0xaf, 0xff, 0xff, 0xf1, 0x7f, 0x80,
    0x0, 0x0, 0xaf, 0xff, 0xff, 0xf1, 0x7f, 0xf8,
    0x36, 0x62, 0xaf, 0xff, 0xff, 0xf1, 0x36, 0x66,
    0xff, 0xf6, 0xaf, 0xff, 0xff, 0xf6, 0x22, 0x22,
    0xff, 0xf6, 0xaf, 0xff, 0xff, 0xff, 0xff, 0xfe,
    0xff, 0xf6, 0xaf, 0xff, 0xff, 0xff, 0xff, 0xfe,
    0xff, 0xf6, 0xaf, 0xff, 0xff, 0xff, 0xff, 0xfe,
    0xff, 0xf6, 0xaf, 0xff, 0xff, 0xff, 0xff, 0xfe,
    0xff, 0xf6, 0xaf, 0xff, 0xff, 0xff, 0xff, 0xfe,
    0xff, 0xf6, 0xaf, 0xff, 0xff, 0xff, 0xff, 0xfe,
    0xff, 0xf6, 0xaf, 0xff, 0xff, 0xff, 0xff, 0xfe,
    0xff, 0xf6, 0xaf, 0xff, 0xff, 0xff, 0xff, 0xfe,
    0xff, 0xf6, 0xaf, 0xff, 0xff, 0xff, 0xff, 0xfe,
    0xff, 0xf7, 0x6f, 0xff, 0xff, 0xff, 0xff, 0xfa,
    0xff, 0xfe, 0x30, 0x0, 0x0, 0x0, 0x0, 0x0,
    0xff, 0xff, 0xff, 0xff, 0xff, 0xf1, 0x0, 0x0,
    0xef, 0xff, 0xff, 0xff, 0xff, 0xf0, 0x0, 0x0,
    0x14, 0x44, 0x44, 0x44, 0x44, 0x20, 0x0, 0x0,

    /* U+F0C7 "" */
    0x5, 0x66, 0x66, 0x66, 0x66, 0x64, 0x0, 0x0,
    0xcf, 0xff, 0xff, 0xff, 0xff, 0xff, 0x90, 0x0,
    0xff, 0xed, 0xdd, 0xdd, 0xdd, 0xef, 0xf9, 0x0,
    0xff, 0x40, 0x0, 0x0, 0x0, 0xf, 0xff, 0x90,
    0xff, 0x40, 0x0, 0x0, 0x0, 0xe, 0xff, 0xf6,
    0xff, 0x40, 0x0, 0x0, 0x0, 0xe, 0xff, 0xf9,
    0xff, 0x40, 0x0, 0x0, 0x0, 0xf, 0xff, 0xf9,
    0xff, 0xff, 0xff, 0xff, 0xff, 0xff, 0xff, 0xf9,
    0xff, 0xff, 0xff, 0xff, 0xff, 0xff, 0xff, 0xf9,
    0xff, 0xff, 0xff, 0xc5, 0x7f, 0xff, 0xff, 0xf9,
    0xff, 0xff, 0xfe, 0x0, 0x5, 0xff, 0xff, 0xf9,
    0xff, 0xff, 0xfa, 0x0, 0x1, 0xff, 0xff, 0xf9,
    0xff, 0xff, 0xfd, 0x0, 0x4, 0xff, 0xff, 0xf9,
    0xff, 0xff, 0xff, 0x93, 0x4d, 0xff, 0xff, 0xf9,
    0xff, 0xff, 0xff, 0xff, 0xff, 0xff, 0xff, 0xf8,
    0x8f, 0xff, 0xff, 0xff, 0xff, 0xff, 0xff, 0xe3,
    0x1, 0x22, 0x22, 0x22, 0x22, 0x22, 0x21, 0x0,

    /* U+F0C9 "" */
    0x79, 0x99, 0x99, 0x99, 0x99, 0x99, 0x99, 0x95,
    0xff, 0xff, 0xff, 0xff, 0xff, 0xff, 0xff, 0xfc,
    0xdf, 0xff, 0xff, 0xff, 0xff, 0xff, 0xff, 0xfa,
    0x0, 0x0, 0x0, 0x0, 0x0, 0x0, 0x0, 0x0,
    0x0, 0x0, 0x0, 0x0, 0x0, 0x0, 0x0, 0x0,
    0x0, 0x0, 0x0, 0x0, 0x0, 0x0, 0x0, 0x0,
    0xef, 0xff, 0xff, 0xff, 0xff, 0xff, 0xff, 0xfa,
    0xff, 0xff, 0xff, 0xff, 0xff, 0xff, 0xff, 0xfb,
    0x68, 0x88, 0x88, 0x88, 0x88, 0x88, 0x88, 0x84,
    0x0, 0x0, 0x0, 0x0, 0x0, 0x0, 0x0, 0x0,
    0x0, 0x0, 0x0, 0x0, 0x0, 0x0, 0x0, 0x0,
    0x67, 0x77, 0x77, 0x77, 0x77, 0x77, 0x77, 0x74,
    0xff, 0xff, 0xff, 0xff, 0xff, 0xff, 0xff, 0xfb,
    0xef, 0xff, 0xff, 0xff, 0xff, 0xff, 0xff, 0xfa,
    0x0, 0x0, 0x0, 0x0, 0x0, 0x0, 0x0, 0x0,

    /* U+F0E0 "" */
    0x3, 0x44, 0x44, 0x44, 0x44, 0x44, 0x44, 0x44,
    0x30, 0xaf, 0xff, 0xff, 0xff, 0xff, 0xff, 0xff,
    0xff, 0xfa, 0xff, 0xff, 0xff, 0xff, 0xff, 0xff,
    0xff, 0xff, 0xff, 0xcf, 0xff, 0xff, 0xff, 0xff,
    0xff, 0xff, 0xff, 0xfc, 0xa, 0xff, 0xff, 0xff,
    0xff, 0xff, 0xff, 0xff, 0xa0, 0xa1, 0x6f, 0xff,
    0xff, 0xff, 0xff, 0xff, 0xf6, 0x3d, 0xfe, 0x42,
    0xdf, 0xff, 0xff, 0xff, 0xfd, 0x26, 0xff, 0xff,
    0xf9, 0x19, 0xff, 0xff, 0xff, 0x91, 0xbf, 0xff,
    0xff, 0xff, 0xd3, 0x5f, 0xff, 0xe5, 0x4e, 0xff,
    0xff, 0xff, 0xff, 0xff, 0x71, 0x99, 0x17, 0xff,
    0xff, 0xff, 0xff, 0xff, 0xff, 0xfd, 0x77, 0xdf,
    0xff, 0xff, 0xff, 0xff, 0xff, 0xff, 0xff, 0xff,
    0xff, 0xff, 0xff, 0xff, 0xff, 0xff, 0xff, 0xff,
    0xff, 0xff, 0xff, 0xff, 0xff, 0x7f, 0xff, 0xff,
    0xff, 0xff, 0xff, 0xff, 0xff, 0xf6,

    /* U+F0E7 "" */
    0x0, 0xaf, 0xff, 0xff, 0xa0, 0x0, 0x0, 0xf,
    0xff, 0xff, 0xfb, 0x0, 0x0, 0x1, 0xff, 0xff,
    0xff, 0x60, 0x0, 0x0, 0x3f, 0xff, 0xff, 0xf1,
    0x0, 0x0, 0x5, 0xff, 0xff, 0xfb, 0x0, 0x0,
    0x0, 0x8f, 0xff, 0xff, 0xa5, 0x55, 0x40, 0xa,
    0xff, 0xff, 0xff, 0xff, 0xff, 0x30, 0xcf, 0xff,
    0xff, 0xff, 0xff, 0xc0, 0xe, 0xff, 0xff, 0xff,
    0xff, 0xf3, 0x0, 0xef, 0xff, 0xff, 0xff, 0xfa,
    0x0, 0x1, 0x22, 0x23, 0xff, 0xff, 0x10, 0x0,
    0x0, 0x0, 0x4f, 0xff, 0x70, 0x0, 0x0, 0x0,
    0x8, 0xff, 0xe0, 0x0, 0x0, 0x0, 0x0, 0xcf,
    0xf5, 0x0, 0x0, 0x0, 0x0, 0xf, 0xfc, 0x0,
    0x0, 0x0, 0x0, 0x3, 0xff, 0x30, 0x0, 0x0,
    0x0, 0x0, 0x7f, 0x90, 0x0, 0x0, 0x0, 0x0,
    0x7, 0xe1, 0x0, 0x0, 0x0, 0x0, 0x0, 0x0,
    0x0, 0x0, 0x0, 0x0,

    /* U+F0EA "" */
    0x0, 0x0, 0x8d, 0x90, 0x0, 0x0, 0x0, 0x0,
    0x8b, 0xbc, 0xfa, 0xfd, 0xbb, 0x90, 0x0, 0x0,
    0xff, 0xff, 0xd0, 0xcf, 0xff, 0xf1, 0x0, 0x0,
    0xff, 0xff, 0xf8, 0xff, 0xff, 0xf1, 0x0, 0x0,
    0xff, 0xff, 0xff, 0xff, 0xff, 0xf1, 0x0, 0x0,
    0xff, 0xff, 0xf3, 0x0, 0x0, 0x0, 0x0, 0x0,
    0xff, 0xff, 0x95, 0xff, 0xff, 0xf1, 0x79, 0x0,
    0xff, 0xff, 0x88, 0xff, 0xff, 0xf1, 0x7f, 0xb0,
    0xff, 0xff, 0x88, 0xff, 0xff, 0xf1, 0x7f, 0xfa,
    0xff, 0xff, 0x88, 0xff, 0xff, 0xf2, 0x2, 0x21,
    0xff, 0xff, 0x88, 0xff, 0xff, 0xff, 0xdd, 0xdc,
    0xff, 0xff, 0x88, 0xff, 0xff, 0xff, 0xff, 0xfe,
    0xff, 0xff, 0x88, 0xff, 0xff, 0xff, 0xff, 0xfe,
    0xff, 0xff, 0x88, 0xff, 0xff, 0xff, 0xff, 0xfe,
    0x7a, 0xaa, 0x58, 0xff, 0xff, 0xff, 0xff, 0xfe,
    0x0, 0x0, 0x8, 0xff, 0xff, 0xff, 0xff, 0xfe,
    0x0, 0x0, 0x8, 0xff, 0xff, 0xff, 0xff, 0xfe,
    0x0, 0x0, 0x6, 0xff, 0xff, 0xff, 0xff, 0xfc,
    0x0, 0x0, 0x0, 0x0, 0x0, 0x0, 0x0, 0x0,

    /* U+F0F3 "" */
    0x0, 0x0, 0x0, 0x8, 0x60, 0x0, 0x0, 0x0,
    0x0, 0x0, 0x0, 0x3f, 0xf0, 0x0, 0x0, 0x0,
    0x0, 0x0, 0x6, 0xcf, 0xfa, 0x40, 0x0, 0x0,
    0x0, 0x1, 0xcf, 0xff, 0xff, 0xf9, 0x0, 0x0,
    0x0, 0xc, 0xff, 0xff, 0xff, 0xff, 0x80, 0x0,
    0x0, 0x5f, 0xff, 0xff, 0xff, 0xff, 0xf1, 0x0,
    0x0, 0x9f, 0xff, 0xff, 0xff, 0xff, 0xf5, 0x0,
    0x0, 0xbf, 0xff, 0xff, 0xff, 0xff, 0xf7, 0x0,
    0x0, 0xcf, 0xff, 0xff, 0xff, 0xff, 0xf8, 0x0,
    0x0, 0xef, 0xff, 0xff, 0xff, 0xff, 0xfa, 0x0,
    0x2, 0xff, 0xff, 0xff, 0xff, 0xff, 0xfe, 0x0,
    0x8, 0xff, 0xff, 0xff, 0xff, 0xff, 0xff, 0x40,
    0x3f, 0xff, 0xff, 0xff, 0xff, 0xff, 0xff, 0xd1,
    0xef, 0xff, 0xff, 0xff, 0xff, 0xff, 0xff, 0xfa,
    0xaf, 0xff, 0xff, 0xff, 0xff, 0xff, 0xff, 0xf7,
    0x0, 0x0, 0x0, 0x0, 0x0, 0x0, 0x0, 0x0,
    0x0, 0x0, 0x4, 0xff, 0xff, 0x0, 0x0, 0x0,
    0x0, 0x0, 0x0, 0xbf, 0xf7, 0x0, 0x0, 0x0,
    0x0, 0x0, 0x0, 0x2, 0x10, 0x0, 0x0, 0x0,

    /* U+F11C "" */
    0x4, 0x44, 0x44, 0x44, 0x44, 0x44, 0x44, 0x44,
    0x44, 0x41, 0xb, 0xff, 0xff, 0xff, 0xff, 0xff,
    0xff, 0xff, 0xff, 0xff, 0xe0, 0xff, 0xff, 0xff,
    0xff, 0xff, 0xff, 0xff, 0xff, 0xff, 0xff, 0x3f,
    0xf4, 0x4, 0xd0, 0x2f, 0x0, 0xf3, 0x3, 0xf0,
    0xf, 0xf4, 0xff, 0x40, 0x5d, 0x2, 0xf0, 0xf,
    0x40, 0x4f, 0x0, 0xff, 0x4f, 0xff, 0xff, 0xff,
    0xff, 0xff, 0xff, 0xff, 0xff, 0xff, 0xf4, 0xff,
    0xff, 0x22, 0xb7, 0x29, 0xa2, 0x4f, 0x42, 0xcf,
    0xff, 0x4f, 0xff, 0xf0, 0xa, 0x60, 0x79, 0x2,
    0xf2, 0xb, 0xff, 0xf4, 0xff, 0xff, 0xdd, 0xfe,
    0xdf, 0xfd, 0xef, 0xed, 0xff, 0xff, 0x4f, 0xf8,
    0x48, 0xe4, 0x44, 0x44, 0x44, 0x47, 0xf4, 0x5f,
    0xf4, 0xff, 0x40, 0x4d, 0x0, 0x0, 0x0, 0x0,
    0x3e, 0x0, 0xff, 0x4f, 0xf7, 0x48, 0xe4, 0x44,
    0x44, 0x44, 0x47, 0xf4, 0x4f, 0xf4, 0xff, 0xff,
    0xff, 0xff, 0xff, 0xff, 0xff, 0xff, 0xff, 0xff,
    0x37, 0xff, 0xff, 0xff, 0xff, 0xff, 0xff, 0xff,
    0xff, 0xff, 0xa0,

    /* U+F124 "" */
    0x0, 0x0, 0x0, 0x0, 0x0, 0x0, 0x0, 0x0,
    0x0, 0x0, 0x0, 0x0, 0x0, 0x0, 0x0, 0x0,
    0x0, 0x1, 0x8b, 0x30, 0x0, 0x0, 0x0, 0x0,
    0x0, 0x0, 0x2, 0xaf, 0xff, 0xd0, 0x0, 0x0,
    0x0, 0x0, 0x0, 0x3, 0xbf, 0xff, 0xff, 0xd0,
    0x0, 0x0, 0x0, 0x0, 0x5, 0xcf, 0xff, 0xff,
    0xff, 0x70, 0x0, 0x0, 0x0, 0x6, 0xdf, 0xff,
    0xff, 0xff, 0xfe, 0x0, 0x0, 0x0, 0x17, 0xef,
    0xff, 0xff, 0xff, 0xff, 0xf8, 0x0, 0x0, 0x29,
    0xff, 0xff, 0xff, 0xff, 0xff, 0xff, 0xf1, 0x0,
    0x7, 0xff, 0xff, 0xff, 0xff, 0xff, 0xff, 0xff,
    0x90, 0x0, 0xf, 0xff, 0xff, 0xff, 0xff, 0xff,
    0xff, 0xff, 0x20, 0x0, 0xb, 0xff, 0xff, 0xff,
    0xff, 0xff, 0xff, 0xfb, 0x0, 0x0, 0x0, 0x56,
    0x66, 0x66, 0x7f, 0xff, 0xff, 0xf3, 0x0, 0x0,
    0x0, 0x0, 0x0, 0x0, 0x2f, 0xff, 0xff, 0xc0,
    0x0, 0x0, 0x0, 0x0, 0x0, 0x0, 0x2f, 0xff,
    0xff, 0x50, 0x0, 0x0, 0x0, 0x0, 0x0, 0x0,
    0x2f, 0xff, 0xfd, 0x0, 0x0, 0x0, 0x0, 0x0,
    0x0, 0x0, 0x2f, 0xff, 0xf6, 0x0, 0x0, 0x0,
    0x0, 0x0, 0x0, 0x0, 0x2f, 0xff, 0xe0, 0x0,
    0x0, 0x0, 0x0, 0x0, 0x0, 0x0, 0x1f, 0xff,
    0x70, 0x0, 0x0, 0x0, 0x0, 0x0, 0x0, 0x0,
    0xc, 0xfd, 0x0, 0x0, 0x0, 0x0, 0x0, 0x0,
    0x0, 0x0, 0x0, 0x30, 0x0, 0x0, 0x0, 0x0,

    /* U+F15B "" */
    0x58, 0x88, 0x88, 0x87, 0x6, 0x0, 0x0, 0xff,
    0xff, 0xff, 0xfe, 0xf, 0x90, 0x0, 0xff, 0xff,
    0xff, 0xfe, 0xf, 0xf9, 0x0, 0xff, 0xff, 0xff,
    0xfe, 0xf, 0xff, 0x90, 0xff, 0xff, 0xff, 0xfe,
    0xf, 0xff, 0xf5, 0xff, 0xff, 0xff, 0xff, 0x32,
    0x22, 0x21, 0xff, 0xff, 0xff, 0xff, 0xff, 0xff,
    0xf8, 0xff, 0xff, 0xff, 0xff, 0xff, 0xff, 0xf8,
    0xff, 0xff, 0xff, 0xff, 0xff, 0xff, 0xf8, 0xff,
    0xff, 0xff, 0xff, 0xff, 0xff, 0xf8, 0xff, 0xff,
    0xff, 0xff, 0xff, 0xff, 0xf8, 0xff, 0xff, 0xff,
    0xff, 0xff, 0xff, 0xf8, 0xff, 0xff, 0xff, 0xff,
    0xff, 0xff, 0xf8, 0xff, 0xff, 0xff, 0xff, 0xff,
    0xff, 0xf8, 0xff, 0xff, 0xff, 0xff, 0xff, 0xff,
    0xf8, 0xff, 0xff, 0xff, 0xff, 0xff, 0xff, 0xf8,
    0xff, 0xff, 0xff, 0xff, 0xff, 0xff, 0xf8, 0xef,
    0xff, 0xff, 0xff, 0xff, 0xff, 0xf6, 0x14, 0x44,
    0x44, 0x44, 0x44, 0x44, 0x30,

    /* U+F1EB "" */
    0x0, 0x0, 0x0, 0x0, 0x0, 0x0, 0x0, 0x0,
    0x0, 0x0, 0x0, 0x0, 0x0, 0x0, 0x0, 0x36,
    0x89, 0xa9, 0x74, 0x10, 0x0, 0x0, 0x0, 0x0,
    0x0, 0x29, 0xef, 0xff, 0xff, 0xff, 0xff, 0xc6,
    0x0, 0x0, 0x0, 0x1, 0xaf, 0xff, 0xff, 0xff,
    0xff, 0xff, 0xff, 0xfe, 0x60, 0x0, 0x6, 0xff,
    0xff, 0xfc, 0x75, 0x43, 0x46, 0x9e, 0xff, 0xff,
    0xb1, 0x8, 0xff, 0xfe, 0x71, 0x0, 0x0, 0x0,
    0x0, 0x3, 0xcf, 0xff, 0xe2, 0xcf, 0xfa, 0x10,
    0x0, 0x0, 0x0, 0x0, 0x0, 0x0, 0x4e, 0xff,
    0x40, 0xb6, 0x0, 0x0, 0x59, 0xde, 0xfe, 0xc7,
    0x20, 0x0, 0x1b, 0x50, 0x0, 0x0, 0x5, 0xdf,
    0xff, 0xff, 0xff, 0xff, 0xa1, 0x0, 0x0, 0x0,
    0x0, 0x9, 0xff, 0xff, 0xfe, 0xde, 0xff, 0xff,
    0xe3, 0x0, 0x0, 0x0, 0x0, 0xdf, 0xfc, 0x40,
    0x0, 0x2, 0x8f, 0xff, 0x50, 0x0, 0x0, 0x0,
    0x1, 0xb6, 0x0, 0x0, 0x0, 0x0, 0x1b, 0x60,
    0x0, 0x0, 0x0, 0x0, 0x0, 0x0, 0x0, 0x35,
    0x0, 0x0, 0x0, 0x0, 0x0, 0x0, 0x0, 0x0,
    0x0, 0x0, 0x7f, 0xfe, 0x10, 0x0, 0x0, 0x0,
    0x0, 0x0, 0x0, 0x0, 0x0, 0xe, 0xff, 0xf6,
    0x0, 0x0, 0x0, 0x0, 0x0, 0x0, 0x0, 0x0,
    0x0, 0xdf, 0xff, 0x50, 0x0, 0x0, 0x0, 0x0,
    0x0, 0x0, 0x0, 0x0, 0x4, 0xff, 0xb0, 0x0,
    0x0, 0x0, 0x0, 0x0, 0x0, 0x0, 0x0, 0x0,
    0x0, 0x10, 0x0, 0x0, 0x0, 0x0, 0x0,

    /* U+F240 "" */
    0x4, 0x44, 0x44, 0x44, 0x44, 0x44, 0x44, 0x44,
    0x44, 0x44, 0x10, 0xa, 0xff, 0xff, 0xff, 0xff,
    0xff, 0xff, 0xff, 0xff, 0xff, 0xfe, 0x10, 0xff,
    0xff, 0xff, 0xff, 0xff, 0xff, 0xff, 0xff, 0xff,
    0xff, 0xf5, 0xf, 0xf4, 0x0, 0x0, 0x0, 0x0,
    0x0, 0x0, 0x0, 0x0, 0xff, 0xf3, 0xff, 0x4a,
    0xff, 0xff, 0xff, 0xff, 0xff, 0xff, 0xff, 0xf,
    0xff, 0x5f, 0xf4, 0xaf, 0xff, 0xff, 0xff, 0xff,
    0xff, 0xff, 0xf0, 0x3f, 0xf5, 0xff, 0x4a, 0xff,
    0xff, 0xff, 0xff, 0xff, 0xff, 0xff, 0x0, 0xef,
    0x5f, 0xf4, 0xaf, 0xff, 0xff, 0xff, 0xff, 0xff,
    0xff, 0xf0, 0x8f, 0xf5, 0xff, 0x45, 0x88, 0x88,
    0x88, 0x88, 0x88, 0x88, 0x88, 0xf, 0xff, 0x5f,
    0xf7, 0x44, 0x44, 0x44, 0x44, 0x44, 0x44, 0x44,
    0x45, 0xff, 0xc1, 0xff, 0xff, 0xff, 0xff, 0xff,
    0xff, 0xff, 0xff, 0xff, 0xff, 0xf5, 0x6, 0xef,
    0xff, 0xff, 0xff, 0xff, 0xff, 0xff, 0xff, 0xff,
    0xfb, 0x0,

    /* U+F241 "" */
    0x4, 0x44, 0x44, 0x44, 0x44, 0x44, 0x44, 0x44,
    0x44, 0x44, 0x10, 0xa, 0xff, 0xff, 0xff, 0xff,
    0xff, 0xff, 0xff, 0xff, 0xff, 0xfe, 0x10, 0xff,
    0xff, 0xff, 0xff, 0xff, 0xff, 0xff, 0xff, 0xff,
    0xff, 0xf5, 0xf, 0xf4, 0x0, 0x0, 0x0, 0x0,
    0x0, 0x0, 0x0, 0x0, 0xff, 0xf3, 0xff, 0x4d,
    0xff, 0xff, 0xff, 0xff, 0xff, 0x60, 0x0, 0xf,
    0xff, 0x5f, 0xf4, 0xdf, 0xff, 0xff, 0xff, 0xff,
    0xf6, 0x0, 0x0, 0x3f, 0xf5, 0xff, 0x4d, 0xff,
    0xff, 0xff, 0xff, 0xff, 0x60, 0x0, 0x0, 0xef,
    0x5f, 0xf4, 0xdf, 0xff, 0xff, 0xff, 0xff, 0xf6,
    0x0, 0x0, 0x8f, 0xf5, 0xff, 0x46, 0x88, 0x88,
    0x88, 0x88, 0x88, 0x30, 0x0, 0xf, 0xff, 0x5f,
    0xf7, 0x44, 0x44, 0x44, 0x44, 0x44, 0x44, 0x44,
    0x45, 0xff, 0xc1, 0xff, 0xff, 0xff, 0xff, 0xff,
    0xff, 0xff, 0xff, 0xff, 0xff, 0xf5, 0x6, 0xef,
    0xff, 0xff, 0xff, 0xff, 0xff, 0xff, 0xff, 0xff,
    0xfb, 0x0,

    /* U+F242 "" */
    0x4, 0x44, 0x44, 0x44, 0x44, 0x44, 0x44, 0x44,
    0x44, 0x44, 0x10, 0xa, 0xff, 0xff, 0xff, 0xff,
    0xff, 0xff, 0xff, 0xff, 0xff, 0xfe, 0x10, 0xff,
    0xff, 0xff, 0xff, 0xff, 0xff, 0xff, 0xff, 0xff,
    0xff, 0xf5, 0xf, 0xf4, 0x0, 0x0, 0x0, 0x0,
    0x0, 0x0, 0x0, 0x0, 0xff, 0xf3, 0xff, 0x4c,
    0xff, 0xff, 0xff, 0xf1, 0x0, 0x0, 0x0, 0xf,
    0xff, 0x5f, 0xf4, 0xcf, 0xff, 0xff, 0xff, 0x10,
    0x0, 0x0, 0x0, 0x3f, 0xf5, 0xff, 0x4c, 0xff,
    0xff, 0xff, 0xf1, 0x0, 0x0, 0x0, 0x0, 0xef,
    0x5f, 0xf4, 0xcf, 0xff, 0xff, 0xff, 0x10, 0x0,
    0x0, 0x0, 0x8f, 0xf5, 0xff, 0x46, 0x88, 0x88,
    0x88, 0x80, 0x0, 0x0, 0x0, 0xf, 0xff, 0x5f,
    0xf7, 0x44, 0x44, 0x44, 0x44, 0x44, 0x44, 0x44,
    0x45, 0xff, 0xc1, 0xff, 0xff, 0xff, 0xff, 0xff,
    0xff, 0xff, 0xff, 0xff, 0xff, 0xf5, 0x6, 0xef,
    0xff, 0xff, 0xff, 0xff, 0xff, 0xff, 0xff, 0xff,
    0xfb, 0x0,

    /* U+F243 "" */
    0x4, 0x44, 0x44, 0x44, 0x44, 0x44, 0x44, 0x44,
    0x44, 0x44, 0x10, 0xa, 0xff, 0xff, 0xff, 0xff,
    0xff, 0xff, 0xff, 0xff, 0xff, 0xfe, 0x10, 0xff,
    0xff, 0xff, 0xff, 0xff, 0xff, 0xff, 0xff, 0xff,
    0xff, 0xf5, 0xf, 0xf4, 0x0, 0x0, 0x0, 0x0,
    0x0, 0x0, 0x0, 0x0, 0xff, 0xf3, 0xff, 0x49,
    0xff, 0xfe, 0x0, 0x0, 0x0, 0x0, 0x0, 0xf,
    0xff, 0x5f, 0xf4, 0x9f, 0xff, 0xe0, 0x0, 0x0,
    0x0, 0x0, 0x0, 0x3f, 0xf5, 0xff, 0x49, 0xff,
    0xfe, 0x0, 0x0, 0x0, 0x0, 0x0, 0x0, 0xef,
    0x5f, 0xf4, 0x9f, 0xff, 0xe0, 0x0, 0x0, 0x0,
    0x0, 0x0, 0x8f, 0xf5, 0xff, 0x44, 0x88, 0x87,
    0x0, 0x0, 0x0, 0x0, 0x0, 0xf, 0xff, 0x5f,
    0xf7, 0x44, 0x44, 0x44, 0x44, 0x44, 0x44, 0x44,
    0x45, 0xff, 0xc1, 0xff, 0xff, 0xff, 0xff, 0xff,
    0xff, 0xff, 0xff, 0xff, 0xff, 0xf5, 0x6, 0xef,
    0xff, 0xff, 0xff, 0xff, 0xff, 0xff, 0xff, 0xff,
    0xfb, 0x0,

    /* U+F244 "" */
    0x4, 0x44, 0x44, 0x44, 0x44, 0x44, 0x44, 0x44,
    0x44, 0x44, 0x10, 0xa, 0xff, 0xff, 0xff, 0xff,
    0xff, 0xff, 0xff, 0xff, 0xff, 0xfe, 0x10, 0xff,
    0xff, 0xff, 0xff, 0xff, 0xff, 0xff, 0xff, 0xff,
    0xff, 0xf5, 0xf, 0xf4, 0x0, 0x0, 0x0, 0x0,
    0x0, 0x0, 0x0, 0x0, 0xff, 0xf3, 0xff, 0x40,
    0x0, 0x0, 0x0, 0x0, 0x0, 0x0, 0x0, 0xf,
    0xff, 0x5f, 0xf4, 0x0, 0x0, 0x0, 0x0, 0x0,
    0x0, 0x0, 0x0, 0x3f, 0xf5, 0xff, 0x40, 0x0,
    0x0, 0x0, 0x0, 0x0, 0x0, 0x0, 0x0, 0xef,
    0x5f, 0xf4, 0x0, 0x0, 0x0, 0x0, 0x0, 0x0,
    0x0, 0x0, 0x8f, 0xf5, 0xff, 0x40, 0x0, 0x0,
    0x0, 0x0, 0x0, 0x0, 0x0, 0xf, 0xff, 0x5f,
    0xf7, 0x44, 0x44, 0x44, 0x44, 0x44, 0x44, 0x44,
    0x45, 0xff, 0xc1, 0xff, 0xff, 0xff, 0xff, 0xff,
    0xff, 0xff, 0xff, 0xff, 0xff, 0xf5, 0x6, 0xef,
    0xff, 0xff, 0xff, 0xff, 0xff, 0xff, 0xff, 0xff,
    0xfb, 0x0,

    /* U+F287 "" */
    0x0, 0x0, 0x0, 0x0, 0x0, 0x0, 0x78, 0x10,
    0x0, 0x0, 0x0, 0x0, 0x0, 0x0, 0x0, 0x0,
    0x26, 0x9f, 0xfd, 0x0, 0x0, 0x0, 0x0, 0x0,
    0x0, 0x0, 0x0, 0x4f, 0xef, 0xff, 0xf0, 0x0,
    0x0, 0x0, 0x0, 0x0, 0x0, 0x0, 0xe, 0x80,
    0x2e, 0xf7, 0x0, 0x0, 0x0, 0x0, 0x0, 0x20,
    0x0, 0x6, 0xe0, 0x0, 0x0, 0x0, 0x0, 0x0,
    0x0, 0x3, 0xef, 0xe3, 0x0, 0xd7, 0x0, 0x0,
    0x0, 0x0, 0x2, 0xa1, 0x0, 0xcf, 0xff, 0xd4,
    0x9f, 0x55, 0x55, 0x55, 0x55, 0x55, 0x7f, 0xf7,
    0xf, 0xff, 0xff, 0xff, 0xff, 0xff, 0xff, 0xff,
    0xff, 0xff, 0xff, 0xf5, 0xaf, 0xff, 0xa0, 0x0,
    0xb, 0xb0, 0x0, 0x0, 0x0, 0x3f, 0xb2, 0x0,
    0x9c, 0x90, 0x0, 0x0, 0x3f, 0x30, 0x0, 0x0,
    0x1, 0x50, 0x0, 0x0, 0x0, 0x0, 0x0, 0x0,
    0xbb, 0x2, 0xbb, 0xb5, 0x0, 0x0, 0x0, 0x0,
    0x0, 0x0, 0x0, 0x2, 0xf9, 0x9f, 0xff, 0x80,
    0x0, 0x0, 0x0, 0x0, 0x0, 0x0, 0x0, 0x3,
    0xbd, 0xff, 0xf8, 0x0, 0x0, 0x0, 0x0, 0x0,
    0x0, 0x0, 0x0, 0x0, 0x3f, 0xff, 0x80, 0x0,
    0x0, 0x0, 0x0, 0x0, 0x0, 0x0, 0x0, 0x0,
    0x0, 0x0, 0x0, 0x0, 0x0,

    /* U+F293 "" */
    0x0, 0x1, 0x7b, 0xdd, 0xb8, 0x20, 0x0, 0x0,
    0x5f, 0xff, 0xdf, 0xff, 0xf6, 0x0, 0x4, 0xff,
    0xff, 0x68, 0xff, 0xff, 0x40, 0xe, 0xff, 0xff,
    0x60, 0x8f, 0xff, 0xd0, 0x4f, 0xff, 0xff, 0x60,
    0x9, 0xff, 0xf3, 0x8f, 0xf6, 0xbf, 0x61, 0xc0,
    0x9f, 0xf7, 0xbf, 0xf6, 0xb, 0x60, 0xe2, 0x5f,
    0xf9, 0xdf, 0xff, 0x50, 0x20, 0x33, 0xff, 0xfb,
    0xef, 0xff, 0xf5, 0x0, 0x2e, 0xff, 0xfc, 0xef,
    0xff, 0xfc, 0x0, 0x7f, 0xff, 0xfc, 0xdf, 0xff,
    0xd1, 0x0, 0x9, 0xff, 0xfc, 0xcf, 0xfc, 0x13,
    0x50, 0x90, 0xaf, 0xfb, 0xaf, 0xf2, 0x4f, 0x60,
    0xf3, 0x2f, 0xf9, 0x6f, 0xfd, 0xff, 0x70, 0x52,
    0xef, 0xf6, 0x1f, 0xff, 0xff, 0x70, 0x2e, 0xff,
    0xf1, 0x9, 0xff, 0xff, 0x72, 0xef, 0xff, 0x90,
    0x0, 0xbf, 0xff, 0xae, 0xff, 0xfd, 0x10, 0x0,
    0x5, 0xcf, 0xff, 0xfd, 0x80, 0x0, 0x0, 0x0,
    0x0, 0x11, 0x0, 0x0, 0x0,

    /* U+F2ED "" */
    0x0, 0x0, 0x5, 0x88, 0x88, 0x30, 0x0, 0x0,
    0x56, 0x66, 0x7f, 0xff, 0xff, 0xe6, 0x66, 0x63,
    0xff, 0xff, 0xff, 0xff, 0xff, 0xff, 0xff, 0xfb,
    0xcd, 0xdd, 0xdd, 0xdd, 0xdd, 0xdd, 0xdd, 0xd8,
    0x3, 0x44, 0x44, 0x44, 0x44, 0x44, 0x44, 0x20,
    0xe, 0xff, 0xff, 0xff, 0xff, 0xff, 0xff, 0xa0,
    0xe, 0xff, 0xff, 0xff, 0xff, 0xff, 0xff, 0xa0,
    0xe, 0xff, 0x1f, 0xf6, 0xaf, 0xc4, 0xff, 0xa0,
    0xe, 0xff, 0xf, 0xf5, 0x9f, 0xb3, 0xff, 0xa0,
    0xe, 0xff, 0xf, 0xf5, 0x9f, 0xb3, 0xff, 0xa0,
    0xe, 0xff, 0xf, 0xf5, 0x9f, 0xb3, 0xff, 0xa0,
    0xe, 0xff, 0xf, 0xf5, 0x9f, 0xb3, 0xff, 0xa0,
    0xe, 0xff, 0xf, 0xf5, 0x9f, 0xb3, 0xff, 0xa0,
    0xe, 0xff, 0xf, 0xf5, 0x9f, 0xb3, 0xff, 0xa0,
    0xe, 0xff, 0xf, 0xf5, 0x9f, 0xb3, 0xff, 0xa0,
    0xe, 0xff, 0x1f, 0xf6, 0xaf, 0xc4, 0xff, 0xa0,
    0xd, 0xff, 0xff, 0xff, 0xff, 0xff, 0xff, 0x90,
    0x8, 0xff, 0xff, 0xff, 0xff, 0xff, 0xff, 0x40,
    0x0, 0x24, 0x44, 0x44, 0x44, 0x44, 0x31, 0x0,

    /* U+F304 "" */
    0x0, 0x0, 0x0, 0x0, 0x0, 0x0, 0x0, 0x8a,
    0x30, 0x0, 0x0, 0x0, 0x0, 0x0, 0x0, 0x0,
    0xbf, 0xff, 0x30, 0x0, 0x0, 0x0, 0x0, 0x0,
    0x0, 0xbf, 0xff, 0xff, 0x30, 0x0, 0x0, 0x0,
    0x0, 0x0, 0x34, 0xff, 0xff, 0xfd, 0x0, 0x0,
    0x0, 0x0, 0x0, 0xbf, 0x44, 0xff, 0xff, 0xe0,
    0x0, 0x0, 0x0, 0x0, 0xbf, 0xff, 0x44, 0xff,
    0xf4, 0x0, 0x0, 0x0, 0x0, 0xbf, 0xff, 0xff,
    0x44, 0xf4, 0x0, 0x0, 0x0, 0x0, 0xbf, 0xff,
    0xff, 0xff, 0x41, 0x0, 0x0, 0x0, 0x0, 0xbf,
    0xff, 0xff, 0xff, 0xf4, 0x0, 0x0, 0x0, 0x0,
    0xbf, 0xff, 0xff, 0xff, 0xf4, 0x0, 0x0, 0x0,
    0x0, 0xbf, 0xff, 0xff, 0xff, 0xf4, 0x0, 0x0,
    0x0, 0x0, 0xbf, 0xff, 0xff, 0xff, 0xf4, 0x0,
    0x0, 0x0, 0x0, 0xbf, 0xff, 0xff, 0xff, 0xf4,
    0x0, 0x0, 0x0, 0x0, 0x8f, 0xff, 0xff, 0xff,
    0xf4, 0x0, 0x0, 0x0, 0x0, 0xa, 0xff, 0xff,
    0xff, 0xf4, 0x0, 0x0, 0x0, 0x0, 0x0, 0xcf,
    0xff, 0xff, 0xf4, 0x0, 0x0, 0x0, 0x0, 0x0,
    0xe, 0xff, 0xff, 0xf4, 0x0, 0x0, 0x0, 0x0,
    0x0, 0x0, 0xff, 0xff, 0xd4, 0x0, 0x0, 0x0,
    0x0, 0x0, 0x0, 0x2, 0x31, 0x0, 0x0, 0x0,
    0x0, 0x0, 0x0, 0x0, 0x0,

    /* U+F55A "" */
    0x0, 0x0, 0x0, 0x57, 0x88, 0x88, 0x88, 0x88,
    0x88, 0x88, 0x72, 0x0, 0x0, 0x0, 0xaf, 0xff,
    0xff, 0xff, 0xff, 0xff, 0xff, 0xff, 0xf2, 0x0,
    0x0, 0xbf, 0xff, 0xff, 0xff, 0xff, 0xff, 0xff,
    0xff, 0xff, 0x70, 0x0, 0xbf, 0xff, 0xff, 0xf8,
    0xaf, 0xff, 0xa8, 0xff, 0xff, 0xf8, 0x0, 0xbf,
    0xff, 0xff, 0xfa, 0x0, 0xaf, 0xa0, 0xa, 0xff,
    0xff, 0x80, 0xbf, 0xff, 0xff, 0xff, 0xf3, 0x0,
    0x60, 0x3, 0xff, 0xff, 0xf8, 0xaf, 0xff, 0xff,
    0xff, 0xff, 0xf3, 0x0, 0x3, 0xff, 0xff, 0xff,
    0x8e, 0xff, 0xff, 0xff, 0xff, 0xff, 0x90, 0x0,
    0x9f, 0xff, 0xff, 0xf8, 0x4f, 0xff, 0xff, 0xff,
    0xff, 0xa0, 0x0, 0x0, 0xaf, 0xff, 0xff, 0x80,
    0x4f, 0xff, 0xff, 0xff, 0xb0, 0x3, 0xe3, 0x0,
    0xbf, 0xff, 0xf8, 0x0, 0x4f, 0xff, 0xff, 0xfe,
    0x13, 0xff, 0xf3, 0x1e, 0xff, 0xff, 0x80, 0x0,
    0x4f, 0xff, 0xff, 0xfe, 0xff, 0xff, 0xfe, 0xff,
    0xff, 0xf7, 0x0, 0x0, 0x4f, 0xff, 0xff, 0xff,
    0xff, 0xff, 0xff, 0xff, 0xff, 0x50, 0x0, 0x0,
    0x3d, 0xff, 0xff, 0xff, 0xff, 0xff, 0xff, 0xff,
    0x90,

    /* U+F7C2 "" */
    0x0, 0x1, 0xcf, 0xff, 0xff, 0xfe, 0x60, 0x0,
    0x1c, 0xff, 0xff, 0xff, 0xff, 0xf2, 0x0, 0xcf,
    0x47, 0xf4, 0xd8, 0x4f, 0xf5, 0xc, 0xff, 0x3,
    0xe0, 0xc5, 0xe, 0xf5, 0xcf, 0xff, 0x3, 0xe0,
    0xc5, 0xe, 0xf5, 0xff, 0xff, 0x24, 0xe2, 0xc6,
    0x2e, 0xf5, 0xff, 0xff, 0xff, 0xff, 0xff, 0xff,
    0xf5, 0xff, 0xff, 0xff, 0xff, 0xff, 0xff, 0xf5,
    0xff, 0xff, 0xff, 0xff, 0xff, 0xff, 0xf5, 0xff,
    0xff, 0xff, 0xff, 0xff, 0xff, 0xf5, 0xff, 0xff,
    0xff, 0xff, 0xff, 0xff, 0xf5, 0xff, 0xff, 0xff,
    0xff, 0xff, 0xff, 0xf5, 0xff, 0xff, 0xff, 0xff,
    0xff, 0xff, 0xf5, 0xff, 0xff, 0xff, 0xff, 0xff,
    0xff, 0xf5, 0xff, 0xff, 0xff, 0xff, 0xff, 0xff,
    0xf5, 0xff, 0xff, 0xff, 0xff, 0xff, 0xff, 0xf5,
    0xef, 0xff, 0xff, 0xff, 0xff, 0xff, 0xf3, 0x5f,
    0xff, 0xff, 0xff, 0xff, 0xff, 0xa0, 0x1, 0x34,
    0x44, 0x44, 0x44, 0x42, 0x0,

    /* U+F8A2 "" */
    0x0, 0x0, 0x0, 0x0, 0x0, 0x0, 0x0, 0x0,
    0x3, 0x0, 0x0, 0x0, 0x0, 0x0, 0x0, 0x0,
    0x0, 0x5, 0xf1, 0x0, 0x0, 0x0, 0x0, 0x0,
    0x0, 0x0, 0x5, 0xff, 0x10, 0x0, 0x3e, 0x90,
    0x0, 0x0, 0x0, 0x0, 0xbf, 0xf1, 0x0, 0x4f,
    0xfb, 0x0, 0x0, 0x0, 0x0, 0xb, 0xff, 0x10,
    0x5f, 0xff, 0xb0, 0x0, 0x0, 0x0, 0x0, 0xbf,
    0xf1, 0x6f, 0xff, 0xff, 0xff, 0xff, 0xff, 0xff,
    0xff, 0xff, 0x1d, 0xff, 0xff, 0xff, 0xff, 0xff,
    0xff, 0xff, 0xff, 0xf1, 0x3e, 0xff, 0xfe, 0xcc,
    0xcc, 0xcc, 0xcc, 0xcc, 0xca, 0x0, 0x2e, 0xff,
    0xb0, 0x0, 0x0, 0x0, 0x0, 0x0, 0x0, 0x0,
    0x1d, 0xfb, 0x0, 0x0, 0x0, 0x0, 0x0, 0x0,
    0x0, 0x0, 0x1b, 0x60, 0x0, 0x0, 0x0, 0x0,
    0x0, 0x0
};


/*---------------------
 *  GLYPH DESCRIPTION
 *--------------------*/

static const lv_font_fmt_txt_glyph_dsc_t glyph_dsc[] = {
    {.bitmap_index = 0, .adv_w = 0, .box_w = 0, .box_h = 0, .ofs_x = 0, .ofs_y = 0} /* id = 0 reserved */,
    {.bitmap_index = 0, .adv_w = 65, .box_w = 0, .box_h = 0, .ofs_x = 0, .ofs_y = 0},
    {.bitmap_index = 0, .adv_w = 107, .box_w = 4, .box_h = 13, .ofs_x = 1, .ofs_y = 0},
    {.bitmap_index = 26, .adv_w = 165, .box_w = 8, .box_h = 7, .ofs_x = 1, .ofs_y = 7},
    {.bitmap_index = 54, .adv_w = 170, .box_w = 11, .box_h = 13, .ofs_x = 0, .ofs_y = 0},
    {.bitmap_index = 126, .adv_w = 170, .box_w = 10, .box_h = 17, .ofs_x = 0, .ofs_y = -2},
    {.bitmap_index = 211, .adv_w = 277, .box_w = 17, .box_h = 13, .ofs_x = 0, .ofs_y = 0},
    {.bitmap_index = 322, .adv_w = 213, .box_w = 13, .box_h = 13, .ofs_x = 0, .ofs_y = 0},
    {.bitmap_index = 407, .adv_w = 94, .box_w = 4, .box_h = 7, .ofs_x = 1, .ofs_y = 7},
    {.bitmap_index = 421, .adv_w = 109, .box_w = 5, .box_h = 19, .ofs_x = 1, .ofs_y = -4},
    {.bitmap_index = 469, .adv_w = 109, .box_w = 6, .box_h = 19, .ofs_x = 0, .ofs_y = -4},
    {.bitmap_index = 526, .adv_w = 146, .box_w = 9, .box_h = 7, .ofs_x = 0, .ofs_y = 7},
    {.bitmap_index = 558, .adv_w = 170, .box_w = 10, .box_h = 10, .ofs_x = 0, .ofs_y = 2},
    {.bitmap_index = 608, .adv_w = 94, .box_w = 5, .box_h = 8, .ofs_x = 0, .ofs_y = -4},
    {.bitmap_index = 628, .adv_w = 107, .box_w = 6, .box_h = 2, .ofs_x = 0, .ofs_y = 4},
    {.bitmap_index = 634, .adv_w = 94, .box_w = 4, .box_h = 4, .ofs_x = 1, .ofs_y = 0},
    {.bitmap_index = 642, .adv_w = 111, .box_w = 7, .box_h = 17, .ofs_x = 0, .ofs_y = -3},
    {.bitmap_index = 702, .adv_w = 170, .box_w = 10, .box_h = 13, .ofs_x = 0, .ofs_y = 0},
    {.bitmap_index = 767, .adv_w = 170, .box_w = 9, .box_h = 13, .ofs_x = 1, .ofs_y = 0},
    {.bitmap_index = 826, .adv_w = 170, .box_w = 10, .box_h = 13, .ofs_x = 0, .ofs_y = 0},
    {.bitmap_index = 891, .adv_w = 170, .box_w = 10, .box_h = 13, .ofs_x = 0, .ofs_y = 0},
    {.bitmap_index = 956, .adv_w = 170, .box_w = 11, .box_h = 13, .ofs_x = 0, .ofs_y = 0},
    {.bitmap_index = 1028, .adv_w = 170, .box_w = 10, .box_h = 13, .ofs_x = 0, .ofs_y = 0},
    {.bitmap_index = 1093, .adv_w = 170, .box_w = 10, .box_h = 13, .ofs_x = 0, .ofs_y = 0},
    {.bitmap_index = 1158, .adv_w = 170, .box_w = 10, .box_h = 13, .ofs_x = 0, .ofs_y = 0},
    {.bitmap_index = 1223, .adv_w = 170, .box_w = 10, .box_h = 13, .ofs_x = 0, .ofs_y = 0},
    {.bitmap_index = 1288, .adv_w = 170, .box_w = 10, .box_h = 13, .ofs_x = 0, .ofs_y = 0},
    {.bitmap_index = 1353, .adv_w = 94, .box_w = 4, .box_h = 10, .ofs_x = 1, .ofs_y = 0},
    {.bitmap_index = 1373, .adv_w = 94, .box_w = 5, .box_h = 14, .ofs_x = 0, .ofs_y = -4},
    {.bitmap_index = 1408, .adv_w = 170, .box_w = 10, .box_h = 9, .ofs_x = 0, .ofs_y = 2},
    {.bitmap_index = 1453, .adv_w = 170, .box_w = 10, .box_h = 6, .ofs_x = 0, .ofs_y = 4},
    {.bitmap_index = 1483, .adv_w = 170, .box_w = 10, .box_h = 9, .ofs_x = 0, .ofs_y = 2},
    {.bitmap_index = 1528, .adv_w = 148, .box_w = 9, .box_h = 13, .ofs_x = 0, .ofs_y = 0},
    {.bitmap_index = 1587, .adv_w = 290, .box_w = 18, .box_h = 17, .ofs_x = 0, .ofs_y = -4},
    {.bitmap_index = 1740, .adv_w = 185, .box_w = 13, .box_h = 13, .ofs_x = -1, .ofs_y = 0},
    {.bitmap_index = 1825, .adv_w = 196, .box_w = 11, .box_h = 13, .ofs_x = 1, .ofs_y = 0},
    {.bitmap_index = 1897, .adv_w = 189, .box_w = 12, .box_h = 13, .ofs_x = 0, .ofs_y = 0},
    {.bitmap_index = 1975, .adv_w = 206, .box_w = 11, .box_h = 13, .ofs_x = 1, .ofs_y = 0},
    {.bitmap_index = 2047, .adv_w = 177, .box_w = 10, .box_h = 13, .ofs_x = 1, .ofs_y = 0},
    {.bitmap_index = 2112, .adv_w = 168, .box_w = 9, .box_h = 13, .ofs_x = 1, .ofs_y = 0},
    {.bitmap_index = 2171, .adv_w = 206, .box_w = 12, .box_h = 13, .ofs_x = 0, .ofs_y = 0},
    {.bitmap_index = 2249, .adv_w = 218, .box_w = 11, .box_h = 13, .ofs_x = 1, .ofs_y = 0},
    {.bitmap_index = 2321, .adv_w = 95, .box_w = 4, .box_h = 13, .ofs_x = 1, .ofs_y = 0},
    {.bitmap_index = 2347, .adv_w = 164, .box_w = 9, .box_h = 13, .ofs_x = 0, .ofs_y = 0},
    {.bitmap_index = 2406, .adv_w = 198, .box_w = 12, .box_h = 13, .ofs_x = 1, .ofs_y = 0},
    {.bitmap_index = 2484, .adv_w = 166, .box_w = 9, .box_h = 13, .ofs_x = 1, .ofs_y = 0},
    {.bitmap_index = 2543, .adv_w = 246, .box_w = 13, .box_h = 13, .ofs_x = 1, .ofs_y = 0},
    {.bitmap_index = 2628, .adv_w = 216, .box_w = 11, .box_h = 13, .ofs_x = 1, .ofs_y = 0},
    {.bitmap_index = 2700, .adv_w = 222, .box_w = 13, .box_h = 13, .ofs_x = 0, .ofs_y = 0},
    {.bitmap_index = 2785, .adv_w = 192, .box_w = 11, .box_h = 13, .ofs_x = 1, .ofs_y = 0},
    {.bitmap_index = 2857, .adv_w = 222, .box_w = 14, .box_h = 17, .ofs_x = 0, .ofs_y = -4},
    {.bitmap_index = 2976, .adv_w = 196, .box_w = 11, .box_h = 13, .ofs_x = 1, .ofs_y = 0},
    {.bitmap_index = 3048, .adv_w = 180, .box_w = 11, .box_h = 13, .ofs_x = 0, .ofs_y = 0},
    {.bitmap_index = 3120, .adv_w = 180, .box_w = 11, .box_h = 13, .ofs_x = 0, .ofs_y = 0},
    {.bitmap_index = 3192, .adv_w = 215, .box_w = 11, .box_h = 13, .ofs_x = 1, .ofs_y = 0},
    {.bitmap_index = 3264, .adv_w = 178, .box_w = 13, .box_h = 13, .ofs_x = -1, .ofs_y = 0},
    {.bitmap_index = 3349, .adv_w = 264, .box_w = 17, .box_h = 13, .ofs_x = 0, .ofs_y = 0},
    {.bitmap_index = 3460, .adv_w = 181, .box_w = 12, .box_h = 13, .ofs_x = 0, .ofs_y = 0},
    {.bitmap_index = 3538, .adv_w = 167, .box_w = 12, .box_h = 13, .ofs_x = -1, .ofs_y = 0},
    {.bitmap_index = 3616, .adv_w = 177, .box_w = 11, .box_h = 13, .ofs_x = 0, .ofs_y = 0},
    {.bitmap_index = 3688, .adv_w = 109, .box_w = 5, .box_h = 18, .ofs_x = 1, .ofs_y = -4},
    {.bitmap_index = 3733, .adv_w = 111, .box_w = 7, .box_h = 17, .ofs_x = 0, .ofs_y = -3},
    {.bitmap_index = 3793, .adv_w = 109, .box_w = 5, .box_h = 18, .ofs_x = 0, .ofs_y = -4},
    {.bitmap_index = 3838, .adv_w = 170, .box_w = 9, .box_h = 8, .ofs_x = 1, .ofs_y = 5},
    {.bitmap_index = 3874, .adv_w = 163, .box_w = 10, .box_h = 3, .ofs_x = 0, .ofs_y = -3},
    {.bitmap_index = 3889, .adv_w = 180, .box_w = 5, .box_h = 6, .ofs_x = 2, .ofs_y = 11},
    {.bitmap_index = 3904, .adv_w = 170, .box_w = 10, .box_h = 10, .ofs_x = 0, .ofs_y = 0},
    {.bitmap_index = 3954, .adv_w = 185, .box_w = 10, .box_h = 14, .ofs_x = 1, .ofs_y = 0},
    {.bitmap_index = 4024, .adv_w = 152, .box_w = 9, .box_h = 10, .ofs_x = 0, .ofs_y = 0},
    {.bitmap_index = 4069, .adv_w = 185, .box_w = 11, .box_h = 14, .ofs_x = 0, .ofs_y = 0},
    {.bitmap_index = 4146, .adv_w = 167, .box_w = 10, .box_h = 10, .ofs_x = 0, .ofs_y = 0},
    {.bitmap_index = 4196, .adv_w = 107, .box_w = 8, .box_h = 14, .ofs_x = 0, .ofs_y = 0},
    {.bitmap_index = 4252, .adv_w = 172, .box_w = 11, .box_h = 14, .ofs_x = 0, .ofs_y = -4},
    {.bitmap_index = 4329, .adv_w = 184, .box_w = 10, .box_h = 14, .ofs_x = 1, .ofs_y = 0},
    {.bitmap_index = 4399, .adv_w = 88, .box_w = 4, .box_h = 14, .ofs_x = 1, .ofs_y = 0},
    {.bitmap_index = 4427, .adv_w = 88, .box_w = 6, .box_h = 18, .ofs_x = -1, .ofs_y = -4},
    {.bitmap_index = 4481, .adv_w = 174, .box_w = 10, .box_h = 14, .ofs_x = 1, .ofs_y = 0},
    {.bitmap_index = 4551, .adv_w = 91, .box_w = 5, .box_h = 14, .ofs_x = 1, .ofs_y = 0},
    {.bitmap_index = 4586, .adv_w = 278, .box_w = 16, .box_h = 10, .ofs_x = 1, .ofs_y = 0},
    {.bitmap_index = 4666, .adv_w = 185, .box_w = 10, .box_h = 10, .ofs_x = 1, .ofs_y = 0},
    {.bitmap_index = 4716, .adv_w = 180, .box_w = 11, .box_h = 10, .ofs_x = 0, .ofs_y = 0},
    {.bitmap_index = 4771, .adv_w = 185, .box_w = 10, .box_h = 14, .ofs_x = 1, .ofs_y = -4},
    {.bitmap_index = 4841, .adv_w = 185, .box_w = 11, .box_h = 14, .ofs_x = 0, .ofs_y = -4},
    {.bitmap_index = 4918, .adv_w = 126, .box_w = 7, .box_h = 10, .ofs_x = 1, .ofs_y = 0},
    {.bitmap_index = 4953, .adv_w = 143, .box_w = 9, .box_h = 10, .ofs_x = 0, .ofs_y = 0},
    {.bitmap_index = 4998, .adv_w = 121, .box_w = 8, .box_h = 13, .ofs_x = 0, .ofs_y = 0},
    {.bitmap_index = 5050, .adv_w = 183, .box_w = 10, .box_h = 10, .ofs_x = 1, .ofs_y = 0},
    {.bitmap_index = 5100, .adv_w = 166, .box_w = 11, .box_h = 10, .ofs_x = 0, .ofs_y = 0},
    {.bitmap_index = 5155, .adv_w = 249, .box_w = 16, .box_h = 10, .ofs_x = 0, .ofs_y = 0},
    {.bitmap_index = 5235, .adv_w = 162, .box_w = 10, .box_h = 10, .ofs_x = 0, .ofs_y = 0},
    {.bitmap_index = 5285, .adv_w = 165, .box_w = 11, .box_h = 14, .ofs_x = 0, .ofs_y = -4},
    {.bitmap_index = 5362, .adv_w = 147, .box_w = 9, .box_h = 10, .ofs_x = 0, .ofs_y = 0},
    {.bitmap_index = 5407, .adv_w = 109, .box_w = 6, .box_h = 18, .ofs_x = 0, .ofs_y = -4},
    {.bitmap_index = 5461, .adv_w = 85, .box_w = 3, .box_h = 20, .ofs_x = 1, .ofs_y = -5},
    {.bitmap_index = 5491, .adv_w = 109, .box_w = 7, .box_h = 18, .ofs_x = 0, .ofs_y = -4},
    {.bitmap_index = 5554, .adv_w = 170, .box_w = 10, .box_h = 3, .ofs_x = 0, .ofs_y = 5},
    {.bitmap_index = 5569, .adv_w = 288, .box_w = 18, .box_h = 19, .ofs_x = 0, .ofs_y = -3},
    {.bitmap_index = 5740, .adv_w = 288, .box_w = 18, .box_h = 17, .ofs_x = 0, .ofs_y = -2},
    {.bitmap_index = 5893, .adv_w = 288, .box_w = 18, .box_h = 18, .ofs_x = 0, .ofs_y = -2},
    {.bitmap_index = 6055, .adv_w = 288, .box_w = 18, .box_h = 18, .ofs_x = 0, .ofs_y = -2},
    {.bitmap_index = 6217, .adv_w = 288, .box_w = 17, .box_h = 17, .ofs_x = 0, .ofs_y = -2},
    {.bitmap_index = 6362, .adv_w = 288, .box_w = 18, .box_h = 17, .ofs_x = 0, .ofs_y = -2},
    {.bitmap_index = 6515, .adv_w = 288, .box_w = 17, .box_h = 19, .ofs_x = 0, .ofs_y = -3},
    {.bitmap_index = 6677, .adv_w = 288, .box_w = 18, .box_h = 18, .ofs_x = 0, .ofs_y = -3},
    {.bitmap_index = 6839, .adv_w = 288, .box_w = 19, .box_h = 19, .ofs_x = 0, .ofs_y = -3},
    {.bitmap_index = 7020, .adv_w = 288, .box_w = 18, .box_h = 14, .ofs_x = 0, .ofs_y = 0},
    {.bitmap_index = 7146, .adv_w = 288, .box_w = 18, .box_h = 17, .ofs_x = 0, .ofs_y = -2},
    {.bitmap_index = 7299, .adv_w = 288, .box_w = 18, .box_h = 14, .ofs_x = 0, .ofs_y = 0},
    {.bitmap_index = 7425, .adv_w = 198, .box_w = 13, .box_h = 13, .ofs_x = 0, .ofs_y = 0},
    {.bitmap_index = 7510, .adv_w = 288, .box_w = 19, .box_h = 18, .ofs_x = 0, .ofs_y = -2},
    {.bitmap_index = 7681, .adv_w = 288, .box_w = 18, .box_h = 19, .ofs_x = 0, .ofs_y = -3},
    {.bitmap_index = 7852, .adv_w = 324, .box_w = 21, .box_h = 17, .ofs_x = 0, .ofs_y = -2},
    {.bitmap_index = 8031, .adv_w = 288, .box_w = 18, .box_h = 19, .ofs_x = 0, .ofs_y = -3},
    {.bitmap_index = 8202, .adv_w = 324, .box_w = 21, .box_h = 14, .ofs_x = 0, .ofs_y = 0},
    {.bitmap_index = 8349, .adv_w = 288, .box_w = 18, .box_h = 19, .ofs_x = 0, .ofs_y = -3},
    {.bitmap_index = 8520, .adv_w = 144, .box_w = 9, .box_h = 15, .ofs_x = 0, .ofs_y = -1},
    {.bitmap_index = 8588, .adv_w = 216, .box_w = 14, .box_h = 15, .ofs_x = 0, .ofs_y = -1},
    {.bitmap_index = 8693, .adv_w = 324, .box_w = 21, .box_h = 18, .ofs_x = 0, .ofs_y = -2},
    {.bitmap_index = 8882, .adv_w = 288, .box_w = 18, .box_h = 14, .ofs_x = 0, .ofs_y = 0},
    {.bitmap_index = 9008, .adv_w = 198, .box_w = 13, .box_h = 19, .ofs_x = 0, .ofs_y = -3},
    {.bitmap_index = 9132, .adv_w = 252, .box_w = 12, .box_h = 17, .ofs_x = 2, .ofs_y = -2},
    {.bitmap_index = 9234, .adv_w = 252, .box_w = 16, .box_h = 19, .ofs_x = 0, .ofs_y = -3},
    {.bitmap_index = 9386, .adv_w = 252, .box_w = 16, .box_h = 17, .ofs_x = 0, .ofs_y = -2},
    {.bitmap_index = 9522, .adv_w = 252, .box_w = 16, .box_h = 17, .ofs_x = 0, .ofs_y = -2},
    {.bitmap_index = 9658, .adv_w = 252, .box_w = 12, .box_h = 17, .ofs_x = 2, .ofs_y = -2},
    {.bitmap_index = 9760, .adv_w = 252, .box_w = 18, .box_h = 17, .ofs_x = -1, .ofs_y = -2},
    {.bitmap_index = 9913, .adv_w = 180, .box_w = 11, .box_h = 16, .ofs_x = 0, .ofs_y = -1},
    {.bitmap_index = 10001, .adv_w = 180, .box_w = 11, .box_h = 16, .ofs_x = 0, .ofs_y = -1},
    {.bitmap_index = 10089, .adv_w = 252, .box_w = 16, .box_h = 17, .ofs_x = 0, .ofs_y = -2},
    {.bitmap_index = 10225, .adv_w = 252, .box_w = 16, .box_h = 4, .ofs_x = 0, .ofs_y = 5},
    {.bitmap_index = 10257, .adv_w = 324, .box_w = 21, .box_h = 14, .ofs_x = 0, .ofs_y = 0},
    {.bitmap_index = 10404, .adv_w = 360, .box_w = 23, .box_h = 19, .ofs_x = 0, .ofs_y = -3},
    {.bitmap_index = 10623, .adv_w = 324, .box_w = 22, .box_h = 19, .ofs_x = -1, .ofs_y = -3},
    {.bitmap_index = 10832, .adv_w = 288, .box_w = 18, .box_h = 17, .ofs_x = 0, .ofs_y = -2},
    {.bitmap_index = 10985, .adv_w = 252, .box_w = 16, .box_h = 10, .ofs_x = 0, .ofs_y = 2},
    {.bitmap_index = 11065, .adv_w = 252, .box_w = 16, .box_h = 10, .ofs_x = 0, .ofs_y = 2},
    {.bitmap_index = 11145, .adv_w = 360, .box_w = 24, .box_h = 15, .ofs_x = -1, .ofs_y = -1},
    {.bitmap_index = 11325, .adv_w = 288, .box_w = 18, .box_h = 14, .ofs_x = 0, .ofs_y = 0},
    {.bitmap_index = 11451, .adv_w = 288, .box_w = 18, .box_h = 19, .ofs_x = 0, .ofs_y = -3},
    {.bitmap_index = 11622, .adv_w = 288, .box_w = 19, .box_h = 19, .ofs_x = -1, .ofs_y = -3},
    {.bitmap_index = 11803, .adv_w = 252, .box_w = 16, .box_h = 17, .ofs_x = 0, .ofs_y = -2},
    {.bitmap_index = 11939, .adv_w = 252, .box_w = 16, .box_h = 19, .ofs_x = 0, .ofs_y = -3},
    {.bitmap_index = 12091, .adv_w = 252, .box_w = 16, .box_h = 17, .ofs_x = 0, .ofs_y = -2},
    {.bitmap_index = 12227, .adv_w = 252, .box_w = 16, .box_h = 15, .ofs_x = 0, .ofs_y = -1},
    {.bitmap_index = 12347, .adv_w = 288, .box_w = 18, .box_h = 14, .ofs_x = 0, .ofs_y = 0},
    {.bitmap_index = 12473, .adv_w = 180, .box_w = 13, .box_h = 19, .ofs_x = -1, .ofs_y = -3},
    {.bitmap_index = 12597, .adv_w = 252, .box_w = 16, .box_h = 19, .ofs_x = 0, .ofs_y = -3},
    {.bitmap_index = 12749, .adv_w = 252, .box_w = 16, .box_h = 19, .ofs_x = 0, .ofs_y = -3},
    {.bitmap_index = 12901, .adv_w = 324, .box_w = 21, .box_h = 14, .ofs_x = 0, .ofs_y = 0},
    {.bitmap_index = 13048, .adv_w = 288, .box_w = 20, .box_h = 20, .ofs_x = -1, .ofs_y = -3},
    {.bitmap_index = 13248, .adv_w = 216, .box_w = 14, .box_h = 19, .ofs_x = 0, .ofs_y = -3},
    {.bitmap_index = 13381, .adv_w = 360, .box_w = 23, .box_h = 18, .ofs_x = 0, .ofs_y = -2},
    {.bitmap_index = 13588, .adv_w = 360, .box_w = 23, .box_h = 12, .ofs_x = 0, .ofs_y = 1},
    {.bitmap_index = 13726, .adv_w = 360, .box_w = 23, .box_h = 12, .ofs_x = 0, .ofs_y = 1},
    {.bitmap_index = 13864, .adv_w = 360, .box_w = 23, .box_h = 12, .ofs_x = 0, .ofs_y = 1},
    {.bitmap_index = 14002, .adv_w = 360, .box_w = 23, .box_h = 12, .ofs_x = 0, .ofs_y = 1},
    {.bitmap_index = 14140, .adv_w = 360, .box_w = 23, .box_h = 12, .ofs_x = 0, .ofs_y = 1},
    {.bitmap_index = 14278, .adv_w = 360, .box_w = 23, .box_h = 15, .ofs_x = 0, .ofs_y = -1},
    {.bitmap_index = 14451, .adv_w = 252, .box_w = 14, .box_h = 19, .ofs_x = 1, .ofs_y = -3},
    {.bitmap_index = 14584, .adv_w = 252, .box_w = 16, .box_h = 19, .ofs_x = 0, .ofs_y = -3},
    {.bitmap_index = 14736, .adv_w = 288, .box_w = 19, .box_h = 19, .ofs_x = -1, .ofs_y = -3},
    {.bitmap_index = 14917, .adv_w = 360, .box_w = 23, .box_h = 14, .ofs_x = 0, .ofs_y = 0},
    {.bitmap_index = 15078, .adv_w = 216, .box_w = 14, .box_h = 19, .ofs_x = 0, .ofs_y = -3},
    {.bitmap_index = 15211, .adv_w = 290, .box_w = 19, .box_h = 12, .ofs_x = 0, .ofs_y = 1}
};

/*---------------------
 *  CHARACTER MAPPING
 *--------------------*/

static const uint16_t unicode_list_1[] = {
    0x0, 0x818, 0x1056, 0x11d7, 0x147d, 0x1720, 0x3db3, 0x41cf,
    0xa1b1, 0xa1b8, 0xa1bb, 0xa1bc, 0xa1bd, 0xa1c1, 0xa1c3, 0xa1c5,
    0xa1c9, 0xa1cc, 0xa1d1, 0xa1d6, 0xa1d7, 0xa1d8, 0xa1ee, 0xa1f3,
    0xa1f8, 0xa1fb, 0xa1fc, 0xa1fd, 0xa201, 0xa202, 0xa203, 0xa204,
    0xa217, 0xa218, 0xa21e, 0xa220, 0xa221, 0xa224, 0xa227, 0xa228,
    0xa229, 0xa22b, 0xa243, 0xa245, 0xa274, 0xa275, 0xa277, 0xa279,
    0xa290, 0xa297, 0xa29a, 0xa2a3, 0xa2cc, 0xa2d4, 0xa30b, 0xa39b,
    0xa3f0, 0xa3f1, 0xa3f2, 0xa3f3, 0xa3f4, 0xa437, 0xa443, 0xa49d,
    0xa4b4, 0xa70a, 0xa972, 0xaa52
};

/*Collect the unicode lists and glyph_id offsets*/
static const lv_font_fmt_txt_cmap_t cmaps[] =
{
    {
        .range_start = 32, .range_length = 95, .glyph_id_start = 1,
        .unicode_list = NULL, .glyph_id_ofs_list = NULL, .list_length = 0, .type = LV_FONT_FMT_TXT_CMAP_FORMAT0_TINY
    },
    {
        .range_start = 20048, .range_length = 43603, .glyph_id_start = 96,
        .unicode_list = unicode_list_1, .glyph_id_ofs_list = NULL, .list_length = 68, .type = LV_FONT_FMT_TXT_CMAP_SPARSE_TINY
    }
};

/*-----------------
 *    KERNING
 *----------------*/


/*Map glyph_ids to kern left classes*/
static const uint8_t kern_left_class_mapping[] =
{
    0, 0, 0, 1, 0, 0, 0, 0,
    1, 2, 0, 0, 0, 3, 4, 3,
    5, 0, 0, 0, 0, 0, 0, 0,
    0, 0, 0, 6, 6, 0, 0, 0,
    0, 0, 7, 8, 9, 10, 11, 12,
    13, 0, 0, 14, 15, 16, 0, 0,
    10, 17, 10, 18, 19, 20, 21, 22,
    23, 24, 25, 26, 2, 27, 0, 0,
    0, 0, 28, 29, 30, 0, 31, 32,
    33, 34, 0, 0, 35, 36, 34, 34,
    29, 29, 37, 38, 39, 40, 37, 41,
    42, 43, 44, 45, 2, 0, 0, 0,
    0, 0, 0, 0, 0, 0, 0, 0,
    0, 0, 0, 0, 0, 0, 0, 0,
    0, 0, 0, 0, 0, 0, 0, 0,
    0, 0, 0, 0, 0, 0, 0, 0,
    0, 0, 0, 0, 0, 0, 0, 0,
    0, 0, 0, 0, 0, 0, 0, 0,
    0, 0, 0, 0, 0, 0, 0, 0,
    0, 0, 0, 0, 0, 0, 0, 0,
    0, 0, 0, 0
};

/*Map glyph_ids to kern right classes*/
static const uint8_t kern_right_class_mapping[] =
{
    0, 0, 1, 2, 0, 0, 0, 0,
    2, 0, 3, 4, 0, 5, 6, 7,
    8, 0, 0, 0, 0, 0, 0, 0,
    0, 0, 0, 9, 10, 0, 0, 0,
    11, 0, 12, 0, 13, 0, 0, 0,
    13, 0, 0, 14, 0, 0, 0, 0,
    13, 0, 13, 0, 15, 16, 17, 18,
    19, 20, 21, 22, 0, 23, 3, 0,
    0, 0, 24, 0, 25, 25, 25, 26,
    27, 0, 28, 29, 0, 0, 30, 30,
    25, 30, 25, 30, 31, 32, 33, 34,
    35, 36, 37, 38, 0, 0, 3, 0,
    0, 0, 0, 0, 0, 0, 0, 0,
    0, 0, 0, 0, 0, 0, 0, 0,
    0, 0, 0, 0, 0, 0, 0, 0,
    0, 0, 0, 0, 0, 0, 0, 0,
    0, 0, 0, 0, 0, 0, 0, 0,
    0, 0, 0, 0, 0, 0, 0, 0,
    0, 0, 0, 0, 0, 0, 0, 0,
    0, 0, 0, 0, 0, 0, 0, 0,
    0, 0, 0, 0
};

/*Kern values between classes*/
static const int8_t kern_class_values[] =
{
    0, 0, 0, 0, -42, 0, -42, 0,
    0, 0, 0, -22, 0, -35, -3, 0,
    0, 0, 0, -3, 0, 0, 0, 0,
    -6, 0, 0, 0, 0, 0, -7, 0,
    0, 0, 0, 0, 0, 0, 0, 0,
    0, 0, 0, 0, 0, 0, 0, 0,
    0, 0, 0, -7, 0, 0, 0, 0,
    0, 0, 0, 0, 0, 0, 0, 0,
    0, 0, 26, 0, 0, 0, 0, 0,
    0, 0, 0, 0, 0, -39, 0, -52,
    0, 0, 0, 0, 0, 0, 0, 0,
    0, 0, 0, -33, -8, -24, -12, 0,
    -35, 0, 0, 0, -3, 0, 0, 0,
    11, 0, 0, -19, 0, -18, -10, 0,
    -7, 0, 0, 0, 0, 0, 0, 0,
    0, 0, 0, 0, 0, 0, 0, -7,
    -8, -18, 0, -6, -3, -11, -24, -7,
    0, 0, 0, 0, 0, 0, 0, 0,
    0, -7, 0, -5, 0, -5, 0, 0,
    0, 0, 0, 0, 0, 0, 0, 0,
    0, 0, 0, -13, -3, -26, 0, 0,
    0, 0, 0, 0, 0, 0, 0, -9,
    -7, 0, -3, 4, 4, 0, 0, 0,
    -7, 0, 0, 0, 0, 0, 0, 0,
    0, -11, 0, 0, 0, 0, 0, 0,
    0, 0, 0, 0, 0, 0, 0, 0,
    0, 0, -11, 0, 0, 0, 0, 0,
    0, 0, 1, 0, 0, 0, 0, 0,
    0, 0, 0, 0, 0, -22, 0, -28,
    0, 0, 0, 0, 0, 0, -11, -1,
    -3, 0, 0, -22, -4, -5, 0, -1,
    -5, -1, -13, 5, 0, -3, 0, 0,
    0, 0, 5, -5, -1, -5, -2, -2,
    -5, 0, 0, 0, 0, -10, 0, 0,
    0, 0, 0, 0, 0, 0, 0, -6,
    -5, -9, 0, -3, -2, -2, -5, -2,
    0, 0, 0, 0, 0, 0, 0, 0,
    0, -3, 0, -5, -3, -3, -5, 0,
    0, 0, 0, 0, 0, -11, 0, 0,
    0, 0, 0, 0, -11, -3, -9, -5,
    -5, -2, -2, -2, -5, -3, 0, 0,
    0, 0, -7, 0, 0, 0, 0, -11,
    -3, -5, -3, 0, -5, 0, 0, 0,
    0, -9, 0, 0, 0, -5, 0, 0,
    0, -3, 0, -16, 0, -9, 0, -3,
    -1, -8, -7, -7, 0, 0, 0, 0,
    0, 0, 0, 0, 0, 0, 0, 0,
    0, -5, 0, -5, 0, 0, 0, 0,
    0, 0, 0, 0, 0, 0, 0, 0,
    0, 0, 0, 0, 0, 0, 0, 0,
    0, 0, 0, 0, -3, 0, 0, 0,
    0, 0, 0, -9, 0, -3, 0, -13,
    -3, 0, 0, 0, 0, 0, -29, 0,
    -29, -18, 0, 0, 0, -13, -3, -44,
    -8, 0, 0, -1, -1, -9, -3, -10,
    0, -12, -5, 0, -9, 0, 0, -7,
    -8, -3, -6, -10, -8, -11, -8, -15,
    0, 0, 0, -8, 0, 0, 0, 0,
    0, 0, 0, -2, 0, 0, 0, -7,
    0, -5, -2, 0, 0, 0, 0, 0,
    0, 0, 0, 0, 0, 0, 0, 0,
    0, 0, 0, 0, 0, 0, 0, 0,
    0, 0, -9, 0, -9, 0, 0, 0,
    0, 0, 0, -13, 0, 0, 0, 0,
    0, 0, 0, 0, 0, 0, 0, 0,
    0, 0, 0, 0, 0, 0, 0, 0,
    0, 0, 0, 0, 0, -10, 0, -13,
    0, -15, 0, 0, 0, 0, -5, -3,
    -8, 0, -5, -8, -5, -5, -3, 0,
    -8, 0, 0, 0, -5, 0, 0, 0,
    -3, 0, 0, -16, -4, -10, -8, -8,
    -10, -5, 0, -41, 0, -54, 0, -15,
    0, 0, 0, 0, -15, -1, -11, 0,
    -9, -39, -11, -26, -19, 0, -27, 0,
    -26, 0, -4, -5, -2, 0, 0, 0,
    0, -8, -3, -16, -12, 0, -16, 0,
    0, 0, 0, 0, -41, -9, -41, -19,
    0, 0, 0, -16, 0, -47, -3, -5,
    0, 0, 0, -9, -3, -19, 0, -12,
    -7, 0, -7, 0, 0, 0, -3, 0,
    0, 0, 0, -5, 0, -7, 0, 0,
    0, -3, 0, -10, 0, 0, 0, 0,
    0, -2, 0, -5, -5, -5, 0, -3,
    1, -2, -3, -3, 0, -2, -3, 0,
    -2, 0, 0, 0, 0, 0, 0, 0,
    0, -5, 0, -5, 0, 0, 0, -4,
    0, 5, 0, 0, 0, 0, 0, 0,
    0, -5, -5, -7, 0, 0, 0, 0,
    -5, 0, 0, 0, 0, 0, 0, 0,
    0, 0, 0, -9, 0, 0, 0, 0,
    0, -3, 0, 0, 0, 0, -37, -22,
    -37, -24, -7, -7, 0, -13, -9, -40,
    -10, 0, 0, 0, 0, -7, -5, -15,
    0, -22, -24, -5, -22, 0, 0, -14,
    -19, -5, -14, -9, -9, -10, -9, -22,
    0, 0, 0, 0, -8, 0, -8, -7,
    0, 0, 0, -4, 0, -18, -3, 0,
    0, -2, 0, -3, -5, 0, 0, -2,
    0, 0, -3, 0, 0, 0, -2, 0,
    0, 0, 0, -5, 0, 0, 0, 0,
    0, 0, -24, -6, -24, -11, 0, 0,
    0, -5, -3, -22, -3, 0, -3, 3,
    0, 0, 0, -6, 0, -10, -6, 0,
    -7, 0, 0, -7, -5, 0, -10, -3,
    -3, -6, -3, -7, 0, 0, 0, 0,
    -12, -3, -12, -5, 0, 0, 0, 0,
    -1, -17, -1, 0, 0, 0, 0, 0,
    0, -1, 0, -4, 0, 0, -2, 0,
    0, 0, 0, 0, 0, 0, 0, 0,
    0, -3, 0, -3, 0, -3, 0, -11,
    0, 0, 0, 0, 0, -1, -8, -3,
    -5, -7, -3, 0, 0, 0, 0, 0,
    0, -3, -5, -8, 0, 0, 0, 0,
    0, -8, -3, -8, -5, -3, -8, -5,
    0, 0, 0, 0, -35, -24, -35, -17,
    -11, -11, -5, -5, -5, -33, -6, -5,
    -3, 0, 0, 0, 0, -7, 0, -24,
    -17, 0, -20, 0, 0, -13, -17, -15,
    -12, -5, -9, -12, -5, -18, 0, 0,
    0, 0, 0, -9, 0, 0, 0, 0,
    0, -1, -7, -9, -10, 0, -3, -1,
    -1, 0, -5, -4, 0, -4, -5, -7,
    -4, 0, 0, 0, 0, -5, -5, -4,
    -4, -9, -4, 0, 0, 0, 0, 0,
    0, 0, 0, 0, 0, 0, 0, 0,
    0, 0, 0, -24, -6, -15, -6, 0,
    -22, 0, 0, 0, 0, 0, 9, 0,
    22, 0, 0, 0, 0, -7, -3, 0,
    2, 0, 0, 0, 0, -15, 0, 0,
    0, 0, 0, 0, -9, 0, 0, 0,
    0, -9, 0, -8, -2, 0, -9, 0,
    0, 0, 0, 0, 0, 0, 0, 0,
    0, -5, 0, 0, 0, 0, 0, 0,
    0, -6, 0, -4, -3, 1, -3, 0,
    0, 0, -9, 0, 0, 0, 0, -19,
    0, -6, 0, -2, -18, 0, -11, -4,
    0, -1, 0, 0, 0, 0, -1, -8,
    0, -2, -2, -8, -2, -3, 0, 0,
    0, 0, 0, -10, 0, 0, 0, 0,
    0, 0, 0, 0, 0, -7, 0, -5,
    0, 0, -9, 0, 0, -3, -9, 0,
    -3, 0, 0, 0, 0, -3, 0, 1,
    1, 0, 1, 0, 0, 0, 0, -9,
    0, 3, 0, 0, 0, 0, -5, 0,
    0, -7, -7, -9, 0, -8, -3, 0,
    -11, 0, -10, -4, 0, -1, -3, 0,
    0, 0, 0, -3, 0, -1, -1, -5,
    -1, -2, 2, 13, 13, 0, -20, -5,
    -20, -2, 0, 0, 7, 0, 0, 0,
    0, 14, 0, 20, 14, 9, 16, 0,
    13, -7, -3, 0, -4, 0, -3, 0,
    -2, 0, 0, 2, 0, -2, 0, -5,
    0, 0, 2, -9, 0, 0, 0, 11,
    0, 0, -14, 0, 0, 0, 0, -11,
    0, 0, 0, 0, -5, 0, 0, -6,
    -5, 0, 0, 0, 14, 0, 0, 0,
    0, -2, -2, 0, 2, -5, 0, 0,
    0, -9, 0, 0, 0, 0, 0, 0,
    -5, 0, 0, 0, 0, -9, 0, -3,
    0, 0, -8, 0, 0, 0, 0, 0,
    0, 0, 0, 0, 0, 0, 0, 0,
    0, 0, 0, 0, 0, 0, 0, -7,
    2, -24, 2, 0, 2, 2, -9, 0,
    0, 0, 0, -16, 0, 0, 0, 0,
    -5, 0, 0, -3, -8, 0, -3, 0,
    -3, 0, 0, -10, -5, 0, 0, -5,
    0, -5, 0, 0, 0, 0, 0, 0,
    0, 0, 0, 0, 0, 0, 0, 0,
    0, 0, 0, 0, 0, 0, 0, 0,
    0, 0, 0, 0, 0, 0, 3, 0,
    0, 0, 0, 0, 0, 0, 0, 0,
    0, 0, 0, -5, 0, 0, 0, 0,
    0, 0, 0, 0, 0, 0, 0, -7,
    0, -5, 0, 0, -10, 0, 0, 0,
    0, 0, 0, 0, 0, 0, 0, 0,
    0, 0, 0, 0, 0, 0, 0, 0,
    0, 0, -26, -9, -26, -9, 4, 4,
    0, -5, 0, -22, 0, 0, 0, 0,
    0, 0, 0, -3, 2, -9, -3, 0,
    -3, 0, 0, 0, -2, 0, 0, 4,
    3, 0, 4, -2, 0, 0, 0, -11,
    0, 3, 0, 0, 0, 0, -7, 0,
    0, 0, 0, -9, 0, -3, 0, 0,
    -7, 0, 0, 0, 0, 0, 0, 0,
    0, 0, 0, -7, 0, 0, 0, 0,
    0, 0, 0, 0, 0, 0, -2, -11,
    -2, 0, 2, 2, -11, 0, 0, 0,
    0, -5, 0, 0, 0, 0, -2, 0,
    0, -7, -5, 0, -3, 0, 0, 0,
    -3, -7, 0, 0, 0, -4, 0, 0,
    0, 0, 0, -3, -18, -5, -18, -7,
    0, 0, 0, -4, 0, -13, 0, -7,
    0, -3, 0, 0, -5, -3, 0, -7,
    -2, 0, 0, 0, -3, 0, 0, 0,
    0, 0, 0, 0, 0, -9, 0, 0,
    0, -3, -24, 0, -24, -1, 0, 0,
    0, -2, 0, -10, 0, -9, 0, -3,
    0, -5, -9, 0, 0, -3, -2, 0,
    0, 0, -3, 0, 0, 0, 0, 0,
    0, 0, 0, -8, -5, 0, 0, -7,
    5, -5, -5, 0, 0, 5, 0, 0,
    -3, 0, -2, -9, 0, -6, 0, -3,
    -12, 0, 0, -3, -8, 0, 0, 0,
    0, 0, 0, -9, 0, 0, 0, 0,
    -3, 0, 0, 0, 0, 0, -18, 0,
    -18, -2, 0, 0, 0, 0, 0, -13,
    0, -7, 0, -2, 0, -2, -5, 0,
    0, -7, -2, 0, 0, 0, -3, 0,
    0, 0, 0, 0, 0, -5, 0, -9,
    0, 0, 0, 0, 0, -8, 0, 0,
    0, 0, 0, 0, 0, 0, 0, -7,
    0, 0, 0, 0, -6, 0, 0, -5,
    -3, 0, -1, 0, 0, 0, 0, 0,
    -3, -2, 0, 0, -2, 0
};


/*Collect the kern class' data in one place*/
static const lv_font_fmt_txt_kern_classes_t kern_classes =
{
    .class_pair_values   = kern_class_values,
    .left_class_mapping  = kern_left_class_mapping,
    .right_class_mapping = kern_right_class_mapping,
    .left_class_cnt      = 45,
    .right_class_cnt     = 38,
};

/*--------------------
 *  ALL CUSTOM DATA
 *--------------------*/

#if LVGL_VERSION_MAJOR == 8
/*Store all the custom data of the font*/
static  lv_font_fmt_txt_glyph_cache_t cache;
#endif

#if LVGL_VERSION_MAJOR >= 8
static const lv_font_fmt_txt_dsc_t font_dsc = {
#else
static lv_font_fmt_txt_dsc_t font_dsc = {
#endif
    .glyph_bitmap = glyph_bitmap,
    .glyph_dsc = glyph_dsc,
    .cmaps = cmaps,
    .kern_dsc = &kern_classes,
    .kern_scale = 16,
    .cmap_num = 2,
    .bpp = 4,
    .kern_classes = 1,
    .bitmap_format = 0,
#if LVGL_VERSION_MAJOR == 8
    .cache = &cache
#endif
};



/*-----------------
 *  PUBLIC FONT
 *----------------*/

/*Initialize a public general font descriptor*/
#if LVGL_VERSION_MAJOR >= 8
const lv_font_t lv_font_SourceHanSansSCBold_18 = {
#else
lv_font_t lv_font_SourceHanSansSCBold_18 = {
#endif
    .get_glyph_dsc = lv_font_get_glyph_dsc_fmt_txt,    /*Function pointer to get glyph's data*/
    .get_glyph_bitmap = lv_font_get_bitmap_fmt_txt,    /*Function pointer to get glyph's bitmap*/
    .line_height = 18,          /*The maximum line height required by the font*/
    .base_line = 2,             /*Baseline measured from the bottom of the line*/
#if !(LVGL_VERSION_MAJOR == 6 && LVGL_VERSION_MINOR == 0)
    .subpx = LV_FONT_SUBPX_NONE,
#endif
#if LV_VERSION_CHECK(7, 4, 0) || LVGL_VERSION_MAJOR >= 8
    .underline_position = -2,
    .underline_thickness = 1,
#endif
    .dsc = &font_dsc,          /*The custom font data. Will be accessed by `get_glyph_bitmap/dsc` */
#if LV_VERSION_CHECK(8, 2, 0) || LVGL_VERSION_MAJOR >= 9
    .fallback = NULL,
#endif
    .user_data = NULL,
};



#endif /*#if LV_FONT_SOURCEHANSANSSCBOLD_18*/

