#include "lvgl.h"

#ifndef LV_FONT_LELANDSMUFL_64
#define LV_FONT_LELANDSMUFL_64 1
#endif
#if LV_FONT_LELANDSMUFL_64

static LV_ATTRIBUTE_LARGE_CONST const uint8_t glyph_bitmap[] = {
    0x00,0x2d,0x9c,0xb8,0x7e,0x0a,0x00,0x3a,0xf8,0xff,0xff,0xff,0xce,0x06,0xc2,0xff,
    0xff,0xff,0xff,0xff,0x65,0xf3,0xff,0xff,0xff,0xff,0xff,0x96,0xd3,0xff,0xff,0xff,
    0xff,0xff,0x76,0x5d,0xff,0xff,0xff,0xff,0xeb,0x15,0x00,0x60,0xd5,0xf1,0xb8,0x28,
    0x00,0x00,0x00,0x00,0x00,0x00,0x00,0x00,0x00,0x00,0x00,0x00,0x00,0x00,0x00,0x00,
    0x00,0x00,0x00,0x00,0x00,0x00,0x00,0x00,0x00,0x00,0x00,0x1f,0x15,0x00,0x00,0x00,
    0x00,0x00,0x00,0x00,0x00,0x00,0x00,0x00,0x00,0x00,0x00,0x00,0x00,0x00,0x00,0x00,
    0x00,0x00,0x00,0x00,0x00,0x00,0x00,0x00,0x00,0x00,0x00,0x00,0x00,0x00,0x00,0x00,
    0x00,0x00,0x10,0xa2,0xfd,0xf9,0x5c,0x00,0x00,0x00,0x00,0x00,0x00,0x00,0x00,0x00,
    0x00,0x00,0x00,0x00,0x00,0x00,0x00,0x00,0x00,0x00,0x00,0x00,0x00,0x00,0x00,0x00,
    0x00,0x00,0x00,0x00,0x00,0x00,0x00,0x00,0x00,0x00,0x29,0xe0,0xff,0xff,0xff,0xfd,
    0x4a,0x00,0x00,0x00,0x00,0x00,0x00,0x00,0x00,0x00,0x00,0x00,0x00,0x00,0x00,0x00,
    0x00,0x00,0x00,0x00,0x00,0x00,0x00,0x00,0x00,0x00,0x00,0x00,0x00,0x00,0x00,0x00,
    0x00,0x00,0x26,0xe7,0xff,0xff,0xff,0xff,0xff,0xe8,0x15,0x00,0x00,0x00,0x00,0x00,
    0x00,0x00,0x00,0x00,0x00,0x00,0x00,0x00,0x00,0x00,0x00,0x00,0x00,0x00,0x00,0x00,
    0x00,0x00,0x00,0x00,0x00,0x00,0x00,0x00,0x00,0x00,0x0b,0xdb,0xff,0xff,0xff,0xff,
    0xff,0xff,0xff,0x9b,0x00,0x00,0x00,0x00,0x00,0x00,0x00,0x00,0x00,0x00,0x00,0x00,
    0x00,0x00,0x00,0x00,0x00,0x00,0x00,0x00,0x00,0x00,0x00,0x00,0x00,0x00,0x00,0x00,
    0x00,0x00,0x00,0x9c,0xff,0xff,0xff,0xff,0xff,0xff,0xff,0xff,0xfc,0x29,0x00,0x00,
    0x00,0x00,0x00,0x00,0x00,0x00,0x00,0x00,0x00,0x00,0x00,0x00,0x00,0x00,0x00,0x00,
    0x00,0x00,0x00,0x00,0x00,0x00,0x00,0x00,0x00,0x00,0x00,0x39,0xff,0xff,0xff,0xff,
    0xff,0xff,0xff,0xff,0xff,0xff,0xa5,0x00,0x00,0x00,0x00,0x00,0x00,0x00,0x00,0x00,
    0x00,0x00,0x00,0x00,0x00,0x00,0x00,0x00,0x00,0x00,0x00,0x00,0x00,0x00,0x00,0x00,
    0x00,0x00,0x00,0x00,0xbe,0xff,0xff,0xff,0xff,0xff,0xff,0xff,0xff,0xff,0xff,0xf8,
    0x14,0x00,0x00,0x00,0x00,0x00,0x00,0x00,0x00,0x00,0x00,0x00,0x00,0x00,0x00,0x00,
    0x00,0x00,0x00,0x00,0x00,0x00,0x00,0x00,0x00,0x00,0x00,0x00,0x32,0xff,0xff,0xff,
    0xff,0xff,0xff,0xff,0xff,0xff,0xff,0xff,0xff,0x6f,0x00,0x00,0x00,0x00,0x00,0x00,
    0x00,0x00,0x00,0x00,0x00,0x00,0x00,0x00,0x00,0x00,0x00,0x00,0x00,0x00,0x00,0x00,
    0x00,0x00,0x00,0x00,0x00,0x88,0xff,0xff,0xff,0xff,0xff,0xff,0xff,0xff,0xff,0xff,
    0xff,0xff,0xc0,0x00,0x00,0x00,0x00,0x00,0x00,0x00,0x00,0x00,0x00,0x00,0x00,0x00,
    0x00,0x00,0x00,0x00,0x00,0x00,0x00,0x00,0x00,0x00,0x00,0x00,0x00,0x00,0xdc,0xff,
    0xff,0xff,0xff,0xff,0xfd,0x8c,0x24,0x41,0xfd,0xff,0xff,0xfc,0x13,0x00,0x00,0x00,
    0x00,0x00,0x00,0x00,0x00,0x00,0x00,0x00,0x00,0x00,0x00,0x00,0x00,0x00,0x00,0x00,
    0x00,0x00,0x00,0x00,0x00,0x00,0x31,0xff,0xff,0xff,0xff,0xff,0xfd,0x55,0x00,0x00,
    0x00,0xa2,0xff,0xff,0xff,0x59,0x00,0x00,0x00,0x00,0x00,0x00,0x00,0x00,0x00,0x00,
    0x00,0x00,0x00,0x00,0x00,0x00,0x00,0x00,0x00,0x00,0x00,0x00,0x00,0x00,0x00,0x86,
    0xff,0xff,0xff,0xff,0xff,0x74,0x00,0x00,0x00,0x00,0x36,0xff,0xff,0xff,0x8e,0x00,
    0x00,0x00,0x00,0x00,0x00,0x00,0x00,0x00,0x00,0x00,0x00,0x00,0x00,0x00,0x00,0x00,
    0x00,0x00,0x00,0x00,0x00,0x00,0x00,0x00,0xc8,0xff,0xff,0xff,0xff,0xc2,0x01,0x00,
    0x00,0x00,0x00,0x03,0xef,0xff,0xff,0xc2,0x00,0x00,0x00,0x00,0x00,0x00,0x00,0x00,
    0x00,0x00,0x00,0x00,0x00,0x00,0x00,0x00,0x00,0x00,0x00,0x00,0x00,0x00,0x00,0x00,
    0x01,0xf3,0xff,0xff,0xff,0xff,0x38,0x00,0x00,0x00,0x00,0x00,0x00,0xb4,0xff,0xff,
    0xf3,0x02,0x00,0x00,0x00,0x00,0x00,0x00,0x00,0x00,0x00,0x00,0x00,0x00,0x00,0x00,
    0x00,0x00,0x00,0x00,0x00,0x00,0x00,0x00,0x00,0x1f,0xff,0xff,0xff,0xff,0xb5,0x00,
    0x00,0x00,0x00,0x00,0x00,0x00,0x98,0xff,0xff,0xff,0x18,0x00,0x00,0x00,0x00,0x00,
    0x00,0x00,0x00,0x00,0x00,0x00,0x00,0x00,0x00,0x00,0x00,0x00,0x00,0x00,0x00,0x00,
    0x00,0x00,0x4b,0xff,0xff,0xff,0xff,0x36,0x00,0x00,0x00,0x00,0x00,0x00,0x00,0x83,
    0xff,0xff,0xff,0x2a,0x00,0x00,0x00,0x00,0x00,0x00,0x00,0x00,0x00,0x00,0x00,0x00,
    0x00,0x00,0x00,0x00,0x00,0x00,0x00,0x00,0x00,0x00,0x00,0x76,0xff,0xff,0xff,0xcc,
    0x00,0x00,0x00,0x00,0x00,0x00,0x00,0x00,0x72,0xff,0xff,0xff,0x3c,0x00,0x00,0x00,
    0x00,0x00,0x00,0x00,0x00,0x00,0x00,0x00,0x00,0x00,0x00,0x00,0x00,0x00,0x00,0x00,
    0x00,0x00,0x00,0x00,0x94,0xff,0xff,0xff,0x75,0x00,0x00,0x00,0x00,0x00,0x00,0x00,
    0x00,0x82,0xff,0xff,0xff,0x4e,0x00,0x00,0x00,0x00,0x00,0x00,0x00,0x00,0x00,0x00,
    0x00,0x00,0x00,0x00,0x00,0x00,0x00,0x00,0x00,0x00,0x00,0x00,0x00,0xa2,0xff,0xff,
    0xff,0x33,0x00,0x00,0x00,0x00,0x00,0x00,0x00,0x00,0x99,0xff,0xff,0xff,0x56,0x00,
    0x00,0x00,0x00,0x00,0x00,0x00,0x00,0x00,0x00,0x00,0x00,0x00,0x00,0x00,0x00,0x00,
    0x00,0x00,0x00,0x00,0x00,0x00,0xaf,0xff,0xff,0xfd,0x08,0x00,0x00,0x00,0x00,0x00,
    0x00,0x00,0x00,0xc9,0xff,0xff,0xff,0x48,0x00,0x00,0x00,0x00,0x00,0x00,0x00,0x00,
    0x00,0x00,0x00,0x00,0x00,0x00,0x00,0x00,0x00,0x00,0x00,0x00,0x00,0x00,0x00,0xbd,
    0xff,0xff,0xd9,0x00,0x00,0x00,0x00,0x00,0x00,0x00,0x00,0x11,0xfd,0xff,0xff,0xff,
    0x39,0x00,0x00,0x00,0x00,0x00,0x00,0x00,0x00,0x00,0x00,0x00,0x00,0x00,0x00,0x00,
    0x00,0x00,0x00,0x00,0x00,0x00,0x00,0x00,0xc9,0xff,0xff,0xb3,0x00,0x00,0x00,0x00,
    0x00,0x00,0x00,0x00,0x60,0xff,0xff,0xff,0xff,0x2a,0x00,0x00,0x00,0x00,0x00,0x00,
    0x00,0x00,0x00,0x00,0x00,0x00,0x00,0x00,0x00,0x00,0x00,0x00,0x00,0x00,0x00,0x00,
    0x00,0xc6,0xff,0xff,0xa3,0x00,0x00,0x00,0x00,0x00,0x00,0x00,0x00,0xd0,0xff,0xff,
    0xff,0xfe,0x0d,0x00,0x00,0x00,0x00,0x00,0x00,0x00,0x00,0x00,0x00,0x00,0x00,0x00,
    0x00,0x00,0x00,0x00,0x00,0x00,0x00,0x00,0x00,0x00,0xbf,0xff,0xff,0x97,0x00,0x00,
    0x00,0x00,0x00,0x00,0x00,0x4a,0xff,0xff,0xff,0xff,0xde,0x00,0x00,0x00,0x00,0x00,
    0x00,0x00,0x00,0x00,0x00,0x00,0x00,0x00,0x00,0x00,0x00,0x00,0x00,0x00,0x00,0x00,
    0x00,0x00,0x00,0xb4,0xff,0xff,0x8c,0x00,0x00,0x00,0x00,0x00,0x00,0x07,0xda,0xff,
    0xff,0xff,0xff,0xb1,0x00,0x00,0x00,0x00,0x00,0x00,0x00,0x00,0x00,0x00,0x00,0x00,
    0x00,0x00,0x00,0x00,0x00,0x00,0x00,0x00,0x00,0x00,0x00,0x00,0xa0,0xff,0xff,0x90,
    0x00,0x00,0x00,0x00,0x00,0x00,0x85,0xff,0xff,0xff,0xff,0xff,0x81,0x00,0x00,0x00,
    0x00,0x00,0x00,0x00,0x00,0x00,0x00,0x00,0x00,0x00,0x00,0x00,0x00,0x00,0x00,0x00,
    0x00,0x00,0x00,0x00,0x00,0x8b,0xff,0xff,0x9e,0x00,0x00,0x00,0x00,0x00,0x4f,0xfe,
    0xff,0xff,0xff,0xff,0xff,0x39,0x00,0x00,0x00,0x00,0x00,0x00,0x00,0x00,0x00,0x00,
    0x00,0x00,0x00,0x00,0x00,0x00,0x00,0x00,0x00,0x00,0x00,0x00,0x00,0x00,0x73,0xff,
    0xff,0xac,0x00,0x00,0x00,0x00,0x2a,0xf2,0xff,0xff,0xff,0xff,0xff,0xeb,0x02,0x00,
    0x00,0x00,0x00,0x00,0x00,0x00,0x00,0x00,0x00,0x00,0x00,0x00,0x00,0x00,0x00,0x00,
    0x00,0x00,0x00,0x00,0x00,0x00,0x00,0x54,0xff,0xff,0xbb,0x00,0x00,0x00,0x10,0xda,
    0xff,0xff,0xff,0xff,0xff,0xff,0xa1,0x00,0x00,0x00,0x00,0x00,0x00,0x00,0x00,0x00,
    0x00,0x00,0x00,0x00,0x00,0x00,0x00,0x00,0x00,0x00,0x00,0x00,0x00,0x00,0x00,0x00,
    0x36,0xff,0xff,0xd6,0x00,0x00,0x09,0xbe,0xff,0xff,0xff,0xff,0xff,0xff,0xff,0x42,
    0x00,0x00,0x00,0x00,0x00,0x00,0x00,0x00,0x00,0x00,0x00,0x00,0x00,0x00,0x00,0x00,
    0x00,0x00,0x00,0x00,0x00,0x00,0x00,0x00,0x00,0x17,0xff,0xff,0xf6,0x01,0x08,0xba,
    0xff,0xff,0xff,0xff,0xff,0xff,0xff,0xd7,0x00,0x00,0x00,0x00,0x00,0x00,0x00,0x00,
    0x00,0x00,0x00,0x00,0x00,0x00,0x00,0x00,0x00,0x00,0x00,0x00,0x00,0x00,0x00,0x00,
    0x00,0x00,0x00,0xf4,0xff,0xff,0x1f,0xb6,0xff,0xff,0xff,0xff,0xff,0xff,0xff,0xff,
    0x6d,0x00,0x00,0x00,0x00,0x00,0x00,0x00,0x00,0x00,0x00,0x00,0x00,0x00,0x00,0x00,
    0x00,0x00,0x00,0x00,0x00,0x00,0x00,0x00,0x00,0x00,0x00,0x00,0xd1,0xff,0xff,0xd5,
    0xff,0xff,0xff,0xff,0xff,0xff,0xff,0xff,0xe9,0x0c,0x00,0x00,0x00,0x00,0x00,0x00,
    0x00,0x00,0x00,0x00,0x00,0x00,0x00,0x00,0x00,0x00,0x00,0x00,0x00,0x00,0x00,0x00,
    0x00,0x00,0x00,0x00,0x00,0xad,0xff,0xff,0xff,0xff,0xff,0xff,0xff,0xff,0xff,0xff,
    0xff,0x6b,0x00,0x00,0x00,0x00,0x00,0x00,0x00,0x00,0x00,0x00,0x00,0x00,0x00,0x00,
    0x00,0x00,0x00,0x00,0x00,0x00,0x00,0x00,0x00,0x00,0x00,0x00,0x00,0x00,0x87,0xff,
    0xff,0xff,0xff,0xff,0xff,0xff,0xff,0xff,0xff,0xdb,0x05,0x00,0x00,0x00,0x00,0x00,
    0x00,0x00,0x00,0x00,0x00,0x00,0x00,0x00,0x00,0x00,0x00,0x00,0x00,0x00,0x00,0x00,
    0x00,0x00,0x00,0x00,0x00,0x00,0x00,0x8f,0xff,0xff,0xff,0xff,0xff,0xff,0xff,0xff,
    0xff,0xff,0x4c,0x00,0x00,0x00,0x00,0x00,0x00,0x00,0x00,0x00,0x00,0x00,0x00,0x00,
    0x00,0x00,0x00,0x00,0x00,0x00,0x00,0x00,0x00,0x00,0x00,0x00,0x00,0x00,0x00,0x70,
    0xff,0xff,0xff,0xff,0xff,0xff,0xff,0xff,0xff,0xff,0xa2,0x00,0x00,0x00,0x00,0x00,
    0x00,0x00,0x00,0x00,0x00,0x00,0x00,0x00,0x00,0x00,0x00,0x00,0x00,0x00,0x00,0x00,
    0x00,0x00,0x00,0x00,0x00,0x00,0x00,0x72,0xff,0xff,0xff,0xff,0xff,0xff,0xff,0xff,
    0xff,0xff,0xe7,0x12,0x00,0x00,0x00,0x00,0x00,0x00,0x00,0x00,0x00,0x00,0x00,0x00,
    0x00,0x00,0x00,0x00,0x00,0x00,0x00,0x00,0x00,0x00,0x00,0x00,0x00,0x00,0x00,0x78,
    0xff,0xff,0xff,0xff,0xff,0xff,0xff,0xff,0xff,0xff,0xfb,0x44,0x00,0x00,0x00,0x00,
    0x00,0x00,0x00,0x00,0x00,0x00,0x00,0x00,0x00,0x00,0x00,0x00,0x00,0x00,0x00,0x00,
    0x00,0x00,0x00,0x00,0x00,0x00,0x01,0x8b,0xff,0xff,0xff,0xff,0xff,0xff,0xff,0xff,
    0xff,0xff,0xff,0x6a,0x00,0x00,0x00,0x00,0x00,0x00,0x00,0x00,0x00,0x00,0x00,0x00,
    0x00,0x00,0x00,0x00,0x00,0x00,0x00,0x00,0x00,0x00,0x00,0x00,0x00,0x00,0x02,0x9d,
    0xff,0xff,0xff,0xff,0xff,0xff,0xff,0xff,0xff,0xff,0xff,0x93,0x00,0x00,0x00,0x00,
    0x00,0x00,0x00,0x00,0x00,0x00,0x00,0x00,0x00,0x00,0x00,0x00,0x00,0x00,0x00,0x00,
    0x00,0x00,0x00,0x00,0x00,0x00,0x04,0xa6,0xff,0xff,0xff,0xff,0xff,0xff,0xff,0xff,
    0xff,0xff,0xff,0xbb,0x04,0x00,0x00,0x00,0x00,0x00,0x00,0x00,0x00,0x00,0x00,0x00,
    0x00,0x00,0x00,0x00,0x00,0x00,0x00,0x00,0x00,0x00,0x00,0x00,0x00,0x00,0x03,0xab,
    0xff,0xff,0xff,0xff,0xff,0xff,0xff,0xff,0xff,0xff,0xff,0xd8,0x10,0x00,0x00,0x00,
    0x00,0x00,0x00,0x00,0x00,0x00,0x00,0x00,0x00,0x00,0x00,0x00,0x00,0x00,0x00,0x00,
    0x00,0x00,0x00,0x00,0x00,0x00,0x02,0xa6,0xff,0xff,0xff,0xff,0xff,0xff,0xff,0xff,
    0xff,0xff,0xff,0xf9,0x25,0x00,0x00,0x00,0x00,0x00,0x00,0x00,0x00,0x00,0x00,0x00,
    0x00,0x00,0x00,0x00,0x00,0x00,0x00,0x00,0x00,0x00,0x00,0x00,0x00,0x00,0x00,0x9f,
    0xff,0xff,0xff,0xff,0xff,0xff,0xff,0xff,0xff,0xff,0xff,0xff,0xfe,0x0a,0x00,0x00,
    0x00,0x00,0x00,0x00,0x00,0x00,0x00,0x00,0x00,0x00,0x00,0x00,0x00,0x00,0x00,0x00,
    0x00,0x00,0x00,0x00,0x00,0x00,0x00,0x81,0xff,0xff,0xff,0xff,0xff,0xff,0xff,0xff,
    0xff,0xff,0xff,0xff,0xff,0xff,0x32,0x00,0x00,0x00,0x00,0x00,0x00,0x00,0x00,0x00,
    0x00,0x00,0x00,0x00,0x00,0x00,0x00,0x00,0x00,0x00,0x00,0x00,0x00,0x00,0x00,0x5e,
    0xff,0xff,0xff,0xff,0xff,0xff,0xff,0xff,0xff,0xff,0xff,0xba,0x8c,0xff,0xff,0x5c,
    0x00,0x00,0x00,0x00,0x00,0x00,0x00,0x00,0x00,0x00,0x00,0x00,0x00,0x00,0x00,0x00,
    0x00,0x00,0x00,0x00,0x00,0x00,0x00,0x37,0xf9,0xff,0xff,0xff,0xff,0xff,0xff,0xff,
    0xff,0xff,0xff,0xa7,0x05,0x56,0xff,0xff,0x87,0x00,0x00,0x00,0x00,0x00,0x00,0x00,
    0x00,0x00,0x00,0x00,0x00,0x00,0x00,0x00,0x00,0x00,0x00,0x00,0x00,0x00,0x00,0x0e,
    0xdd,0xff,0xff,0xff,0xff,0xff,0xff,0xff,0xff,0xff,0xff,0x94,0x01,0x00,0x2d,0xff,
    0xff,0xb1,0x00,0x00,0x00,0x00,0x00,0x00,0x00,0x00,0x00,0x00,0x00,0x00,0x00,0x00,
    0x00,0x00,0x00,0x00,0x00,0x00,0x00,0x00,0xa4,0xff,0xff,0xff,0xff,0xff,0xff,0xff,
    0xff,0xff,0xff,0x8b,0x00,0x00,0x00,0x07,0xfc,0xff,0xdb,0x00,0x00,0x00,0x00,0x00,
    0x00,0x00,0x00,0x00,0x00,0x00,0x00,0x00,0x00,0x00,0x00,0x00,0x00,0x00,0x00,0x00,
    0x55,0xff,0xff,0xff,0xff,0xff,0xff,0xff,0xff,0xff,0xff,0x85,0x00,0x00,0x00,0x00,
    0x00,0xda,0xff,0xfd,0x08,0x00,0x00,0x00,0x00,0x00,0x00,0x00,0x00,0x00,0x00,0x00,
    0x00,0x00,0x00,0x00,0x00,0x00,0x00,0x00,0x08,0xe0,0xff,0xff,0xff,0xff,0xff,0xff,
    0xff,0xff,0xff,0x80,0x00,0x00,0x00,0x00,0x00,0x00,0xb1,0xff,0xff,0x2f,0x00,0x00,
    0x00,0x00,0x00,0x00,0x00,0x00,0x00,0x00,0x00,0x00,0x00,0x00,0x00,0x00,0x00,0x00,
    0x00,0x79,0xff,0xff,0xff,0xff,0xff,0xff,0xff,0xff,0xff,0x7c,0x00,0x00,0x00,0x00,
    0x00,0x00,0x00,0x87,0xff,0xff,0x59,0x00,0x00,0x00,0x00,0x00,0x00,0x00,0x00,0x00,
    0x00,0x00,0x00,0x00,0x00,0x00,0x00,0x00,0x00,0x15,0xf3,0xff,0xff,0xff,0xff,0xff,
    0xff,0xff,0xff,0xa6,0x00,0x00,0x00,0x00,0x00,0x00,0x00,0x00,0x5e,0xff,0xff,0x83,
    0x00,0x00,0x00,0x00,0x00,0x00,0x00,0x00,0x00,0x00,0x00,0x00,0x00,0x00,0x00,0x00,
    0x00,0x00,0x7a,0xff,0xff,0xff,0xff,0xff,0xff,0xff,0xff,0xd7,0x0c,0x00,0x00,0x00,
    0x00,0x00,0x00,0x00,0x00,0x34,0xff,0xff,0xae,0x00,0x00,0x00,0x00,0x00,0x00,0x00,
    0x00,0x00,0x00,0x00,0x00,0x00,0x00,0x00,0x00,0x00,0x02,0xdf,0xff,0xff,0xff,0xff,
    0xff,0xff,0xff,0xf5,0x2c,0x00,0x00,0x00,0x00,0x00,0x00,0x00,0x0e,0x6f,0xd7,0xff,
    0xff,0xff,0xee,0xd7,0xc1,0x98,0x51,0x0e,0x00,0x00,0x00,0x00,0x00,0x00,0x00,0x00,
    0x00,0x00,0x00,0x49,0xff,0xff,0xff,0xff,0xff,0xff,0xff,0xff,0x5f,0x00,0x00,0x00,
    0x00,0x00,0x00,0x00,0x54,0xe7,0xff,0xff,0xff,0xff,0xff,0xff,0xff,0xff,0xff,0xff,
    0xfb,0xb1,0x33,0x00,0x00,0x00,0x00,0x00,0x00,0x00,0x00,0x00,0xa9,0xff,0xff,0xff,
    0xff,0xff,0xff,0xff,0xa5,0x00,0x00,0x00,0x00,0x00,0x00,0x02,0x95,0xff,0xff,0xff,
    0xff,0xff,0xff,0xff,0xff,0xff,0xff,0xff,0xff,0xff,0xff,0xff,0xb1,0x1f,0x00,0x00,
    0x00,0x00,0x00,0x00,0x00,0xe9,0xff,0xff,0xff,0xff,0xff,0xff,0xf6,0x1c,0x00,0x00,
    0x00,0x00,0x00,0x02,0xa9,0xff,0xff,0xff,0xff,0xff,0xff,0xff,0xff,0xff,0xff,0xff,
    0xff,0xff,0xff,0xff,0xff,0xff,0xec,0x45,0x00,0x00,0x00,0x00,0x00,0x28,0xff,0xff,
    0xff,0xff,0xff,0xff,0xff,0x84,0x00,0x00,0x00,0x00,0x00,0x00,0x86,0xff,0xff,0xff,
    0xff,0xff,0xff,0xff,0xff,0xff,0xff,0xff,0xff,0xff,0xff,0xff,0xff,0xff,0xff,0xff,
    0xfd,0x68,0x00,0x00,0x00,0x00,0x66,0xff,0xff,0xff,0xff,0xff,0xff,0xf7,0x12,0x00,
    0x00,0x00,0x00,0x00,0x49,0xff,0xff,0xff,0xff,0xff,0xff,0xff,0xff,0xff,0xff,0xff,
    0xff,0xff,0xff,0xff,0xff,0xff,0xff,0xff,0xff,0xff,0xfc,0x49,0x00,0x00,0x00,0x9f,
    0xff,0xff,0xff,0xff,0xff,0xff,0xa0,0x00,0x00,0x00,0x00,0x00,0x06,0xda,0xff,0xff,
    0xff,0xff,0xff,0xff,0xff,0xff,0xff,0xff,0xff,0xff,0xff,0xff,0xff,0xff,0xff,0xff,
    0xff,0xff,0xff,0xff,0xf1,0x28,0x00,0x00,0xb8,0xff,0xff,0xff,0xff,0xff,0xff,0x3b,
    0x00,0x00,0x00,0x00,0x00,0x6b,0xff,0xff,0xff,0xff,0xff,0xff,0xff,0xff,0xff,0xff,
    0xff,0xff,0xac,0xbc,0xe5,0xff,0xff,0xff,0xff,0xff,0xff,0xff,0xff,0xff,0xb6,0x00,
    0x00,0xcc,0xff,0xff,0xff,0xff,0xff,0xef,0x02,0x00,0x00,0x00,0x00,0x00,0xd4,0xff,
    0xff,0xff,0xff,0xff,0xff,0xfa,0xa8,0x40,0xc1,0xff,0xff,0x2c,0x00,0x00,0x2b,0x8d,
    0xf5,0xff,0xff,0xff,0xff,0xff,0xff,0xff,0x41,0x00,0xe0,0xff,0xff,0xff,0xff,0xff,
    0xb0,0x00,0x00,0x00,0x00,0x00,0x34,0xff,0xff,0xff,0xff,0xff,0xff,0xd8,0x25,0x00,
    0x00,0x93,0xff,0xff,0x56,0x00,0x00,0x00,0x00,0x19,0xc0,0xff,0xff,0xff,0xff,0xff,
    0xff,0xbf,0x00,0xf4,0xff,0xff,0xff,0xff,0xff,0x77,0x00,0x00,0x00,0x00,0x00,0x75,
    0xff,0xff,0xff,0xff,0xff,0xbe,0x10,0x00,0x00,0x00,0x66,0xff,0xff,0x81,0x00,0x00,
    0x00,0x00,0x00,0x03,0xa7,0xff,0xff,0xff,0xff,0xff,0xfc,0x13,0xf4,0xff,0xff,0xff,
    0xff,0xff,0x5b,0x00,0x00,0x00,0x00,0x00,0xb0,0xff,0xff,0xff,0xff,0xed,0x13,0x00,
    0x00,0x00,0x00,0x39,0xff,0xff,0xac,0x00,0x00,0x00,0x00,0x00,0x00,0x08,0xcb,0xff,
    0xff,0xff,0xff,0xff,0x5c,0xd8,0xff,0xff,0xff,0xff,0xff,0x45,0x00,0x00,0x00,0x00,
    0x00,0xcc,0xff,0xff,0xff,0xff,0x66,0x00,0x00,0x00,0x00,0x00,0x0d,0xfe,0xff,0xd7,
    0x00,0x00,0x00,0x00,0x00,0x00,0x00,0x38,0xff,0xff,0xff,0xff,0xff,0xa0,0xbb,0xff,
    0xff,0xff,0xff,0xff,0x3a,0x00,0x00,0x00,0x00,0x00,0xe0,0xff,0xff,0xff,0xe7,0x02,
    0x00,0x00,0x00,0x00,0x00,0x00,0xde,0xff,0xfc,0x07,0x00,0x00,0x00,0x00,0x00,0x00,
    0x00,0xbd,0xff,0xff,0xff,0xff,0xbc,0x9f,0xff,0xff,0xff,0xff,0xff,0x50,0x00,0x00,
    0x00,0x00,0x00,0xd9,0xff,0xff,0xff,0xa6,0x00,0x00,0x00,0x00,0x00,0x00,0x00,0xb1,
    0xff,0xff,0x2f,0x00,0x00,0x00,0x00,0x00,0x00,0x00,0x6e,0xff,0xff,0xff,0xff,0xd5,
    0x76,0xff,0xff,0xff,0xff,0xff,0x6a,0x00,0x00,0x00,0x00,0x00,0xbe,0xff,0xff,0xff,
    0x89,0x00,0x00,0x00,0x00,0x00,0x00,0x00,0x83,0xff,0xff,0x5a,0x00,0x00,0x00,0x00,
    0x00,0x00,0x00,0x35,0xff,0xff,0xff,0xff,0xec,0x23,0xff,0xff,0xff,0xff,0xff,0x86,
    0x00,0x00,0x00,0x00,0x00,0x83,0xff,0xff,0xff,0x91,0x00,0x00,0x00,0x00,0x00,0x00,
    0x00,0x56,0xff,0xff,0x87,0x00,0x00,0x00,0x00,0x00,0x00,0x00,0x1c,0xff,0xff,0xff,
    0xff,0xe1,0x00,0xcb,0xff,0xff,0xff,0xff,0xc5,0x00,0x00,0x00,0x00,0x00,0x3a,0xff,
    0xff,0xff,0xb1,0x00,0x00,0x00,0x00,0x00,0x00,0x00,0x29,0xff,0xff,0xb2,0x00,0x00,
    0x00,0x00,0x00,0x00,0x00,0x15,0xff,0xff,0xff,0xff,0xcb,0x00,0x74,0xff,0xff,0xff,
    0xff,0xfe,0x1a,0x00,0x00,0x00,0x00,0x00,0xd1,0xff,0xff,0xef,0x0c,0x00,0x00,0x00,
    0x00,0x00,0x00,0x03,0xf7,0xff,0xde,0x00,0x00,0x00,0x00,0x00,0x00,0x00,0x30,0xff,
    0xff,0xff,0xff,0xa7,0x00,0x18,0xf3,0xff,0xff,0xff,0xff,0x6b,0x00,0x00,0x00,0x00,
    0x00,0x55,0xff,0xff,0xff,0x76,0x00,0x00,0x00,0x00,0x00,0x00,0x00,0xce,0xff,0xfe,
    0x0c,0x00,0x00,0x00,0x00,0x00,0x00,0x4b,0xff,0xff,0xff,0xff,0x65,0x00,0x00,0x76,
    0xff,0xff,0xff,0xff,0xdc,0x07,0x00,0x00,0x00,0x00,0x00,0xb8,0xff,0xff,0xfa,0x46,
    0x00,0x00,0x00,0x00,0x00,0x00,0xa1,0xff,0xff,0x36,0x00,0x00,0x00,0x00,0x00,0x00,
    0x6c,0xff,0xff,0xff,0xff,0x21,0x00,0x00,0x06,0xd9,0xff,0xff,0xff,0xff,0x78,0x00,
    0x00,0x00,0x00,0x00,0x15,0xdd,0xff,0xff,0xf6,0x69,0x00,0x00,0x00,0x00,0x00,0x74,
    0xff,0xff,0x62,0x00,0x00,0x00,0x00,0x00,0x00,0xbe,0xff,0xff,0xff,0xb9,0x00,0x00,
    0x00,0x00,0x46,0xff,0xff,0xff,0xff,0xf3,0x1e,0x00,0x00,0x00,0x00,0x00,0x24,0xd6,
    0xff,0xff,0xff,0xb3,0x16,0x00,0x00,0x00,0x46,0xff,0xff,0x8f,0x00,0x00,0x00,0x00,
    0x00,0x1c,0xfd,0xff,0xff,0xff,0x4b,0x00,0x00,0x00,0x00,0x00,0x7b,0xff,0xff,0xff,
    0xff,0xd4,0x11,0x00,0x00,0x00,0x00,0x00,0x0c,0x90,0xf4,0xff,0xff,0xa8,0x00,0x00,
    0x00,0x19,0xff,0xff,0xbb,0x00,0x00,0x00,0x00,0x00,0x7a,0xff,0xff,0xff,0xbe,0x00,
    0x00,0x00,0x00,0x00,0x00,0x00,0x94,0xff,0xff,0xff,0xff,0xc3,0x08,0x00,0x00,0x00,
    0x00,0x00,0x00,0x11,0x4a,0x6b,0x2c,0x00,0x00,0x00,0x00,0xec,0xff,0xe8,0x00,0x00,
    0x00,0x00,0x2b,0xf5,0xff,0xff,0xf9,0x28,0x00,0x00,0x00,0x00,0x00,0x00,0x00,0x02,
    0xab,0xff,0xff,0xff,0xff,0xcb,0x22,0x00,0x00,0x00,0x00,0x00,0x00,0x00,0x00,0x00,
    0x00,0x00,0x00,0x00,0xbe,0xff,0xff,0x15,0x00,0x00,0x0a,0xd5,0xff,0xff,0xff,0x66,
    0x00,0x00,0x00,0x00,0x00,0x00,0x00,0x00,0x00,0x03,0x88,0xfe,0xff,0xff,0xff,0xf0,
    0x57,0x00,0x00,0x00,0x00,0x00,0x00,0x00,0x00,0x00,0x00,0x00,0x00,0x91,0xff,0xff,
    0x41,0x00,0x15,0xb4,0xff,0xff,0xff,0x8f,0x00,0x00,0x00,0x00,0x00,0x00,0x00,0x00,
    0x00,0x00,0x00,0x00,0x4d,0xef,0xff,0xff,0xff,0xff,0xc8,0x4d,0x01,0x00,0x00,0x00,
    0x00,0x00,0x00,0x00,0x00,0x00,0x64,0xff,0xff,0x6e,0x5d,0xec,0xff,0xff,0xff,0x8c,
    0x01,0x00,0x00,0x00,0x00,0x00,0x00,0x00,0x00,0x00,0x00,0x00,0x00,0x00,0x21,0xb4,
    0xff,0xff,0xff,0xff,0xff,0xd5,0x85,0x40,0x06,0x00,0x00,0x00,0x00,0x00,0x00,0x36,
    0xff,0xff,0xf3,0xff,0xff,0xff,0xf7,0x6a,0x00,0x00,0x00,0x00,0x00,0x00,0x00,0x00,
    0x00,0x00,0x00,0x00,0x00,0x00,0x00,0x00,0x00,0x35,0xb6,0xff,0xff,0xff,0xff,0xff,
    0xff,0xf5,0xd6,0xc0,0xa9,0xa5,0xbf,0xda,0xf5,0xff,0xff,0xff,0xff,0xff,0xbd,0x24,
    0x00,0x00,0x00,0x00,0x00,0x00,0x00,0x00,0x00,0x00,0x00,0x00,0x00,0x00,0x00,0x00,
    0x00,0x00,0x00,0x00,0x36,0x93,0xde,0xff,0xff,0xff,0xff,0xff,0xff,0xff,0xff,0xff,
    0xff,0xff,0xff,0xff,0xff,0xa6,0x39,0x00,0x00,0x00,0x00,0x00,0x00,0x00,0x00,0x00,
    0x00,0x00,0x00,0x00,0x00,0x00,0x00,0x00,0x00,0x00,0x00,0x00,0x00,0x00,0x00,0x00,
    0x29,0x73,0xa2,0xbb,0xd3,0xeb,0xfb,0xf1,0xe5,0xcf,0xad,0xd4,0xff,0xff,0x1b,0x00,
    0x00,0x00,0x00,0x00,0x00,0x00,0x00,0x00,0x00,0x00,0x00,0x00,0x00,0x00,0x00,0x00,
    0x00,0x00,0x00,0x00,0x00,0x00,0x00,0x00,0x00,0x00,0x00,0x00,0x00,0x00,0x00,0x00,
    0x00,0x00,0x00,0x00,0x73,0xff,0xff,0x46,0x00,0x00,0x00,0x00,0x00,0x00,0x00,0x00,
    0x00,0x00,0x00,0x00,0x00,0x00,0x00,0x00,0x00,0x00,0x00,0x00,0x00,0x00,0x00,0x00,
    0x00,0x00,0x00,0x00,0x00,0x00,0x00,0x00,0x00,0x00,0x00,0x00,0x00,0x43,0xff,0xff,
    0x71,0x00,0x00,0x00,0x00,0x00,0x00,0x00,0x00,0x00,0x00,0x00,0x00,0x00,0x00,0x00,
    0x00,0x00,0x00,0x00,0x00,0x00,0x00,0x00,0x00,0x00,0x00,0x00,0x00,0x00,0x00,0x00,
    0x00,0x00,0x00,0x00,0x00,0x00,0x14,0xff,0xff,0x9c,0x00,0x00,0x00,0x00,0x00,0x00,
    0x00,0x00,0x00,0x00,0x00,0x00,0x00,0x00,0x00,0x00,0x00,0x00,0x00,0x00,0x00,0x00,
    0x00,0x00,0x00,0x00,0x00,0x00,0x00,0x00,0x00,0x00,0x00,0x00,0x00,0x00,0x00,0x00,
    0xe3,0xff,0xc7,0x00,0x00,0x00,0x00,0x00,0x00,0x00,0x00,0x00,0x00,0x00,0x00,0x00,
    0x00,0x00,0x00,0x00,0x00,0x00,0x00,0x00,0x00,0x00,0x00,0x00,0x00,0x00,0x00,0x00,
    0x00,0x00,0x00,0x00,0x00,0x00,0x00,0x00,0x00,0xb8,0xff,0xf2,0x00,0x00,0x00,0x00,
    0x00,0x00,0x00,0x00,0x00,0x00,0x00,0x00,0x00,0x00,0x00,0x00,0x00,0x00,0x00,0x00,
    0x00,0x00,0x00,0x00,0x00,0x00,0x00,0x00,0x00,0x00,0x00,0x00,0x00,0x00,0x00,0x00,
    0x00,0x00,0x8f,0xff,0xff,0x1c,0x00,0x00,0x00,0x00,0x00,0x00,0x00,0x00,0x00,0x00,
    0x00,0x00,0x00,0x00,0x00,0x00,0x00,0x00,0x00,0x00,0x00,0x00,0x00,0x00,0x00,0x00,
    0x00,0x00,0x00,0x00,0x00,0x00,0x00,0x00,0x00,0x00,0x00,0x66,0xff,0xff,0x46,0x00,
    0x00,0x00,0x00,0x00,0x00,0x00,0x00,0x00,0x00,0x00,0x00,0x00,0x00,0x00,0x00,0x00,
    0x00,0x00,0x00,0x00,0x00,0x00,0x00,0x00,0x00,0x00,0x00,0x00,0x00,0x00,0x00,0x00,
    0x00,0x00,0x00,0x00,0x3d,0xff,0xff,0x6d,0x00,0x00,0x00,0x00,0x00,0x00,0x00,0x00,
    0x00,0x00,0x00,0x00,0x00,0x00,0x00,0x00,0x00,0x00,0x00,0x00,0x00,0x00,0x00,0x0d,
    0x16,0x02,0x00,0x00,0x00,0x00,0x00,0x00,0x00,0x00,0x00,0x00,0x00,0x1d,0xff,0xff,
    0x90,0x00,0x00,0x00,0x00,0x00,0x00,0x00,0x00,0x00,0x00,0x00,0x00,0x00,0x00,0x00,
    0x00,0x00,0x00,0x00,0x00,0x1a,0x9b,0xea,0xff,0xff,0xfb,0xc0,0x5a,0x00,0x00,0x00,
    0x00,0x00,0x00,0x00,0x00,0x00,0x03,0xfc,0xff,0xb1,0x00,0x00,0x00,0x00,0x00,0x00,
    0x00,0x00,0x00,0x00,0x00,0x00,0x00,0x00,0x00,0x00,0x00,0x00,0x00,0x47,0xea,0xff,
    0xff,0xff,0xff,0xff,0xff,0xff,0xaa,0x11,0x00,0x00,0x00,0x00,0x00,0x00,0x00,0x00,
    0xe2,0xff,0xc5,0x00,0x00,0x00,0x00,0x00,0x00,0x00,0x00,0x00,0x00,0x00,0x00,0x00,
    0x00,0x00,0x00,0x00,0x00,0x55,0xfe,0xff,0xff,0xff,0xff,0xff,0xff,0xff,0xff,0xff,
    0xd6,0x07,0x00,0x00,0x00,0x00,0x00,0x00,0x00,0xce,0xff,0xd6,0x00,0x00,0x00,0x00,
    0x00,0x00,0x00,0x00,0x00,0x00,0x00,0x00,0x00,0x00,0x00,0x00,0x00,0x0b,0xe4,0xff,
    0xff,0xff,0xff,0xff,0xff,0xff,0xff,0xff,0xff,0xff,0x7e,0x00,0x00,0x00,0x00,0x00,
    0x00,0x00,0xc2,0xff,0xe6,0x00,0x00,0x00,0x00,0x00,0x00,0x00,0x00,0x00,0x00,0x00,
    0x00,0x00,0x00,0x00,0x00,0x00,0x83,0xff,0xff,0xff,0xff,0xff,0xff,0xff,0xff,0xff,
    0xff,0xff,0xff,0xf8,0x15,0x00,0x00,0x00,0x00,0x00,0x00,0xb7,0xff,0xf6,0x00,0x00,
    0x00,0x00,0x00,0x00,0x00,0x00,0x00,0x00,0x00,0x00,0x00,0x00,0x00,0x00,0x00,0xe0,
    0xff,0xff,0xff,0xff,0xff,0xff,0xff,0xff,0xff,0xff,0xff,0xff,0xff,0x48,0x00,0x00,
    0x00,0x00,0x00,0x00,0xc1,0xff,0xee,0x00,0x00,0x00,0x00,0x00,0x00,0x00,0x00,0x00,
    0x00,0x00,0x00,0x00,0x00,0x00,0x00,0x16,0xff,0xff,0xff,0xff,0xff,0xff,0xff,0xff,
    0xff,0xff,0xff,0xff,0xff,0xff,0x78,0x00,0x00,0x00,0x00,0x00,0x00,0xd3,0xff,0xde,
    0x00,0x00,0x00,0x00,0x00,0x00,0x00,0x00,0x00,0x00,0x00,0x00,0x00,0x00,0x00,0x00,
    0x2c,0xff,0xff,0xff,0xff,0xff,0xff,0xff,0xff,0xff,0xff,0xff,0xff,0xff,0xff,0x88,
    0x00,0x00,0x00,0x00,0x00,0x02,0xf2,0xff,0xcd,0x00,0x00,0x00,0x00,0x00,0x00,0x00,
    0x00,0x00,0x00,0x00,0x00,0x00,0x00,0x00,0x00,0x23,0xff,0xff,0xff,0xff,0xff,0xff,
    0xff,0xff,0xff,0xff,0xff,0xff,0xff,0xff,0x6b,0x00,0x00,0x00,0x00,0x00,0x2f,0xff,
    0xff,0x9e,0x00,0x00,0x00,0x00,0x00,0x00,0x00,0x00,0x00,0x00,0x00,0x00,0x00,0x00,
    0x00,0x00,0x09,0xfb,0xff,0xff,0xff,0xff,0xff,0xff,0xff,0xff,0xff,0xff,0xff,0xff,
    0xff,0x28,0x00,0x00,0x00,0x00,0x00,0x7c,0xff,0xff,0x63,0x00,0x00,0x00,0x00,0x00,
    0x00,0x00,0x00,0x00,0x00,0x00,0x00,0x00,0x00,0x00,0x00,0x00,0xc0,0xff,0xff,0xff,
    0xff,0xff,0xff,0xff,0xff,0xff,0xff,0xff,0xff,0xa6,0x00,0x00,0x00,0x00,0x00,0x06,
    0xe6,0xff,0xff,0x26,0x00,0x00,0x00,0x00,0x00,0x00,0x00,0x00,0x00,0x00,0x00,0x00,
    0x00,0x00,0x00,0x00,0x00,0x63,0xff,0xff,0xff,0xff,0xff,0xff,0xff,0xff,0xff,0xff,
    0xff,0xef,0x17,0x00,0x00,0x00,0x00,0x00,0x8a,0xff,0xff,0xb6,0x00,0x00,0x00,0x00,
    0x00,0x00,0x00,0x00,0x00,0x00,0x00,0x00,0x00,0x00,0x00,0x00,0x00,0x00,0x04,0xdc,
    0xff,0xff,0xff,0xff,0xff,0xff,0xff,0xff,0xff,0xdf,0x34,0x00,0x00,0x00,0x00,0x00,
    0x62,0xfe,0xff,0xff,0x36,0x00,0x00,0x00,0x00,0x00,0x00,0x00,0x00,0x00,0x00,0x00,
    0x00,0x00,0x00,0x00,0x00,0x00,0x00,0x00,0x36,0xf8,0xff,0xff,0xff,0xff,0xff,0xff,
    0xe9,0x95,0x12,0x00,0x00,0x00,0x00,0x14,0x94,0xff,0xff,0xff,0x9b,0x00,0x00,0x00,
    0x00,0x00,0x00,0x00,0x00,0x00,0x00,0x00,0x00,0x00,0x00,0x00,0x00,0x00,0x00,0x00,
    0x00,0x00,0x55,0xf8,0xff,0xff,0xff,0xff,0xa9,0x2a,0x11,0x04,0x12,0x27,0x5a,0x9c,
    0xf4,0xff,0xff,0xff,0xa3,0x02,0x00,0x00,0x00,0x00,0x00,0x00,0x00,0x00,0x00,0x00,
    0x00,0x00,0x00,0x00,0x00,0x00,0x00,0x00,0x00,0x00,0x00,0x00,0x37,0xde,0xff,0xff,
    0xff,0xff,0xff,0xff,0xff,0xff,0xff,0xff,0xff,0xff,0xff,0xfa,0x8f,0x03,0x00,0x00,
    0x00,0x00,0x00,0x00,0x00,0x00,0x00,0x00,0x00,0x00,0x00,0x00,0x00,0x00,0x00,0x00,
    0x00,0x00,0x00,0x00,0x00,0x00,0x05,0x68,0xd7,0xff,0xff,0xff,0xff,0xff,0xff,0xff,
    0xff,0xff,0xea,0x93,0x22,0x00,0x00,0x00,0x00,0x00,0x00,0x00,0x00,0x00,0x00,0x00,
    0x00,0x00,0x00,0x00,0x00,0x00,0x00,0x00,0x00,0x00,0x00,0x00,0x00,0x00,0x00,0x00,
    0x00,0x00,0x1f,0x64,0x86,0x9b,0xae,0xa7,0x96,0x6f,0x3a,0x04,0x00,0x00,0x00,0x00,
    0x00,0x00,0x00,0x00,0x00,0x00,0x00,0x00,0x00,0x00,0x00,0x00,0x05,0x13,0x13,0x13,
    0x13,0x0a,0x00,0x00,0x00,0x00,0x02,0x00,0x00,0x00,0x00,0x00,0x00,0x00,0x00,0x00,
    0x1d,0x63,0x90,0xaa,0xc5,0xdf,0xd8,0xc3,0xab,0x73,0x31,0x02,0x00,0x00,0x00,0x00,
    0x00,0x00,0x00,0x00,0x00,0xda,0xff,0xff,0xff,0xff,0xf7,0x25,0x00,0x00,0x00,0xbe,
    0x92,0x00,0x00,0x00,0x00,0x00,0x01,0x57,0xc4,0xff,0xff,0xff,0xff,0xff,0xff,0xff,
    0xff,0xff,0xff,0xff,0xe1,0x6f,0x0b,0x00,0x00,0x00,0x00,0x00,0x00,0x00,0xff,0xff,
    0xff,0xff,0xff,0xff,0x43,0x00,0x00,0x00,0xe3,0xb3,0x00,0x00,0x00,0x00,0x24,0xc2,
    0xff,0xff,0xc5,0x64,0x3d,0x1b,0x08,0x20,0x41,0x95,0xef,0xff,0xff,0xff,0xff,0xeb,
    0x4f,0x00,0x00,0x00,0x00,0x00,0x00,0xff,0xff,0xff,0xff,0xff,0xff,0x43,0x00,0x00,
    0x00,0xe3,0xb3,0x00,0x00,0x00,0x27,0xe9,0xff,0xfe,0xa8,0x58,0x18,0x00,0x00,0x00,
    0x00,0x00,0x00,0x1a,0xc4,0xff,0xff,0xff,0xff,0xff,0x95,0x03,0x00,0x00,0x00,0x00,
    0xff,0xff,0xff,0xff,0xff,0xff,0x43,0x00,0x00,0x00,0xe3,0xb3,0x00,0x00,0x04,0xda,
    0xff,0xff,0xff,0xff,0xff,0xf8,0x92,0x01,0x00,0x00,0x00,0x00,0x00,0x0a,0xd6,0xff,
    0xff,0xff,0xff,0xff,0x99,0x00,0x00,0x00,0x00,0xff,0xff,0xff,0xff,0xff,0xff,0x43,
    0x00,0x00,0x00,0xe3,0xb3,0x00,0x00,0x61,0xff,0xff,0xff,0xff,0xff,0xff,0xff,0xff,
    0x80,0x00,0x00,0x00,0x00,0x00,0x00,0x37,0xff,0xff,0xff,0xff,0xff,0xff,0x7a,0x00,
    0x00,0x00,0xff,0xff,0xff,0xff,0xff,0xff,0x43,0x00,0x00,0x00,0xe3,0xb3,0x00,0x00,
    0xa8,0xff,0xff,0xff,0xff,0xff,0xff,0xff,0xff,0xf0,0x00,0x00,0x00,0x00,0x00,0x00,
    0x00,0xc8,0xff,0xff,0xff,0xff,0xff,0xf9,0x23,0x00,0x00,0xff,0xff,0xff,0xff,0xff,
    0xff,0x43,0x00,0x00,0x00,0xe3,0xb3,0x00,0x00,0xce,0xff,0xff,0xff,0xff,0xff,0xff,
    0xff,0xff,0xff,0x20,0x00,0x00,0x00,0x00,0x00,0x00,0x76,0xff,0xff,0xff,0xff,0xff,
    0xff,0xad,0x00,0x00,0xff,0xff,0xff,0xff,0xff,0xff,0x43,0x00,0x00,0x00,0xe3,0xb3,
    0x00,0x00,0xbd,0xff,0xff,0xff,0xff,0xff,0xff,0xff,0xff,0xff,0x2d,0x00,0x00,0x00,
    0x00,0x00,0x00,0x3c,0xff,0xff,0xff,0xff,0xff,0xff,0xff,0x1f,0x00,0xff,0xff,0xff,
    0xff,0xff,0xff,0x43,0x00,0x00,0x00,0xe3,0xb3,0x00,0x00,0x8e,0xff,0xff,0xff,0xff,
    0xff,0xff,0xff,0xff,0xfa,0x05,0x00,0x00,0x00,0x00,0x00,0x00,0x1c,0xff,0xff,0xff,
    0xff,0xff,0xff,0xff,0x6c,0x00,0xff,0xff,0xff,0xff,0xff,0xff,0x43,0x00,0x00,0x00,
    0xe3,0xb3,0x00,0x00,0x25,0xf6,0xff,0xff,0xff,0xff,0xff,0xff,0xff,0xa0,0x00,0x00,
    0x00,0x00,0x00,0x00,0x00,0x0b,0xff,0xff,0xff,0xff,0xff,0xff,0xff,0xba,0x00,0xff,
    0xff,0xff,0xff,0xff,0xff,0x43,0x00,0x00,0x00,0xe3,0xb3,0x00,0x00,0x00,0x62,0xf9,
    0xff,0xff,0xff,0xff,0xff,0xda,0x12,0x00,0x00,0x00,0x00,0x00,0x00,0x00,0x00,0xf9,
    0xff,0xff,0xff,0xff,0xff,0xff,0xe3,0x00,0xff,0xff,0xff,0xff,0xff,0xff,0x43,0x00,
    0x00,0x00,0xe3,0xb3,0x00,0x00,0x00,0x00,0x29,0xa5,0xd6,0xf4,0xcd,0x86,0x0a,0x00,
    0x00,0x00,0x00,0x00,0x00,0x00,0x00,0x00,0xe8,0xff,0xff,0xff,0xff,0xff,0xff,0xfa,
    0x01,0xff,0xff,0xff,0xff,0xff,0xff,0x43,0x00,0x00,0x00,0xe3,0xb3,0x00,0x00,0x00,
    0x00,0x00,0x00,0x00,0x00,0x00,0x00,0x00,0x00,0x00,0x00,0x00,0x00,0x00,0x00,0x00,
    0x00,0xe4,0xff,0xff,0xff,0xff,0xff,0xff,0xff,0x14,0xff,0xff,0xff,0xff,0xff,0xff,
    0x43,0x00,0x00,0x00,0xe3,0xb3,0x00,0x00,0x00,0x00,0x00,0x00,0x00,0x00,0x00,0x00,
    0x00,0x00,0x00,0x00,0x00,0x00,0x00,0x00,0x00,0x00,0xeb,0xff,0xff,0xff,0xff,0xff,
    0xff,0xff,0x15,0xff,0xff,0xff,0xff,0xff,0xff,0x43,0x00,0x00,0x00,0xe3,0xb3,0x00,
    0x00,0x00,0x00,0x00,0x00,0x00,0x00,0x00,0x00,0x00,0x00,0x00,0x00,0x00,0x00,0x00,
    0x00,0x00,0x00,0xf2,0xff,0xff,0xff,0xff,0xff,0xff,0xff,0x04,0xff,0xff,0xff,0xff,
    0xff,0xff,0x43,0x00,0x00,0x00,0xe3,0xb3,0x00,0x00,0x00,0x00,0x00,0x00,0x00,0x00,
    0x00,0x00,0x00,0x00,0x00,0x00,0x00,0x00,0x00,0x00,0x00,0x00,0xfa,0xff,0xff,0xff,
    0xff,0xff,0xff,0xed,0x00,0xff,0xff,0xff,0xff,0xff,0xff,0x43,0x00,0x00,0x00,0xe3,
    0xb3,0x00,0x00,0x00,0x00,0x00,0x12,0x7b,0x1a,0x00,0x00,0x00,0x00,0x00,0x00,0x00,
    0x00,0x00,0x00,0x00,0x15,0xff,0xff,0xff,0xff,0xff,0xff,0xff,0xbb,0x00,0xff,0xff,
    0xff,0xff,0xff,0xff,0x43,0x00,0x00,0x00,0xe3,0xb3,0x00,0x00,0x00,0x00,0x00,0x6f,
    0xff,0x7b,0x00,0x00,0x00,0x00,0x00,0x00,0x00,0x00,0x00,0x00,0x00,0x40,0xff,0xff,
    0xff,0xff,0xff,0xff,0xff,0x84,0x00,0xff,0xff,0xff,0xff,0xff,0xff,0x43,0x00,0x00,
    0x00,0xe3,0xb3,0x00,0x00,0x00,0x00,0x00,0xa9,0xff,0xc2,0x00,0x00,0x00,0x00,0x00,
    0x00,0x00,0x00,0x00,0x00,0x00,0x6c,0xff,0xff,0xff,0xff,0xff,0xff,0xff,0x3a,0x00,
    0xff,0xff,0xff,0xff,0xff,0xff,0x43,0x00,0x00,0x00,0xe3,0xb3,0x00,0x00,0x00,0x00,
    0x00,0xe2,0xff,0xff,0x30,0x00,0x00,0x00,0x00,0x00,0x00,0x00,0x00,0x00,0x00,0x98,
    0xff,0xff,0xff,0xff,0xff,0xff,0xd7,0x00,0x00,0xff,0xff,0xff,0xff,0xff,0xff,0x43,
    0x00,0x00,0x00,0xe3,0xb3,0x00,0x00,0x00,0x00,0x22,0xff,0xff,0xff,0xa7,0x00,0x00,
    0x00,0x00,0x00,0x00,0x00,0x00,0x00,0x05,0xe7,0xff,0xff,0xff,0xff,0xff,0xff,0x6c,
    0x00,0x00,0xff,0xff,0xff,0xff,0xff,0xff,0x43,0x00,0x00,0x00,0xe3,0xb3,0x00,0x00,
    0x00,0x00,0x79,0xff,0xff,0xff,0xfe,0x4d,0x00,0x00,0x00,0x00,0x00,0x00,0x00,0x00,
    0x65,0xff,0xff,0xff,0xff,0xff,0xff,0xd4,0x04,0x00,0x00,0xff,0xff,0xff,0xff,0xff,
    0xff,0x43,0x00,0x00,0x00,0xe3,0xb3,0x00,0x00,0x00,0x00,0xd3,0xff,0xff,0xff,0xff,
    0xf3,0x4e,0x00,0x00,0x00,0x00,0x00,0x00,0x2e,0xf4,0xff,0xff,0xff,0xff,0xff,0xfb,
    0x3e,0x00,0x00,0x00,0xff,0xff,0xff,0xff,0xff,0xff,0x43,0x00,0x00,0x00,0xe3,0xb3,
    0x00,0x00,0x00,0x2f,0xff,0xff,0xff,0xff,0xff,0xff,0xfe,0xaf,0x48,0x1c,0x0a,0x30,
    0x7e,0xf7,0xff,0xff,0xff,0xff,0xff,0xff,0x5f,0x00,0x00,0x00,0x00,0xff,0xff,0xff,
    0xff,0xff,0xff,0x43,0x00,0x00,0x00,0xe3,0xb3,0x00,0x00,0x00,0xb6,0xff,0xff,0xff,
    0xff,0xff,0xff,0xff,0xff,0xff,0xff,0xff,0xff,0xff,0xff,0xff,0xff,0xff,0xff,0xf7,
    0x65,0x00,0x00,0x00,0x00,0x00,0xff,0xff,0xff,0xff,0xff,0xff,0x43,0x00,0x00,0x00,
    0xe3,0xb3,0x00,0x00,0x4a,0xff,0xff,0xff,0xff,0xff,0xff,0xff,0x9d,0xe3,0xff,0xff,
    0xff,0xff,0xff,0xff,0xff,0xff,0xff,0xc7,0x2a,0x00,0x00,0x00,0x00,0x00,0x00,0xff,
    0xff,0xff,0xff,0xff,0xff,0x43,0x00,0x00,0x00,0xe3,0xb3,0x00,0x0b,0xd9,0xff,0xff,
    0xff,0xff,0xff,0xff,0xce,0x02,0x09,0x66,0xbc,0xe8,0xf9,0xfb,0xe1,0xc3,0x90,0x2f,
    0x00,0x00,0x00,0x00,0x00,0x00,0x00,0x00,0xff,0xff,0xff,0xff,0xff,0xff,0x43,0x00,
    0x00,0x00,0xe3,0xb3,0x0a,0xbb,0xff,0xff,0xff,0xff,0xff,0xff,0xf9,0x32,0x00,0x00,
    0x00,0x00,0x00,0x00,0x00,0x00,0x00,0x00,0x00,0x00,0x00,0x00,0x00,0x00,0x00,0x00,
    0x00,0xff,0xff,0xff,0xff,0xff,0xff,0x43,0x00,0x00,0x00,0xe3,0xd7,0xdb,0xff,0xff,
    0xff,0xff,0xff,0xff,0xff,0x69,0x00,0x00,0x00,0x00,0x00,0x00,0x00,0x00,0x00,0x00,
    0x00,0x00,0x00,0x00,0x00,0x00,0x00,0x00,0x00,0x00,0xff,0xff,0xff,0xff,0xff,0xff,
    0x43,0x00,0x00,0x00,0xe3,0xff,0xff,0xff,0xff,0xff,0xff,0xff,0xff,0x72,0x00,0x00,
    0x00,0x00,0x00,0x00,0x00,0x00,0x00,0x00,0x00,0x00,0x00,0x00,0x00,0x00,0x00,0x00,
    0x00,0x00,0x00,0xff,0xff,0xff,0xff,0xff,0xff,0x43,0x00,0x00,0x00,0xe3,0xff,0xff,
    0xff,0xff,0xff,0xff,0xff,0xff,0x71,0x00,0x00,0x00,0x00,0x00,0x00,0x00,0x00,0x00,
    0x00,0x00,0x00,0x00,0x00,0x00,0x00,0x00,0x00,0x00,0x00,0x00,0xff,0xff,0xff,0xff,
    0xff,0xff,0x43,0x00,0x00,0x00,0xe3,0xd8,0xdc,0xff,0xff,0xff,0xff,0xff,0xff,0xff,
    0x67,0x00,0x00,0x00,0x00,0x00,0x00,0x00,0x00,0x00,0x00,0x00,0x00,0x00,0x00,0x00,
    0x00,0x00,0x00,0x00,0x00,0xff,0xff,0xff,0xff,0xff,0xff,0x43,0x00,0x00,0x00,0xe3,
    0xb3,0x09,0xb3,0xff,0xff,0xff,0xff,0xff,0xff,0xf8,0x31,0x00,0x00,0x00,0x00,0x00,
    0x00,0x00,0x00,0x00,0x00,0x00,0x00,0x00,0x00,0x00,0x00,0x00,0x00,0x00,0xff,0xff,
    0xff,0xff,0xff,0xff,0x43,0x00,0x00,0x00,0xe3,0xb3,0x00,0x07,0xce,0xff,0xff,0xff,
    0xff,0xff,0xff,0xcd,0x02,0x08,0x67,0xbe,0xe0,0xf8,0xe7,0xcf,0xaf,0x66,0x19,0x00,
    0x00,0x00,0x00,0x00,0x00,0x00,0x00,0xff,0xff,0xff,0xff,0xff,0xff,0x43,0x00,0x00,
    0x00,0xe3,0xb3,0x00,0x00,0x3c,0xff,0xff,0xff,0xff,0xff,0xff,0xff,0x9c,0xe2,0xff,
    0xff,0xff,0xff,0xff,0xff,0xff,0xff,0xfe,0xa8,0x1e,0x00,0x00,0x00,0x00,0x00,0x00,
    0xff,0xff,0xff,0xff,0xff,0xff,0x43,0x00,0x00,0x00,0xe3,0xb3,0x00,0x00,0x00,0xa7,
    0xff,0xff,0xff,0xff,0xff,0xff,0xff,0xff,0xff,0xff,0xff,0xff,0xff,0xff,0xff,0xff,
    0xff,0xff,0xf6,0x65,0x00,0x00,0x00,0x00,0x00,0xff,0xff,0xff,0xff,0xff,0xff,0x43,
    0x00,0x00,0x00,0xe3,0xb3,0x00,0x00,0x00,0x23,0xff,0xff,0xff,0xff,0xff,0xff,0xfc,
    0xa9,0x46,0x1d,0x0b,0x2f,0x7b,0xf3,0xff,0xff,0xff,0xff,0xff,0xff,0x79,0x00,0x00,
    0x00,0x00,0xff,0xff,0xff,0xff,0xff,0xff,0x43,0x00,0x00,0x00,0xe3,0xb3,0x00,0x00,
    0x00,0x00,0xc8,0xff,0xff,0xff,0xff,0xec,0x42,0x00,0x00,0x00,0x00,0x00,0x00,0x25,
    0xee,0xff,0xff,0xff,0xff,0xff,0xff,0x56,0x00,0x00,0x00,0xff,0xff,0xff,0xff,0xff,
    0xff,0x43,0x00,0x00,0x00,0xe3,0xb3,0x00,0x00,0x00,0x00,0x70,0xff,0xff,0xff,0xfa,
    0x3b,0x00,0x00,0x00,0x00,0x00,0x00,0x00,0x00,0x53,0xff,0xff,0xff,0xff,0xff,0xff,
    0xed,0x19,0x00,0x00,0xff,0xff,0xff,0xff,0xff,0xff,0x43,0x00,0x00,0x00,0xe3,0xb3,
    0x00,0x00,0x00,0x00,0x1c,0xff,0xff,0xff,0x93,0x00,0x00,0x00,0x00,0x00,0x00,0x00,
    0x00,0x00,0x01,0xd9,0xff,0xff,0xff,0xff,0xff,0xff,0x93,0x00,0x00,0xff,0xff,0xff,
    0xff,0xff,0xff,0x43,0x00,0x00,0x00,0xe3,0xb3,0x00,0x00,0x00,0x00,0x00,0xdc,0xff,
    0xfa,0x1e,0x00,0x00,0x00,0x00,0x00,0x00,0x00,0x00,0x00,0x00,0x8d,0xff,0xff,0xff,
    0xff,0xff,0xff,0xf3,0x0f,0x00,0xff,0xff,0xff,0xff,0xff,0xff,0x43,0x00,0x00,0x00,
    0xe3,0xb3,0x00,0x00,0x00,0x00,0x00,0x9f,0xff,0xae,0x00,0x00,0x00,0x00,0x00,0x00,
    0x00,0x00,0x00,0x00,0x00,0x60,0xff,0xff,0xff,0xff,0xff,0xff,0xff,0x62,0x00,0xff,
    0xff,0xff,0xff,0xff,0xff,0x43,0x00,0x00,0x00,0xe3,0xb3,0x00,0x00,0x00,0x00,0x00,
    0x5a,0xff,0x68,0x00,0x00,0x00,0x00,0x00,0x00,0x00,0x00,0x00,0x00,0x00,0x32,0xff,
    0xff,0xff,0xff,0xff,0xff,0xff,0x9f,0x00,0xff,0xff,0xff,0xff,0xff,0xff,0x43,0x00,
    0x00,0x00,0xe3,0xb3,0x00,0x00,0x00,0x00,0x00,0x00,0x22,0x02,0x00,0x00,0x00,0x00,
    0x00,0x00,0x00,0x00,0x00,0x00,0x00,0x08,0xfe,0xff,0xff,0xff,0xff,0xff,0xff,0xdb,
    0x00,0xff,0xff,0xff,0xff,0xff,0xff,0x43,0x00,0x00,0x00,0xe3,0xb3,0x00,0x00,0x00,
    0x00,0x00,0x00,0x00,0x00,0x00,0x00,0x00,0x00,0x00,0x00,0x00,0x00,0x00,0x00,0x00,
    0x00,0xf6,0xff,0xff,0xff,0xff,0xff,0xff,0xfa,0x00,0xff,0xff,0xff,0xff,0xff,0xff,
    0x43,0x00,0x00,0x00,0xe3,0xb3,0x00,0x00,0x00,0x00,0x00,0x00,0x00,0x00,0x00,0x00,
    0x00,0x00,0x00,0x00,0x00,0x00,0x00,0x00,0x00,0x00,0xee,0xff,0xff,0xff,0xff,0xff,
    0xff,0xff,0x0c,0xff,0xff,0xff,0xff,0xff,0xff,0x43,0x00,0x00,0x00,0xe3,0xb3,0x00,
    0x00,0x00,0x00,0x00,0x00,0x00,0x00,0x00,0x00,0x00,0x00,0x00,0x00,0x00,0x00,0x00,
    0x00,0x00,0x00,0xe7,0xff,0xff,0xff,0xff,0xff,0xff,0xff,0x1a,0xff,0xff,0xff,0xff,
    0xff,0xff,0x43,0x00,0x00,0x00,0xe3,0xb3,0x00,0x00,0x00,0x00,0x00,0x3c,0x6d,0x8c,
    0x64,0x23,0x00,0x00,0x00,0x00,0x00,0x00,0x00,0x00,0x00,0x00,0xe3,0xff,0xff,0xff,
    0xff,0xff,0xff,0xff,0x07,0xff,0xff,0xff,0xff,0xff,0xff,0x43,0x00,0x00,0x00,0xe3,
    0xb3,0x00,0x00,0x00,0x1f,0xb9,0xff,0xff,0xff,0xff,0xf9,0x7b,0x00,0x00,0x00,0x00,
    0x00,0x00,0x00,0x00,0x00,0xf2,0xff,0xff,0xff,0xff,0xff,0xff,0xee,0x00,0xff,0xff,
    0xff,0xff,0xff,0xff,0x43,0x00,0x00,0x00,0xe3,0xb3,0x00,0x00,0x05,0xcf,0xff,0xff,
    0xff,0xff,0xff,0xff,0xff,0x5d,0x00,0x00,0x00,0x00,0x00,0x00,0x00,0x04,0xff,0xff,
    0xff,0xff,0xff,0xff,0xff,0xd4,0x00,0xff,0xff,0xff,0xff,0xff,0xff,0x43,0x00,0x00,
    0x00,0xe3,0xb3,0x00,0x00,0x6e,0xff,0xff,0xff,0xff,0xff,0xff,0xff,0xff,0xe7,0x00,
    0x00,0x00,0x00,0x00,0x00,0x00,0x13,0xff,0xff,0xff,0xff,0xff,0xff,0xff,0x93,0x00,
    0xff,0xff,0xff,0xff,0xff,0xff,0x43,0x00,0x00,0x00,0xe3,0xb3,0x00,0x00,0xa9,0xff,
    0xff,0xff,0xff,0xff,0xff,0xff,0xff,0xff,0x1b,0x00,0x00,0x00,0x00,0x00,0x00,0x26,
    0xff,0xff,0xff,0xff,0xff,0xff,0xff,0x46,0x00,0xff,0xff,0xff,0xff,0xff,0xff,0x43,
    0x00,0x00,0x00,0xe3,0xb3,0x00,0x00,0xd1,0xff,0xff,0xff,0xff,0xff,0xff,0xff,0xff,
    0xff,0x31,0x00,0x00,0x00,0x00,0x00,0x00,0x55,0xff,0xff,0xff,0xff,0xff,0xff,0xec,
    0x07,0x00,0xff,0xff,0xff,0xff,0xff,0xff,0x43,0x00,0x00,0x00,0xe3,0xb3,0x00,0x00,
    0xbc,0xff,0xff,0xff,0xff,0xff,0xff,0xff,0xff,0xfd,0x0a,0x00,0x00,0x00,0x00,0x00,
    0x00,0x8f,0xff,0xff,0xff,0xff,0xff,0xff,0x70,0x00,0x00,0xff,0xff,0xff,0xff,0xff,
    0xff,0x43,0x00,0x00,0x00,0xe3,0xb3,0x00,0x00,0x97,0xff,0xff,0xff,0xff,0xff,0xff,
    0xff,0xff,0xb3,0x00,0x00,0x00,0x00,0x00,0x00,0x03,0xe5,0xff,0xff,0xff,0xff,0xff,
    0xdf,0x07,0x00,0x00,0xff,0xff,0xff,0xff,0xff,0xff,0x43,0x00,0x00,0x00,0xe3,0xb3,
    0x00,0x00,0x3b,0xff,0xff,0xff,0xff,0xff,0xff,0xff,0xe8,0x1f,0x00,0x00,0x00,0x00,
    0x00,0x00,0x58,0xff,0xff,0xff,0xff,0xff,0xf8,0x3c,0x00,0x00,0x00,0xff,0xff,0xff,
    0xff,0xff,0xff,0x43,0x00,0x00,0x00,0xe3,0xb3,0x00,0x00,0x00,0xbd,0xff,0xff,0xff,
    0xf9,0xd5,0x96,0x13,0x00,0x00,0x00,0x00,0x00,0x00,0x14,0xe8,0xff,0xff,0xff,0xff,
    0xff,0x5c,0x00,0x00,0x00,0x00,0xff,0xff,0xff,0xff,0xff,0xff,0x43,0x00,0x00,0x00,
    0xe3,0xb3,0x00,0x00,0x00,0x15,0xdc,0xff,0xff,0xaa,0x18,0x00,0x00,0x00,0x00,0x00,
    0x00,0x00,0x1f,0xd3,0xff,0xff,0xff,0xff,0xf6,0x5e,0x00,0x00,0x00,0x00,0x00,0xff,
    0xff,0xff,0xff,0xff,0xff,0x43,0x00,0x00,0x00,0xe3,0xb3,0x00,0x00,0x00,0x00,0x1a,
    0xbb,0xff,0xff,0xef,0x76,0x25,0x01,0x00,0x0a,0x2f,0x8d,0xef,0xff,0xff,0xff,0xff,
    0xd8,0x30,0x00,0x00,0x00,0x00,0x00,0x00,0xe7,0xff,0xff,0xff,0xff,0xfe,0x2c,0x00,
    0x00,0x00,0xcb,0x9e,0x00,0x00,0x00,0x00,0x00,0x01,0x59,0xce,0xff,0xff,0xff,0xfa,
    0xef,0xff,0xff,0xff,0xff,0xff,0xff,0xdd,0x61,0x04,0x00,0x00,0x00,0x00,0x00,0x00,
    0x00,0x10,0x2b,0x2b,0x2b,0x2b,0x1c,0x00,0x00,0x00,0x00,0x0b,0x06,0x00,0x00,0x00,
    0x00,0x00,0x00,0x00,0x00,0x2d,0x77,0xa6,0xc2,0xdd,0xf7,0xef,0xd9,0xbe,0x7f,0x36,
    0x02,0x00,0x00,0x00,0x00,0x00,0x00,0x00,0x00,0x00,0x00,0x00,0x00,0x00,0x00,0x00,
    0x00,0x00,0x00,0x00,0x00,0x1e,0x73,0xa6,0xc6,0xe6,0xf8,0xe4,0xce,0xb8,0x97,0x50,
    0x0e,0x00,0x00,0x00,0x00,0x00,0x00,0x00,0x00,0x00,0x00,0x00,0x00,0x00,0x00,0x00,
    0x00,0x00,0x00,0x00,0x00,0x00,0x00,0x00,0x00,0x00,0x00,0x00,0x00,0x03,0x5c,0xc5,
    0xfe,0xff,0xff,0xff,0xff,0xff,0xff,0xff,0xff,0xff,0xff,0xfa,0xc0,0x4d,0x00,0x00,
    0x00,0x00,0x00,0x00,0x00,0x00,0x00,0x00,0x00,0x00,0x00,0x00,0x00,0x00,0x00,0x00,
    0x00,0x00,0x00,0x00,0x00,0x00,0x00,0x44,0xd7,0xff,0xff,0xf9,0xb7,0x96,0x7c,0x67,
    0x7a,0x98,0xdf,0xff,0xff,0xff,0xff,0xff,0xff,0xc3,0x3b,0x00,0x00,0x00,0x00,0x00,
    0x00,0x00,0x00,0x00,0x00,0x00,0x00,0x00,0x00,0x00,0x00,0x00,0x00,0x00,0x00,0x00,
    0x00,0x73,0xfd,0xff,0xdd,0x6f,0x13,0x00,0x00,0x00,0x00,0x00,0x00,0x01,0x45,0xd8,
    0xff,0xff,0xff,0xff,0xff,0xfe,0x78,0x00,0x00,0x00,0x00,0x00,0x00,0x00,0x00,0x00,
    0x00,0x00,0x00,0x00,0x00,0x00,0x00,0x00,0x00,0x00,0x05,0x9c,0xff,0xff,0xa9,0x0d,
    0x00,0x00,0x00,0x00,0x00,0x00,0x00,0x00,0x00,0x00,0x0d,0xb1,0xff,0xff,0xff,0xff,
    0xff,0xff,0x96,0x03,0x00,0x00,0x00,0x00,0x00,0x00,0x00,0x00,0x3d,0x65,0x2d,0x00,
    0x00,0x00,0x00,0x00,0x00,0x8e,0xff,0xff,0x9c,0x00,0x00,0x00,0x00,0x00,0x00,0x00,
    0x00,0x00,0x00,0x00,0x00,0x00,0x09,0xd1,0xff,0xff,0xff,0xff,0xff,0xff,0x95,0x00,
    0x00,0x00,0x00,0x00,0x00,0x00,0xa4,0xff,0xff,0xfe,0x79,0x00,0x00,0x00,0x00,0x48,
    0xfe,0xff,0xc5,0x06,0x00,0x00,0x00,0x00,0x00,0x00,0x00,0x00,0x00,0x00,0x00,0x00,
    0x00,0x00,0x27,0xfa,0xff,0xff,0xff,0xff,0xff,0xff,0x4d,0x00,0x00,0x00,0x00,0x00,
    0x56,0xff,0xff,0xff,0xff,0xfd,0x2b,0x00,0x00,0x12,0xe9,0xff,0xfe,0x2d,0x00,0x00,
    0x00,0x00,0x00,0x00,0x00,0x00,0x00,0x00,0x00,0x00,0x00,0x00,0x00,0x00,0xa2,0xff,
    0xff,0xff,0xff,0xff,0xff,0xea,0x17,0x00,0x00,0x00,0x00,0x97,0xff,0xff,0xff,0xff,
    0xff,0x6a,0x00,0x00,0x73,0xff,0xff,0xa6,0x00,0x00,0x00,0x00,0x00,0x00,0x00,0x00,
    0x00,0x00,0x00,0x00,0x00,0x00,0x00,0x00,0x00,0x2f,0xff,0xff,0xff,0xff,0xff,0xff,
    0xff,0x8b,0x00,0x00,0x00,0x00,0x86,0xff,0xff,0xff,0xff,0xff,0x58,0x00,0x00,0xd9,
    0xff,0xff,0x47,0x0f,0x5c,0x85,0x95,0x73,0x27,0x00,0x00,0x00,0x00,0x00,0x00,0x00,
    0x00,0x00,0x00,0x00,0x00,0xd9,0xff,0xff,0xff,0xff,0xff,0xff,0xef,0x0b,0x00,0x00,
    0x00,0x28,0xf7,0xff,0xff,0xff,0xe3,0x0e,0x00,0x3f,0xff,0xff,0xf8,0x70,0xee,0xff,
    0xff,0xff,0xff,0xfe,0x92,0x0b,0x00,0x00,0x00,0x00,0x00,0x00,0x00,0x00,0x00,0x00,
    0x95,0xff,0xff,0xff,0xff,0xff,0xff,0xff,0x6a,0x00,0x00,0x00,0x00,0x40,0xcc,0xf2,
    0xbb,0x28,0x00,0x00,0x74,0xff,0xff,0xff,0xff,0xff,0xff,0xff,0xff,0xff,0xff,0xff,
    0xdc,0x15,0x00,0x00,0x00,0x00,0x00,0x00,0x00,0x00,0x00,0x52,0xff,0xff,0xff,0xff,
    0xff,0xff,0xff,0xc2,0x00,0x00,0x00,0x00,0x00,0x00,0x00,0x00,0x00,0x00,0x00,0x95,
    0xff,0xff,0xff,0xff,0xff,0xff,0xff,0xff,0xff,0xff,0xff,0xff,0xb0,0x00,0x00,0x00,
    0x00,0x00,0x00,0x00,0x00,0x00,0x28,0xff,0xff,0xff,0xff,0xff,0xff,0xff,0xf7,0x06,
    0x00,0x00,0x00,0x00,0x00,0x00,0x00,0x00,0x00,0x00,0xb5,0xff,0xff,0xff,0xff,0xff,
    0xff,0xff,0xff,0xff,0xff,0xff,0xff,0xff,0x57,0x00,0x00,0x00,0x00,0x00,0x00,0x00,
    0x00,0x08,0xfe,0xff,0xff,0xff,0xff,0xff,0xff,0xff,0x38,0x00,0x00,0x00,0x00,0x00,
    0x00,0x00,0x00,0x00,0x00,0xc0,0xff,0xff,0xff,0xff,0xff,0xff,0xff,0xff,0xff,0xff,
    0xff,0xff,0xff,0xb3,0x00,0x00,0x00,0x00,0x00,0x00,0x00,0x00,0x00,0xe3,0xff,0xff,
    0xff,0xff,0xff,0xff,0xff,0x71,0x00,0x00,0x00,0x00,0x00,0x00,0x00,0x00,0x00,0x00,
    0x9e,0xff,0xff,0xff,0xff,0xff,0xff,0xff,0xff,0xff,0xff,0xff,0xff,0xff,0xdc,0x00,
    0x00,0x00,0x00,0x00,0x00,0x00,0x00,0x00,0xcd,0xff,0xff,0xff,0xff,0xff,0xff,0xff,
    0x8c,0x00,0x00,0x00,0x00,0x00,0x00,0x00,0x00,0x00,0x00,0x7c,0xff,0xff,0xff,0xff,
    0xff,0xff,0xff,0xff,0xff,0xff,0xff,0xff,0xff,0xdf,0x00,0x00,0x00,0x00,0x00,0x00,
    0x00,0x00,0x00,0xc3,0xff,0xff,0xff,0xff,0xff,0xff,0xff,0x9e,0x00,0x00,0x00,0x00,
    0x00,0x00,0x00,0x00,0x00,0x00,0x58,0xff,0xff,0xff,0xff,0xff,0xff,0xff,0xff,0xff,
    0xff,0xff,0xff,0xff,0xc1,0x00,0x00,0x00,0x00,0x00,0x00,0x00,0x00,0x00,0xb9,0xff,
    0xff,0xff,0xff,0xff,0xff,0xff,0xb0,0x00,0x00,0x00,0x00,0x00,0x00,0x00,0x00,0x00,
    0x00,0x0b,0xe9,0xff,0xff,0xff,0xff,0xff,0xff,0xff,0xff,0xff,0xff,0xff,0xff,0x7a,
    0x00,0x00,0x00,0x00,0x00,0x00,0x00,0x00,0x00,0xaf,0xff,0xff,0xff,0xff,0xff,0xff,
    0xff,0xc1,0x00,0x00,0x00,0x00,0x00,0x00,0x00,0x00,0x00,0x00,0x00,0x70,0xff,0xff,
    0xff,0xff,0xff,0xff,0xff,0xff,0xff,0xff,0xff,0xe0,0x0f,0x00,0x00,0x00,0x00,0x00,
    0x00,0x00,0x00,0x00,0xba,0xff,0xff,0xff,0xff,0xff,0xff,0xff,0xb2,0x00,0x00,0x00,
    0x00,0x00,0x00,0x00,0x00,0x00,0x00,0x00,0x07,0xd9,0xff,0xff,0xff,0xff,0xff,0xff,
    0xff,0xff,0xff,0xfd,0x3d,0x00,0x00,0x00,0x00,0x00,0x00,0x00,0x00,0x00,0x00,0xcd,
    0xff,0xff,0xff,0xff,0xff,0xff,0xff,0x97,0x00,0x00,0x00,0x01,0x4d,0x75,0x3c,0x00,
    0x00,0x00,0x00,0x00,0x1a,0xcb,0xff,0xff,0xff,0xff,0xff,0xff,0xff,0xdd,0x48,0x00,
    0x00,0x00,0x00,0x00,0x00,0x00,0x00,0x00,0x00,0x00,0xe0,0xff,0xff,0xff,0xff,0xff,
    0xff,0xff,0x7c,0x00,0x00,0x02,0xb3,0xff,0xff,0xff,0x87,0x00,0x00,0x00,0x00,0x00,
    0x02,0x5c,0xb4,0xe5,0xf8,0xd9,0xad,0x73,0x08,0x00,0x00,0x00,0x00,0x00,0x00,0x00,
    0x00,0x00,0x00,0x00,0x08,0xfb,0xff,0xff,0xff,0xff,0xff,0xff,0xff,0x61,0x00,0x00,
    0x5d,0xff,0xff,0xff,0xff,0xfe,0x31,0x00,0x00,0x00,0x00,0x00,0x00,0x00,0x00,0x00,
    0x00,0x00,0x00,0x00,0x00,0x00,0x00,0x00,0x00,0x00,0x00,0x00,0x00,0x00,0x00,0x37,
    0xff,0xff,0xff,0xff,0xff,0xff,0xff,0xff,0x2e,0x00,0x00,0x9a,0xff,0xff,0xff,0xff,
    0xff,0x6c,0x00,0x00,0x00,0x00,0x00,0x00,0x00,0x00,0x00,0x00,0x00,0x00,0x00,0x00,
    0x00,0x00,0x00,0x00,0x00,0x00,0x00,0x00,0x00,0x00,0x6b,0xff,0xff,0xff,0xff,0xff,
    0xff,0xff,0xe0,0x00,0x00,0x00,0x98,0xff,0xff,0xff,0xff,0xff,0x55,0x00,0x00,0x00,
    0x00,0x00,0x00,0x00,0x00,0x00,0x00,0x00,0x00,0x00,0x00,0x00,0x00,0x00,0x00,0x00,
    0x00,0x00,0x00,0x00,0x00,0xa3,0xff,0xff,0xff,0xff,0xff,0xff,0xff,0x93,0x00,0x00,
    0x00,0x38,0xfb,0xff,0xff,0xff,0xe0,0x0c,0x00,0x00,0x00,0x00,0x00,0x00,0x00,0x00,
    0x00,0x00,0x00,0x00,0x00,0x00,0x00,0x00,0x00,0x00,0x00,0x00,0x00,0x00,0x00,0x03,
    0xec,0xff,0xff,0xff,0xff,0xff,0xff,0xff,0x45,0x00,0x00,0x00,0x00,0x45,0xcc,0xf2,
    0xb9,0x24,0x00,0x00,0x00,0x00,0x00,0x00,0x00,0x00,0x00,0x00,0x00,0x00,0x00,0x00,
    0x00,0x00,0x00,0x00,0x00,0x00,0x00,0x00,0x00,0x00,0x3f,0xff,0xff,0xff,0xff,0xff,
    0xff,0xff,0xe5,0x05,0x00,0x00,0x00,0x00,0x00,0x00,0x00,0x00,0x00,0x00,0x00,0x00,
    0x00,0x00,0x00,0x00,0x00,0x00,0x00,0x00,0x00,0x00,0x00,0x00,0x00,0x00,0x00,0x00,
    0x00,0x00,0x00,0x00,0x00,0x8e,0xff,0xff,0xff,0xff,0xff,0xff,0xff,0x70,0x00,0x00,
    0x00,0x00,0x00,0x00,0x00,0x00,0x00,0x00,0x00,0x00,0x00,0x00,0x00,0x00,0x00,0x00,
    0x00,0x00,0x00,0x00,0x00,0x00,0x00,0x00,0x00,0x00,0x00,0x00,0x00,0x00,0x00,0x04,
    0xe6,0xff,0xff,0xff,0xff,0xff,0xff,0xea,0x0a,0x00,0x00,0x00,0x00,0x00,0x00,0x00,
    0x00,0x00,0x00,0x00,0x00,0x00,0x00,0x00,0x00,0x00,0x00,0x00,0x00,0x00,0x00,0x00,
    0x00,0x00,0x00,0x00,0x00,0x00,0x00,0x00,0x00,0x00,0x54,0xff,0xff,0xff,0xff,0xff,
    0xff,0xff,0x79,0x00,0x00,0x00,0x00,0x00,0x00,0x00,0x00,0x00,0x00,0x00,0x00,0x00,
    0x00,0x00,0x00,0x00,0x00,0x00,0x00,0x00,0x00,0x00,0x00,0x00,0x00,0x00,0x00,0x00,
    0x00,0x00,0x00,0x00,0x00,0xbc,0xff,0xff,0xff,0xff,0xff,0xff,0xe5,0x0d,0x00,0x00,
    0x00,0x00,0x00,0x00,0x00,0x00,0x00,0x00,0x00,0x00,0x00,0x00,0x00,0x00,0x00,0x00,
    0x00,0x00,0x00,0x00,0x00,0x00,0x00,0x00,0x00,0x00,0x00,0x00,0x00,0x00,0x00,0x2a,
    0xfe,0xff,0xff,0xff,0xff,0xff,0xff,0x4e,0x00,0x00,0x00,0x00,0x00,0x00,0x00,0x00,
    0x00,0x00,0x00,0x00,0x00,0x00,0x00,0x00,0x00,0x00,0x00,0x00,0x00,0x00,0x00,0x00,
    0x00,0x00,0x00,0x00,0x00,0x00,0x00,0x00,0x00,0x00,0xa9,0xff,0xff,0xff,0xff,0xff,
    0xff,0xa7,0x00,0x00,0x00,0x00,0x00,0x00,0x00,0x00,0x00,0x00,0x00,0x00,0x00,0x00,
    0x00,0x00,0x00,0x00,0x00,0x00,0x00,0x00,0x00,0x00,0x00,0x00,0x00,0x00,0x00,0x00,
    0x00,0x00,0x00,0x00,0x2d,0xfe,0xff,0xff,0xff,0xff,0xff,0xec,0x15,0x00,0x00,0x00,
    0x00,0x00,0x00,0x00,0x00,0x00,0x00,0x00,0x00,0x00,0x00,0x00,0x00,0x00,0x00,0x00,
    0x00,0x00,0x00,0x00,0x00,0x00,0x00,0x00,0x00,0x00,0x00,0x00,0x00,0x00,0x00,0xaf,
    0xff,0xff,0xff,0xff,0xff,0xfe,0x4e,0x00,0x00,0x00,0x00,0x00,0x00,0x00,0x00,0x00,
    0x00,0x00,0x00,0x00,0x00,0x00,0x00,0x00,0x00,0x00,0x00,0x00,0x00,0x00,0x00,0x00,
    0x00,0x00,0x00,0x00,0x00,0x00,0x00,0x00,0x00,0x46,0xff,0xff,0xff,0xff,0xff,0xff,
    0x7c,0x00,0x00,0x00,0x00,0x00,0x00,0x00,0x00,0x00,0x00,0x00,0x00,0x00,0x00,0x00,
    0x00,0x00,0x00,0x00,0x00,0x00,0x00,0x00,0x00,0x00,0x00,0x00,0x00,0x00,0x00,0x00,
    0x00,0x00,0x00,0x09,0xdd,0xff,0xff,0xff,0xff,0xff,0xac,0x01,0x00,0x00,0x00,0x00,
    0x00,0x00,0x00,0x00,0x00,0x00,0x00,0x00,0x00,0x00,0x00,0x00,0x00,0x00,0x00,0x00,
    0x00,0x00,0x00,0x00,0x00,0x00,0x00,0x00,0x00,0x00,0x00,0x00,0x00,0x00,0x87,0xff,
    0xff,0xff,0xff,0xff,0xd0,0x0b,0x00,0x00,0x00,0x00,0x00,0x00,0x00,0x00,0x00,0x00,
    0x00,0x00,0x00,0x00,0x00,0x00,0x00,0x00,0x00,0x00,0x00,0x00,0x00,0x00,0x00,0x00,
    0x00,0x00,0x00,0x00,0x00,0x00,0x00,0x00,0x41,0xfc,0xff,0xff,0xff,0xff,0xd7,0x17,
    0x00,0x00,0x00,0x00,0x00,0x00,0x00,0x00,0x00,0x00,0x00,0x00,0x00,0x00,0x00,0x00,
    0x00,0x00,0x00,0x00,0x00,0x00,0x00,0x00,0x00,0x00,0x00,0x00,0x00,0x00,0x00,0x00,
    0x00,0x00,0x1b,0xe9,0xff,0xff,0xff,0xff,0xdc,0x1a,0x00,0x00,0x00,0x00,0x00,0x00,
    0x00,0x00,0x00,0x00,0x00,0x00,0x00,0x00,0x00,0x00,0x00,0x00,0x00,0x00,0x00,0x00,
    0x00,0x00,0x00,0x00,0x00,0x00,0x00,0x00,0x00,0x00,0x00,0x00,0x07,0xc5,0xff,0xff,
    0xff,0xff,0xe0,0x1e,0x00,0x00,0x00,0x00,0x00,0x00,0x00,0x00,0x00,0x00,0x00,0x00,
    0x00,0x00,0x00,0x00,0x00,0x00,0x00,0x00,0x00,0x00,0x00,0x00,0x00,0x00,0x00,0x00,
    0x00,0x00,0x00,0x00,0x00,0x00,0x06,0xb5,0xff,0xff,0xff,0xff,0xd4,0x1e,0x00,0x00,
    0x00,0x00,0x00,0x00,0x00,0x00,0x00,0x00,0x00,0x00,0x00,0x00,0x00,0x00,0x00,0x00,
    0x00,0x00,0x00,0x00,0x00,0x00,0x00,0x00,0x00,0x00,0x00,0x00,0x00,0x00,0x00,0x00,
    0x06,0xb3,0xff,0xff,0xff,0xff,0xbf,0x10,0x00,0x00,0x00,0x00,0x00,0x00,0x00,0x00,
    0x00,0x00,0x00,0x00,0x00,0x00,0x00,0x00,0x00,0x00,0x00,0x00,0x00,0x00,0x00,0x00,
    0x00,0x00,0x00,0x00,0x00,0x00,0x00,0x00,0x00,0x00,0x11,0xbd,0xff,0xff,0xff,0xff,
    0xa6,0x06,0x00,0x00,0x00,0x00,0x00,0x00,0x00,0x00,0x00,0x00,0x00,0x00,0x00,0x00,
    0x00,0x00,0x00,0x00,0x00,0x00,0x00,0x00,0x00,0x00,0x00,0x00,0x00,0x00,0x00,0x00,
    0x00,0x00,0x00,0x00,0x27,0xda,0xff,0xff,0xff,0xfb,0x75,0x01,0x00,0x00,0x00,0x00,
    0x00,0x00,0x00,0x00,0x00,0x00,0x00,0x00,0x00,0x00,0x00,0x00,0x00,0x00,0x00,0x00,
    0x00,0x00,0x00,0x00,0x00,0x00,0x00,0x00,0x00,0x00,0x00,0x00,0x00,0x00,0x50,0xef,
    0xff,0xff,0xff,0xe3,0x3b,0x00,0x00,0x00,0x00,0x00,0x00,0x00,0x00,0x00,0x00,0x00,
    0x00,0x00,0x00,0x00,0x00,0x00,0x00,0x00,0x00,0x00,0x00,0x00,0x00,0x00,0x00,0x00,
    0x00,0x00,0x00,0x00,0x00,0x00,0x00,0x06,0x8e,0xff,0xff,0xff,0xff,0xb3,0x14,0x00,
    0x00,0x00,0x00,0x00,0x00,0x00,0x00,0x00,0x00,0x00,0x00,0x00,0x00,0x00,0x00,0x00,
    0x00,0x00,0x00,0x00,0x00,0x00,0x00,0x00,0x00,0x00,0x00,0x00,0x00,0x00,0x00,0x00,
    0x00,0x2e,0xd0,0xff,0xff,0xff,0xef,0x60,0x00,0x00,0x00,0x00,0x00,0x00,0x00,0x00,
    0x00,0x00,0x00,0x00,0x00,0x00,0x00,0x00,0x00,0x00,0x00,0x00,0x00,0x00,0x00,0x00,
    0x00,0x00,0x00,0x00,0x00,0x00,0x00,0x00,0x00,0x00,0x06,0x7d,0xf9,0xff,0xff,0xff,
    0xb5,0x1b,0x00,0x00,0x00,0x00,0x00,0x00,0x00,0x00,0x00,0x00,0x00,0x00,0x00,0x00,
    0x00,0x00,0x00,0x00,0x00,0x00,0x00,0x00,0x00,0x00,0x00,0x00,0x00,0x00,0x00,0x00,
    0x00,0x00,0x00,0x00,0x42,0xd7,0xff,0xff,0xff,0xe8,0x5f,0x00,0x00,0x00,0x00,0x00,
    0x00,0x00,0x00,0x00,0x00,0x00,0x00,0x00,0x00,0x00,0x00,0x00,0x00,0x00,0x00,0x00,
    0x00,0x00,0x00,0x00,0x00,0x00,0x00,0x00,0x00,0x00,0x00,0x00,0x00,0x28,0xb0,0xff,
    0xff,0xff,0xf4,0x81,0x0c,0x00,0x00,0x00,0x00,0x00,0x00,0x00,0x00,0x00,0x00,0x00,
    0x00,0x00,0x00,0x00,0x00,0x00,0x00,0x00,0x00,0x00,0x00,0x00,0x00,0x00,0x00,0x00,
    0x00,0x00,0x00,0x00,0x00,0x00,0x22,0xa2,0xfc,0xff,0xff,0xfc,0x9a,0x19,0x00,0x00,
    0x00,0x00,0x00,0x00,0x00,0x00,0x00,0x00,0x00,0x00,0x00,0x00,0x00,0x00,0x00,0x00,
    0x00,0x00,0x00,0x00,0x00,0x00,0x00,0x00,0x00,0x00,0x00,0x00,0x00,0x00,0x00,0x00,
    0x00,0xd1,0xff,0xff,0xfa,0x9d,0x23,0x00,0x00,0x00,0x00,0x00,0x00,0x00,0x00,0x00,
    0x00,0x00,0x00,0x00,0x00,0x00,0x00,0x00,0x00,0x00,0x00,0x00,0x00,0x00,0x00,0x00,
    0x00,0x00,0x00,0x00,0x00,0x00,0x00,0x00,0x00,0x00,0x00,0x00,0xad,0xe9,0x89,0x1b,
    0x00,0x00,0x00,0x00,0x00,0x00,0x00,0x00,0x00,0x00,0x00,0x00,0x00,0x00,0x00,0x00,
    0x00,0x00,0x00,0x00,0x00,0x00,0x00,0x00,0x00,0x00,0x00,0x00,0x00,0x00,0x00,0x00,
    0x00,0x00,0x00,0x00,0x00,0x00,0x00,0x00,0x00,0x00,0x00,0x00,0x00,0x00,0x00,0x02,
    0x4b,0xa8,0xd0,0xf1,0xec,0xca,0x9c,0x3a,0x00,0x00,0x00,0x00,0x00,0x00,0x00,0x00,
    0x00,0x00,0x00,0x00,0x00,0x00,0x00,0x48,0xe0,0xff,0xff,0xff,0xff,0xff,0xff,0xff,
    0xff,0xcf,0x30,0x00,0x00,0x00,0x00,0x00,0x00,0x00,0x00,0x00,0x00,0x00,0x02,0x8e,
    0xfe,0xff,0xff,0xff,0xf3,0xba,0xc3,0xf9,0xff,0xff,0xff,0xf9,0x6d,0x00,0x00,0x00,
    0x00,0x00,0x00,0x00,0x00,0x00,0x00,0x97,0xff,0xff,0xff,0xff,0xa8,0x06,0x00,0x00,
    0x12,0xc7,0xff,0xff,0xff,0xff,0x6d,0x00,0x00,0x00,0x00,0x00,0x00,0x00,0x00,0x7a,
    0xff,0xff,0xff,0xff,0xd6,0x02,0x00,0x00,0x00,0x00,0x10,0xf3,0xff,0xff,0xff,0xfe,
    0x54,0x00,0x00,0x00,0x00,0x00,0x00,0x2b,0xfa,0xff,0xff,0xff,0xff,0x6c,0x00,0x00,
    0x00,0x00,0x00,0x00,0x99,0xff,0xff,0xff,0xff,0xea,0x11,0x00,0x00,0x00,0x00,0x00,
    0xc1,0xff,0xff,0xff,0xff,0xff,0x3d,0x00,0x00,0x00,0x00,0x00,0x00,0x6a,0xff,0xff,
    0xff,0xff,0xff,0x98,0x00,0x00,0x00,0x00,0x42,0xff,0xff,0xff,0xff,0xff,0xff,0x25,
    0x00,0x00,0x00,0x00,0x00,0x00,0x51,0xff,0xff,0xff,0xff,0xff,0xfc,0x1b,0x00,0x00,
    0x00,0xa7,0xff,0xff,0xff,0xff,0xff,0xff,0x23,0x00,0x00,0x00,0x00,0x00,0x00,0x4f,
    0xff,0xff,0xff,0xff,0xff,0xff,0x7d,0x00,0x00,0x12,0xf9,0xff,0xff,0xff,0xff,0xff,
    0xff,0x23,0x00,0x00,0x00,0x00,0x00,0x00,0x4f,0xff,0xff,0xff,0xff,0xff,0xff,0xe1,
    0x00,0x00,0x4f,0xff,0xff,0xff,0xff,0xff,0xff,0xff,0x23,0x00,0x00,0x00,0x00,0x00,
    0x00,0x4f,0xff,0xff,0xff,0xff,0xff,0xff,0xff,0x25,0x00,0x89,0xff,0xff,0xff,0xff,
    0xff,0xff,0xff,0x23,0x00,0x00,0x00,0x00,0x00,0x00,0x4f,0xff,0xff,0xff,0xff,0xff,
    0xff,0xff,0x5f,0x00,0xc0,0xff,0xff,0xff,0xff,0xff,0xff,0xff,0x23,0x00,0x00,0x00,
    0x00,0x00,0x00,0x4f,0xff,0xff,0xff,0xff,0xff,0xff,0xff,0x97,0x00,0xdd,0xff,0xff,
    0xff,0xff,0xff,0xff,0xff,0x23,0x00,0x00,0x00,0x00,0x00,0x00,0x4f,0xff,0xff,0xff,
    0xff,0xff,0xff,0xff,0xb4,0x00,0xef,0xff,0xff,0xff,0xff,0xff,0xff,0xff,0x23,0x00,
    0x00,0x00,0x00,0x00,0x00,0x4f,0xff,0xff,0xff,0xff,0xff,0xff,0xff,0xc6,0x03,0xfe,
    0xff,0xff,0xff,0xff,0xff,0xff,0xff,0x23,0x00,0x00,0x00,0x00,0x00,0x00,0x4f,0xff,
    0xff,0xff,0xff,0xff,0xff,0xff,0xd9,0x04,0xff,0xff,0xff,0xff,0xff,0xff,0xff,0xff,
    0x23,0x00,0x00,0x00,0x00,0x00,0x00,0x4f,0xff,0xff,0xff,0xff,0xff,0xff,0xff,0xdb,
    0x00,0xf1,0xff,0xff,0xff,0xff,0xff,0xff,0xff,0x23,0x00,0x00,0x00,0x00,0x00,0x00,
    0x4f,0xff,0xff,0xff,0xff,0xff,0xff,0xff,0xc8,0x00,0xdf,0xff,0xff,0xff,0xff,0xff,
    0xff,0xff,0x23,0x00,0x00,0x00,0x00,0x00,0x00,0x4f,0xff,0xff,0xff,0xff,0xff,0xff,
    0xff,0xb5,0x00,0xc4,0xff,0xff,0xff,0xff,0xff,0xff,0xff,0x23,0x00,0x00,0x00,0x00,
    0x00,0x00,0x4f,0xff,0xff,0xff,0xff,0xff,0xff,0xff,0x9b,0x00,0x8d,0xff,0xff,0xff,
    0xff,0xff,0xff,0xff,0x23,0x00,0x00,0x00,0x00,0x00,0x00,0x4f,0xff,0xff,0xff,0xff,
    0xff,0xff,0xff,0x63,0x00,0x54,0xff,0xff,0xff,0xff,0xff,0xff,0xff,0x23,0x00,0x00,
    0x00,0x00,0x00,0x00,0x4f,0xff,0xff,0xff,0xff,0xff,0xff,0xff,0x2a,0x00,0x16,0xfb,
    0xff,0xff,0xff,0xff,0xff,0xff,0x23,0x00,0x00,0x00,0x00,0x00,0x00,0x4f,0xff,0xff,
    0xff,0xff,0xff,0xff,0xe6,0x01,0x00,0x00,0xaf,0xff,0xff,0xff,0xff,0xff,0xff,0x23,
    0x00,0x00,0x00,0x00,0x00,0x00,0x4f,0xff,0xff,0xff,0xff,0xff,0xff,0x84,0x00,0x00,
    0x00,0x49,0xff,0xff,0xff,0xff,0xff,0xff,0x24,0x00,0x00,0x00,0x00,0x00,0x00,0x50,
    0xff,0xff,0xff,0xff,0xff,0xfe,0x21,0x00,0x00,0x00,0x02,0xca,0xff,0xff,0xff,0xff,
    0xff,0x3a,0x00,0x00,0x00,0x00,0x00,0x00,0x67,0xff,0xff,0xff,0xff,0xff,0xa1,0x00,
    0x00,0x00,0x00,0x00,0x31,0xfc,0xff,0xff,0xff,0xff,0x66,0x00,0x00,0x00,0x00,0x00,
    0x00,0x92,0xff,0xff,0xff,0xff,0xee,0x16,0x00,0x00,0x00,0x00,0x00,0x00,0x83,0xff,
    0xff,0xff,0xff,0xcd,0x00,0x00,0x00,0x00,0x00,0x0a,0xee,0xff,0xff,0xff,0xff,0x5b,
    0x00,0x00,0x00,0x00,0x00,0x00,0x00,0x01,0x9f,0xff,0xff,0xff,0xff,0x96,0x01,0x00,
    0x00,0x0a,0xb8,0xff,0xff,0xff,0xff,0x75,0x00,0x00,0x00,0x00,0x00,0x00,0x00,0x00,
    0x00,0x03,0x97,0xff,0xff,0xff,0xff,0xe3,0xa5,0xae,0xec,0xff,0xff,0xff,0xfa,0x75,
    0x00,0x00,0x00,0x00,0x00,0x00,0x00,0x00,0x00,0x00,0x00,0x00,0x4d,0xe3,0xff,0xff,
    0xff,0xff,0xff,0xff,0xff,0xff,0xd3,0x34,0x00,0x00,0x00,0x00,0x00,0x00,0x00,0x00,
    0x00,0x00,0x00,0x00,0x00,0x00,0x03,0x4e,0xaa,0xd2,0xf2,0xed,0xcc,0x9e,0x3e,0x00,
    0x00,0x00,0x00,0x00,0x00,0x00,0x00,0x00,0x00,0x00,0x00,0x00,0x00,0x00,0x04,0xcb,
    0xff,0xff,0xff,0xff,0xff,0xff,0xbf,0x00,0x00,0x00,0x00,0x00,0x00,0x00,0x00,0x00,
    0x00,0x00,0x00,0x00,0x6d,0xff,0xff,0xff,0xff,0xff,0xff,0xff,0xeb,0x00,0x00,0x00,
    0x00,0x00,0x00,0x00,0x00,0x00,0x00,0x00,0x00,0x10,0xec,0xff,0xff,0xff,0xff,0xff,
    0xff,0xff,0xeb,0x00,0x00,0x00,0x00,0x00,0x00,0x00,0x00,0x00,0x00,0x00,0x00,0x8d,
    0xff,0xff,0xff,0xff,0xff,0xff,0xff,0xff,0xeb,0x00,0x00,0x00,0x00,0x00,0x00,0x00,
    0x00,0x00,0x00,0x00,0x23,0xf9,0xff,0xff,0xff,0xff,0xff,0xff,0xff,0xff,0xeb,0x00,
    0x00,0x00,0x00,0x00,0x00,0x00,0x00,0x00,0x00,0x00,0xad,0xff,0xff,0xff,0xff,0xff,
    0xff,0xff,0xff,0xff,0xeb,0x00,0x00,0x00,0x00,0x00,0x00,0x00,0x00,0x00,0x00,0x3e,
    0xff,0xff,0xfe,0xf8,0xff,0xff,0xff,0xff,0xff,0xff,0xeb,0x00,0x00,0x00,0x00,0x00,
    0x00,0x00,0x00,0x00,0x01,0xcc,0xff,0xff,0xa2,0xdf,0xff,0xff,0xff,0xff,0xff,0xff,
    0xeb,0x00,0x00,0x00,0x00,0x00,0x00,0x00,0x00,0x00,0x5d,0xff,0xff,0xf5,0x1c,0xdf,
    0xff,0xff,0xff,0xff,0xff,0xff,0xeb,0x00,0x00,0x00,0x00,0x00,0x00,0x00,0x00,0x0a,
    0xe3,0xff,0xff,0x81,0x00,0xdf,0xff,0xff,0xff,0xff,0xff,0xff,0xeb,0x00,0x00,0x00,
    0x00,0x00,0x00,0x00,0x00,0x7d,0xff,0xff,0xe5,0x0b,0x00,0xdf,0xff,0xff,0xff,0xff,
    0xff,0xff,0xeb,0x00,0x00,0x00,0x00,0x00,0x00,0x00,0x19,0xf4,0xff,0xff,0x5f,0x00,
    0x00,0xdf,0xff,0xff,0xff,0xff,0xff,0xff,0xeb,0x00,0x00,0x00,0x00,0x00,0x00,0x00,
    0x9d,0xff,0xff,0xcd,0x01,0x00,0x00,0xdf,0xff,0xff,0xff,0xff,0xff,0xff,0xeb,0x00,
    0x00,0x00,0x00,0x00,0x00,0x02,0xf2,0xff,0xff,0x3e,0x00,0x00,0x00,0xdf,0xff,0xff,
    0xff,0xff,0xff,0xff,0xeb,0x00,0x00,0x00,0x00,0x00,0x00,0x00,0x47,0xde,0x9d,0x00,
    0x00,0x00,0x00,0xdf,0xff,0xff,0xff,0xff,0xff,0xff,0xeb,0x00,0x00,0x00,0x00,0x00,
    0x00,0x00,0x00,0x02,0x00,0x00,0x00,0x00,0x00,0xdf,0xff,0xff,0xff,0xff,0xff,0xff,
    0xeb,0x00,0x00,0x00,0x00,0x00,0x00,0x00,0x00,0x00,0x00,0x00,0x00,0x00,0x00,0xdf,
    0xff,0xff,0xff,0xff,0xff,0xff,0xeb,0x00,0x00,0x00,0x00,0x00,0x00,0x00,0x00,0x00,
    0x00,0x00,0x00,0x00,0x00,0xdf,0xff,0xff,0xff,0xff,0xff,0xff,0xeb,0x00,0x00,0x00,
    0x00,0x00,0x00,0x00,0x00,0x00,0x00,0x00,0x00,0x00,0x00,0xdf,0xff,0xff,0xff,0xff,
    0xff,0xff,0xeb,0x00,0x00,0x00,0x00,0x00,0x00,0x00,0x00,0x00,0x00,0x00,0x00,0x00,
    0x00,0xdf,0xff,0xff,0xff,0xff,0xff,0xff,0xeb,0x00,0x00,0x00,0x00,0x00,0x00,0x00,
    0x00,0x00,0x00,0x00,0x00,0x00,0x00,0xdf,0xff,0xff,0xff,0xff,0xff,0xff,0xeb,0x00,
    0x00,0x00,0x00,0x00,0x00,0x00,0x00,0x00,0x00,0x00,0x00,0x00,0x00,0xdf,0xff,0xff,
    0xff,0xff,0xff,0xff,0xeb,0x00,0x00,0x00,0x00,0x00,0x00,0x00,0x00,0x00,0x00,0x00,
    0x00,0x00,0x00,0xdf,0xff,0xff,0xff,0xff,0xff,0xff,0xeb,0x00,0x00,0x00,0x00,0x00,
    0x00,0x00,0x00,0x00,0x00,0x00,0x00,0x00,0x00,0xdf,0xff,0xff,0xff,0xff,0xff,0xff,
    0xeb,0x00,0x00,0x00,0x00,0x00,0x00,0x00,0x00,0x00,0x00,0x00,0x00,0x00,0x00,0xdf,
    0xff,0xff,0xff,0xff,0xff,0xff,0xeb,0x00,0x00,0x00,0x00,0x00,0x00,0x00,0x00,0x00,
    0x00,0x00,0x00,0x00,0x00,0xdf,0xff,0xff,0xff,0xff,0xff,0xff,0xeb,0x00,0x00,0x00,
    0x00,0x00,0x00,0x00,0x00,0x00,0x00,0x00,0x00,0x00,0x00,0xdf,0xff,0xff,0xff,0xff,
    0xff,0xff,0xeb,0x00,0x00,0x00,0x00,0x00,0x00,0x00,0x00,0x00,0x00,0x00,0x00,0x00,
    0x00,0xdf,0xff,0xff,0xff,0xff,0xff,0xff,0xeb,0x00,0x00,0x00,0x00,0x00,0x00,0x00,
    0x00,0x00,0x00,0x00,0x00,0x00,0x00,0xdf,0xff,0xff,0xff,0xff,0xff,0xff,0xeb,0x00,
    0x00,0x00,0x00,0x00,0x00,0x00,0x00,0x54,0xec,0xef,0xef,0xef,0xef,0xfd,0xff,0xff,
    0xff,0xff,0xff,0xff,0xfe,0xef,0xef,0xef,0xef,0xed,0x54,0x00,0x00,0x83,0xff,0xff,
    0xff,0xff,0xff,0xff,0xff,0xff,0xff,0xff,0xff,0xff,0xff,0xff,0xff,0xff,0xff,0xff,
    0x7f,0x00,0x00,0x5d,0xfc,0xff,0xff,0xff,0xff,0xff,0xff,0xff,0xff,0xff,0xff,0xff,
    0xff,0xff,0xff,0xff,0xff,0xfd,0x5c,0x00,0x00,0x00,0x00,0x00,0x00,0x01,0x2f,0x74,
    0xb5,0xd0,0xe4,0xf8,0xf2,0xdf,0xcc,0xa4,0x62,0x1e,0x00,0x00,0x00,0x00,0x00,0x00,
    0x00,0x00,0x00,0x00,0x00,0x47,0xcd,0xff,0xff,0xff,0xff,0xff,0xff,0xff,0xff,0xff,
    0xff,0xff,0xfd,0xa4,0x24,0x00,0x00,0x00,0x00,0x00,0x00,0x00,0x04,0x9b,0xff,0xff,
    0xff,0xb0,0x61,0x3d,0x38,0x59,0xbe,0xff,0xff,0xff,0xff,0xff,0xff,0xf2,0x49,0x00,
    0x00,0x00,0x00,0x00,0x00,0xa9,0xff,0xff,0xff,0x9d,0x00,0x00,0x00,0x00,0x00,0x03,
    0x9c,0xff,0xff,0xff,0xff,0xff,0xff,0xfb,0x34,0x00,0x00,0x00,0x00,0x65,0xff,0xff,
    0xff,0xff,0xe3,0x40,0x00,0x00,0x00,0x00,0x00,0x12,0xf9,0xff,0xff,0xff,0xff,0xff,
    0xff,0xd1,0x00,0x00,0x00,0x04,0xe4,0xff,0xff,0xff,0xff,0xff,0xff,0x6a,0x00,0x00,
    0x00,0x00,0x00,0xb8,0xff,0xff,0xff,0xff,0xff,0xff,0xff,0x3c,0x00,0x00,0x4a,0xff,
    0xff,0xff,0xff,0xff,0xff,0xff,0xfc,0x2c,0x00,0x00,0x00,0x00,0x9c,0xff,0xff,0xff,
    0xff,0xff,0xff,0xff,0x71,0x00,0x00,0x85,0xff,0xff,0xff,0xff,0xff,0xff,0xff,0xff,
    0x9b,0x00,0x00,0x00,0x00,0x8a,0xff,0xff,0xff,0xff,0xff,0xff,0xff,0x95,0x00,0x00,
    0xa0,0xff,0xff,0xff,0xff,0xff,0xff,0xff,0xff,0xce,0x00,0x00,0x00,0x00,0xa1,0xff,
    0xff,0xff,0xff,0xff,0xff,0xff,0x9d,0x00,0x00,0x88,0xff,0xff,0xff,0xff,0xff,0xff,
    0xff,0xff,0xbf,0x00,0x00,0x00,0x00,0xc8,0xff,0xff,0xff,0xff,0xff,0xff,0xff,0x7a,
    0x00,0x00,0x51,0xff,0xff,0xff,0xff,0xff,0xff,0xff,0xff,0x8a,0x00,0x00,0x00,0x0d,
    0xf3,0xff,0xff,0xff,0xff,0xff,0xff,0xff,0x58,0x00,0x00,0x02,0xc4,0xff,0xff,0xff,
    0xff,0xff,0xff,0xec,0x16,0x00,0x00,0x00,0x78,0xff,0xff,0xff,0xff,0xff,0xff,0xff,
    0xf9,0x15,0x00,0x00,0x00,0x1d,0xc6,0xff,0xff,0xff,0xff,0xe4,0x3f,0x00,0x00,0x00,
    0x16,0xeb,0xff,0xff,0xff,0xff,0xff,0xff,0xff,0x94,0x00,0x00,0x00,0x00,0x00,0x02,
    0x56,0x8f,0x9c,0x69,0x11,0x00,0x00,0x00,0x09,0xc8,0xff,0xff,0xff,0xff,0xff,0xff,
    0xff,0xd6,0x0d,0x00,0x00,0x00,0x00,0x00,0x00,0x00,0x00,0x00,0x00,0x00,0x00,0x00,
    0x0b,0xb4,0xff,0xff,0xff,0xff,0xff,0xff,0xff,0xd3,0x19,0x00,0x00,0x00,0x00,0x00,
    0x00,0x00,0x00,0x00,0x00,0x00,0x00,0x00,0x1b,0xcd,0xff,0xff,0xff,0xff,0xff,0xff,
    0xfb,0x92,0x08,0x00,0x00,0x00,0x00,0x00,0x00,0x00,0x00,0x00,0x00,0x00,0x00,0x00,
    0x47,0xe9,0xff,0xff,0xff,0xff,0xff,0xf6,0xa0,0x24,0x00,0x00,0x00,0x00,0x00,0x00,
    0x00,0x00,0x00,0x00,0x00,0x00,0x00,0x04,0x88,0xfe,0xff,0xff,0xff,0xfd,0xbf,0x63,
    0x0e,0x00,0x00,0x00,0x00,0x00,0x0c,0x0c,0x00,0x00,0x00,0x00,0x00,0x00,0x00,0x20,
    0xc7,0xff,0xff,0xff,0xe5,0x7c,0x1c,0x00,0x00,0x00,0x00,0x00,0x00,0x00,0x0e,0xe2,
    0xe4,0x03,0x00,0x00,0x00,0x00,0x00,0x3b,0xec,0xff,0xff,0xe5,0x66,0x05,0x00,0x00,
    0x00,0x00,0x00,0x00,0x00,0x00,0x00,0x63,0xff,0xff,0x16,0x00,0x00,0x00,0x00,0x51,
    0xf7,0xff,0xff,0x97,0x0d,0x00,0x00,0x00,0x00,0x00,0x00,0x00,0x00,0x00,0x00,0x00,
    0xc1,0xff,0xf1,0x00,0x00,0x00,0x00,0x37,0xf8,0xff,0xfe,0x61,0x06,0x00,0x00,0x00,
    0x00,0x00,0x00,0x00,0x00,0x00,0x00,0x00,0x32,0xff,0xff,0xb9,0x00,0x00,0x00,0x14,
    0xe6,0xff,0xff,0xfb,0xf4,0xfe,0xdc,0xa7,0x34,0x00,0x00,0x00,0x00,0x00,0x00,0x00,
    0x00,0xb4,0xff,0xff,0x77,0x00,0x00,0x00,0x7f,0xff,0xff,0xff,0xff,0xff,0xff,0xff,
    0xff,0xff,0xaf,0x2a,0x00,0x00,0x00,0x00,0x00,0x78,0xff,0xff,0xff,0x33,0x00,0x00,
    0x0a,0xec,0xff,0xff,0xff,0xff,0xff,0xff,0xff,0xff,0xff,0xff,0xfc,0xa8,0x52,0x1d,
    0x21,0x83,0xfd,0xff,0xff,0xe0,0x00,0x00,0x00,0x59,0xff,0xff,0xff,0x58,0x0b,0x34,
    0xc7,0xff,0xff,0xff,0xff,0xff,0xff,0xff,0xff,0xff,0xff,0xff,0xff,0xff,0x8d,0x00,
    0x00,0x00,0xb0,0xff,0xff,0xc6,0x00,0x00,0x00,0x0e,0xdf,0xff,0xff,0xff,0xff,0xff,
    0xff,0xff,0xff,0xff,0xff,0xff,0xff,0x2f,0x00,0x00,0x00,0xde,0xff,0xff,0xb6,0x00,
    0x00,0x00,0x00,0x4a,0xff,0xff,0xff,0xff,0xff,0xff,0xff,0xff,0xff,0xff,0xff,0xc6,
    0x00,0x00,0x00,0x03,0xfc,0xff,0xff,0xec,0x04,0x00,0x00,0x00,0x00,0xaa,0xff,0xff,
    0xff,0xff,0xff,0xff,0xff,0xff,0xff,0xfe,0x44,0x00,0x00,0x00,0x00,0xf2,0xff,0xff,
    0xff,0x3e,0x00,0x00,0x00,0x00,0x15,0xe8,0xff,0xff,0xff,0xff,0xff,0xff,0xff,0xff,
    0x8a,0x00,0x00,0x00,0x00,0x00,0xc3,0xff,0xff,0xff,0x41,0x00,0x00,0x00,0x00,0x00,
    0x3a,0xeb,0xff,0xff,0xff,0xff,0xff,0xfc,0x75,0x00,0x00,0x00,0x00,0x00,0x00,0x33,
    0xda,0xf1,0x88,0x00,0x00,0x00,0x00,0x00,0x00,0x00,0x1d,0x91,0xdd,0xf6,0xd8,0x95,
    0x24,0x00,0x00,0x00,0x00,0x00,0x00,0x00,0x00,0x00,0x00,0x00,0x00,0x20,0x76,0xb8,
    0xde,0xf1,0xfb,0xeb,0xd4,0xbd,0x97,0x49,0x06,0x00,0x00,0x00,0x00,0x00,0x00,0x00,
    0x00,0x00,0x00,0x2e,0xc2,0xff,0xff,0xff,0xff,0xff,0xff,0xff,0xff,0xff,0xff,0xff,
    0xf2,0x83,0x08,0x00,0x00,0x00,0x00,0x00,0x00,0x00,0x6c,0xf9,0xff,0xff,0xff,0xea,
    0xcd,0xec,0xff,0xff,0xff,0xff,0xff,0xff,0xff,0xff,0xdc,0x29,0x00,0x00,0x00,0x00,
    0x00,0x58,0xff,0xff,0xff,0xa8,0x28,0x00,0x00,0x00,0x21,0xa2,0xfe,0xff,0xff,0xff,
    0xff,0xff,0xff,0xe5,0x20,0x00,0x00,0x00,0x14,0xf4,0xff,0xff,0xff,0xc5,0x38,0x00,
    0x00,0x00,0x00,0x00,0x5f,0xff,0xff,0xff,0xff,0xff,0xff,0xff,0xba,0x00,0x00,0x00,
    0x82,0xff,0xff,0xff,0xff,0xff,0xf4,0x34,0x00,0x00,0x00,0x00,0x00,0xa0,0xff,0xff,
    0xff,0xff,0xff,0xff,0xff,0x3d,0x00,0x00,0xd1,0xff,0xff,0xff,0xff,0xff,0xff,0xc1,
    0x00,0x00,0x00,0x00,0x00,0x40,0xff,0xff,0xff,0xff,0xff,0xff,0xff,0x93,0x00,0x03,
    0xfc,0xff,0xff,0xff,0xff,0xff,0xff,0xff,0x0f,0x00,0x00,0x00,0x00,0x0e,0xfe,0xff,
    0xff,0xff,0xff,0xff,0xff,0xc6,0x00,0x04,0xfb,0xff,0xff,0xff,0xff,0xff,0xff,0xff,
    0x26,0x00,0x00,0x00,0x00,0x00,0xf0,0xff,0xff,0xff,0xff,0xff,0xff,0xd4,0x00,0x00,
    0xd3,0xff,0xff,0xff,0xff,0xff,0xff,0xf8,0x04,0x00,0x00,0x00,0x00,0x0a,0xff,0xff,
    0xff,0xff,0xff,0xff,0xff,0xbd,0x00,0x00,0x70,0xff,0xff,0xff,0xff,0xff,0xff,0x9c,
    0x00,0x00,0x00,0x00,0x00,0x4f,0xff,0xff,0xff,0xff,0xff,0xff,0xff,0x76,0x00,0x00,
    0x02,0xab,0xff,0xff,0xff,0xff,0xcd,0x12,0x00,0x00,0x00,0x00,0x0d,0xdc,0xff,0xff,
    0xff,0xff,0xff,0xff,0xf8,0x1a,0x00,0x00,0x00,0x00,0x53,0x98,0xa2,0x69,0x06,0x00,
    0x00,0x00,0x00,0x27,0xbf,0xff,0xff,0xff,0xff,0xff,0xff,0xff,0x71,0x00,0x00,0x00,
    0x00,0x00,0x00,0x00,0x06,0x4f,0x60,0x72,0x88,0xa1,0xca,0xfc,0xff,0xff,0xff,0xff,
    0xff,0xff,0xfe,0x7e,0x00,0x00,0x00,0x00,0x00,0x00,0x00,0x00,0x91,0xff,0xff,0xff,
    0xff,0xff,0xff,0xff,0xff,0xff,0xff,0xff,0xff,0xd1,0x42,0x00,0x00,0x00,0x00,0x00,
    0x00,0x00,0x00,0x00,0x49,0xea,0xff,0xff,0xff,0xff,0xff,0xff,0xff,0xff,0xff,0xff,
    0xcd,0x25,0x00,0x00,0x00,0x00,0x00,0x00,0x00,0x00,0x00,0x00,0x00,0x07,0x5b,0xab,
    0xd0,0xf4,0xff,0xff,0xff,0xff,0xff,0xff,0xff,0xfe,0xa7,0x0f,0x00,0x00,0x00,0x00,
    0x00,0x00,0x00,0x00,0x00,0x00,0x00,0x00,0x00,0x01,0x38,0x94,0xff,0xff,0xff,0xff,
    0xff,0xff,0xff,0xdd,0x2b,0x00,0x00,0x00,0x00,0x00,0x00,0x00,0x00,0x00,0x00,0x00,
    0x00,0x00,0x00,0x00,0x64,0xfe,0xff,0xff,0xff,0xff,0xff,0xff,0xd2,0x05,0x00,0x00,
    0x00,0x00,0x00,0x1f,0x2a,0x02,0x00,0x00,0x00,0x00,0x00,0x00,0x00,0xbd,0xff,0xff,
    0xff,0xff,0xff,0xff,0xff,0x7d,0x00,0x00,0x00,0x42,0xdd,0xff,0xff,0xef,0x63,0x00,
    0x00,0x00,0x00,0x00,0x00,0x58,0xff,0xff,0xff,0xff,0xff,0xff,0xff,0xe8,0x01,0x00,
    0x35,0xfb,0xff,0xff,0xff,0xff,0xff,0x5e,0x00,0x00,0x00,0x00,0x00,0x1f,0xff,0xff,
    0xff,0xff,0xff,0xff,0xff,0xff,0x26,0x00,0xbf,0xff,0xff,0xff,0xff,0xff,0xff,0xe8,
    0x00,0x00,0x00,0x00,0x00,0x08,0xff,0xff,0xff,0xff,0xff,0xff,0xff,0xff,0x3e,0x02,
    0xf4,0xff,0xff,0xff,0xff,0xff,0xff,0xff,0x1e,0x00,0x00,0x00,0x00,0x00,0xf0,0xff,
    0xff,0xff,0xff,0xff,0xff,0xff,0x33,0x01,0xfa,0xff,0xff,0xff,0xff,0xff,0xff,0xff,
    0x15,0x00,0x00,0x00,0x00,0x00,0xf7,0xff,0xff,0xff,0xff,0xff,0xff,0xff,0x13,0x00,
    0xde,0xff,0xff,0xff,0xff,0xff,0xff,0xd0,0x00,0x00,0x00,0x00,0x00,0x1c,0xff,0xff,
    0xff,0xff,0xff,0xff,0xff,0xe1,0x00,0x00,0x97,0xff,0xff,0xff,0xff,0xff,0xf9,0x3a,
    0x00,0x00,0x00,0x00,0x00,0x78,0xff,0xff,0xff,0xff,0xff,0xff,0xff,0x78,0x00,0x00,
    0x31,0xfd,0xff,0xff,0xff,0xd4,0x38,0x00,0x00,0x00,0x00,0x00,0x35,0xf9,0xff,0xff,
    0xff,0xff,0xff,0xff,0xe0,0x11,0x00,0x00,0x00,0x8a,0xff,0xff,0xd2,0x3e,0x04,0x00,
    0x00,0x00,0x0c,0x74,0xeb,0xff,0xff,0xff,0xff,0xff,0xff,0xf3,0x2f,0x00,0x00,0x00,
    0x00,0x03,0x9b,0xff,0xff,0xff,0xfc,0xe0,0xc7,0xdd,0xfa,0xff,0xff,0xff,0xff,0xff,
    0xff,0xff,0xd0,0x28,0x00,0x00,0x00,0x00,0x00,0x00,0x00,0x5a,0xe5,0xff,0xff,0xff,
    0xff,0xff,0xff,0xff,0xff,0xff,0xff,0xff,0xd6,0x63,0x06,0x00,0x00,0x00,0x00,0x00,
    0x00,0x00,0x00,0x00,0x05,0x51,0x9e,0xd3,0xee,0xfa,0xe7,0xcf,0xb6,0x9e,0x71,0x2b,
    0x00,0x00,0x00,0x00,0x00,0x00,0x00,0x00,0x00,0x00,0x00,0x00,0x00,0x00,0x00,0x7c,
    0xfe,0xff,0xff,0xff,0xff,0xff,0xff,0xff,0xff,0xfa,0x84,0x00,0x00,0x00,0x00,0x00,
    0x00,0x00,0x00,0x00,0x00,0x00,0x00,0x00,0x00,0x00,0x00,0x00,0xc2,0xff,0xff,0xff,
    0xff,0xff,0xff,0xff,0xff,0xff,0xff,0xff,0x85,0x00,0x00,0x00,0x00,0x00,0x00,0x00,
    0x00,0x00,0x00,0x00,0x00,0x00,0x00,0x00,0x00,0xe1,0xff,0xff,0xff,0xff,0xff,0xff,
    0xff,0xff,0xff,0xff,0xff,0xd1,0x00,0x00,0x00,0x00,0x00,0x00,0x00,0x00,0x00,0x00,
    0x00,0x00,0x00,0x00,0x00,0x07,0xfd,0xff,0xff,0xff,0xff,0xff,0xff,0xff,0xff,0xff,
    0xff,0xff,0x5b,0x00,0x00,0x00,0x00,0x00,0x00,0x00,0x00,0x00,0x00,0x00,0x00,0x00,
    0x00,0x00,0x32,0xff,0xff,0xff,0xff,0xff,0xff,0xff,0xff,0xff,0xff,0xff,0x99,0x00,
    0x00,0x00,0x00,0x00,0x00,0x00,0x00,0x00,0x00,0x00,0x00,0x00,0x00,0x00,0x00,0x63,
    0xff,0xff,0xff,0xff,0xff,0xff,0xff,0xff,0xff,0xff,0xce,0x08,0x00,0x00,0x00,0x00,
    0x00,0x00,0x00,0x00,0x00,0x00,0x00,0x00,0x00,0x00,0x00,0x00,0x94,0xff,0xff,0xff,
    0xff,0xff,0xff,0xff,0xff,0xff,0xef,0x22,0x00,0x00,0x00,0x00,0x00,0x00,0x00,0x00,
    0x00,0x00,0x00,0x00,0x00,0x00,0x00,0x00,0x00,0xd0,0xff,0xff,0xff,0xff,0xff,0xff,
    0xff,0xff,0xfd,0x4b,0x00,0x00,0x00,0x00,0x00,0x00,0x00,0x00,0x00,0x00,0x00,0x00,
    0x00,0x00,0x00,0x00,0x00,0x17,0xfe,0xff,0xff,0xff,0xff,0xff,0xff,0xff,0xff,0x7b,
    0x00,0x00,0x00,0x00,0x00,0x00,0x00,0x00,0x00,0x00,0x00,0x00,0x00,0x00,0x00,0x00,
    0x00,0x00,0x5b,0xff,0xff,0xff,0xff,0xff,0xff,0xff,0xff,0xaf,0x01,0x00,0x00,0x48,
    0x58,0x03,0x00,0x00,0x00,0x00,0x00,0x00,0x00,0x00,0x00,0x00,0x00,0x00,0x00,0xa1,
    0xff,0xff,0xff,0xff,0xff,0xff,0xff,0xd4,0x0d,0x00,0x00,0x7f,0xff,0xff,0x73,0x00,
    0x00,0x00,0x00,0x00,0x00,0x00,0x00,0x00,0x00,0x00,0x00,0x08,0xf0,0xff,0xff,0xff,
    0xff,0xff,0xff,0xec,0x22,0x00,0x02,0x96,0xff,0xff,0xff,0x9f,0x00,0x00,0x00,0x00,
    0x00,0x00,0x00,0x00,0x00,0x00,0x00,0x00,0x57,0xff,0xff,0xff,0xff,0xff,0xff,0xfa,
    0x40,0x00,0x06,0xaa,0xff,0xff,0xff,0xff,0x9f,0x00,0x00,0x00,0x00,0x00,0x00,0x00,
    0x00,0x00,0x00,0x00,0x00,0xb5,0xff,0xff,0xff,0xff,0xff,0xff,0x66,0x00,0x0d,0xbd,
    0xff,0xff,0xff,0xff,0xff,0x9f,0x00,0x00,0x00,0x00,0x00,0x00,0x00,0x00,0x00,0x00,
    0x00,0x1f,0xfc,0xff,0xff,0xff,0xff,0xff,0x8c,0x00,0x16,0xcd,0xff,0xff,0xff,0xff,
    0xff,0xff,0x9f,0x00,0x00,0x00,0x00,0x00,0x00,0x00,0x00,0x00,0x00,0x00,0x91,0xff,
    0xff,0xff,0xff,0xff,0xb1,0x02,0x00,0x9c,0xff,0xff,0xff,0xff,0xff,0xff,0xff,0x9f,
    0x00,0x00,0x00,0x00,0x00,0x00,0x00,0x00,0x00,0x00,0x13,0xf4,0xff,0xff,0xff,0xff,
    0xcb,0x0a,0x00,0x00,0xb3,0xff,0xff,0xff,0xff,0xff,0xff,0xff,0x9f,0x00,0x00,0x00,
    0x00,0x00,0x00,0x00,0x00,0x00,0x00,0x89,0xff,0xff,0xff,0xff,0xdf,0x17,0x00,0x00,
    0x00,0xb3,0xff,0xff,0xff,0xff,0xff,0xff,0xff,0x9f,0x00,0x00,0x00,0x00,0x00,0x00,
    0x00,0x00,0x00,0x21,0xf8,0xff,0xff,0xff,0xec,0x28,0x00,0x00,0x00,0x00,0xb3,0xff,
    0xff,0xff,0xff,0xff,0xff,0xff,0x9f,0x00,0x00,0x00,0x00,0x00,0x00,0x00,0x00,0x00,
    0xae,0xff,0xff,0xff,0xf6,0x39,0x00,0x00,0x00,0x00,0x00,0xb3,0xff,0xff,0xff,0xff,
    0xff,0xff,0xff,0x9f,0x00,0x00,0x00,0x00,0x00,0x00,0x00,0x00,0x55,0xff,0xff,0xff,
    0xfd,0x5b,0x0f,0x0f,0x0f,0x0f,0x0f,0x0f,0xb8,0xff,0xff,0xff,0xff,0xff,0xff,0xff,
    0xa5,0x0f,0x0f,0x0f,0x0f,0x0f,0x07,0x00,0x05,0xe9,0xff,0xff,0xff,0xff,0xff,0xff,
    0xff,0xff,0xff,0xff,0xff,0xff,0xff,0xff,0xff,0xff,0xff,0xff,0xff,0xff,0xff,0xff,
    0xff,0xff,0xff,0xf2,0x23,0x0a,0xf3,0xff,0xff,0xff,0xff,0xff,0xff,0xff,0xff,0xff,
    0xff,0xff,0xff,0xff,0xff,0xff,0xff,0xff,0xff,0xff,0xff,0xff,0xff,0xff,0xff,0xff,
    0xff,0x47,0x00,0x72,0xfc,0xff,0xff,0xff,0xff,0xff,0xff,0xff,0xff,0xff,0xff,0xff,
    0xff,0xff,0xff,0xff,0xff,0xff,0xff,0xff,0xff,0xff,0xff,0xff,0xff,0xea,0x1d,0x00,
    0x00,0x00,0x00,0x00,0x00,0x00,0x00,0x00,0x00,0x00,0x00,0x00,0xb3,0xff,0xff,0xff,
    0xff,0xff,0xff,0xff,0x9f,0x00,0x00,0x00,0x00,0x00,0x00,0x00,0x00,0x00,0x00,0x00,
    0x00,0x00,0x00,0x00,0x00,0x00,0x00,0x00,0x00,0xb3,0xff,0xff,0xff,0xff,0xff,0xff,
    0xff,0x9f,0x00,0x00,0x00,0x00,0x00,0x00,0x00,0x00,0x00,0x00,0x00,0x00,0x00,0x00,
    0x00,0x00,0x00,0x00,0x00,0x00,0xb3,0xff,0xff,0xff,0xff,0xff,0xff,0xff,0x9f,0x00,
    0x00,0x00,0x00,0x00,0x00,0x00,0x00,0x00,0x00,0x00,0x00,0x00,0x00,0x00,0x00,0x00,
    0x00,0x00,0x00,0xb3,0xff,0xff,0xff,0xff,0xff,0xff,0xff,0x9f,0x00,0x00,0x00,0x00,
    0x00,0x00,0x00,0x00,0x00,0x00,0x00,0x00,0x00,0x00,0x00,0x00,0x00,0x00,0x00,0x00,
    0xb3,0xff,0xff,0xff,0xff,0xff,0xff,0xff,0x9f,0x00,0x00,0x00,0x00,0x00,0x00,0x00,
    0x00,0x00,0x00,0x00,0x00,0x00,0x00,0xaa,0xff,0xff,0xff,0xff,0xff,0xff,0xff,0xff,
    0xff,0xff,0xff,0xff,0xff,0xff,0xff,0xff,0xff,0xff,0xff,0xeb,0x20,0x00,0x00,0x00,
    0x00,0x00,0x00,0x00,0xe7,0xff,0xff,0xff,0xff,0xff,0xff,0xff,0xff,0xff,0xff,0xff,
    0xff,0xff,0xff,0xff,0xff,0xff,0xff,0xff,0xff,0x47,0x00,0x00,0x00,0x00,0x00,0x00,
    0x00,0xab,0xff,0xff,0xff,0xff,0xff,0xff,0xff,0xff,0xff,0xff,0xff,0xff,0xff,0xff,
    0xff,0xff,0xff,0xff,0xff,0xec,0x20,0x00,0x00,0x03,0x12,0x00,0x00,0x00,0x00,0x00,
    0x00,0x00,0x16,0x23,0x2f,0x3c,0x58,0x7e,0xa4,0xcb,0xef,0xe1,0x11,0x00,0x00,0x00,
    0x0f,0xea,0xff,0xef,0xd6,0xbc,0xa5,0xa8,0xbb,0xed,0xff,0xff,0xff,0xff,0xff,0xff,
    0xff,0xff,0xff,0xeb,0x06,0x00,0x00,0x00,0x3e,0xff,0xff,0xff,0xff,0xff,0xff,0xff,
    0xff,0xff,0xff,0xff,0xff,0xff,0xff,0xff,0xff,0xff,0xff,0x7c,0x00,0x00,0x00,0x00,
    0x2c,0xff,0xff,0xff,0xff,0xff,0xff,0xff,0xff,0xff,0xff,0xff,0xff,0xff,0xff,0xff,
    0xff,0xff,0xd8,0x0a,0x00,0x00,0x00,0x00,0x19,0xff,0xff,0xff,0xff,0xff,0xff,0xff,
    0xff,0xff,0xff,0xff,0xff,0xff,0xff,0xff,0xff,0xe7,0x2a,0x00,0x00,0x00,0x00,0x00,
    0x0b,0xff,0xff,0xff,0xff,0xff,0xff,0xff,0xff,0xff,0xff,0xff,0xff,0xff,0xff,0xff,
    0xb9,0x20,0x00,0x00,0x00,0x00,0x00,0x00,0x00,0xff,0xff,0xff,0xd6,0xbd,0xd2,0xe3,
    0xee,0xf8,0xfa,0xe9,0xd7,0xbb,0x72,0x23,0x00,0x00,0x00,0x00,0x00,0x00,0x00,0x00,
    0x00,0xf9,0xff,0xff,0x25,0x00,0x00,0x00,0x00,0x00,0x00,0x00,0x00,0x00,0x00,0x00,
    0x00,0x00,0x00,0x00,0x00,0x00,0x00,0x00,0x00,0xf4,0xff,0xff,0x1b,0x00,0x00,0x00,
    0x00,0x00,0x00,0x00,0x00,0x00,0x00,0x00,0x00,0x00,0x00,0x00,0x00,0x00,0x00,0x00,
    0x00,0xf6,0xff,0xff,0x1b,0x00,0x00,0x00,0x00,0x00,0x00,0x00,0x00,0x00,0x00,0x00,
    0x00,0x00,0x00,0x00,0x00,0x00,0x00,0x00,0x00,0xfd,0xff,0xff,0x1b,0x00,0x00,0x08,
    0x2f,0x50,0x71,0x7a,0x67,0x4b,0x12,0x00,0x00,0x00,0x00,0x00,0x00,0x00,0x00,0x00,
    0x05,0xff,0xff,0xff,0x1d,0x22,0x9d,0xf2,0xff,0xff,0xff,0xff,0xff,0xff,0xfe,0xcd,
    0x61,0x07,0x00,0x00,0x00,0x00,0x00,0x00,0x0f,0xff,0xff,0xff,0xd1,0xf9,0xff,0xff,
    0xff,0xff,0xff,0xff,0xff,0xff,0xff,0xff,0xff,0xda,0x35,0x00,0x00,0x00,0x00,0x00,
    0x1a,0xff,0xff,0xff,0xff,0xff,0xff,0xff,0xff,0xff,0xff,0xff,0xff,0xff,0xff,0xff,
    0xff,0xff,0xfb,0x4f,0x00,0x00,0x00,0x00,0x25,0xff,0xff,0xff,0xff,0xff,0xdf,0x5b,
    0x1a,0x07,0x21,0x67,0xdf,0xff,0xff,0xff,0xff,0xff,0xff,0xf6,0x34,0x00,0x00,0x00,
    0x32,0xff,0xff,0xff,0xff,0xcb,0x16,0x00,0x00,0x00,0x00,0x00,0x13,0xd1,0xff,0xff,
    0xff,0xff,0xff,0xff,0xc8,0x00,0x00,0x00,0x3f,0xff,0xff,0xff,0xfb,0x26,0x00,0x00,
    0x00,0x00,0x00,0x00,0x00,0x2f,0xff,0xff,0xff,0xff,0xff,0xff,0xff,0x4d,0x00,0x00,
    0x3b,0xff,0xff,0xff,0xa5,0x00,0x00,0x00,0x00,0x00,0x00,0x00,0x00,0x00,0xd1,0xff,
    0xff,0xff,0xff,0xff,0xff,0x9d,0x00,0x00,0x00,0x48,0x87,0xb5,0x35,0x00,0x00,0x00,
    0x00,0x00,0x00,0x00,0x00,0x00,0x7e,0xff,0xff,0xff,0xff,0xff,0xff,0xe4,0x00,0x00,
    0x00,0x00,0x47,0x92,0xae,0x8c,0x34,0x00,0x00,0x00,0x00,0x00,0x00,0x00,0x57,0xff,
    0xff,0xff,0xff,0xff,0xff,0xfe,0x05,0x00,0x00,0x8e,0xff,0xff,0xff,0xff,0xff,0x8c,
    0x00,0x00,0x00,0x00,0x00,0x00,0x42,0xff,0xff,0xff,0xff,0xff,0xff,0xff,0x1a,0x00,
    0x53,0xff,0xff,0xff,0xff,0xff,0xff,0xff,0x4d,0x00,0x00,0x00,0x00,0x00,0x3c,0xff,
    0xff,0xff,0xff,0xff,0xff,0xff,0x1c,0x00,0xc9,0xff,0xff,0xff,0xff,0xff,0xff,0xff,
    0x9d,0x00,0x00,0x00,0x00,0x00,0x51,0xff,0xff,0xff,0xff,0xff,0xff,0xfd,0x04,0x02,
    0xf7,0xff,0xff,0xff,0xff,0xff,0xff,0xff,0xc9,0x00,0x00,0x00,0x00,0x00,0x68,0xff,
    0xff,0xff,0xff,0xff,0xff,0xe2,0x00,0x01,0xf7,0xff,0xff,0xff,0xff,0xff,0xff,0xff,
    0xb7,0x00,0x00,0x00,0x00,0x00,0xa4,0xff,0xff,0xff,0xff,0xff,0xff,0x97,0x00,0x00,
    0xda,0xff,0xff,0xff,0xff,0xff,0xff,0xff,0x8a,0x00,0x00,0x00,0x00,0x04,0xef,0xff,
    0xff,0xff,0xff,0xff,0xff,0x43,0x00,0x00,0x90,0xff,0xff,0xff,0xff,0xff,0xff,0xf2,
    0x1a,0x00,0x00,0x00,0x00,0x56,0xff,0xff,0xff,0xff,0xff,0xff,0xbc,0x00,0x00,0x00,
    0x28,0xfa,0xff,0xff,0xff,0xff,0xe2,0x39,0x00,0x00,0x00,0x00,0x23,0xef,0xff,0xff,
    0xff,0xff,0xff,0xf4,0x29,0x00,0x00,0x00,0x00,0x75,0xff,0xff,0xff,0xff,0x34,0x00,
    0x00,0x00,0x00,0x2c,0xd3,0xff,0xff,0xff,0xff,0xff,0xf8,0x44,0x00,0x00,0x00,0x00,
    0x00,0x00,0x7d,0xfe,0xff,0xff,0xf7,0xbc,0xa5,0xa0,0xca,0xfd,0xff,0xff,0xff,0xff,
    0xff,0xe0,0x3d,0x00,0x00,0x00,0x00,0x00,0x00,0x00,0x00,0x3f,0xca,0xff,0xff,0xff,
    0xff,0xff,0xff,0xff,0xff,0xff,0xff,0xee,0x88,0x0e,0x00,0x00,0x00,0x00,0x00,0x00,
    0x00,0x00,0x00,0x00,0x00,0x31,0x83,0xaa,0xca,0xea,0xf9,0xe7,0xcf,0x98,0x59,0x0b,
    0x00,0x00,0x00,0x00,0x00,0x00,0x00,0x00,0x00,0x00,0x00,0x00,0x00,0x00,0x00,0x00,
    0x08,0x56,0xad,0xd8,0xf6,0xf2,0xe1,0xba,0x82,0x2e,0x00,0x00,0x00,0x00,0x00,0x00,
    0x00,0x00,0x00,0x00,0x00,0x00,0x00,0x00,0x58,0xe3,0xff,0xff,0xff,0xff,0xff,0xff,
    0xff,0xff,0xff,0xc0,0x2f,0x00,0x00,0x00,0x00,0x00,0x00,0x00,0x00,0x00,0x00,0x09,
    0xa5,0xff,0xff,0xff,0xff,0xff,0xff,0xfe,0xfe,0xff,0xff,0xff,0xff,0xfa,0x4e,0x00,
    0x00,0x00,0x00,0x00,0x00,0x00,0x00,0x08,0xc3,0xff,0xff,0xff,0xff,0xff,0xab,0x37,
    0x09,0x0c,0x39,0xaf,0xff,0xff,0xff,0xf9,0x4c,0x00,0x00,0x00,0x00,0x00,0x00,0x01,
    0xa8,0xff,0xff,0xff,0xff,0xff,0x7b,0x00,0x00,0x00,0x00,0x00,0x47,0xf6,0xff,0xff,
    0xff,0xed,0x0e,0x00,0x00,0x00,0x00,0x00,0x85,0xff,0xff,0xff,0xff,0xff,0xb8,0x00,
    0x00,0x00,0x00,0x00,0x3d,0xfa,0xff,0xff,0xff,0xff,0xff,0x80,0x00,0x00,0x00,0x00,
    0x45,0xff,0xff,0xff,0xff,0xff,0xff,0x42,0x00,0x00,0x00,0x00,0x00,0xcc,0xff,0xff,
    0xff,0xff,0xff,0xff,0xda,0x00,0x00,0x00,0x04,0xda,0xff,0xff,0xff,0xff,0xff,0xeb,
    0x03,0x00,0x00,0x00,0x00,0x19,0xff,0xff,0xff,0xff,0xff,0xff,0xff,0xfe,0x03,0x00,
    0x00,0x5d,0xff,0xff,0xff,0xff,0xff,0xff,0x9c,0x00,0x00,0x00,0x00,0x00,0x22,0xff,
    0xff,0xff,0xff,0xff,0xff,0xff,0xf6,0x03,0x00,0x00,0xbe,0xff,0xff,0xff,0xff,0xff,
    0xff,0x75,0x00,0x00,0x00,0x00,0x00,0x01,0xef,0xff,0xff,0xff,0xff,0xff,0xff,0xc6,
    0x00,0x00,0x12,0xfd,0xff,0xff,0xff,0xff,0xff,0xff,0x5e,0x00,0x00,0x00,0x00,0x00,
    0x00,0x73,0xff,0xff,0xff,0xff,0xff,0xff,0x46,0x00,0x00,0x53,0xff,0xff,0xff,0xff,
    0xff,0xff,0xff,0x49,0x00,0x00,0x00,0x00,0x00,0x00,0x03,0x88,0xfd,0xff,0xff,0xf3,
    0x64,0x00,0x00,0x00,0x8d,0xff,0xff,0xff,0xff,0xff,0xff,0xff,0x4f,0x00,0x00,0x00,
    0x00,0x00,0x00,0x00,0x00,0x1d,0x53,0x48,0x12,0x00,0x00,0x00,0x00,0xb8,0xff,0xff,
    0xff,0xff,0xff,0xff,0xff,0x63,0x00,0x3c,0x91,0xce,0xe4,0xf8,0xe4,0xbd,0x96,0x46,
    0x01,0x00,0x00,0x00,0x00,0x00,0xe0,0xff,0xff,0xff,0xff,0xff,0xff,0xff,0x8d,0xa8,
    0xff,0xff,0xff,0xff,0xff,0xff,0xff,0xff,0xff,0xd1,0x35,0x00,0x00,0x00,0x00,0xf3,
    0xff,0xff,0xff,0xff,0xff,0xff,0xff,0xfe,0xff,0xff,0xff,0xff,0xff,0xff,0xff,0xff,
    0xff,0xff,0xff,0xfa,0x51,0x00,0x00,0x03,0xff,0xff,0xff,0xff,0xff,0xff,0xff,0xff,
    0xff,0xff,0xe0,0x3f,0x0c,0x4e,0xef,0xff,0xff,0xff,0xff,0xff,0xff,0xfa,0x31,0x00,
    0x05,0xff,0xff,0xff,0xff,0xff,0xff,0xff,0xff,0xff,0xf2,0x2c,0x00,0x00,0x00,0x42,
    0xfa,0xff,0xff,0xff,0xff,0xff,0xff,0xc9,0x00,0x00,0xf2,0xff,0xff,0xff,0xff,0xff,
    0xff,0xff,0xff,0x83,0x00,0x00,0x00,0x00,0x00,0x9f,0xff,0xff,0xff,0xff,0xff,0xff,
    0xff,0x30,0x00,0xdf,0xff,0xff,0xff,0xff,0xff,0xff,0xff,0xfe,0x22,0x00,0x00,0x00,
    0x00,0x00,0x3a,0xff,0xff,0xff,0xff,0xff,0xff,0xff,0x7f,0x00,0xbd,0xff,0xff,0xff,
    0xff,0xff,0xff,0xff,0xd9,0x00,0x00,0x00,0x00,0x00,0x00,0x00,0xf0,0xff,0xff,0xff,
    0xff,0xff,0xff,0xa2,0x00,0x7e,0xff,0xff,0xff,0xff,0xff,0xff,0xff,0xba,0x00,0x00,
    0x00,0x00,0x00,0x00,0x00,0xd1,0xff,0xff,0xff,0xff,0xff,0xff,0xba,0x00,0x3d,0xff,
    0xff,0xff,0xff,0xff,0xff,0xff,0xa0,0x00,0x00,0x00,0x00,0x00,0x00,0x00,0xb5,0xff,
    0xff,0xff,0xff,0xff,0xff,0xa9,0x00,0x06,0xe7,0xff,0xff,0xff,0xff,0xff,0xff,0xae,
    0x00,0x00,0x00,0x00,0x00,0x00,0x00,0xc5,0xff,0xff,0xff,0xff,0xff,0xff,0x85,0x00,
    0x00,0x71,0xff,0xff,0xff,0xff,0xff,0xff,0xcc,0x00,0x00,0x00,0x00,0x00,0x00,0x00,
    0xe4,0xff,0xff,0xff,0xff,0xff,0xff,0x54,0x00,0x00,0x09,0xe8,0xff,0xff,0xff,0xff,
    0xff,0xf3,0x09,0x00,0x00,0x00,0x00,0x00,0x17,0xfd,0xff,0xff,0xff,0xff,0xff,0xe3,
    0x04,0x00,0x00,0x00,0x5d,0xff,0xff,0xff,0xff,0xff,0xff,0x5e,0x00,0x00,0x00,0x00,
    0x00,0x79,0xff,0xff,0xff,0xff,0xff,0xff,0x6d,0x00,0x00,0x00,0x00,0x00,0x86,0xff,
    0xff,0xff,0xff,0xff,0xd0,0x08,0x00,0x00,0x00,0x13,0xe3,0xff,0xff,0xff,0xff,0xff,
    0xad,0x01,0x00,0x00,0x00,0x00,0x00,0x01,0xaa,0xff,0xff,0xff,0xff,0xff,0xac,0x06,
    0x00,0x0e,0xc5,0xff,0xff,0xff,0xff,0xff,0xbe,0x0c,0x00,0x00,0x00,0x00,0x00,0x00,
    0x00,0x06,0x82,0xfa,0xff,0xff,0xff,0xff,0xe6,0xba,0xed,0xff,0xff,0xff,0xff,0xfe,
    0x90,0x04,0x00,0x00,0x00,0x00,0x00,0x00,0x00,0x00,0x00,0x00,0x2d,0xc0,0xff,0xff,
    0xff,0xff,0xff,0xff,0xff,0xff,0xff,0xbf,0x34,0x00,0x00,0x00,0x00,0x00,0x00,0x00,
    0x00,0x00,0x00,0x00,0x00,0x00,0x00,0x2c,0x8d,0xc4,0xed,0xfa,0xf5,0xcd,0x89,0x2c,
    0x00,0x00,0x00,0x00,0x00,0x00,0x00,0x00,0x03,0x07,0x01,0x00,0x00,0x00,0x32,0xa2,
    0xe2,0xf5,0xcf,0x65,0x01,0x00,0x00,0x00,0x00,0x00,0x00,0x22,0xf3,0xf9,0x35,0x04,
    0xe7,0xff,0xbf,0x00,0x03,0x7b,0xfb,0xff,0xff,0xff,0xff,0xff,0x96,0x00,0x00,0x00,
    0x00,0x00,0x00,0x4f,0xff,0xff,0x61,0x0b,0xff,0xff,0xd3,0x01,0xa8,0xff,0xff,0xff,
    0xff,0xff,0xff,0xff,0xff,0x89,0x00,0x00,0x00,0x00,0x00,0x7b,0xff,0xff,0x66,0x0b,
    0xff,0xff,0xd3,0x88,0xff,0xff,0xff,0xff,0xff,0xff,0xff,0xff,0xff,0xff,0x63,0x00,
    0x00,0x00,0x00,0xc4,0xff,0xff,0x55,0x0b,0xff,0xff,0xf3,0xfe,0xff,0xff,0xff,0xff,
    0xff,0xff,0xff,0xff,0xff,0xff,0xf9,0x45,0x00,0x00,0x56,0xff,0xff,0xff,0x38,0x0b,
    0xff,0xff,0xff,0xff,0xff,0xff,0xff,0xff,0xff,0xff,0xff,0xff,0xff,0xff,0xff,0xfc,
    0xb5,0xb1,0xfb,0xff,0xff,0xff,0x15,0x0b,0xff,0xff,0xff,0xff,0xff,0xff,0xff,0xff,
    0xff,0xff,0xff,0xff,0xff,0xff,0xff,0xff,0xff,0xff,0xff,0xff,0xff,0xe6,0x00,0x0b,
    0xff,0xff,0xff,0xff,0xff,0xff,0xff,0xff,0xff,0xff,0xff,0xff,0xff,0xff,0xff,0xff,
    0xff,0xff,0xff,0xff,0xff,0xaf,0x00,0x0b,0xff,0xff,0xff,0xfb,0x76,0x1f,0x0c,0x37,
    0xb7,0xff,0xff,0xff,0xff,0xff,0xff,0xff,0xff,0xff,0xff,0xff,0xff,0x68,0x00,0x0b,
    0xff,0xff,0xff,0x6f,0x00,0x00,0x00,0x00,0x00,0x2d,0x95,0xd2,0xef,0xfc,0xef,0xdc,
    0xb6,0xaa,0xff,0xff,0xfc,0x17,0x00,0x0b,0xff,0xff,0xf7,0x06,0x00,0x00,0x00,0x00,
    0x00,0x00,0x00,0x00,0x00,0x00,0x00,0x00,0x05,0xd9,0xff,0xff,0xb8,0x00,0x00,0x0b,
    0xff,0xff,0xd8,0x00,0x00,0x00,0x00,0x00,0x00,0x00,0x00,0x00,0x00,0x00,0x00,0x00,
    0x73,0xff,0xff,0xff,0x5d,0x00,0x00,0x0b,0xff,0xff,0xd3,0x00,0x00,0x00,0x00,0x00,
    0x00,0x00,0x00,0x00,0x00,0x00,0x00,0x17,0xf1,0xff,0xff,0xf6,0x0c,0x00,0x00,0x06,
    0xf8,0xff,0xc7,0x00,0x00,0x00,0x00,0x00,0x00,0x00,0x00,0x00,0x00,0x00,0x00,0x9f,
    0xff,0xff,0xff,0xa7,0x00,0x00,0x00,0x00,0x21,0x37,0x15,0x00,0x00,0x00,0x00,0x00,
    0x00,0x00,0x00,0x00,0x00,0x00,0x38,0xfe,0xff,0xff,0xff,0x4c,0x00,0x00,0x00,0x00,
    0x00,0x00,0x00,0x00,0x00,0x00,0x00,0x00,0x00,0x00,0x00,0x00,0x00,0x02,0xcc,0xff,
    0xff,0xff,0xed,0x05,0x00,0x00,0x00,0x00,0x00,0x00,0x00,0x00,0x00,0x00,0x00,0x00,
    0x00,0x00,0x00,0x00,0x00,0x68,0xff,0xff,0xff,0xff,0x9b,0x00,0x00,0x00,0x00,0x00,
    0x00,0x00,0x00,0x00,0x00,0x00,0x00,0x00,0x00,0x00,0x00,0x00,0x14,0xed,0xff,0xff,
    0xff,0xff,0x44,0x00,0x00,0x00,0x00,0x00,0x00,0x00,0x00,0x00,0x00,0x00,0x00,0x00,
    0x00,0x00,0x00,0x00,0x9c,0xff,0xff,0xff,0xff,0xeb,0x03,0x00,0x00,0x00,0x00,0x00,
    0x00,0x00,0x00,0x00,0x00,0x00,0x00,0x00,0x00,0x00,0x00,0x38,0xfe,0xff,0xff,0xff,
    0xff,0xa0,0x00,0x00,0x00,0x00,0x00,0x00,0x00,0x00,0x00,0x00,0x00,0x00,0x00,0x00,
    0x00,0x00,0x03,0xce,0xff,0xff,0xff,0xff,0xff,0x55,0x00,0x00,0x00,0x00,0x00,0x00,
    0x00,0x00,0x00,0x00,0x00,0x00,0x00,0x00,0x00,0x00,0x6f,0xff,0xff,0xff,0xff,0xff,
    0xff,0x12,0x00,0x00,0x00,0x00,0x00,0x00,0x00,0x00,0x00,0x00,0x00,0x00,0x00,0x00,
    0x00,0x1d,0xf2,0xff,0xff,0xff,0xff,0xff,0xdf,0x00,0x00,0x00,0x00,0x00,0x00,0x00,
    0x00,0x00,0x00,0x00,0x00,0x00,0x00,0x00,0x00,0xb5,0xff,0xff,0xff,0xff,0xff,0xff,
    0xb6,0x00,0x00,0x00,0x00,0x00,0x00,0x00,0x00,0x00,0x00,0x00,0x00,0x00,0x00,0x00,
    0x57,0xff,0xff,0xff,0xff,0xff,0xff,0xff,0xa5,0x00,0x00,0x00,0x00,0x00,0x00,0x00,
    0x00,0x00,0x00,0x00,0x00,0x00,0x00,0x11,0xe8,0xff,0xff,0xff,0xff,0xff,0xff,0xff,
    0x9a,0x00,0x00,0x00,0x00,0x00,0x00,0x00,0x00,0x00,0x00,0x00,0x00,0x00,0x00,0x9a,
    0xff,0xff,0xff,0xff,0xff,0xff,0xff,0xff,0x9f,0x00,0x00,0x00,0x00,0x00,0x00,0x00,
    0x00,0x00,0x00,0x00,0x00,0x00,0x1e,0xfc,0xff,0xff,0xff,0xff,0xff,0xff,0xff,0xff,
    0xad,0x00,0x00,0x00,0x00,0x00,0x00,0x00,0x00,0x00,0x00,0x00,0x00,0x00,0x85,0xff,
    0xff,0xff,0xff,0xff,0xff,0xff,0xff,0xff,0xc5,0x00,0x00,0x00,0x00,0x00,0x00,0x00,
    0x00,0x00,0x00,0x00,0x00,0x00,0xbf,0xff,0xff,0xff,0xff,0xff,0xff,0xff,0xff,0xff,
    0xe5,0x00,0x00,0x00,0x00,0x00,0x00,0x00,0x00,0x00,0x00,0x00,0x00,0x00,0xda,0xff,
    0xff,0xff,0xff,0xff,0xff,0xff,0xff,0xff,0xd6,0x00,0x00,0x00,0x00,0x00,0x00,0x00,
    0x00,0x00,0x00,0x00,0x00,0x00,0x47,0x76,0x5b,0x3c,0x24,0x16,0x2a,0x41,0x64,0x6d,
    0x13,0x00,0x00,0x00,0x00,0x00,0x00,0x00,0x00,0x00,0x00,0x00,0x00,0x00,0x01,0x42,
    0x87,0xc2,0xe1,0xf4,0xf6,0xe3,0xc6,0x8c,0x4a,0x03,0x00,0x00,0x00,0x00,0x00,0x00,
    0x00,0x00,0x00,0x00,0x00,0x00,0x02,0x67,0xdc,0xff,0xff,0xff,0xff,0xff,0xff,0xff,
    0xff,0xff,0xff,0xe3,0x74,0x05,0x00,0x00,0x00,0x00,0x00,0x00,0x00,0x00,0x00,0x1f,
    0xca,0xff,0xff,0xff,0xff,0xff,0xff,0xfd,0xfd,0xff,0xff,0xff,0xff,0xff,0xff,0xd5,
    0x2a,0x00,0x00,0x00,0x00,0x00,0x00,0x00,0x2a,0xe6,0xff,0xff,0xff,0xff,0xcc,0x60,
    0x1c,0x04,0x05,0x21,0x43,0x9e,0xf9,0xff,0xff,0xff,0xee,0x38,0x00,0x00,0x00,0x00,
    0x00,0x0b,0xd8,0xff,0xff,0xff,0xff,0xb6,0x07,0x00,0x00,0x00,0x00,0x00,0x00,0x00,
    0x19,0xd3,0xff,0xff,0xff,0xe5,0x15,0x00,0x00,0x00,0x00,0x80,0xff,0xff,0xff,0xff,
    0xff,0x37,0x00,0x00,0x00,0x00,0x00,0x00,0x00,0x00,0x00,0x1b,0xe7,0xff,0xff,0xff,
    0x97,0x00,0x00,0x00,0x01,0xe7,0xff,0xff,0xff,0xff,0xff,0x0a,0x00,0x00,0x00,0x00,
    0x00,0x00,0x00,0x00,0x00,0x00,0x97,0xff,0xff,0xff,0xf4,0x0b,0x00,0x00,0x1c,0xff,
    0xff,0xff,0xff,0xff,0xff,0x45,0x00,0x00,0x00,0x00,0x00,0x00,0x00,0x00,0x00,0x00,
    0x5c,0xff,0xff,0xff,0xff,0x32,0x00,0x00,0x31,0xff,0xff,0xff,0xff,0xff,0xff,0xd8,
    0x14,0x00,0x00,0x00,0x00,0x00,0x00,0x00,0x00,0x00,0x65,0xff,0xff,0xff,0xff,0x45,
    0x00,0x00,0x20,0xff,0xff,0xff,0xff,0xff,0xff,0xff,0xd8,0x30,0x00,0x00,0x00,0x00,
    0x00,0x00,0x00,0x00,0x87,0xff,0xff,0xff,0xff,0x22,0x00,0x00,0x05,0xf1,0xff,0xff,
    0xff,0xff,0xff,0xff,0xff,0xfa,0x98,0x20,0x00,0x00,0x00,0x00,0x00,0x02,0xde,0xff,
    0xff,0xff,0xdc,0x02,0x00,0x00,0x00,0xa5,0xff,0xff,0xff,0xff,0xff,0xff,0xff,0xff,
    0xff,0xfb,0x9e,0x35,0x00,0x00,0x00,0x73,0xff,0xff,0xff,0xff,0x68,0x00,0x00,0x00,
    0x00,0x26,0xf5,0xff,0xff,0xff,0xff,0xff,0xff,0xff,0xff,0xff,0xff,0xff,0xd9,0x7d,
    0x84,0xfd,0xff,0xff,0xff,0xb3,0x01,0x00,0x00,0x00,0x00,0x00,0x5e,0xfc,0xff,0xff,
    0xff,0xff,0xff,0xff,0xff,0xff,0xff,0xff,0xff,0xff,0xff,0xff,0xff,0xff,0xbe,0x0e,
    0x00,0x00,0x00,0x00,0x00,0x00,0x00,0x42,0xec,0xff,0xff,0xff,0xff,0xff,0xff,0xff,
    0xff,0xff,0xff,0xff,0xff,0xff,0xff,0xf1,0x1c,0x00,0x00,0x00,0x00,0x00,0x00,0x00,
    0x00,0x4c,0xed,0xff,0xff,0xff,0xff,0xff,0xff,0xff,0xff,0xff,0xff,0xff,0xff,0xff,
    0xff,0xff,0xe7,0x43,0x00,0x00,0x00,0x00,0x00,0x00,0x7a,0xfe,0xff,0xff,0xff,0xec,
    0xfc,0xff,0xff,0xff,0xff,0xff,0xff,0xff,0xff,0xff,0xff,0xff,0xff,0xfa,0x35,0x00,
    0x00,0x00,0x00,0x58,0xff,0xff,0xff,0xff,0x9b,0x09,0x19,0x75,0xd5,0xff,0xff,0xff,
    0xff,0xff,0xff,0xff,0xff,0xff,0xff,0xff,0xda,0x0b,0x00,0x00,0x12,0xf4,0xff,0xff,
    0xff,0xb2,0x00,0x00,0x00,0x00,0x00,0x3c,0xb5,0xff,0xff,0xff,0xff,0xff,0xff,0xff,
    0xff,0xff,0xff,0x62,0x00,0x00,0x78,0xff,0xff,0xff,0xf4,0x18,0x00,0x00,0x00,0x00,
    0x00,0x00,0x00,0x31,0xad,0xff,0xff,0xff,0xff,0xff,0xff,0xff,0xff,0xb8,0x00,0x00,
    0xcb,0xff,0xff,0xff,0xae,0x00,0x00,0x00,0x00,0x00,0x00,0x00,0x00,0x00,0x00,0x4d,
    0xea,0xff,0xff,0xff,0xff,0xff,0xff,0xf5,0x00,0x00,0xed,0xff,0xff,0xff,0x83,0x00,
    0x00,0x00,0x00,0x00,0x00,0x00,0x00,0x00,0x00,0x00,0x27,0xe4,0xff,0xff,0xff,0xff,
    0xff,0xff,0x0c,0x04,0xff,0xff,0xff,0xff,0x77,0x00,0x00,0x00,0x00,0x00,0x00,0x00,
    0x00,0x00,0x00,0x00,0x00,0x45,0xff,0xff,0xff,0xff,0xff,0xff,0x1c,0x00,0xe9,0xff,
    0xff,0xff,0x95,0x00,0x00,0x00,0x00,0x00,0x00,0x00,0x00,0x00,0x00,0x00,0x00,0x00,
    0xda,0xff,0xff,0xff,0xff,0xfc,0x04,0x00,0xbc,0xff,0xff,0xff,0xe4,0x03,0x00,0x00,
    0x00,0x00,0x00,0x00,0x00,0x00,0x00,0x00,0x00,0x00,0xc5,0xff,0xff,0xff,0xff,0xd3,
    0x00,0x00,0x5d,0xff,0xff,0xff,0xff,0x96,0x00,0x00,0x00,0x00,0x00,0x00,0x00,0x00,
    0x00,0x00,0x00,0x17,0xfb,0xff,0xff,0xff,0xff,0x73,0x00,0x00,0x08,0xd9,0xff,0xff,
    0xff,0xff,0x79,0x00,0x00,0x00,0x00,0x00,0x00,0x00,0x00,0x00,0x0b,0xc9,0xff,0xff,
    0xff,0xff,0xe7,0x11,0x00,0x00,0x00,0x38,0xfb,0xff,0xff,0xff,0xff,0xce,0x4f,0x01,
    0x00,0x00,0x00,0x00,0x02,0x5b,0xda,0xff,0xff,0xff,0xff,0xfe,0x4b,0x00,0x00,0x00,
    0x00,0x00,0x4e,0xf8,0xff,0xff,0xff,0xff,0xff,0xf1,0xcc,0xa7,0xa4,0xc9,0xef,0xff,
    0xff,0xff,0xff,0xff,0xfc,0x60,0x00,0x00,0x00,0x00,0x00,0x00,0x00,0x3a,0xda,0xff,
    0xff,0xff,0xff,0xff,0xff,0xff,0xff,0xff,0xff,0xff,0xff,0xff,0xff,0xe3,0x48,0x00,
    0x00,0x00,0x00,0x00,0x00,0x00,0x00,0x00,0x08,0x7a,0xe4,0xff,0xff,0xff,0xff,0xff,
    0xff,0xff,0xff,0xff,0xff,0xea,0x84,0x0d,0x00,0x00,0x00,0x00,0x00,0x00,0x00,0x00,
    0x00,0x00,0x00,0x00,0x04,0x4a,0x8b,0xc6,0xe1,0xf5,0xf7,0xe3,0xca,0x90,0x51,0x07,
    0x00,0x00,0x00,0x00,0x00,0x00,0x00,0x00,0x00,0x00,0x00,0x00,0x00,0x00,0x01,0x47,
    0x9b,0xdb,0xf9,0xf5,0xe3,0xb4,0x71,0x12,0x00,0x00,0x00,0x00,0x00,0x00,0x00,0x00,
    0x00,0x00,0x00,0x00,0x00,0x00,0x58,0xdd,0xff,0xff,0xff,0xff,0xff,0xff,0xff,0xff,
    0xf7,0x93,0x0e,0x00,0x00,0x00,0x00,0x00,0x00,0x00,0x00,0x00,0x00,0x17,0xc0,0xff,
    0xff,0xff,0xff,0xff,0xcf,0xae,0xf0,0xff,0xff,0xff,0xff,0xe3,0x4c,0x00,0x00,0x00,
    0x00,0x00,0x00,0x00,0x00,0x2d,0xe3,0xff,0xff,0xff,0xff,0xff,0x7d,0x00,0x00,0x17,
    0xdc,0xff,0xff,0xff,0xff,0xff,0x5c,0x00,0x00,0x00,0x00,0x00,0x00,0x14,0xe0,0xff,
    0xff,0xff,0xff,0xff,0xa7,0x00,0x00,0x00,0x00,0x27,0xf8,0xff,0xff,0xff,0xff,0xf9,
    0x3d,0x00,0x00,0x00,0x00,0x00,0xb4,0xff,0xff,0xff,0xff,0xff,0xff,0x2c,0x00,0x00,
    0x00,0x00,0x00,0xa7,0xff,0xff,0xff,0xff,0xff,0xec,0x21,0x00,0x00,0x00,0x2f,0xff,
    0xff,0xff,0xff,0xff,0xff,0xc8,0x00,0x00,0x00,0x00,0x00,0x00,0x46,0xff,0xff,0xff,
    0xff,0xff,0xff,0xa3,0x00,0x00,0x00,0x9c,0xff,0xff,0xff,0xff,0xff,0xff,0x97,0x00,
    0x00,0x00,0x00,0x00,0x00,0x16,0xff,0xff,0xff,0xff,0xff,0xff,0xfc,0x27,0x00,0x00,
    0xce,0xff,0xff,0xff,0xff,0xff,0xff,0x78,0x00,0x00,0x00,0x00,0x00,0x00,0x00,0xf7,
    0xff,0xff,0xff,0xff,0xff,0xff,0xa1,0x00,0x00,0xf2,0xff,0xff,0xff,0xff,0xff,0xff,
    0x68,0x00,0x00,0x00,0x00,0x00,0x00,0x00,0xe8,0xff,0xff,0xff,0xff,0xff,0xff,0xef,
    0x02,0x04,0xff,0xff,0xff,0xff,0xff,0xff,0xff,0x84,0x00,0x00,0x00,0x00,0x00,0x00,
    0x05,0xfd,0xff,0xff,0xff,0xff,0xff,0xff,0xff,0x32,0x00,0xed,0xff,0xff,0xff,0xff,
    0xff,0xff,0xa3,0x00,0x00,0x00,0x00,0x00,0x00,0x22,0xff,0xff,0xff,0xff,0xff,0xff,
    0xff,0xff,0x73,0x00,0xcb,0xff,0xff,0xff,0xff,0xff,0xff,0xe8,0x05,0x00,0x00,0x00,
    0x00,0x00,0x6a,0xff,0xff,0xff,0xff,0xff,0xff,0xff,0xff,0x95,0x00,0x7c,0xff,0xff,
    0xff,0xff,0xff,0xff,0xff,0x54,0x00,0x00,0x00,0x00,0x00,0xcf,0xff,0xff,0xff,0xff,
    0xff,0xff,0xff,0xff,0xa8,0x00,0x1e,0xf6,0xff,0xff,0xff,0xff,0xff,0xff,0xdf,0x18,
    0x00,0x00,0x00,0x6f,0xff,0xff,0xff,0xff,0xff,0xff,0xff,0xff,0xff,0xbb,0x00,0x00,
    0x79,0xff,0xff,0xff,0xff,0xff,0xff,0xff,0xd0,0x3d,0x1c,0x73,0xfd,0xff,0xff,0xff,
    0xff,0xff,0xff,0xff,0xff,0xff,0xb9,0x00,0x00,0x01,0x99,0xff,0xff,0xff,0xff,0xff,
    0xff,0xff,0xff,0xff,0xff,0xff,0xff,0xfe,0xff,0xff,0xff,0xff,0xff,0xff,0xff,0xa9,
    0x00,0x00,0x00,0x01,0x65,0xf0,0xff,0xff,0xff,0xff,0xff,0xff,0xff,0xff,0xf8,0x72,
    0xcd,0xff,0xff,0xff,0xff,0xff,0xff,0xff,0x96,0x00,0x00,0x00,0x00,0x00,0x0c,0x67,
    0xb1,0xe4,0xf8,0xf4,0xe0,0xc3,0x7e,0x21,0x00,0xad,0xff,0xff,0xff,0xff,0xff,0xff,
    0xff,0x6d,0x00,0x00,0x00,0x00,0x1e,0x51,0x3f,0x0c,0x00,0x00,0x00,0x00,0x00,0x00,
    0x00,0x00,0x9b,0xff,0xff,0xff,0xff,0xff,0xff,0xff,0x42,0x00,0x00,0x08,0x96,0xff,
    0xff,0xff,0xeb,0x4e,0x00,0x00,0x00,0x00,0x00,0x00,0x00,0x96,0xff,0xff,0xff,0xff,
    0xff,0xff,0xfb,0x0d,0x00,0x00,0x90,0xff,0xff,0xff,0xff,0xff,0xfa,0x2b,0x00,0x00,
    0x00,0x00,0x00,0x00,0xab,0xff,0xff,0xff,0xff,0xff,0xff,0xc4,0x00,0x00,0x14,0xfd,
    0xff,0xff,0xff,0xff,0xff,0xff,0xa3,0x00,0x00,0x00,0x00,0x00,0x00,0xc3,0xff,0xff,
    0xff,0xff,0xff,0xff,0x72,0x00,0x00,0x45,0xff,0xff,0xff,0xff,0xff,0xff,0xff,0xd4,
    0x00,0x00,0x00,0x00,0x00,0x01,0xe7,0xff,0xff,0xff,0xff,0xff,0xf8,0x19,0x00,0x00,
    0x4e,0xff,0xff,0xff,0xff,0xff,0xff,0xff,0xcd,0x00,0x00,0x00,0x00,0x00,0x3a,0xff,
    0xff,0xff,0xff,0xff,0xff,0x94,0x00,0x00,0x00,0x26,0xff,0xff,0xff,0xff,0xff,0xff,
    0xff,0x82,0x00,0x00,0x00,0x00,0x00,0x8f,0xff,0xff,0xff,0xff,0xff,0xe9,0x11,0x00,
    0x00,0x00,0x00,0xcb,0xff,0xff,0xff,0xff,0xff,0xdf,0x11,0x00,0x00,0x00,0x00,0x16,
    0xec,0xff,0xff,0xff,0xff,0xfa,0x41,0x00,0x00,0x00,0x00,0x00,0x48,0xff,0xff,0xff,
    0xff,0xd5,0x23,0x00,0x00,0x00,0x00,0x09,0xb9,0xff,0xff,0xff,0xff,0xff,0x5f,0x00,
    0x00,0x00,0x00,0x00,0x00,0x00,0x93,0xff,0xff,0xff,0xfa,0x79,0x25,0x02,0x0d,0x4d,
    0xcf,0xff,0xff,0xff,0xff,0xff,0x81,0x00,0x00,0x00,0x00,0x00,0x00,0x00,0x00,0x00,
    0x95,0xff,0xff,0xff,0xff,0xff,0xf9,0xff,0xff,0xff,0xff,0xff,0xff,0xfa,0x6a,0x00,
    0x00,0x00,0x00,0x00,0x00,0x00,0x00,0x00,0x00,0x00,0x5b,0xe3,0xff,0xff,0xff,0xff,
    0xff,0xff,0xff,0xff,0xff,0xc2,0x30,0x00,0x00,0x00,0x00,0x00,0x00,0x00,0x00,0x00,
    0x00,0x00,0x00,0x00,0x03,0x4d,0x95,0xcc,0xe7,0xf8,0xef,0xd2,0x98,0x3d,0x00,0x00,
    0x00,0x00,0x00,0x00,0x00,0x00,0x00,0x00,0x00,0x00,0x00,0x00,0x00,0x00,0x00,0x00,
    0x07,0x56,0x96,0xc2,0xe2,0xf0,0xfb,0xed,0xdb,0xc8,0xaa,0x6e,0x31,0x03,0x00,0x00,
    0x00,0x00,0x00,0x00,0x00,0x00,0x00,0x00,0x00,0x00,0x00,0x00,0x30,0x93,0xee,0xff,
    0xff,0xff,0xff,0xff,0xff,0xff,0xff,0xff,0xff,0xff,0xff,0xe2,0x72,0x0e,0x00,0x00,
    0x00,0x00,0x00,0x00,0x00,0x00,0x00,0x00,0x05,0x8b,0xfe,0xff,0xff,0xff,0xff,0xee,
    0x9f,0x70,0x58,0x62,0x7c,0xc3,0xfe,0xff,0xff,0xff,0xff,0xeb,0x4d,0x00,0x00,0x00,
    0x00,0x00,0x00,0x00,0x00,0x1f,0xc8,0xff,0xff,0xff,0xff,0xfe,0x89,0x09,0x00,0x00,
    0x00,0x00,0x00,0x00,0x3c,0xe6,0xff,0xff,0xff,0xff,0xff,0x82,0x00,0x00,0x00,0x00,
    0x00,0x00,0x12,0xde,0xff,0xff,0xff,0xff,0xff,0x71,0x00,0x00,0x00,0x00,0x00,0x00,
    0x00,0x00,0x00,0x3e,0xff,0xff,0xff,0xff,0xff,0xff,0x71,0x00,0x00,0x00,0x00,0x02,
    0xb9,0xff,0xff,0xff,0xff,0xff,0xd4,0x00,0x00,0x00,0x00,0x00,0x00,0x00,0x00,0x00,
    0x07,0xa4,0xff,0xff,0xff,0xff,0xff,0xff,0xfa,0x2c,0x00,0x00,0x00,0x7a,0xff,0xff,
    0xff,0xff,0xff,0xff,0x64,0x00,0x00,0x00,0x00,0x00,0x00,0x00,0x00,0x00,0xa6,0xff,
    0xff,0xff,0xff,0xff,0xff,0xff,0xff,0xb6,0x00,0x00,0x0e,0xef,0xff,0xff,0xff,0xff,
    0xff,0xfc,0x09,0x00,0x00,0x00,0x00,0x00,0x00,0x00,0x00,0x4b,0xff,0xff,0xff,0xff,
    0xff,0xff,0xff,0xff,0xff,0xfe,0x22,0x00,0x7b,0xff,0xff,0xff,0xff,0xff,0xff,0xe2,
    0x00,0x00,0x00,0x00,0x00,0x00,0x00,0x00,0x00,0xb2,0xff,0xff,0xff,0xff,0xff,0xff,
    0xff,0xff,0xff,0xff,0x6c,0x00,0xe2,0xff,0xff,0xff,0xff,0xff,0xff,0xc5,0x00,0x00,
    0x00,0x00,0x00,0x00,0x00,0x00,0x00,0xe2,0xff,0xff,0xff,0xff,0xff,0xff,0xff,0xff,
    0xff,0xff,0x96,0x2e,0xff,0xff,0xff,0xff,0xff,0xff,0xff,0xb4,0x00,0x00,0x00,0x00,
    0x00,0x00,0x00,0x00,0x00,0xee,0xff,0xff,0xff,0xff,0xff,0xff,0xff,0xff,0xff,0xff,
    0x8d,0x77,0xff,0xff,0xff,0xff,0xff,0xff,0xff,0xb3,0x00,0x00,0x00,0x00,0x00,0x00,
    0x00,0x00,0x00,0xb9,0xff,0xff,0xff,0xff,0xff,0xff,0xff,0xff,0xff,0xff,0x5a,0xa8,
    0xff,0xff,0xff,0xff,0xff,0xff,0xff,0xb3,0x00,0x00,0x00,0x00,0x00,0x00,0x00,0x00,
    0x00,0x6b,0xff,0xff,0xff,0xff,0xff,0xff,0xff,0xff,0xff,0xf8,0x1d,0xd0,0xff,0xff,
    0xff,0xff,0xff,0xff,0xff,0xb3,0x00,0x00,0x00,0x00,0x00,0x00,0x00,0x00,0x00,0x07,
    0xd0,0xff,0xff,0xff,0xff,0xff,0xff,0xff,0xff,0x77,0x00,0xed,0xff,0xff,0xff,0xff,
    0xff,0xff,0xff,0xb3,0x00,0x00,0x00,0x00,0x00,0x00,0x00,0x00,0x00,0x00,0x25,0xd6,
    0xff,0xff,0xff,0xff,0xff,0xff,0x99,0x03,0x00,0xf9,0xff,0xff,0xff,0xff,0xff,0xff,
    0xff,0xb3,0x00,0x00,0x00,0x00,0x00,0x00,0x00,0x00,0x00,0x00,0x00,0x0a,0x7e,0xce,
    0xfe,0xdf,0xab,0x47,0x00,0x00,0x00,0xfc,0xff,0xff,0xff,0xff,0xff,0xff,0xff,0xb3,
    0x00,0x00,0x00,0x00,0x00,0x00,0x00,0x00,0x00,0x00,0x00,0x00,0x00,0x00,0x00,0x00,
    0x00,0x00,0x00,0x00,0x00,0xf6,0xff,0xff,0xff,0xff,0xff,0xff,0xff,0xb3,0x00,0x00,
    0x00,0x00,0x00,0x00,0x00,0x00,0x00,0x00,0x00,0x00,0x00,0x00,0x00,0x00,0x00,0x00,
    0x00,0x00,0x00,0xf0,0xff,0xff,0xff,0xff,0xff,0xff,0xff,0xb3,0x00,0x00,0x00,0x00,
    0x00,0x00,0x00,0x00,0x00,0x00,0x00,0x00,0x00,0x00,0x00,0x00,0x00,0x00,0x00,0x00,
    0x00,0xdd,0xff,0xff,0xff,0xff,0xff,0xff,0xff,0xb3,0x00,0x00,0x00,0x00,0x00,0x00,
    0x00,0x00,0x00,0x00,0x00,0x00,0x00,0x00,0x00,0x00,0x00,0x00,0x00,0x00,0x00,0xc0,
    0xff,0xff,0xff,0xff,0xff,0xff,0xff,0xb3,0x00,0x00,0x00,0x00,0x00,0x00,0x00,0x00,
    0x00,0x00,0x00,0x00,0x00,0x00,0x00,0x00,0x00,0x00,0x00,0x00,0x00,0xa3,0xff,0xff,
    0xff,0xff,0xff,0xff,0xff,0xb3,0x00,0x00,0x00,0x00,0x00,0x00,0x00,0x00,0x00,0x00,
    0x00,0x00,0x00,0x00,0x00,0x00,0x00,0x00,0x00,0x00,0x00,0x6e,0xff,0xff,0xff,0xff,
    0xff,0xff,0xff,0xb6,0x00,0x00,0x00,0x00,0x00,0x00,0x00,0x00,0x00,0x00,0x00,0x00,
    0x00,0x00,0x00,0x00,0x00,0x50,0xf6,0x5e,0x00,0x2b,0xff,0xff,0xff,0xff,0xff,0xff,
    0xff,0xc4,0x00,0x00,0x00,0x00,0x00,0x00,0x00,0x00,0x00,0x00,0x00,0x00,0x00,0x00,
    0x00,0x00,0x00,0x86,0xff,0x57,0x00,0x00,0xe4,0xff,0xff,0xff,0xff,0xff,0xff,0xdd,
    0x00,0x00,0x00,0x00,0x00,0x00,0x00,0x00,0x00,0x00,0x00,0x00,0x00,0x00,0x00,0x00,
    0x00,0xb2,0xff,0x36,0x00,0x00,0x73,0xff,0xff,0xff,0xff,0xff,0xff,0xff,0x13,0x00,
    0x00,0x00,0x00,0x00,0x00,0x00,0x00,0x00,0x00,0x00,0x00,0x00,0x00,0x00,0x0d,0xf7,
    0xf0,0x06,0x00,0x00,0x09,0xe8,0xff,0xff,0xff,0xff,0xff,0xff,0x61,0x00,0x00,0x00,
    0x00,0x00,0x00,0x00,0x00,0x00,0x00,0x00,0x00,0x00,0x00,0x00,0x78,0xff,0xa0,0x00,
    0x00,0x00,0x00,0x5a,0xff,0xff,0xff,0xff,0xff,0xff,0xd3,0x04,0x00,0x00,0x00,0x00,
    0x00,0x00,0x00,0x00,0x00,0x00,0x00,0x00,0x00,0x26,0xf4,0xfc,0x2f,0x00,0x00,0x00,
    0x00,0x00,0x76,0xff,0xff,0xff,0xff,0xff,0xff,0x8c,0x00,0x00,0x00,0x00,0x00,0x00,
    0x00,0x00,0x00,0x00,0x00,0x00,0x22,0xe1,0xff,0x91,0x00,0x00,0x00,0x00,0x00,0x00,
    0x00,0x84,0xff,0xff,0xff,0xff,0xff,0xff,0x9a,0x0d,0x00,0x00,0x00,0x00,0x00,0x00,
    0x00,0x00,0x05,0x66,0xf2,0xff,0xb9,0x06,0x00,0x00,0x00,0x00,0x00,0x00,0x00,0x00,
    0x48,0xdb,0xff,0xff,0xff,0xff,0xff,0xee,0x8f,0x4d,0x25,0x14,0x15,0x28,0x50,0x8e,
    0xe6,0xff,0xff,0xa6,0x0a,0x00,0x00,0x00,0x00,0x00,0x00,0x00,0x00,0x00,0x00,0x04,
    0x5d,0xbf,0xfd,0xff,0xff,0xff,0xff,0xff,0xff,0xff,0xff,0xff,0xff,0xff,0xff,0xd4,
    0x55,0x00,0x00,0x00,0x00,0x00,0x00,0x00,0x00,0x00,0x00,0x00,0x00,0x00,0x00,0x00,
    0x17,0x53,0x8b,0xb0,0xd0,0xe8,0xf2,0xfb,0xf6,0xe3,0xc4,0x88,0x41,0x00,0x00,0x00,
    0x00,0x00,0x00,0x00,0x00,0x00,0x00,0x00,0x00,0x00,0x00,0x00,0x00,0x00,0x00,0x00,
    0x00,0x00,0x29,0x5f,0x5a,0x0a,0x00,0x00,0x00,0x00,0x00,0x00,0x00,0x00,0x00,0x00,
    0x00,0x00,0x00,0x00,0x00,0x00,0x00,0x00,0x00,0x00,0x00,0x00,0x00,0x00,0x00,0x00,
    0xbe,0xff,0xff,0x5a,0x00,0x00,0x00,0x00,0x00,0x00,0x00,0x00,0x00,0x00,0x00,0x00,
    0x00,0x00,0x00,0x00,0x00,0x00,0x00,0x00,0x00,0x00,0x00,0x00,0x00,0x00,0xc3,0xff,
    0xff,0x5f,0x00,0x00,0x00,0x00,0x00,0x00,0x00,0x00,0x00,0x00,0x00,0x00,0x00,0x00,
    0x00,0x00,0x00,0x00,0x00,0x00,0x00,0x00,0x00,0x00,0x00,0x00,0xc3,0xff,0xff,0x5f,
    0x00,0x00,0x00,0x00,0x00,0x00,0x00,0x00,0x00,0x00,0x00,0x00,0x00,0x00,0x00,0x00,
    0x00,0x00,0x00,0x00,0x00,0x00,0x00,0x00,0x00,0x00,0xc3,0xff,0xff,0x5f,0x00,0x00,
    0x00,0x00,0x00,0x00,0x00,0x00,0x00,0x00,0x00,0x00,0x00,0x00,0x00,0x00,0x00,0x00,
    0x00,0x00,0x00,0x00,0x00,0x00,0x00,0x00,0xc3,0xff,0xff,0x5f,0x00,0x00,0x00,0x00,
    0x00,0x00,0x00,0x00,0x00,0x00,0x00,0x00,0x00,0x00,0x00,0x00,0x00,0x00,0x00,0x00,
    0x00,0x00,0x00,0x00,0x00,0x00,0xc3,0xff,0xff,0x5f,0x00,0x00,0x00,0x00,0x00,0x00,
    0x00,0x00,0x00,0x00,0x00,0x00,0x00,0x00,0x00,0x00,0x00,0x00,0x00,0x00,0x00,0x00,
    0x00,0x00,0x00,0x00,0xc3,0xff,0xff,0x5f,0x00,0x00,0x00,0x00,0x00,0x00,0x00,0x00,
    0x00,0x00,0x00,0x00,0x00,0x00,0x00,0x00,0x00,0x00,0x00,0x00,0x00,0x00,0x00,0x00,
    0x00,0x00,0xc3,0xff,0xff,0x5f,0x00,0x00,0x00,0x00,0x00,0x00,0x00,0x00,0x00,0x00,
    0x00,0x00,0x00,0x00,0x00,0x00,0x00,0x00,0x00,0x00,0x00,0x00,0x20,0x57,0x8d,0xc3,
    0xf9,0xff,0xff,0xfa,0xe3,0xcb,0xb2,0x7d,0x3b,0x05,0x00,0x00,0x00,0x00,0x00,0x00,
    0x00,0x00,0x00,0x00,0x00,0x00,0x00,0x00,0x3c,0xb7,0xff,0xff,0xff,0xff,0xff,0xff,
    0xff,0xff,0xff,0xff,0xff,0xff,0xff,0xf1,0x8a,0x1a,0x00,0x00,0x00,0x00,0x00,0x00,
    0x00,0x00,0x00,0x00,0x1f,0xc0,0xff,0xff,0xff,0xff,0xff,0xe2,0xe8,0xff,0xff,0x8f,
    0x6a,0xa9,0xf9,0xff,0xff,0xff,0xff,0xf8,0x72,0x01,0x00,0x00,0x00,0x00,0x00,0x00,
    0x00,0x39,0xe9,0xff,0xff,0xff,0xff,0xf2,0x67,0x06,0xc3,0xff,0xff,0x5f,0x00,0x00,
    0x26,0xd6,0xff,0xff,0xff,0xff,0xff,0xaf,0x04,0x00,0x00,0x00,0x00,0x00,0x43,0xf8,
    0xff,0xff,0xff,0xff,0xfd,0x4d,0x00,0x00,0xc3,0xff,0xff,0x5f,0x00,0x00,0x00,0x36,
    0xff,0xff,0xff,0xff,0xff,0xff,0xa2,0x00,0x00,0x00,0x00,0x18,0xe8,0xff,0xff,0xff,
    0xff,0xff,0x93,0x00,0x00,0x00,0xc3,0xff,0xff,0x5f,0x00,0x00,0x27,0xda,0xff,0xff,
    0xff,0xff,0xff,0xff,0xff,0x56,0x00,0x00,0x00,0xb9,0xff,0xff,0xff,0xff,0xff,0xff,
    0x33,0x00,0x00,0x00,0xc3,0xff,0xff,0x5f,0x00,0x0f,0xdc,0xff,0xff,0xff,0xff,0xff,
    0xff,0xff,0xff,0xdc,0x02,0x00,0x3e,0xff,0xff,0xff,0xff,0xff,0xff,0xe7,0x00,0x00,
    0x00,0x00,0xc3,0xff,0xff,0x5f,0x00,0x7c,0xff,0xff,0xff,0xff,0xff,0xff,0xff,0xff,
    0xff,0xff,0x44,0x00,0xb6,0xff,0xff,0xff,0xff,0xff,0xff,0xcb,0x00,0x00,0x00,0x00,
    0xc3,0xff,0xff,0x5f,0x00,0xd1,0xff,0xff,0xff,0xff,0xff,0xff,0xff,0xff,0xff,0xff,
    0x86,0x17,0xfe,0xff,0xff,0xff,0xff,0xff,0xff,0xb7,0x00,0x00,0x00,0x00,0xc3,0xff,
    0xff,0x5f,0x00,0xef,0xff,0xff,0xff,0xff,0xff,0xff,0xff,0xff,0xff,0xff,0x99,0x5f,
    0xff,0xff,0xff,0xff,0xff,0xff,0xff,0xb3,0x00,0x00,0x00,0x00,0xc3,0xff,0xff,0x5f,
    0x00,0xcf,0xff,0xff,0xff,0xff,0xff,0xff,0xff,0xff,0xff,0xff,0x6b,0xa0,0xff,0xff,
    0xff,0xff,0xff,0xff,0xff,0xb3,0x00,0x00,0x00,0x00,0xc3,0xff,0xff,0x5f,0x00,0x7f,
    0xff,0xff,0xff,0xff,0xff,0xff,0xff,0xff,0xff,0xff,0x2f,0xc9,0xff,0xff,0xff,0xff,
    0xff,0xff,0xff,0xb3,0x00,0x00,0x00,0x00,0xc3,0xff,0xff,0x5f,0x00,0x13,0xe1,0xff,
    0xff,0xff,0xff,0xff,0xff,0xff,0xff,0x95,0x00,0xeb,0xff,0xff,0xff,0xff,0xff,0xff,
    0xff,0xb3,0x00,0x00,0x00,0x00,0xc3,0xff,0xff,0x5f,0x00,0x00,0x30,0xe0,0xff,0xff,
    0xff,0xff,0xff,0xff,0xb0,0x09,0x00,0xf9,0xff,0xff,0xff,0xff,0xff,0xff,0xff,0xb3,
    0x00,0x00,0x00,0x00,0xc3,0xff,0xff,0x5f,0x00,0x00,0x00,0x0c,0x81,0xcd,0xfd,0xe1,
    0xb0,0x53,0x00,0x00,0x00,0xf8,0xff,0xff,0xff,0xff,0xff,0xff,0xff,0xb3,0x00,0x00,
    0x00,0x00,0xc3,0xff,0xff,0x5f,0x00,0x00,0x00,0x00,0x00,0x00,0x00,0x00,0x00,0x00,
    0x00,0x00,0x00,0xea,0xff,0xff,0xff,0xff,0xff,0xff,0xff,0xb3,0x00,0x00,0x00,0x00,
    0xc3,0xff,0xff,0x5f,0x00,0x00,0x00,0x00,0x00,0x00,0x00,0x00,0x00,0x00,0x00,0x00,
    0x00,0xdb,0xff,0xff,0xff,0xff,0xff,0xff,0xff,0xb3,0x00,0x00,0x00,0x00,0xc3,0xff,
    0xff,0x5f,0x00,0x00,0x00,0x00,0x00,0x00,0x00,0x00,0x00,0x00,0x00,0x00,0x00,0xcc,
    0xff,0xff,0xff,0xff,0xff,0xff,0xff,0xb3,0x00,0x00,0x00,0x00,0xc3,0xff,0xff,0x5f,
    0x00,0x00,0x00,0x00,0x00,0x00,0x00,0x00,0x00,0x00,0x00,0x00,0x00,0xbd,0xff,0xff,
    0xff,0xff,0xff,0xff,0xff,0xb3,0x00,0x00,0x00,0x00,0xc3,0xff,0xff,0x5f,0x00,0x00,
    0x00,0x00,0x00,0x00,0x00,0x00,0x00,0x00,0x00,0x00,0x00,0xa5,0xff,0xff,0xff,0xff,
    0xff,0xff,0xff,0xb3,0x00,0x00,0x00,0x00,0xc3,0xff,0xff,0x5f,0x00,0x00,0x00,0x00,
    0x00,0x00,0x00,0x00,0x00,0x00,0x00,0x00,0x00,0x6f,0xff,0xff,0xff,0xff,0xff,0xff,
    0xff,0xb8,0x00,0x00,0x00,0x00,0xc3,0xff,0xff,0x5f,0x00,0x00,0x00,0x00,0x00,0x00,
    0x00,0x00,0x00,0x50,0xf6,0x5e,0x00,0x36,0xff,0xff,0xff,0xff,0xff,0xff,0xff,0xce,
    0x00,0x00,0x00,0x00,0xc3,0xff,0xff,0x5f,0x00,0x00,0x00,0x00,0x00,0x00,0x00,0x00,
    0x00,0x86,0xff,0x57,0x00,0x03,0xe1,0xff,0xff,0xff,0xff,0xff,0xff,0xe7,0x00,0x00,
    0x00,0x00,0xc3,0xff,0xff,0x5f,0x00,0x00,0x00,0x00,0x00,0x00,0x00,0x00,0x00,0xb2,
    0xff,0x36,0x00,0x00,0x79,0xff,0xff,0xff,0xff,0xff,0xff,0xfd,0x15,0x00,0x00,0x00,
    0xc3,0xff,0xff,0x5f,0x00,0x00,0x00,0x00,0x00,0x00,0x00,0x00,0x0d,0xf7,0xf0,0x06,
    0x00,0x00,0x15,0xef,0xff,0xff,0xff,0xff,0xff,0xff,0x6d,0x00,0x00,0x00,0xc3,0xff,
    0xff,0x5f,0x00,0x00,0x00,0x00,0x00,0x00,0x00,0x00,0x78,0xff,0xa0,0x00,0x00,0x00,
    0x00,0x54,0xff,0xff,0xff,0xff,0xff,0xff,0xd1,0x04,0x00,0x00,0xc3,0xff,0xff,0x5f,
    0x00,0x00,0x00,0x00,0x00,0x00,0x00,0x26,0xf4,0xfc,0x2f,0x00,0x00,0x00,0x00,0x00,
    0x94,0xff,0xff,0xff,0xff,0xff,0xff,0x96,0x00,0x00,0xc3,0xff,0xff,0x5f,0x00,0x00,
    0x00,0x00,0x00,0x00,0x22,0xe1,0xff,0x91,0x00,0x00,0x00,0x00,0x00,0x00,0x00,0x78,
    0xfd,0xff,0xff,0xff,0xff,0xff,0x97,0x13,0xc3,0xff,0xff,0x5f,0x00,0x00,0x00,0x00,
    0x05,0x66,0xf2,0xff,0xb9,0x06,0x00,0x00,0x00,0x00,0x00,0x00,0x00,0x00,0x46,0xd8,
    0xff,0xff,0xff,0xff,0xff,0xf0,0xec,0xff,0xff,0x67,0x15,0x28,0x50,0x8e,0xe6,0xff,
    0xff,0xa6,0x0a,0x00,0x00,0x00,0x00,0x00,0x00,0x00,0x00,0x00,0x00,0x01,0x4b,0xbb,
    0xff,0xff,0xff,0xff,0xff,0xff,0xff,0xff,0xff,0xff,0xff,0xff,0xff,0xd4,0x55,0x00,
    0x00,0x00,0x00,0x00,0x00,0x00,0x00,0x00,0x00,0x00,0x00,0x00,0x00,0x00,0x18,0x59,
    0x8d,0xb3,0xf3,0xff,0xff,0xff,0xf6,0xe3,0xc4,0x88,0x41,0x00,0x00,0x00,0x00,0x00,
    0x00,0x00,0x00,0x00,0x00,0x00,0x00,0x00,0x00,0x00,0x00,0x00,0x00,0x00,0x00,0x00,
    0xc3,0xff,0xff,0x5f,0x00,0x00,0x00,0x00,0x00,0x00,0x00,0x00,0x00,0x00,0x00,0x00,
    0x00,0x00,0x00,0x00,0x00,0x00,0x00,0x00,0x00,0x00,0x00,0x00,0x00,0x00,0xc3,0xff,
    0xff,0x5f,0x00,0x00,0x00,0x00,0x00,0x00,0x00,0x00,0x00,0x00,0x00,0x00,0x00,0x00,
    0x00,0x00,0x00,0x00,0x00,0x00,0x00,0x00,0x00,0x00,0x00,0x00,0xc3,0xff,0xff,0x5f,
    0x00,0x00,0x00,0x00,0x00,0x00,0x00,0x00,0x00,0x00,0x00,0x00,0x00,0x00,0x00,0x00,
    0x00,0x00,0x00,0x00,0x00,0x00,0x00,0x00,0x00,0x00,0xc3,0xff,0xff,0x5f,0x00,0x00,
    0x00,0x00,0x00,0x00,0x00,0x00,0x00,0x00,0x00,0x00,0x00,0x00,0x00,0x00,0x00,0x00,
    0x00,0x00,0x00,0x00,0x00,0x00,0x00,0x00,0xc3,0xff,0xff,0x5f,0x00,0x00,0x00,0x00,
    0x00,0x00,0x00,0x00,0x00,0x00,0x00,0x00,0x00,0x00,0x00,0x00,0x00,0x00,0x00,0x00,
    0x00,0x00,0x00,0x00,0x00,0x00,0xc3,0xff,0xff,0x5f,0x00,0x00,0x00,0x00,0x00,0x00,
    0x00,0x00,0x00,0x00,0x00,0x00,0x00,0x00,0x00,0x00,0x00,0x00,0x00,0x00,0x00,0x00,
    0x00,0x00,0x00,0x00,0xc3,0xff,0xff,0x5f,0x00,0x00,0x00,0x00,0x00,0x00,0x00,0x00,
    0x00,0x00,0x00,0x00,0x00,0x00,0x00,0x00,0x00,0x00,0x00,0x00,0x00,0x00,0x00,0x00,
    0x00,0x00,0x61,0xaf,0xaa,0x22,0x00,0x00,0x00,0x00,0x00,0x00,0x00,0x00,0x00,0x00,
    0x00,0x00,0x00,0x00,0x00,0x00,0x00,0x00,0x00,0x00,0x00,0x00,0x00,0x00,0x04,0x03,
    0x00,0x00,0x00,0x00,0x00,0x00,0x00,0x00,0x00,0x00,0x00,0x00,0x00,0x00,0x00,0x00,
    0x02,0x45,0x83,0xbe,0xdf,0xf1,0xff,0xfe,0xef,0xdd,0xb8,0x7d,0x3d,0x00,0x00,0x00,
    0x00,0x00,0x00,0x00,0x00,0x00,0x03,0x6d,0xdd,0xff,0xff,0xff,0xff,0xff,0xff,0xff,
    0xff,0xff,0xff,0xff,0xff,0xd4,0x5f,0x00,0x00,0x00,0x00,0x00,0x00,0x1d,0xc4,0xff,
    0xff,0xff,0xef,0x7f,0x47,0x21,0x06,0x1a,0x6b,0xf3,0xff,0xff,0xff,0xff,0xff,0xb3,
    0x12,0x00,0x00,0x00,0x14,0xdb,0xff,0xff,0xff,0xf8,0x2e,0x00,0x00,0x00,0x00,0x00,
    0x00,0x44,0xff,0xff,0xff,0xff,0xff,0xff,0xc7,0x09,0x00,0x00,0xb5,0xff,0xff,0xff,
    0xff,0xb2,0x00,0x00,0x00,0x00,0x00,0x00,0x00,0x00,0xaf,0xff,0xff,0xff,0xff,0xff,
    0xff,0x94,0x00,0x3f,0xff,0xff,0xff,0xff,0xff,0x98,0x00,0x00,0x00,0x00,0x00,0x00,
    0x00,0x00,0x48,0xff,0xff,0xff,0xff,0xff,0xff,0xfb,0x22,0x9b,0xff,0xff,0xff,0xff,
    0xff,0xa8,0x00,0x00,0x00,0x00,0x00,0x00,0x00,0x00,0x02,0xec,0xff,0xff,0xff,0xff,
    0xff,0xff,0x76,0xdb,0xff,0xff,0xff,0xff,0xff,0xcb,0x00,0x00,0x00,0x00,0x00,0x00,
    0x00,0x00,0x00,0xa2,0xff,0xff,0xff,0xff,0xff,0xff,0xb5,0xf5,0xff,0xff,0xff,0xff,
    0xff,0xf8,0x07,0x00,0x00,0x00,0x00,0x00,0x00,0x00,0x00,0x5b,0xff,0xff,0xff,0xff,
    0xff,0xff,0xd0,0xf4,0xff,0xff,0xff,0xff,0xff,0xff,0x3b,0x00,0x00,0x00,0x00,0x00,
    0x00,0x00,0x00,0x22,0xff,0xff,0xff,0xff,0xff,0xff,0xcf,0xd9,0xff,0xff,0xff,0xff,
    0xff,0xff,0x80,0x00,0x00,0x00,0x00,0x00,0x00,0x00,0x00,0x00,0xed,0xff,0xff,0xff,
    0xff,0xff,0xb4,0x99,0xff,0xff,0xff,0xff,0xff,0xff,0xcc,0x00,0x00,0x00,0x00,0x00,
    0x00,0x00,0x00,0x00,0xcd,0xff,0xff,0xff,0xff,0xff,0x74,0x3c,0xff,0xff,0xff,0xff,
    0xff,0xff,0xff,0x25,0x00,0x00,0x00,0x00,0x00,0x00,0x00,0x00,0xd0,0xff,0xff,0xff,
    0xff,0xf9,0x20,0x00,0xb1,0xff,0xff,0xff,0xff,0xff,0xff,0x8c,0x00,0x00,0x00,0x00,
    0x00,0x00,0x00,0x06,0xfa,0xff,0xff,0xff,0xff,0x90,0x00,0x00,0x12,0xd6,0xff,0xff,
    0xff,0xff,0xff,0xf8,0x2d,0x00,0x00,0x00,0x00,0x00,0x00,0x78,0xff,0xff,0xff,0xff,
    0xc2,0x07,0x00,0x00,0x00,0x19,0xbd,0xff,0xff,0xff,0xff,0xff,0xee,0x6b,0x23,0x10,
    0x1e,0x41,0x9b,0xfe,0xff,0xff,0xff,0xaa,0x0f,0x00,0x00,0x00,0x00,0x00,0x02,0x64,
    0xd5,0xff,0xff,0xff,0xff,0xff,0xff,0xff,0xff,0xff,0xff,0xff,0xff,0xcb,0x56,0x00,
    0x00,0x00,0x00,0x00,0x00,0x00,0x00,0x00,0x00,0x3b,0x79,0xb4,0xd6,0xe7,0xf8,0xf7,
    0xe6,0xd5,0xae,0x74,0x33,0x00,0x00,0x00,0x00,0x00,0x00,0x00,0x00,0x00,0x00,0x00,
    0x00,0x00,0x00,0x05,0x43,0x8b,0xc7,0xe2,0xf8,0xdf,0xbb,0x89,0x19,0x00,0x00,0x00,
    0x00,0x00,0x00,0x00,0x00,0x00,0x0e,0x74,0xe5,0xff,0xff,0xff,0xff,0xff,0xff,0xff,
    0xff,0xf7,0x89,0x01,0x00,0x00,0x00,0x00,0x00,0x00,0x53,0xe8,0xff,0xff,0xff,0xff,
    0xff,0xff,0xff,0xff,0xff,0xff,0xff,0xff,0x7f,0x00,0x00,0x00,0x00,0x06,0xa2,0xff,
    0xff,0xff,0xff,0xff,0xff,0xff,0xec,0x99,0x46,0x15,0x14,0x71,0xfe,0xfe,0x3e,0x00,
    0x00,0x0b,0xb9,0xff,0xff,0xff,0xff,0xff,0xff,0xd5,0x64,0x08,0x00,0x00,0x00,0x00,
    0x00,0xa5,0xff,0x9a,0x00,0x00,0xb0,0xff,0xff,0xff,0xff,0xff,0xdd,0x5a,0x01,0x00,
    0x00,0x00,0x00,0x00,0x00,0x00,0x8b,0xff,0xc0,0x00,0x71,0xff,0xff,0xff,0xff,0xf6,
    0x78,0x05,0x00,0x00,0x00,0x00,0x00,0x00,0x00,0x00,0x09,0xe1,0xff,0xb4,0x10,0xf3,
    0xff,0xff,0xff,0xc4,0x24,0x00,0x00,0x00,0x00,0x00,0x00,0x00,0x00,0x00,0x03,0xb2,
    0xff,0xff,0x8d,0x75,0xff,0xff,0xff,0x93,0x05,0x00,0x00,0x00,0x00,0x00,0x00,0x00,
    0x00,0x00,0x11,0xb6,0xff,0xff,0xff,0x43,0xc0,0xff,0xff,0x82,0x00,0x00,0x00,0x00,
    0x00,0x00,0x00,0x00,0x00,0x00,0x3a,0xdd,0xff,0xff,0xff,0xd4,0x00,0xe6,0xff,0xb5,
    0x00,0x00,0x00,0x00,0x00,0x00,0x00,0x00,0x00,0x10,0x96,0xfe,0xff,0xff,0xff,0xfd,
    0x44,0x00,0xef,0xff,0x54,0x00,0x00,0x00,0x00,0x00,0x00,0x00,0x08,0x74,0xed,0xff,
    0xff,0xff,0xff,0xff,0x86,0x00,0x00,0xc0,0xff,0x73,0x00,0x00,0x00,0x00,0x00,0x14,
    0x7a,0xe6,0xff,0xff,0xff,0xff,0xff,0xff,0x99,0x02,0x00,0x00,0x6e,0xff,0xf2,0x5b,
    0x11,0x1d,0x55,0xaa,0xf7,0xff,0xff,0xff,0xff,0xff,0xff,0xfd,0x85,0x00,0x00,0x00,
    0x00,0x02,0xc6,0xff,0xff,0xff,0xff,0xff,0xff,0xff,0xff,0xff,0xff,0xff,0xff,0xdd,
    0x3e,0x00,0x00,0x00,0x00,0x00,0x00,0x1a,0xc6,0xff,0xff,0xff,0xff,0xff,0xff,0xff,
    0xff,0xff,0xdc,0x67,0x07,0x00,0x00,0x00,0x00,0x00,0x00,0x00,0x00,0x01,0x4f,0xa5,
    0xdd,0xf3,0xf7,0xdf,0xc3,0x84,0x3b,0x02,0x00,0x00,0x00,0x00,0x00,0x00,0x00,0x00,
    0x00,0x00,0x00,0x00,0x00,0x00,0x00,0x00,0x02,0x36,0x7f,0xbb,0xd6,0xec,0xd3,0xaf,
    0x7d,0x12,0x00,0x00,0x00,0x00,0x00,0x00,0x00,0x00,0x00,0x07,0x65,0xda,0xff,0xff,
    0xff,0xff,0xff,0xff,0xff,0xff,0xf2,0x7e,0x00,0x00,0x00,0x00,0x00,0x00,0x00,0x43,
    0xdf,0xff,0xff,0xff,0xff,0xff,0xff,0xff,0xff,0xff,0xff,0xff,0xff,0x77,0x00,0x00,
    0x00,0x00,0x02,0x91,0xff,0xff,0xff,0xff,0xff,0xff,0xff,0xff,0xff,0xff,0xff,0xff,
    0xff,0xff,0xfd,0x39,0x00,0x00,0x07,0xac,0xff,0xff,0xff,0xff,0xff,0xff,0xff,0xff,
    0xff,0xff,0xff,0xff,0xff,0xff,0xff,0xff,0x97,0x00,0x00,0xa4,0xff,0xff,0xff,0xff,
    0xff,0xff,0xff,0xff,0xff,0xff,0xff,0xff,0xff,0xff,0xff,0xff,0xff,0xbf,0x00,0x65,
    0xff,0xff,0xff,0xff,0xff,0xff,0xff,0xff,0xff,0xff,0xff,0xff,0xff,0xff,0xff,0xff,
    0xff,0xff,0xb5,0x0c,0xf0,0xff,0xff,0xff,0xff,0xff,0xff,0xff,0xff,0xff,0xff,0xff,
    0xff,0xff,0xff,0xff,0xff,0xff,0xff,0x8e,0x70,0xff,0xff,0xff,0xff,0xff,0xff,0xff,
    0xff,0xff,0xff,0xff,0xff,0xff,0xff,0xff,0xff,0xff,0xff,0xff,0x46,0xbe,0xff,0xff,
    0xff,0xff,0xff,0xff,0xff,0xff,0xff,0xff,0xff,0xff,0xff,0xff,0xff,0xff,0xff,0xff,
    0xd5,0x00,0xe5,0xff,0xff,0xff,0xff,0xff,0xff,0xff,0xff,0xff,0xff,0xff,0xff,0xff,
    0xff,0xff,0xff,0xff,0xfe,0x45,0x00,0xef,0xff,0xff,0xff,0xff,0xff,0xff,0xff,0xff,
    0xff,0xff,0xff,0xff,0xff,0xff,0xff,0xff,0xff,0x88,0x00,0x00,0xc1,0xff,0xff,0xff,
    0xff,0xff,0xff,0xff,0xff,0xff,0xff,0xff,0xff,0xff,0xff,0xff,0xff,0x9a,0x02,0x00,
    0x00,0x6f,0xff,0xff,0xff,0xff,0xff,0xff,0xff,0xff,0xff,0xff,0xff,0xff,0xff,0xff,
    0xfe,0x85,0x00,0x00,0x00,0x00,0x02,0xc6,0xff,0xff,0xff,0xff,0xff,0xff,0xff,0xff,
    0xff,0xff,0xff,0xff,0xde,0x3e,0x00,0x00,0x00,0x00,0x00,0x00,0x1a,0xc6,0xff,0xff,
    0xff,0xff,0xff,0xff,0xff,0xff,0xff,0xdc,0x67,0x07,0x00,0x00,0x00,0x00,0x00,0x00,
    0x00,0x00,0x01,0x4f,0xa5,0xdd,0xf3,0xf7,0xdf,0xc3,0x84,0x3b,0x02,0x00,0x00,0x00,
    0x00,0x00,0x00,0x00,0x00,0x00,0x06,0x40,0x51,0x18,0x00,0x00,0x1b,0xd2,0xff,0xff,
    0xf5,0x5a,0x00,0xab,0xff,0xff,0xff,0xff,0xf5,0x18,0xee,0xff,0xff,0xff,0xff,0xff,
    0x51,0xdd,0xff,0xff,0xff,0xff,0xff,0x40,0x75,0xff,0xff,0xff,0xff,0xd2,0x06,0x02,
    0x75,0xdd,0xee,0xab,0x1b,0x00,0x50,0x2c,0x00,0x00,0x00,0x00,0x00,0x00,0x00,0x00,
    0x00,0x00,0x00,0x00,0x00,0x00,0x00,0x00,0x00,0xfa,0xb7,0x00,0x00,0x00,0x00,0x00,
    0x00,0x00,0x00,0x00,0x00,0x00,0x00,0x00,0x00,0x00,0x00,0x00,0xff,0xf3,0x04,0x00,
    0x00,0x00,0x00,0x00,0x00,0x00,0x00,0x00,0x00,0x00,0x00,0x00,0x00,0x00,0x00,0xff,
    0xff,0x3e,0x00,0x00,0x00,0x00,0x00,0x00,0x00,0x00,0x00,0x00,0x00,0x00,0x00,0x00,
    0x00,0x00,0xff,0xff,0x98,0x00,0x00,0x00,0x00,0x00,0x00,0x00,0x00,0x00,0x00,0x00,
    0x00,0x00,0x00,0x00,0x00,0xff,0xff,0xf1,0x0a,0x00,0x00,0x00,0x00,0x00,0x00,0x00,
    0x00,0x00,0x00,0x00,0x00,0x00,0x00,0x00,0xff,0xff,0xff,0x68,0x00,0x00,0x00,0x00,
    0x00,0x00,0x00,0x00,0x00,0x00,0x00,0x00,0x00,0x00,0x00,0xff,0xff,0xff,0xdb,0x02,
    0x00,0x00,0x00,0x00,0x00,0x00,0x00,0x00,0x00,0x00,0x00,0x00,0x00,0x00,0xff,0xff,
    0xff,0xff,0x59,0x00,0x00,0x00,0x00,0x00,0x00,0x00,0x00,0x00,0x00,0x00,0x00,0x00,
    0x00,0xff,0xff,0xff,0xff,0xe1,0x09,0x00,0x00,0x00,0x00,0x00,0x00,0x00,0x00,0x00,
    0x00,0x00,0x00,0x00,0xff,0xff,0xff,0xff,0xff,0x7c,0x00,0x00,0x00,0x00,0x00,0x00,
    0x00,0x00,0x00,0x00,0x00,0x00,0x00,0xff,0xff,0xff,0xff,0xff,0xf6,0x25,0x00,0x00,
    0x00,0x00,0x00,0x00,0x00,0x00,0x00,0x00,0x00,0x00,0xff,0xff,0xff,0xff,0xff,0xff,
    0xc7,0x04,0x00,0x00,0x00,0x00,0x00,0x00,0x00,0x00,0x00,0x00,0x00,0xff,0xff,0xff,
    0xff,0xff,0xff,0xff,0x83,0x00,0x00,0x00,0x00,0x00,0x00,0x00,0x00,0x00,0x00,0x00,
    0xff,0xff,0xff,0xff,0xff,0xff,0xff,0xfd,0x40,0x00,0x00,0x00,0x00,0x00,0x00,0x00,
    0x00,0x00,0x00,0xfe,0xff,0xff,0xff,0xff,0xff,0xff,0xff,0xe5,0x15,0x00,0x00,0x00,
    0x00,0x00,0x00,0x00,0x00,0x00,0x6f,0xe2,0xff,0xff,0xff,0xff,0xff,0xff,0xff,0xb6,
    0x01,0x00,0x00,0x00,0x00,0x00,0x00,0x00,0x00,0x00,0x04,0x66,0xe8,0xff,0xff,0xff,
    0xff,0xff,0xff,0x75,0x00,0x00,0x00,0x00,0x00,0x00,0x00,0x00,0x00,0x00,0x00,0x12,
    0xa2,0xff,0xff,0xff,0xff,0xff,0xfa,0x38,0x00,0x00,0x00,0x00,0x00,0x00,0x00,0x00,
    0x00,0x00,0x00,0x00,0x60,0xf6,0xff,0xff,0xff,0xff,0xdf,0x10,0x00,0x00,0x00,0x00,
    0x00,0x00,0x00,0x00,0x00,0x00,0x00,0x00,0x39,0xed,0xff,0xff,0xff,0xff,0xad,0x00,
    0x00,0x00,0x00,0x00,0x00,0x00,0x00,0x00,0x00,0x00,0x00,0x00,0x2a,0xe9,0xff,0xff,
    0xff,0xff,0x5f,0x00,0x00,0x00,0x00,0x00,0x00,0x00,0x00,0x00,0x00,0x00,0x00,0x00,
    0x30,0xf0,0xff,0xff,0xff,0xef,0x1b,0x00,0x00,0x00,0x00,0x00,0x00,0x00,0x00,0x00,
    0x00,0x00,0x00,0x00,0x3f,0xfb,0xff,0xff,0xff,0xaa,0x00,0x00,0x00,0x00,0x00,0x00,
    0x00,0x00,0x00,0x00,0x00,0x00,0x00,0x00,0x72,0xff,0xff,0xff,0xff,0x39,0x00,0x00,
    0x00,0x00,0x00,0x00,0x00,0x00,0x00,0x00,0x00,0x00,0x00,0x00,0xae,0xff,0xff,0xff,
    0xbd,0x00,0x00,0x00,0x00,0x00,0x00,0x00,0x00,0x00,0x00,0x00,0x00,0x00,0x00,0x17,
    0xee,0xff,0xff,0xff,0x31,0x00,0x00,0x00,0x00,0x00,0x00,0x00,0x00,0x00,0x00,0x00,
    0x00,0x00,0x00,0x5f,0xff,0xff,0xff,0x9e,0x00,0x00,0x00,0x00,0x00,0x00,0x00,0x00,
    0x00,0x00,0x00,0x00,0x00,0x00,0x00,0xc3,0xff,0xff,0xf3,0x08,0x00,0x00,0x00,0x00,
    0x00,0x00,0x00,0x00,0x00,0x00,0x00,0x00,0x00,0x00,0x33,0xff,0xff,0xff,0x50,0x00,
    0x00,0x00,0x00,0x00,0x00,0x00,0x00,0x00,0x00,0x00,0x00,0x00,0x00,0x00,0xb7,0xff,
    0xff,0x9e,0x00,0x00,0x00,0x00,0x00,0x00,0x00,0x00,0x00,0x00,0x00,0x00,0x00,0x00,
    0x00,0x42,0xff,0xff,0xd8,0x00,0x00,0x00,0x00,0x00,0x00,0x00,0x00,0x00,0x00,0x00,
    0x00,0x00,0x00,0x00,0x02,0xec,0xff,0xfe,0x13,0x00,0x00,0x00,0x00,0x00,0x00,0x00,
    0x00,0x00,0x00,0x00,0x00,0x00,0x00,0x00,0xa8,0xff,0xff,0x3a,0x00,0x00,0x00,0x00,
    0x00,0x00,0x00,0x00,0x00,0x00,0x00,0x00,0x00,0x00,0x00,0x68,0xff,0xff,0x54,0x00,
    0x00,0x00,0x00,0x00,0x00,0x00,0x00,0x00,0x00,0x00,0x00,0x00,0x00,0x00,0x4c,0xff,
    0xff,0x6f,0x00,0x00,0x00,0x00,0x00,0x00,0x00,0x00,0x00,0x00,0x00,0x00,0x00,0x00,
    0x00,0x35,0xff,0xff,0x74,0x00,0x00,0x00,0x00,0x00,0x00,0x00,0x00,0x00,0x00,0x00,
    0x00,0x00,0x00,0x00,0x1f,0xff,0xff,0x67,0x00,0x00,0x00,0x00,0x00,0x00,0x00,0x00,
    0x00,0x00,0x00,0x00,0x00,0x00,0x00,0x1c,0xff,0xff,0x5b,0x00,0x00,0x00,0x00,0x00,
    0x00,0x00,0x00,0x00,0x00,0x00,0x00,0x00,0x00,0x00,0x2b,0xff,0xff,0x4e,0x00,0x00,
    0x00,0x00,0x00,0x00,0x00,0x00,0x00,0x00,0x00,0x00,0x00,0x00,0x00,0x3b,0xff,0xff,
    0x3c,0x00,0x00,0x00,0x00,0x00,0x00,0x00,0x00,0x00,0x00,0x00,0x00,0x00,0x00,0x00,
    0x4f,0xff,0xff,0x14,0x00,0x00,0x00,0x00,0x00,0x00,0x00,0x00,0x00,0x00,0x00,0x00,
    0x00,0x00,0x00,0x77,0xff,0xec,0x00,0x00,0x00,0x00,0x00,0x00,0x00,0x00,0x00,0x00,
    0x00,0x00,0x00,0x00,0x00,0x00,0xa3,0xff,0xc3,0x00,0x00,0x00,0x00,0x00,0x00,0x00,
    0x00,0x00,0x00,0x00,0x00,0x00,0x00,0x00,0x00,0xcf,0xff,0x99,0x00,0x00,0x00,0x00,
    0x00,0x00,0x00,0x00,0x00,0x00,0x00,0x00,0x00,0x00,0x00,0x0c,0xfa,0xff,0x55,0x00,
    0x00,0x00,0x00,0x00,0x00,0x00,0x00,0x00,0x00,0x00,0x00,0x00,0x00,0x00,0x49,0xff,
    0xfb,0x0f,0x00,0x00,0x00,0x00,0x00,0x00,0x00,0x00,0x00,0x00,0x00,0x00,0x00,0x00,
    0x00,0x8c,0xff,0xbf,0x00,0x00,0x00,0x00,0x00,0x00,0x00,0x00,0x00,0x00,0x00,0x00,
    0x00,0x00,0x00,0x00,0xd1,0xff,0x74,0x00,0x00,0x00,0x00,0x00,0x00,0x00,0x00,0x00,
    0x00,0x00,0x00,0x00,0x00,0x00,0x24,0xff,0xf7,0x16,0x00,0x00,0x00,0x00,0x00,0x00,
    0x00,0x00,0x00,0x00,0x00,0x00,0x00,0x00,0x00,0x79,0xff,0x97,0x00,0x00,0x00,0x00,
    0x00,0x00,0x00,0x00,0x00,0x00,0x00,0x00,0x00,0x00,0x00,0x00,0xcd,0xfd,0x25,0x00,
    0x00,0x00,0x00,0x00,0x00,0x00,0x00,0x00,0x00,0x00,0x00,0x00,0x00,0x00,0x0f,0xff,
    0xab,0x00,0x00,0x00,0x00,0x00,0x00,0x00,0x00,0x00,0x00,0x00,0x00,0x00,0x00,0x00,
    0x00,0x04,0x76,0x15,0x00,0x00,0x00,0x00,0x00,0x00,0x00,0x00,0x00,0x00,0x00,0x00,
    0x00,0x00,0x00,0x00,0x00,0x00,0x01,0x00,0x00,0x00,0x00,0x00,0x00,0x00,0x00,0x00,
    0x00,0x00,0x00,0x00,0x00,0x00,0x00,0x00,0x00,0x84,0xd4,0x0a,0x00,0x00,0x00,0x00,
    0x00,0x00,0x00,0x00,0x00,0x00,0x00,0x00,0x00,0x00,0x00,0x00,0x00,0x80,0xff,0x70,
    0x00,0x00,0x00,0x00,0x00,0x00,0x00,0x00,0x00,0x00,0x00,0x00,0x00,0x00,0x00,0x00,
    0x00,0x21,0xfd,0xe5,0x07,0x00,0x00,0x00,0x00,0x00,0x00,0x00,0x00,0x00,0x00,0x00,
    0x00,0x00,0x00,0x00,0x00,0x00,0xb7,0xff,0x6a,0x00,0x00,0x00,0x00,0x00,0x00,0x00,
    0x00,0x00,0x00,0x00,0x00,0x00,0x00,0x00,0x00,0x00,0x4f,0xff,0xe1,0x05,0x00,0x00,
    0x00,0x00,0x00,0x00,0x00,0x00,0x00,0x00,0x00,0x00,0x00,0x00,0x00,0x00,0x03,0xe5,
    0xff,0x56,0x00,0x00,0x00,0x00,0x00,0x00,0x00,0x00,0x00,0x00,0x00,0x00,0x00,0x00,
    0x00,0x00,0x00,0x92,0xff,0xb1,0x00,0x00,0x00,0x00,0x00,0x00,0x00,0x00,0x00,0x00,
    0x00,0x00,0x00,0x00,0x00,0x00,0x00,0x3f,0xff,0xfa,0x12,0x00,0x00,0x00,0x00,0x00,
    0x00,0x00,0x00,0x00,0x00,0x00,0x00,0x00,0x00,0x00,0x00,0x02,0xe9,0xff,0x66,0x00,
    0x00,0x00,0x00,0x00,0x00,0x00,0x00,0x00,0x00,0x00,0x00,0x00,0x00,0x00,0x00,0x00,
    0xa8,0xff,0xb6,0x00,0x00,0x00,0x00,0x00,0x00,0x00,0x00,0x00,0x00,0x00,0x00,0x00,
    0x00,0x00,0x00,0x00,0x76,0xff,0xeb,0x00,0x00,0x00,0x00,0x00,0x00,0x00,0x00,0x00,
    0x00,0x00,0x00,0x00,0x00,0x00,0x00,0x00,0x43,0xff,0xff,0x1f,0x00,0x00,0x00,0x00,
    0x00,0x00,0x00,0x00,0x00,0x00,0x00,0x00,0x00,0x00,0x00,0x00,0x1b,0xff,0xff,0x53,
    0x00,0x00,0x00,0x00,0x00,0x00,0x00,0x00,0x00,0x00,0x00,0x00,0x00,0x00,0x00,0x00,
    0x0b,0xff,0xff,0x80,0x00,0x00,0x00,0x00,0x00,0x00,0x00,0x00,0x00,0x00,0x00,0x00,
    0x00,0x00,0x00,0x00,0x00,0xfb,0xff,0x91,0x00,0x00,0x00,0x00,0x00,0x00,0x00,0x00,
    0x00,0x00,0x00,0x00,0x00,0x00,0x00,0x00,0x00,0xf0,0xff,0xa2,0x00,0x00,0x00,0x00,
    0x00,0x00,0x00,0x00,0x00,0x00,0x00,0x00,0x00,0x00,0x00,0x00,0x04,0xfe,0xff,0xb2,
    0x00,0x00,0x00,0x00,0x00,0x00,0x00,0x00,0x00,0x00,0x00,0x00,0x00,0x00,0x00,0x00,
    0x18,0xff,0xff,0xbf,0x00,0x00,0x00,0x00,0x00,0x00,0x00,0x00,0x00,0x00,0x00,0x00,
    0x00,0x00,0x00,0x00,0x2f,0xff,0xff,0xad,0x00,0x00,0x00,0x00,0x00,0x00,0x00,0x00,
    0x00,0x00,0x00,0x00,0x00,0x00,0x00,0x00,0x5c,0xff,0xff,0x97,0x00,0x00,0x00,0x00,
    0x00,0x00,0x00,0x00,0x00,0x00,0x00,0x00,0x00,0x00,0x00,0x00,0xa4,0xff,0xff,0x80,
    0x00,0x00,0x00,0x00,0x00,0x00,0x00,0x00,0x00,0x00,0x00,0x00,0x00,0x00,0x00,0x02,
    0xe9,0xff,0xff,0x65,0x00,0x00,0x00,0x00,0x00,0x00,0x00,0x00,0x00,0x00,0x00,0x00,
    0x00,0x00,0x00,0x54,0xff,0xff,0xff,0x25,0x00,0x00,0x00,0x00,0x00,0x00,0x00,0x00,
    0x00,0x00,0x00,0x00,0x00,0x00,0x00,0xca,0xff,0xff,0xde,0x00,0x00,0x00,0x00,0x00,
    0x00,0x00,0x00,0x00,0x00,0x00,0x00,0x00,0x00,0x00,0x52,0xff,0xff,0xff,0x97,0x00,
    0x00,0x00,0x00,0x00,0x00,0x00,0x00,0x00,0x00,0x00,0x00,0x00,0x00,0x09,0xde,0xff,
    0xff,0xff,0x3f,0x00,0x00,0x00,0x00,0x00,0x00,0x00,0x00,0x00,0x00,0x00,0x00,0x00,
    0x00,0x8f,0xff,0xff,0xff,0xc8,0x00,0x00,0x00,0x00,0x00,0x00,0x00,0x00,0x00,0x00,
    0x00,0x00,0x00,0x00,0x3c,0xfd,0xff,0xff,0xff,0x4f,0x00,0x00,0x00,0x00,0x00,0x00,
    0x00,0x00,0x00,0x00,0x00,0x00,0x00,0x18,0xe1,0xff,0xff,0xff,0xd2,0x01,0x00,0x00,
    0x00,0x00,0x00,0x00,0x00,0x00,0x00,0x00,0x00,0x00,0x09,0xc9,0xff,0xff,0xff,0xfe,
    0x3b,0x00,0x00,0x00,0x00,0x00,0x00,0x00,0x00,0x00,0x00,0x00,0x00,0x07,0xb3,0xff,
    0xff,0xff,0xff,0x97,0x00,0x00,0x00,0x00,0x00,0x00,0x00,0x00,0x00,0x00,0x00,0x00,
    0x09,0xb9,0xff,0xff,0xff,0xff,0xe6,0x0f,0x00,0x00,0x00,0x00,0x00,0x00,0x00,0x00,
    0x00,0x00,0x00,0x1b,0xc9,0xff,0xff,0xff,0xff,0xfb,0x40,0x00,0x00,0x00,0x00,0x00,
    0x00,0x00,0x00,0x00,0x00,0x00,0x3f,0xe7,0xff,0xff,0xff,0xff,0xff,0x6e,0x00,0x00,
    0x00,0x00,0x00,0x00,0x00,0x00,0x00,0x00,0x09,0x8e,0xfd,0xff,0xff,0xff,0xff,0xff,
    0xa3,0x00,0x00,0x00,0x00,0x00,0x00,0x00,0x00,0x00,0x01,0x58,0xe2,0xff,0xff,0xff,
    0xff,0xff,0xff,0xc2,0x08,0x00,0x00,0x00,0x00,0x00,0x00,0x00,0x0a,0x60,0xd4,0xff,
    0xff,0xff,0xff,0xff,0xff,0xff,0xd2,0x10,0x00,0x00,0x00,0x00,0x00,0x00,0x00,0x00,
    0xdf,0xff,0xff,0xff,0xff,0xff,0xff,0xff,0xff,0xe1,0x1a,0x00,0x00,0x00,0x00,0x00,
    0x00,0x00,0x00,0x00,0xff,0xff,0xff,0xff,0xff,0xff,0xff,0xff,0xee,0x2a,0x00,0x00,
    0x00,0x00,0x00,0x00,0x00,0x00,0x00,0x00,0xff,0xff,0xff,0xff,0xff,0xff,0xff,0xf9,
    0x3f,0x00,0x00,0x00,0x00,0x00,0x00,0x00,0x00,0x00,0x00,0x00,0xff,0xff,0xff,0xff,
    0xff,0xff,0xff,0x5b,0x00,0x00,0x00,0x00,0x00,0x00,0x00,0x00,0x00,0x00,0x00,0x00,
    0xff,0xff,0xff,0xff,0xff,0xff,0x9d,0x00,0x00,0x00,0x00,0x00,0x00,0x00,0x00,0x00,
    0x00,0x00,0x00,0x00,0xff,0xff,0xff,0xff,0xff,0xdb,0x0c,0x00,0x00,0x00,0x00,0x00,
    0x00,0x00,0x00,0x00,0x00,0x00,0x00,0x00,0xff,0xff,0xff,0xff,0xfe,0x37,0x00,0x00,
    0x00,0x00,0x00,0x00,0x00,0x00,0x00,0x00,0x00,0x00,0x00,0x00,0xff,0xff,0xff,0xff,
    0xa2,0x00,0x00,0x00,0x00,0x00,0x00,0x00,0x00,0x00,0x00,0x00,0x00,0x00,0x00,0x00,
    0xff,0xff,0xff,0xf7,0x1e,0x00,0x00,0x00,0x00,0x00,0x00,0x00,0x00,0x00,0x00,0x00,
    0x00,0x00,0x00,0x00,0xff,0xff,0xff,0x92,0x00,0x00,0x00,0x00,0x00,0x00,0x00,0x00,
    0x00,0x00,0x00,0x00,0x00,0x00,0x00,0x00,0xff,0xff,0xfd,0x22,0x00,0x00,0x00,0x00,
    0x00,0x00,0x00,0x00,0x00,0x00,0x00,0x00,0x00,0x00,0x00,0x00,0xff,0xff,0xb7,0x00,
    0x00,0x00,0x00,0x00,0x00,0x00,0x00,0x00,0x00,0x00,0x00,0x00,0x00,0x00,0x00,0x00,
    0xff,0xff,0x60,0x00,0x00,0x00,0x00,0x00,0x00,0x00,0x00,0x00,0x00,0x00,0x00,0x00,
    0x00,0x00,0x00,0x00,0xff,0xff,0x19,0x00,0x00,0x00,0x00,0x00,0x00,0x00,0x00,0x00,
    0x00,0x00,0x00,0x00,0x00,0x00,0x00,0x00,0xff,0xd6,0x00,0x00,0x00,0x00,0x00,0x00,
    0x00,0x00,0x00,0x00,0x00,0x00,0x00,0x00,0x00,0x00,0x00,0x00,0xcb,0x7e,0x00,0x00,
    0x00,0x00,0x00,0x00,0x00,0x00,0x00,0x00,0x00,0x00,0x00,0x00,0x00,0x00,0x00,0x00,
    0x96,0x75,0x00,0x00,0x00,0x00,0x00,0x00,0x00,0x00,0x00,0x00,0x00,0x00,0x00,0x00,
    0x00,0x00,0xff,0xf4,0x07,0x00,0x00,0x00,0x00,0x00,0x00,0x00,0x00,0x00,0x00,0x00,
    0x00,0x00,0x00,0x00,0xff,0xff,0x49,0x00,0x00,0x00,0x00,0x00,0x00,0x00,0x00,0x00,
    0x00,0x00,0x00,0x00,0x00,0x00,0xff,0xff,0x9d,0x00,0x00,0x00,0x00,0x00,0x00,0x00,
    0x00,0x00,0x00,0x00,0x00,0x00,0x00,0x00,0xff,0xff,0xee,0x06,0x00,0x00,0x00,0x00,
    0x00,0x00,0x00,0x00,0x00,0x00,0x00,0x00,0x00,0x00,0xff,0xff,0xff,0x57,0x00,0x00,
    0x00,0x00,0x00,0x00,0x00,0x00,0x00,0x00,0x00,0x00,0x00,0x00,0xff,0xff,0xff,0xbe,
    0x00,0x00,0x00,0x00,0x00,0x00,0x00,0x00,0x00,0x00,0x00,0x00,0x00,0x00,0xff,0xff,
    0xff,0xff,0x26,0x00,0x00,0x00,0x00,0x00,0x00,0x00,0x00,0x00,0x00,0x00,0x00,0x00,
    0xff,0xff,0xff,0xff,0x9c,0x00,0x00,0x00,0x00,0x00,0x00,0x00,0x00,0x00,0x00,0x00,
    0x00,0x00,0xff,0xff,0xff,0xff,0xfc,0x2b,0x00,0x00,0x00,0x00,0x00,0x00,0x00,0x00,
    0x00,0x00,0x00,0x00,0xff,0xff,0xff,0xff,0xff,0xb4,0x00,0x00,0x00,0x00,0x00,0x00,
    0x00,0x00,0x00,0x00,0x00,0x00,0xff,0xff,0xff,0xff,0xff,0xff,0x56,0x00,0x00,0x00,
    0x00,0x00,0x00,0x00,0x00,0x00,0x00,0x00,0xff,0xff,0xff,0xff,0xff,0xff,0xf3,0x2a,
    0x00,0x00,0x00,0x00,0x00,0x00,0x00,0x00,0x00,0x00,0xff,0xff,0xff,0xff,0xff,0xff,
    0xff,0xd9,0x0e,0x00,0x00,0x00,0x00,0x00,0x00,0x00,0x00,0x00,0xff,0xff,0xff,0xff,
    0xff,0xff,0xff,0xff,0xaf,0x01,0x00,0x00,0x00,0x00,0x00,0x00,0x00,0x00,0xff,0xff,
    0xff,0xff,0xff,0xff,0xff,0xff,0xff,0x78,0x00,0x00,0x00,0x00,0x00,0x00,0x00,0x00,
    0xff,0xff,0x97,0x87,0xe3,0xff,0xff,0xff,0xff,0xfc,0x46,0x00,0x00,0x00,0x00,0x00,
    0x00,0x00,0xff,0xff,0x7b,0x00,0x04,0x7f,0xfb,0xff,0xff,0xff,0xee,0x24,0x00,0x00,
    0x00,0x00,0x00,0x00,0xff,0xff,0xcc,0x00,0x00,0x00,0x36,0xda,0xff,0xff,0xff,0xd5,
    0x0d,0x00,0x00,0x00,0x00,0x00,0xff,0xff,0xff,0x40,0x00,0x00,0x00,0x13,0xce,0xff,
    0xff,0xff,0xb2,0x01,0x00,0x00,0x00,0x00,0xff,0xff,0xff,0xca,0x03,0x00,0x00,0x00,
    0x11,0xcc,0xff,0xff,0xff,0x84,0x00,0x00,0x00,0x00,0xff,0xff,0xff,0xff,0x7c,0x00,
    0x00,0x00,0x00,0x10,0xd3,0xff,0xff,0xff,0x56,0x00,0x00,0x00,0xff,0xff,0xff,0xff,
    0xfb,0x47,0x00,0x00,0x00,0x00,0x21,0xeb,0xff,0xff,0xf3,0x1d,0x00,0x00,0xff,0xff,
    0xff,0xff,0xff,0xf3,0x34,0x00,0x00,0x00,0x00,0x3e,0xfb,0xff,0xff,0xb3,0x00,0x00,
    0xff,0xff,0xff,0xff,0xff,0xff,0xeb,0x2c,0x00,0x00,0x00,0x00,0x83,0xff,0xff,0xff,
    0x46,0x00,0xdf,0xff,0xff,0xff,0xff,0xff,0xff,0xe9,0x29,0x00,0x00,0x00,0x06,0xd5,
    0xff,0xff,0xb3,0x00,0x08,0x68,0xe6,0xff,0xff,0xff,0xff,0xff,0xe7,0x24,0x00,0x00,
    0x00,0x48,0xff,0xff,0xfd,0x1b,0x00,0x00,0x0d,0xa1,0xff,0xff,0xff,0xff,0xff,0xe0,
    0x1c,0x00,0x00,0x01,0xd5,0xff,0xff,0x5a,0x00,0x00,0x00,0x00,0x5a,0xf1,0xff,0xff,
    0xff,0xff,0xd4,0x0e,0x00,0x00,0x74,0xff,0xff,0x95,0x00,0x00,0x00,0x00,0x00,0x2c,
    0xe7,0xff,0xff,0xff,0xff,0xb8,0x03,0x00,0x36,0xff,0xff,0xb5,0x00,0x00,0x00,0x00,
    0x00,0x00,0x24,0xe0,0xff,0xff,0xff,0xff,0x94,0x00,0x06,0xff,0xff,0xc8,0x00,0x00,
    0x00,0x00,0x00,0x00,0x00,0x1c,0xd8,0xff,0xff,0xff,0xff,0x64,0x00,0xf2,0xff,0xd1,
    0x00,0x00,0x00,0x00,0x00,0x00,0x00,0x00,0x22,0xee,0xff,0xff,0xff,0xf0,0x18,0xef,
    0xff,0xbc,0x00,0x00,0x00,0x00,0x00,0x00,0x00,0x00,0x00,0x48,0xfd,0xff,0xff,0xff,
    0xa9,0xfd,0xff,0xa6,0x00,0x00,0x00,0x00,0x00,0x00,0x00,0x00,0x00,0x00,0x7a,0xff,
    0xff,0xff,0xff,0xff,0xff,0x8f,0x00,0x00,0x00,0x00,0x00,0x00,0x00,0x00,0x00,0x00,
    0x01,0xb0,0xff,0xff,0xff,0xff,0xff,0x75,0x00,0x00,0x00,0x00,0x00,0x00,0x00,0x00,
    0x00,0x00,0x00,0x1b,0xf4,0xff,0xff,0xff,0xff,0x3f,0x00,0x00,0x00,0x00,0x00,0x00,
    0x00,0x00,0x00,0x00,0x00,0x00,0x7a,0xff,0xff,0xff,0xfa,0x09,0x00,0x00,0x00,0x00,
    0x00,0x00,0x00,0x00,0x00,0x00,0x00,0x00,0x0b,0xf1,0xff,0xff,0xc8,0x00,0x00,0x00,
    0x00,0x00,0x00,0x00,0x00,0x00,0x00,0x00,0x00,0x00,0x00,0x94,0xff,0xff,0xa9,0x00,
    0x00,0x00,0x00,0x00,0x00,0x00,0x00,0x00,0x00,0x00,0x00,0x00,0x00,0x44,0xff,0xff,
    0xc3,0x00,0x00,0x00,0x00,0x00,0x00,0x00,0x00,0x00,0x00,0x00,0x00,0x00,0x00,0x0c,
    0xfd,0xff,0xdc,0x00,0x00,0x00,0x00,0x00,0x00,0x00,0x00,0x00,0x00,0x00,0x00,0x00,
    0x00,0x00,0xec,0xff,0xe6,0x00,0x00,0x00,0x00,0x00,0x00,0x00,0x00,0x00,0x00,0x00,
    0x00,0x00,0x00,0x00,0xe0,0xff,0xef,0x00,0x00,0x00,0x00,0x00,0x00,0x00,0x00,0x00,
    0x00,0x00,0x00,0x00,0x00,0x00,0xec,0xff,0xe3,0x00,0x00,0x00,0x00,0x00,0x00,0x00,
    0x00,0x00,0x00,0x00,0x00,0x00,0x00,0x00,0xfb,0xff,0xc8,0x00,0x00,0x00,0x00,0x00,
    0x00,0x00,0x00,0x00,0x00,0x00,0x00,0x00,0x00,0x16,0xff,0xff,0xa9,0x00,0x00,0x00,
    0x00,0x00,0x00,0x00,0x00,0x00,0x00,0x00,0x00,0x00,0x00,0x3b,0xff,0xff,0x67,0x00,
    0x00,0x00,0x00,0x00,0x00,0x00,0x00,0x00,0x00,0x00,0x00,0x00,0x00,0x75,0xff,0xff,
    0x1f,0x00,0x00,0x00,0x00,0x00,0x00,0x00,0x00,0x00,0x00,0x00,0x00,0x00,0x00,0xb8,
    0xff,0xc3,0x00,0x00,0x00,0x00,0x00,0x00,0x00,0x00,0x00,0x00,0x00,0x00,0x00,0x00,
    0x06,0xf5,0xff,0x54,0x00,0x00,0x00,0x00,0x00,0x00,0x00,0x00,0x00,0x00,0x00,0x00,
    0x00,0x00,0x3f,0xff,0xd6,0x03,0x00,0x00,0x00,0x00,0x00,0x00,0x00,0x00,0x00,0x00,
    0x00,0x00,0x00,0x00,0x7f,0xff,0x49,0x00,0x00,0x00,0x00,0x00,0x00,0x00,0x00,0x00,
    0x00,0x00,0x00,0x00,0x00,0x00,0x3e,0x6e,0x00,0x00,0x00,0x00,0x00,0x00,0x00,0x00,
    0x00,0x00,0x00,0x00,0x00,0x00,0x00,0x00,0x59,0xf2,0xa1,0x07,0x00,0x00,0x00,0x00,
    0x00,0x00,0x00,0x00,0x00,0x00,0x00,0x00,0x00,0x00,0x00,0x00,0x03,0xac,0xff,0xbc,
    0x0a,0x00,0x00,0x00,0x00,0x00,0x00,0x00,0x00,0x00,0x00,0x00,0x00,0x00,0x00,0x00,
    0x00,0x08,0xc6,0xff,0xa1,0x00,0x00,0x00,0x00,0x00,0x00,0x00,0x00,0x00,0x00,0x00,
    0x00,0x00,0x00,0x00,0x00,0x00,0x1d,0xf2,0xff,0x5c,0x00,0x00,0x00,0x00,0x00,0x00,
    0x00,0x00,0x00,0x00,0x00,0x00,0x00,0x00,0x00,0x00,0x00,0x6a,0xff,0xef,0x0b,0x00,
    0x00,0x00,0x00,0x00,0x00,0x00,0x00,0x00,0x00,0x00,0x00,0x00,0x00,0x00,0x00,0x05,
    0xec,0xff,0x6a,0x00,0x00,0x00,0x00,0x00,0x00,0x00,0x00,0x00,0x00,0x00,0x00,0x00,
    0x00,0x00,0x00,0x00,0x95,0xff,0xd7,0x01,0x00,0x00,0x00,0x00,0x00,0x00,0x00,0x00,
    0x00,0x00,0x00,0x00,0x00,0x00,0x00,0x00,0x50,0xff,0xff,0x25,0x00,0x00,0x00,0x00,
    0x00,0x00,0x00,0x00,0x00,0x00,0x00,0x00,0x00,0x00,0x00,0x00,0x34,0xff,0xff,0x49,
    0x00,0x00,0x00,0x00,0x00,0x00,0x00,0x00,0x00,0x00,0x00,0x00,0x00,0x00,0x00,0x00,
    0x1a,0xff,0xff,0x6d,0x00,0x00,0x00,0x00,0x00,0x00,0x00,0x00,0x00,0x00,0x00,0x00,
    0x00,0x00,0x00,0x00,0x1c,0xff,0xff,0x8d,0x00,0x00,0x00,0x00,0x00,0x00,0x00,0x00,
    0x00,0x00,0x00,0x00,0x00,0x00,0x00,0x00,0x3f,0xff,0xff,0x87,0x00,0x00,0x00,0x00,
    0x00,0x00,0x00,0x00,0x00,0x00,0x00,0x00,0x00,0x00,0x00,0x00,0x6a,0xff,0xff,0x7a,
    0x00,0x00,0x00,0x00,0x00,0x00,0x00,0x00,0x00,0x00,0x00,0x00,0x00,0x00,0x00,0x00,
    0xcb,0xff,0xff,0x51,0x00,0x00,0x00,0x00,0x00,0x00,0x00,0x00,0x00,0x00,0x00,0x00,
    0x00,0x00,0x00,0x3b,0xff,0xff,0xff,0x3a,0x00,0x00,0x00,0x00,0x00,0x00,0x00,0x00,
    0x00,0x00,0x00,0x00,0x00,0x00,0x0b,0xd9,0xff,0xff,0xff,0x58,0x00,0x00,0x00,0x00,
    0x00,0x00,0x00,0x00,0x00,0x00,0x00,0x00,0x00,0x00,0xa3,0xff,0xff,0xff,0xff,0x78,
    0x00,0x00,0x00,0x00,0x00,0x00,0x00,0x00,0x00,0x00,0x00,0x00,0x01,0x95,0xff,0xff,
    0xff,0xff,0xff,0x97,0x00,0x00,0x00,0x00,0x00,0x00,0x00,0x00,0x00,0x00,0x00,0x04,
    0x99,0xff,0xff,0xff,0xff,0xfe,0xff,0xa7,0x00,0x00,0x00,0x00,0x00,0x00,0x00,0x00,
    0x00,0x00,0x16,0xc0,0xff,0xff,0xff,0xff,0x9c,0xfa,0xff,0xb2,0x00,0x00,0x00,0x00,
    0x00,0x00,0x00,0x00,0x00,0x45,0xe3,0xff,0xff,0xff,0xff,0xd4,0x1e,0xff,0xff,0xbd,
    0x00,0x00,0x00,0x00,0x00,0x00,0x00,0x10,0x9d,0xff,0xff,0xff,0xff,0xff,0xe8,0x27,
    0x2b,0xff,0xff,0xb8,0x00,0x00,0x00,0x00,0x00,0x07,0x71,0xec,0xff,0xff,0xff,0xff,
    0xff,0xe9,0x2a,0x00,0x4c,0xff,0xff,0x9f,0x00,0x00,0x00,0x11,0x73,0xe2,0xff,0xff,
    0xff,0xff,0xff,0xff,0xe7,0x2b,0x00,0x00,0x8b,0xff,0xff,0x86,0x07,0x59,0xa7,0xf5,
    0xff,0xff,0xff,0xff,0xff,0xff,0xff,0xce,0x1c,0x00,0x00,0x00,0xcd,0xff,0xff,0x6e,
    0x93,0xff,0xff,0xff,0xff,0xff,0xff,0xff,0xff,0xff,0xab,0x0a,0x00,0x00,0x00,0x1c,
    0xfd,0xff,0xff,0x43,0xf4,0xff,0xff,0xff,0xff,0xff,0xff,0xff,0xfe,0x80,0x01,0x00,
    0x00,0x00,0x00,0x8d,0xff,0xff,0xf2,0x06,0xff,0xff,0xff,0xff,0xff,0xff,0xff,0xf5,
    0x55,0x00,0x00,0x00,0x00,0x00,0x10,0xf3,0xff,0xff,0xab,0x00,0xff,0xff,0xff,0xff,
    0xff,0xff,0xe3,0x32,0x00,0x00,0x00,0x00,0x00,0x00,0x9f,0xff,0xff,0xff,0x5c,0x00,
    0xff,0xff,0xff,0xff,0xff,0xd1,0x19,0x00,0x00,0x00,0x00,0x00,0x00,0x5c,0xff,0xff,
    0xff,0xdf,0x06,0x00,0xff,0xff,0xff,0xff,0xdc,0x14,0x00,0x00,0x00,0x00,0x00,0x00,
    0x42,0xf4,0xff,0xff,0xff,0x60,0x00,0x00,0xff,0xff,0xff,0xfa,0x35,0x00,0x00,0x00,
    0x00,0x00,0x00,0x54,0xf8,0xff,0xff,0xff,0xd7,0x03,0x00,0x00,0xff,0xff,0xff,0x86,
    0x00,0x00,0x00,0x00,0x00,0x0c,0x8f,0xfd,0xff,0xff,0xff,0xf9,0x32,0x00,0x00,0x00,
    0xff,0xff,0xf8,0x17,0x00,0x00,0x00,0x02,0x54,0xe2,0xff,0xff,0xff,0xff,0xff,0x6d,
    0x00,0x00,0x00,0x00,0xff,0xff,0xb3,0x00,0x00,0x0a,0x6a,0xdb,0xff,0xff,0xff,0xff,
    0xff,0xff,0xa0,0x00,0x00,0x00,0x00,0x00,0xff,0xff,0x82,0x5b,0xac,0xf4,0xff,0xff,
    0xff,0xff,0xff,0xff,0xff,0xab,0x03,0x00,0x00,0x00,0x00,0x00,0xff,0xff,0xff,0xff,
    0xff,0xff,0xff,0xff,0xff,0xff,0xff,0xff,0xad,0x05,0x00,0x00,0x00,0x00,0x00,0x00,
    0xff,0xff,0xff,0xff,0xff,0xff,0xff,0xff,0xff,0xff,0xff,0x94,0x02,0x00,0x00,0x00,
    0x00,0x00,0x00,0x00,0xff,0xff,0xff,0xff,0xff,0xff,0xff,0xff,0xff,0xfd,0x73,0x00,
    0x00,0x00,0x00,0x00,0x00,0x00,0x00,0x00,0xff,0xff,0xff,0xff,0xff,0xff,0xff,0xff,
    0xf1,0x49,0x00,0x00,0x00,0x00,0x00,0x00,0x00,0x00,0x00,0x00,0xff,0xff,0xff,0xff,
    0xff,0xff,0xff,0xe3,0x2d,0x00,0x00,0x00,0x00,0x00,0x00,0x00,0x00,0x00,0x00,0x00,
    0xff,0xff,0xff,0xff,0xff,0xff,0xde,0x1e,0x00,0x00,0x00,0x00,0x00,0x00,0x00,0x00,
    0x00,0x00,0x00,0x00,0xff,0xff,0xff,0xff,0xff,0xde,0x1e,0x00,0x00,0x00,0x00,0x00,
    0x00,0x00,0x00,0x00,0x00,0x00,0x00,0x00,0xff,0xff,0xff,0xff,0xf8,0x2f,0x00,0x00,
    0x00,0x00,0x00,0x00,0x00,0x00,0x00,0x00,0x00,0x00,0x00,0x00,0xff,0xff,0xff,0xff,
    0x6b,0x00,0x00,0x00,0x00,0x00,0x00,0x00,0x00,0x00,0x00,0x00,0x00,0x00,0x00,0x00,
    0xff,0xff,0xff,0xcc,0x00,0x00,0x00,0x00,0x00,0x00,0x00,0x00,0x00,0x00,0x00,0x00,
    0x00,0x00,0x00,0x00,0xff,0xff,0xff,0x53,0x00,0x00,0x00,0x00,0x00,0x00,0x00,0x00,
    0x00,0x00,0x00,0x00,0x00,0x00,0x00,0x00,0xff,0xff,0xed,0x06,0x00,0x00,0x00,0x00,
    0x00,0x00,0x00,0x00,0x00,0x00,0x00,0x00,0x00,0x00,0x00,0x00,0xff,0xff,0xa4,0x00,
    0x00,0x00,0x00,0x00,0x00,0x00,0x00,0x00,0x00,0x00,0x00,0x00,0x00,0x00,0x00,0x00,
    0xff,0xff,0x61,0x00,0x00,0x00,0x00,0x00,0x00,0x00,0x00,0x00,0x00,0x00,0x00,0x00,
    0x00,0x00,0x00,0x00,0xff,0xff,0x2c,0x00,0x00,0x00,0x00,0x00,0x00,0x00,0x00,0x00,
    0x00,0x00,0x00,0x00,0x00,0x00,0x00,0x00,0xff,0xf9,0x05,0x00,0x00,0x00,0x00,0x00,
    0x00,0x00,0x00,0x00,0x00,0x00,0x00,0x00,0x00,0x00,0x00,0x00,0xbb,0x9c,0x00,0x00,
    0x00,0x00,0x00,0x00,0x00,0x00,0x00,0x00,0x00,0x00,0x00,0x00,0x00,0x00,0x00,0x00,
    0x96,0x75,0x00,0x00,0x00,0x00,0x00,0x00,0x00,0x00,0x00,0x00,0x00,0x00,0x00,0x00,
    0x00,0x00,0xff,0xf4,0x07,0x00,0x00,0x00,0x00,0x00,0x00,0x00,0x00,0x00,0x00,0x00,
    0x00,0x00,0x00,0x00,0xff,0xff,0x4a,0x00,0x00,0x00,0x00,0x00,0x00,0x00,0x00,0x00,
    0x00,0x00,0x00,0x00,0x00,0x00,0xff,0xff,0x9d,0x00,0x00,0x00,0x00,0x00,0x00,0x00,
    0x00,0x00,0x00,0x00,0x00,0x00,0x00,0x00,0xff,0xff,0xef,0x07,0x00,0x00,0x00,0x00,
    0x00,0x00,0x00,0x00,0x00,0x00,0x00,0x00,0x00,0x00,0xff,0xff,0xff,0x59,0x00,0x00,
    0x00,0x00,0x00,0x00,0x00,0x00,0x00,0x00,0x00,0x00,0x00,0x00,0xff,0xff,0xff,0xc0,
    0x00,0x00,0x00,0x00,0x00,0x00,0x00,0x00,0x00,0x00,0x00,0x00,0x00,0x00,0xff,0xff,
    0xff,0xff,0x29,0x00,0x00,0x00,0x00,0x00,0x00,0x00,0x00,0x00,0x00,0x00,0x00,0x00,
    0xff,0xff,0xff,0xff,0xa0,0x00,0x00,0x00,0x00,0x00,0x00,0x00,0x00,0x00,0x00,0x00,
    0x00,0x00,0xff,0xff,0xff,0xff,0xfd,0x2f,0x00,0x00,0x00,0x00,0x00,0x00,0x00,0x00,
    0x00,0x00,0x00,0x00,0xff,0xff,0xff,0xff,0xff,0xbb,0x00,0x00,0x00,0x00,0x00,0x00,
    0x00,0x00,0x00,0x00,0x00,0x00,0xff,0xff,0xff,0xff,0xff,0xff,0x5f,0x00,0x00,0x00,
    0x00,0x00,0x00,0x00,0x00,0x00,0x00,0x00,0xff,0xff,0xff,0xff,0xff,0xff,0xf6,0x31,
    0x00,0x00,0x00,0x00,0x00,0x00,0x00,0x00,0x00,0x00,0xff,0xff,0xff,0xff,0xff,0xff,
    0xff,0xdf,0x12,0x00,0x00,0x00,0x00,0x00,0x00,0x00,0x00,0x00,0xff,0xff,0xff,0xff,
    0xff,0xff,0xff,0xff,0xb8,0x02,0x00,0x00,0x00,0x00,0x00,0x00,0x00,0x00,0xff,0xff,
    0xff,0xff,0xff,0xff,0xff,0xff,0xff,0x84,0x00,0x00,0x00,0x00,0x00,0x00,0x00,0x00,
    0xff,0xff,0x8d,0x7b,0xda,0xff,0xff,0xff,0xff,0xfe,0x50,0x00,0x00,0x00,0x00,0x00,
    0x00,0x00,0xff,0xff,0x99,0x00,0x02,0x76,0xf9,0xff,0xff,0xff,0xf3,0x2d,0x00,0x00,
    0x00,0x00,0x00,0x00,0xff,0xff,0xe7,0x06,0x00,0x00,0x2e,0xd3,0xff,0xff,0xff,0xde,
    0x14,0x00,0x00,0x00,0x00,0x00,0xff,0xff,0xff,0x6b,0x00,0x00,0x00,0x0f,0xc6,0xff,
    0xff,0xff,0xbf,0x04,0x00,0x00,0x00,0x00,0xff,0xff,0xff,0xe6,0x0e,0x00,0x00,0x00,
    0x0c,0xc0,0xff,0xff,0xff,0x95,0x00,0x00,0x00,0x00,0xff,0xff,0xff,0xff,0xb2,0x01,
    0x00,0x00,0x00,0x0a,0xc8,0xff,0xff,0xff,0x68,0x00,0x00,0x00,0xff,0xff,0xff,0xff,
    0xff,0x84,0x00,0x00,0x00,0x00,0x18,0xe2,0xff,0xff,0xf8,0x28,0x00,0x00,0xff,0xff,
    0xff,0xff,0xff,0xff,0x5b,0x00,0x00,0x00,0x00,0x30,0xf6,0xff,0xff,0xc2,0x01,0x00,
    0xff,0xff,0xff,0xff,0xff,0xff,0xfb,0x4e,0x00,0x00,0x00,0x00,0x73,0xff,0xff,0xff,
    0x52,0x00,0xff,0xff,0xff,0xff,0xff,0xff,0xff,0xf8,0x44,0x00,0x00,0x00,0x02,0xc8,
    0xff,0xff,0xbe,0x00,0xff,0xff,0xff,0xff,0xff,0xff,0xff,0xff,0xf5,0x3c,0x00,0x00,
    0x00,0x3d,0xff,0xff,0xff,0x22,0xff,0xff,0x9c,0x98,0xea,0xff,0xff,0xff,0xff,0xf1,
    0x35,0x00,0x00,0x00,0xcd,0xff,0xff,0x60,0xff,0xff,0x72,0x00,0x05,0x7a,0xf7,0xff,
    0xff,0xff,0xee,0x2f,0x00,0x00,0x6e,0xff,0xff,0x9b,0xff,0xff,0xc1,0x00,0x00,0x00,
    0x25,0xc2,0xff,0xff,0xff,0xea,0x27,0x00,0x31,0xff,0xff,0xb8,0xff,0xff,0xfe,0x30,
    0x00,0x00,0x00,0x05,0xa6,0xff,0xff,0xff,0xdc,0x14,0x04,0xff,0xff,0xca,0xff,0xff,
    0xff,0xba,0x00,0x00,0x00,0x00,0x01,0x92,0xff,0xff,0xff,0xc5,0x07,0xf1,0xff,0xd2,
    0xff,0xff,0xff,0xff,0x67,0x00,0x00,0x00,0x00,0x00,0x98,0xff,0xff,0xff,0xa5,0xf0,
    0xff,0xc2,0xff,0xff,0xff,0xff,0xf5,0x34,0x00,0x00,0x00,0x00,0x04,0xb8,0xff,0xff,
    0xff,0xff,0xff,0xb3,0xff,0xff,0xff,0xff,0xff,0xea,0x24,0x00,0x00,0x00,0x00,0x0e,
    0xdd,0xff,0xff,0xff,0xff,0x9a,0xff,0xff,0xff,0xff,0xff,0xff,0xdf,0x1d,0x00,0x00,
    0x00,0x00,0x42,0xff,0xff,0xff,0xff,0x6e,0xee,0xff,0xff,0xff,0xff,0xff,0xff,0xdb,
    0x1a,0x00,0x00,0x00,0x00,0x9c,0xff,0xff,0xff,0x41,0x15,0x83,0xf3,0xff,0xff,0xff,
    0xff,0xff,0xd7,0x15,0x00,0x00,0x00,0x20,0xfc,0xff,0xff,0x37,0x00,0x00,0x19,0xb7,
    0xff,0xff,0xff,0xff,0xff,0xcf,0x10,0x00,0x00,0x00,0xac,0xff,0xff,0x6f,0x00,0x00,
    0x00,0x01,0x70,0xf8,0xff,0xff,0xff,0xff,0xc4,0x07,0x00,0x00,0x5c,0xff,0xff,0xa4,
    0x00,0x00,0x00,0x00,0x00,0x3a,0xef,0xff,0xff,0xff,0xff,0xa5,0x00,0x00,0x1f,0xff,
    0xff,0xbc,0x00,0x00,0x00,0x00,0x00,0x00,0x30,0xe9,0xff,0xff,0xff,0xff,0x81,0x00,
    0x01,0xfc,0xff,0xcf,0x00,0x00,0x00,0x00,0x00,0x00,0x00,0x27,0xe2,0xff,0xff,0xff,
    0xff,0x58,0x00,0xed,0xff,0xca,0x00,0x00,0x00,0x00,0x00,0x00,0x00,0x00,0x2b,0xf3,
    0xff,0xff,0xff,0xf0,0x1d,0xf3,0xff,0xb4,0x00,0x00,0x00,0x00,0x00,0x00,0x00,0x00,
    0x00,0x55,0xff,0xff,0xff,0xff,0xae,0xfe,0xff,0x9f,0x00,0x00,0x00,0x00,0x00,0x00,
    0x00,0x00,0x00,0x00,0x87,0xff,0xff,0xff,0xff,0xff,0xff,0x8a,0x00,0x00,0x00,0x00,
    0x00,0x00,0x00,0x00,0x00,0x00,0x02,0xbb,0xff,0xff,0xff,0xff,0xff,0x6e,0x00,0x00,
    0x00,0x00,0x00,0x00,0x00,0x00,0x00,0x00,0x00,0x21,0xf7,0xff,0xff,0xff,0xff,0x38,
    0x00,0x00,0x00,0x00,0x00,0x00,0x00,0x00,0x00,0x00,0x00,0x00,0x83,0xff,0xff,0xff,
    0xf9,0x07,0x00,0x00,0x00,0x00,0x00,0x00,0x00,0x00,0x00,0x00,0x00,0x00,0x0e,0xf4,
    0xff,0xff,0xc8,0x00,0x00,0x00,0x00,0x00,0x00,0x00,0x00,0x00,0x00,0x00,0x00,0x00,
    0x00,0x9a,0xff,0xff,0xa9,0x00,0x00,0x00,0x00,0x00,0x00,0x00,0x00,0x00,0x00,0x00,
    0x00,0x00,0x00,0x47,0xff,0xff,0xc1,0x00,0x00,0x00,0x00,0x00,0x00,0x00,0x00,0x00,
    0x00,0x00,0x00,0x00,0x00,0x0e,0xfe,0xff,0xdb,0x00,0x00,0x00,0x00,0x00,0x00,0x00,
    0x00,0x00,0x00,0x00,0x00,0x00,0x00,0x00,0xed,0xff,0xe6,0x00,0x00,0x00,0x00,0x00,
    0x00,0x00,0x00,0x00,0x00,0x00,0x00,0x00,0x00,0x00,0xe0,0xff,0xef,0x00,0x00,0x00,
    0x00,0x00,0x00,0x00,0x00,0x00,0x00,0x00,0x00,0x00,0x00,0x00,0xeb,0xff,0xe5,0x00,
    0x00,0x00,0x00,0x00,0x00,0x00,0x00,0x00,0x00,0x00,0x00,0x00,0x00,0x00,0xfa,0xff,
    0xca,0x00,0x00,0x00,0x00,0x00,0x00,0x00,0x00,0x00,0x00,0x00,0x00,0x00,0x00,0x13,
    0xff,0xff,0xac,0x00,0x00,0x00,0x00,0x00,0x00,0x00,0x00,0x00,0x00,0x00,0x00,0x00,
    0x00,0x38,0xff,0xff,0x6c,0x00,0x00,0x00,0x00,0x00,0x00,0x00,0x00,0x00,0x00,0x00,
    0x00,0x00,0x00,0x70,0xff,0xff,0x23,0x00,0x00,0x00,0x00,0x00,0x00,0x00,0x00,0x00,
    0x00,0x00,0x00,0x00,0x00,0xb4,0xff,0xca,0x00,0x00,0x00,0x00,0x00,0x00,0x00,0x00,
    0x00,0x00,0x00,0x00,0x00,0x00,0x04,0xf2,0xff,0x5b,0x00,0x00,0x00,0x00,0x00,0x00,
    0x00,0x00,0x00,0x00,0x00,0x00,0x00,0x00,0x3b,0xff,0xdc,0x05,0x00,0x00,0x00,0x00,
    0x00,0x00,0x00,0x00,0x00,0x00,0x00,0x00,0x00,0x00,0x7b,0xff,0x52,0x00,0x00,0x00,
    0x00,0x00,0x00,0x00,0x00,0x00,0x00,0x00,0x00,0x00,0x00,0x00,0x48,0x7e,0x00,0x00,
    0x00,0x00,0x00,0x00,0x00,0x00,0x00,0x00,0x00,0x00,0x00,0x00,0x00,0x00,0x00,0x17,
    0x00,0x00,0x00,0x00,0x00,0x00,0x00,0x00,0x00,0x00,0x00,0x00,0x00,0x00,0x00,0x00,
    0x00,0x00,0x57,0xff,0xc3,0x12,0x00,0x00,0x00,0x00,0x00,0x00,0x00,0x00,0x00,0x00,
    0x00,0x00,0x00,0x00,0x00,0x00,0x00,0x92,0xff,0xd2,0x15,0x00,0x00,0x00,0x00,0x00,
    0x00,0x00,0x00,0x00,0x00,0x00,0x00,0x00,0x00,0x00,0x00,0x02,0xb1,0xff,0xb9,0x01,
    0x00,0x00,0x00,0x00,0x00,0x00,0x00,0x00,0x00,0x00,0x00,0x00,0x00,0x00,0x00,0x00,
    0x12,0xe8,0xff,0x74,0x00,0x00,0x00,0x00,0x00,0x00,0x00,0x00,0x00,0x00,0x00,0x00,
    0x00,0x00,0x00,0x00,0x00,0x57,0xff,0xf7,0x13,0x00,0x00,0x00,0x00,0x00,0x00,0x00,
    0x00,0x00,0x00,0x00,0x00,0x00,0x00,0x00,0x00,0x02,0xe3,0xff,0x78,0x00,0x00,0x00,
    0x00,0x00,0x00,0x00,0x00,0x00,0x00,0x00,0x00,0x00,0x00,0x00,0x00,0x00,0x89,0xff,
    0xe2,0x03,0x00,0x00,0x00,0x00,0x00,0x00,0x00,0x00,0x00,0x00,0x00,0x00,0x00,0x00,
    0x00,0x00,0x4c,0xff,0xff,0x29,0x00,0x00,0x00,0x00,0x00,0x00,0x00,0x00,0x00,0x00,
    0x00,0x00,0x00,0x00,0x00,0x00,0x31,0xff,0xff,0x4d,0x00,0x00,0x00,0x00,0x00,0x00,
    0x00,0x00,0x00,0x00,0x00,0x00,0x00,0x00,0x00,0x00,0x16,0xff,0xff,0x72,0x00,0x00,
    0x00,0x00,0x00,0x00,0x00,0x00,0x00,0x00,0x00,0x00,0x00,0x00,0x00,0x00,0x19,0xff,
    0xff,0x8d,0x00,0x00,0x00,0x00,0x00,0x00,0x00,0x00,0x00,0x00,0x00,0x00,0x00,0x00,
    0x00,0x00,0x33,0xff,0xff,0x7f,0x00,0x00,0x00,0x00,0x00,0x00,0x00,0x00,0x00,0x00,
    0x00,0x00,0x00,0x00,0x00,0x00,0x72,0xff,0xff,0x6d,0x00,0x00,0x00,0x00,0x00,0x00,
    0x00,0x00,0x00,0x00,0x00,0x00,0x00,0x00,0x00,0x00,0xca,0xff,0xff,0x4a,0x00,0x00,
    0x00,0x00,0x00,0x00,0x00,0x00,0x00,0x00,0x00,0x00,0x00,0x00,0x00,0x4d,0xff,0xff,
    0xfe,0x11,0x00,0x00,0x00,0x00,0x00,0x00,0x00,0x00,0x00,0x00,0x00,0x00,0x00,0x00,
    0x15,0xe6,0xff,0xff,0xec,0x00,0x00,0x00,0x00,0x00,0x00,0x00,0x00,0x00,0x00,0x00,
    0x00,0x00,0x00,0x0f,0xc6,0xff,0xff,0xff,0xff,0x13,0x00,0x00,0x00,0x00,0x00,0x00,
    0x00,0x00,0x00,0x00,0x00,0x00,0x13,0xcd,0xff,0xff,0xff,0xff,0xff,0x40,0x00,0x00,
    0x00,0x00,0x00,0x00,0x00,0x00,0x00,0x00,0x00,0x19,0xd4,0xff,0xff,0xff,0xff,0xff,
    0xff,0x66,0x00,0x00,0x00,0x00,0x00,0x00,0x00,0x00,0x00,0x00,0x27,0xdb,0xff,0xff,
    0xff,0xff,0xe1,0xff,0xff,0x77,0x00,0x00,0x00,0x00,0x00,0x00,0x00,0x00,0x02,0x72,
    0xf7,0xff,0xff,0xff,0xff,0xf6,0x3a,0xff,0xff,0x87,0x00,0x00,0x00,0x00,0x00,0x00,
    0x00,0x25,0xc4,0xff,0xff,0xff,0xff,0xff,0xfa,0x4a,0x1a,0xff,0xff,0x93,0x00,0x00,
    0x00,0x00,0x00,0x1a,0x8d,0xf6,0xff,0xff,0xff,0xff,0xff,0xf4,0x4c,0x00,0x38,0xff,
    0xff,0x8b,0x00,0x00,0x00,0x23,0x96,0xf8,0xff,0xff,0xff,0xff,0xff,0xff,0xe5,0x31,
    0x00,0x00,0x5d,0xff,0xff,0x69,0x10,0x75,0xc4,0xfe,0xff,0xff,0xff,0xff,0xff,0xff,
    0xff,0xc6,0x1a,0x00,0x00,0x00,0xb2,0xff,0xff,0x45,0xa4,0xff,0xff,0xff,0xff,0xff,
    0xff,0xff,0xff,0xff,0x99,0x06,0x00,0x00,0x00,0x14,0xfa,0xff,0xff,0x28,0xf9,0xff,
    0xff,0xff,0xff,0xff,0xff,0xff,0xfa,0x67,0x00,0x00,0x00,0x00,0x00,0x87,0xff,0xff,
    0xff,0x3c,0xff,0xff,0xff,0xff,0xff,0xff,0xff,0xea,0x3d,0x00,0x00,0x00,0x00,0x00,
    0x2f,0xfb,0xff,0xff,0xff,0x5b,0xff,0xff,0xff,0xff,0xff,0xff,0xd5,0x1f,0x00,0x00,
    0x00,0x00,0x00,0x0c,0xcf,0xff,0xff,0xff,0xff,0x7a,0xff,0xff,0xff,0xff,0xff,0xca,
    0x11,0x00,0x00,0x00,0x00,0x00,0x08,0xbe,0xff,0xff,0xff,0xff,0xff,0x96,0xff,0xff,
    0xff,0xff,0xdb,0x11,0x00,0x00,0x00,0x00,0x00,0x0f,0xb9,0xff,0xff,0xff,0xff,0xff,
    0xff,0xa3,0xff,0xff,0xff,0xf8,0x32,0x00,0x00,0x00,0x00,0x00,0x2f,0xdc,0xff,0xff,
    0xff,0xff,0xc3,0xf5,0xff,0xaf,0xff,0xff,0xff,0x83,0x00,0x00,0x00,0x00,0x07,0x7a,
    0xf7,0xff,0xff,0xff,0xff,0xf0,0x21,0xfe,0xff,0xbc,0xff,0xff,0xf5,0x13,0x00,0x00,
    0x01,0x4f,0xda,0xff,0xff,0xff,0xff,0xff,0xfa,0x4d,0x10,0xff,0xff,0xb9,0xff,0xff,
    0xab,0x00,0x09,0x67,0xd8,0xff,0xff,0xff,0xff,0xff,0xff,0xf6,0x49,0x00,0x29,0xff,
    0xff,0xa0,0xff,0xff,0x85,0x82,0xeb,0xff,0xff,0xff,0xff,0xff,0xff,0xff,0xf2,0x3f,
    0x00,0x00,0x5d,0xff,0xff,0x87,0xff,0xff,0xff,0xff,0xff,0xff,0xff,0xff,0xff,0xff,
    0xff,0xdd,0x2f,0x00,0x00,0x00,0x93,0xff,0xff,0x6f,0xff,0xff,0xff,0xff,0xff,0xff,
    0xff,0xff,0xff,0xff,0xb7,0x11,0x00,0x00,0x00,0x04,0xe5,0xff,0xff,0x46,0xff,0xff,
    0xff,0xff,0xff,0xff,0xff,0xff,0xfe,0x83,0x02,0x00,0x00,0x00,0x00,0x53,0xff,0xff,
    0xf3,0x07,0xff,0xff,0xff,0xff,0xff,0xff,0xff,0xf5,0x54,0x00,0x00,0x00,0x00,0x00,
    0x08,0xd9,0xff,0xff,0xad,0x00,0xff,0xff,0xff,0xff,0xff,0xff,0xe0,0x2f,0x00,0x00,
    0x00,0x00,0x00,0x00,0x8e,0xff,0xff,0xff,0x5f,0x00,0xff,0xff,0xff,0xff,0xff,0xd5,
    0x18,0x00,0x00,0x00,0x00,0x00,0x00,0x6c,0xff,0xff,0xff,0xe2,0x07,0x00,0xff,0xff,
    0xff,0xff,0xde,0x15,0x00,0x00,0x00,0x00,0x00,0x00,0x65,0xfd,0xff,0xff,0xff,0x64,
    0x00,0x00,0xff,0xff,0xff,0xf9,0x2d,0x00,0x00,0x00,0x00,0x00,0x03,0x85,0xff,0xff,
    0xff,0xff,0xda,0x04,0x00,0x00,0xff,0xff,0xff,0x92,0x00,0x00,0x00,0x00,0x00,0x2f,
    0xcc,0xff,0xff,0xff,0xff,0xfa,0x36,0x00,0x00,0x00,0xff,0xff,0xf6,0x18,0x00,0x00,
    0x00,0x0c,0x85,0xfb,0xff,0xff,0xff,0xff,0xff,0x71,0x00,0x00,0x00,0x00,0xff,0xff,
    0xaf,0x00,0x00,0x21,0x8d,0xf0,0xff,0xff,0xff,0xff,0xff,0xff,0xa5,0x01,0x00,0x00,
    0x00,0x00,0xff,0xff,0x7e,0x6c,0xbd,0xfd,0xff,0xff,0xff,0xff,0xff,0xff,0xff,0xaf,
    0x04,0x00,0x00,0x00,0x00,0x00,0xff,0xff,0xff,0xff,0xff,0xff,0xff,0xff,0xff,0xff,
    0xff,0xff,0xb0,0x06,0x00,0x00,0x00,0x00,0x00,0x00,0xff,0xff,0xff,0xff,0xff,0xff,
    0xff,0xff,0xff,0xff,0xff,0x96,0x03,0x00,0x00,0x00,0x00,0x00,0x00,0x00,0xff,0xff,
    0xff,0xff,0xff,0xff,0xff,0xff,0xff,0xfc,0x73,0x00,0x00,0x00,0x00,0x00,0x00,0x00,
    0x00,0x00,0xff,0xff,0xff,0xff,0xff,0xff,0xff,0xff,0xf0,0x48,0x00,0x00,0x00,0x00,
    0x00,0x00,0x00,0x00,0x00,0x00,0xff,0xff,0xff,0xff,0xff,0xff,0xff,0xdf,0x2a,0x00,
    0x00,0x00,0x00,0x00,0x00,0x00,0x00,0x00,0x00,0x00,0xff,0xff,0xff,0xff,0xff,0xff,
    0xd9,0x1a,0x00,0x00,0x00,0x00,0x00,0x00,0x00,0x00,0x00,0x00,0x00,0x00,0xff,0xff,
    0xff,0xff,0xff,0xdb,0x1a,0x00,0x00,0x00,0x00,0x00,0x00,0x00,0x00,0x00,0x00,0x00,
    0x00,0x00,0xff,0xff,0xff,0xff,0xf6,0x2b,0x00,0x00,0x00,0x00,0x00,0x00,0x00,0x00,
    0x00,0x00,0x00,0x00,0x00,0x00,0xff,0xff,0xff,0xff,0x65,0x00,0x00,0x00,0x00,0x00,
    0x00,0x00,0x00,0x00,0x00,0x00,0x00,0x00,0x00,0x00,0xff,0xff,0xff,0xc8,0x00,0x00,
    0x00,0x00,0x00,0x00,0x00,0x00,0x00,0x00,0x00,0x00,0x00,0x00,0x00,0x00,0xff,0xff,
    0xff,0x51,0x00,0x00,0x00,0x00,0x00,0x00,0x00,0x00,0x00,0x00,0x00,0x00,0x00,0x00,
    0x00,0x00,0xff,0xff,0xec,0x05,0x00,0x00,0x00,0x00,0x00,0x00,0x00,0x00,0x00,0x00,
    0x00,0x00,0x00,0x00,0x00,0x00,0xff,0xff,0xa3,0x00,0x00,0x00,0x00,0x00,0x00,0x00,
    0x00,0x00,0x00,0x00,0x00,0x00,0x00,0x00,0x00,0x00,0xff,0xff,0x61,0x00,0x00,0x00,
    0x00,0x00,0x00,0x00,0x00,0x00,0x00,0x00,0x00,0x00,0x00,0x00,0x00,0x00,0xff,0xff,
    0x2d,0x00,0x00,0x00,0x00,0x00,0x00,0x00,0x00,0x00,0x00,0x00,0x00,0x00,0x00,0x00,
    0x00,0x00,0xff,0xfa,0x05,0x00,0x00,0x00,0x00,0x00,0x00,0x00,0x00,0x00,0x00,0x00,
    0x00,0x00,0x00,0x00,0x00,0x00,0xbf,0xa3,0x00,0x00,0x00,0x00,0x00,0x00,0x00,0x00,
    0x00,0x00,0x00,0x00,0x00,0x00,0x00,0x00,0x00,0x00,0x01,0x00,0x00,0x00,0x00,0x00,
    0x00,0x00,0x00,0x00,0x00,0x00,0x00,0x00,0x00,0x00,0x00,0x00,0x00,0x00,0x12,0x2d,
    0x01,0x00,0x00,0x00,0x00,0x00,0x00,0x00,0x00,0x00,0x00,0xe6,0xff,0x72,0x00,0x00,
    0x00,0x00,0x00,0x00,0x00,0x00,0x00,0x00,0xfe,0xff,0x88,0x00,0x00,0x00,0x00,0x00,
    0x00,0x00,0x00,0x00,0x00,0xfc,0xff,0x85,0x00,0x00,0x00,0x00,0x00,0x00,0x00,0x00,
    0x00,0x00,0xfa,0xff,0x82,0x00,0x00,0x00,0x00,0x00,0x00,0x00,0x00,0x00,0x00,0xf8,
    0xff,0x7f,0x00,0x00,0x00,0x00,0x00,0x00,0x00,0x00,0x00,0x00,0xf6,0xff,0x7c,0x00,
    0x00,0x00,0x00,0x00,0x00,0x00,0x00,0x00,0x00,0xf3,0xff,0x79,0x00,0x00,0x00,0x00,
    0x00,0x00,0x00,0x00,0x00,0x00,0xf1,0xff,0x76,0x00,0x00,0x00,0x00,0x00,0x00,0x00,
    0x00,0x00,0x00,0xef,0xff,0x73,0x00,0x00,0x00,0x00,0x00,0x00,0x00,0x00,0x00,0x00,
    0xed,0xff,0x70,0x00,0x00,0x00,0x00,0x00,0x00,0x00,0x00,0x00,0x00,0xeb,0xff,0x6c,
    0x00,0x00,0x00,0x00,0x00,0x00,0x00,0x00,0x00,0x00,0xe9,0xff,0x69,0x00,0x00,0x00,
    0x00,0x00,0x00,0x00,0x00,0x00,0x00,0xe7,0xff,0x66,0x00,0x00,0x00,0x00,0x00,0x00,
    0x00,0x00,0x00,0x00,0xe5,0xff,0x63,0x00,0x00,0x00,0x00,0x00,0x00,0x00,0x00,0x00,
    0x00,0xe3,0xff,0x60,0x00,0x00,0x00,0x00,0x00,0x00,0x00,0x00,0x00,0x00,0xe1,0xff,
    0x5d,0x00,0x00,0x00,0x00,0x00,0x00,0x00,0x00,0x00,0x00,0xdf,0xff,0x5a,0x00,0x00,
    0x00,0x00,0x00,0x00,0x00,0x00,0x00,0x00,0xdd,0xff,0x57,0x00,0x00,0x00,0x00,0x00,
    0x00,0x00,0x00,0x00,0x00,0xdb,0xff,0x53,0x00,0x00,0x00,0x00,0x15,0x08,0x00,0x00,
    0x00,0x00,0xd8,0xff,0x50,0x04,0x59,0xc3,0xf2,0xff,0xff,0xca,0x40,0x00,0x00,0xd6,
    0xff,0x68,0xc6,0xff,0xff,0xff,0xff,0xff,0xff,0xf9,0x5a,0x00,0xd4,0xff,0xf9,0xff,
    0xff,0xff,0xff,0xff,0xff,0xff,0xff,0xf5,0x13,0xd2,0xff,0xff,0xcd,0x49,0x15,0x26,
    0xa0,0xff,0xff,0xff,0xff,0x7d,0xd0,0xff,0xca,0x07,0x00,0x00,0x00,0x04,0xe2,0xff,
    0xff,0xff,0xc0,0xce,0xff,0x55,0x00,0x00,0x00,0x00,0x00,0xa4,0xff,0xff,0xff,0xe0,
    0xcc,0xff,0x46,0x00,0x00,0x00,0x00,0x00,0x92,0xff,0xff,0xff,0xf3,0xca,0xff,0x43,
    0x00,0x00,0x00,0x00,0x00,0x9a,0xff,0xff,0xff,0xda,0xc8,0xff,0x3f,0x00,0x00,0x00,
    0x00,0x00,0xbd,0xff,0xff,0xff,0xbd,0xc6,0xff,0x3b,0x00,0x00,0x00,0x00,0x00,0xe0,
    0xff,0xff,0xff,0x79,0xc4,0xff,0x37,0x00,0x00,0x00,0x00,0x0c,0xfd,0xff,0xff,0xff,
    0x28,0xc2,0xff,0x33,0x00,0x00,0x00,0x00,0x73,0xff,0xff,0xff,0xbb,0x00,0xbf,0xff,
    0x2f,0x00,0x00,0x00,0x07,0xe6,0xff,0xff,0xfe,0x34,0x00,0xbd,0xff,0x2c,0x00,0x00,
    0x00,0x7b,0xff,0xff,0xff,0x94,0x00,0x00,0xbb,0xff,0x28,0x00,0x00,0x4f,0xfd,0xff,
    0xff,0xce,0x07,0x00,0x00,0xb9,0xff,0x24,0x00,0x35,0xf4,0xff,0xff,0xd5,0x1b,0x00,
    0x00,0x00,0xb7,0xff,0x20,0x4b,0xf3,0xff,0xff,0xc9,0x13,0x00,0x00,0x00,0x00,0xb5,
    0xff,0x86,0xfc,0xff,0xff,0xbb,0x0c,0x00,0x00,0x00,0x00,0x00,0xb3,0xff,0xff,0xff,
    0xfd,0x96,0x06,0x00,0x00,0x00,0x00,0x00,0x00,0xb1,0xff,0xff,0xcf,0x37,0x00,0x00,
    0x00,0x00,0x00,0x00,0x00,0x00,0x80,0xf0,0x70,0x03,0x00,0x00,0x00,0x00,0x00,0x00,
    0x00,0x00,0x00,0x00,0x01,0x00,0x00,0x00,0x00,0x00,0x00,0x00,0x00,0x00,0x00,0x00,
    0x77,0x5d,0x00,0x00,0x00,0x00,0x00,0x00,0x00,0x00,0x00,0xff,0xc7,0x00,0x00,0x00,
    0x00,0x00,0x00,0x00,0x00,0x00,0xff,0xc7,0x00,0x00,0x00,0x00,0x00,0x00,0x00,0x00,
    0x00,0xff,0xc7,0x00,0x00,0x00,0x00,0x00,0x00,0x00,0x00,0x00,0xff,0xc7,0x00,0x00,
    0x00,0x00,0x00,0x00,0x00,0x00,0x00,0xff,0xc7,0x00,0x00,0x00,0x00,0x00,0x00,0x00,
    0x00,0x00,0xff,0xc7,0x00,0x00,0x00,0x00,0x00,0x00,0x00,0x00,0x00,0xff,0xc7,0x00,
    0x00,0x00,0x00,0x00,0x00,0x00,0x00,0x00,0xff,0xc7,0x00,0x00,0x00,0x00,0x00,0x00,
    0x00,0x00,0x00,0xff,0xc7,0x00,0x00,0x00,0x00,0x00,0x00,0x20,0x67,0x53,0xff,0xc7,
    0x00,0x00,0x0b,0x4b,0x92,0xd9,0xff,0xff,0xe9,0xff,0xd8,0x76,0xbd,0xf9,0xff,0xff,
    0xff,0xff,0xff,0xef,0xff,0xff,0xff,0xff,0xff,0xff,0xff,0xff,0xff,0xff,0xef,0xff,
    0xff,0xff,0xff,0xff,0xff,0xff,0xff,0xff,0xff,0xef,0xff,0xff,0xff,0xff,0xff,0xff,
    0xff,0xff,0xff,0xfe,0xef,0xff,0xff,0xff,0xff,0xff,0xf5,0xb5,0x6c,0x23,0xcb,0xef,
    0xff,0xff,0xd8,0x8f,0x46,0x07,0x00,0x00,0x00,0xcb,0xef,0xff,0xc8,0x00,0x00,0x00,
    0x00,0x00,0x00,0x00,0xcb,0xef,0xff,0xc7,0x00,0x00,0x00,0x00,0x00,0x00,0x00,0xcb,
    0xef,0xff,0xc7,0x00,0x00,0x00,0x00,0x00,0x00,0x00,0xcb,0xef,0xff,0xc7,0x00,0x00,
    0x00,0x00,0x00,0x00,0x00,0xcb,0xef,0xff,0xc7,0x00,0x00,0x00,0x00,0x00,0x00,0x00,
    0xcb,0xef,0xff,0xc7,0x00,0x00,0x00,0x00,0x00,0x00,0x00,0xcb,0xef,0xff,0xc7,0x00,
    0x00,0x00,0x00,0x00,0x00,0x00,0xcb,0xef,0xff,0xc7,0x00,0x00,0x00,0x00,0x00,0x00,
    0x00,0xcb,0xef,0xff,0xc7,0x00,0x00,0x00,0x00,0x00,0x0d,0x4d,0xe4,0xef,0xff,0xc7,
    0x00,0x01,0x33,0x79,0xc0,0xfa,0xff,0xff,0xef,0xff,0xe3,0xa6,0xeb,0xff,0xff,0xff,
    0xff,0xff,0xff,0xef,0xff,0xff,0xff,0xff,0xff,0xff,0xff,0xff,0xff,0xff,0xef,0xff,
    0xff,0xff,0xff,0xff,0xff,0xff,0xff,0xff,0xff,0xef,0xff,0xff,0xff,0xff,0xff,0xff,
    0xff,0xff,0xf8,0xf7,0xef,0xff,0xff,0xff,0xff,0xff,0xd7,0x90,0x49,0x09,0xcb,0xef,
    0xd6,0xef,0xac,0x65,0x1e,0x00,0x00,0x00,0x00,0xcb,0xef,0x02,0x02,0x00,0x00,0x00,
    0x00,0x00,0x00,0x00,0xcb,0xef,0x00,0x00,0x00,0x00,0x00,0x00,0x00,0x00,0x00,0xcb,
    0xef,0x00,0x00,0x00,0x00,0x00,0x00,0x00,0x00,0x00,0xcb,0xef,0x00,0x00,0x00,0x00,
    0x00,0x00,0x00,0x00,0x00,0xcb,0xef,0x00,0x00,0x00,0x00,0x00,0x00,0x00,0x00,0x00,
    0xcb,0xef,0x00,0x00,0x00,0x00,0x00,0x00,0x00,0x00,0x00,0xcb,0xef,0x00,0x00,0x00,
    0x00,0x00,0x00,0x00,0x00,0x00,0xcb,0xef,0x00,0x00,0x00,0x00,0x00,0x00,0x00,0x00,
    0x00,0xcb,0xef,0x00,0x00,0x00,0x00,0x00,0x00,0x00,0x00,0x00,0xcb,0xef,0x00,0x00,
    0x00,0x00,0x00,0x00,0x00,0x00,0x00,0x00,0x4c,0xe7,0x6c,0x00,0x00,0x00,0x00,0x00,
    0x00,0x00,0x00,0x00,0x00,0x00,0x00,0x00,0x53,0xff,0x77,0x00,0x00,0x00,0x00,0x00,
    0x00,0xb2,0xd8,0x00,0x00,0x00,0x00,0x00,0x53,0xff,0x77,0x00,0x00,0x00,0x00,0x00,
    0x00,0xcf,0xfb,0x00,0x00,0x00,0x00,0x00,0x53,0xff,0x77,0x00,0x00,0x00,0x00,0x00,
    0x00,0xcf,0xfb,0x00,0x00,0x00,0x00,0x00,0x53,0xff,0x77,0x00,0x00,0x00,0x00,0x00,
    0x00,0xcf,0xfb,0x00,0x00,0x00,0x00,0x00,0x53,0xff,0x77,0x00,0x00,0x00,0x00,0x00,
    0x00,0xcf,0xfb,0x00,0x00,0x00,0x00,0x00,0x53,0xff,0x77,0x00,0x00,0x00,0x00,0x00,
    0x00,0xcf,0xfb,0x00,0x00,0x00,0x00,0x00,0x53,0xff,0x77,0x00,0x00,0x00,0x00,0x00,
    0x00,0xcf,0xfb,0x00,0x00,0x00,0x00,0x00,0x53,0xff,0x77,0x00,0x00,0x00,0x00,0x00,
    0x00,0xcf,0xfb,0x00,0x00,0x00,0x00,0x00,0x53,0xff,0xb2,0x96,0xc2,0x48,0x00,0x00,
    0x00,0xcf,0xfb,0x00,0x21,0x55,0x89,0xbe,0xf1,0xff,0xff,0xff,0xff,0x9b,0x00,0x19,
    0x4e,0xe4,0xff,0xed,0xff,0xff,0xff,0xff,0xff,0xff,0xff,0xff,0xff,0x9b,0xbd,0xff,
    0xff,0xff,0xff,0xff,0xff,0xff,0xff,0xff,0xff,0xff,0xff,0xff,0xff,0x9b,0xff,0xff,
    0xff,0xff,0xff,0xff,0xff,0xff,0xff,0xff,0xff,0xff,0xff,0xff,0xff,0x9b,0xff,0xff,
    0xff,0xff,0xff,0xff,0xff,0xff,0xff,0xfe,0xeb,0xff,0xff,0xfb,0xd3,0x41,0xff,0xff,
    0xff,0xff,0xff,0xdd,0xa9,0x75,0x41,0x0e,0x53,0xff,0x8c,0x07,0x00,0x00,0xf9,0xff,
    0xff,0xff,0xfb,0x00,0x00,0x00,0x00,0x00,0x53,0xff,0x77,0x00,0x00,0x00,0x55,0x71,
    0x3c,0xd5,0xfb,0x00,0x00,0x00,0x00,0x00,0x53,0xff,0x77,0x00,0x00,0x00,0x00,0x00,
    0x00,0xcf,0xfb,0x00,0x00,0x00,0x00,0x00,0x53,0xff,0x77,0x00,0x00,0x00,0x00,0x00,
    0x00,0xcf,0xfb,0x00,0x00,0x00,0x00,0x00,0x53,0xff,0x77,0x00,0x00,0x00,0x00,0x00,
    0x00,0xcf,0xfb,0x00,0x00,0x00,0x00,0x00,0x53,0xff,0x77,0x00,0x00,0x00,0x00,0x00,
    0x00,0xcf,0xfb,0x00,0x00,0x00,0x00,0x00,0x53,0xff,0x77,0x00,0x00,0x00,0x00,0x00,
    0x00,0xcf,0xfb,0x00,0x00,0x00,0x00,0x00,0x53,0xff,0x77,0x00,0x00,0x00,0x00,0x00,
    0x00,0xcf,0xfb,0x00,0x00,0x00,0x00,0x00,0x53,0xff,0x77,0x00,0x00,0x00,0x00,0x00,
    0x00,0xcf,0xfb,0x00,0x00,0x00,0x00,0x00,0x53,0xff,0x77,0x00,0x00,0x00,0x00,0x00,
    0x00,0xcf,0xfb,0x00,0x00,0x02,0x29,0x5f,0xb3,0xff,0xb2,0x96,0xc2,0x48,0x00,0x00,
    0x00,0xcf,0xfd,0x86,0xbd,0xf2,0xff,0xff,0xff,0xff,0xff,0xff,0xff,0x9b,0x00,0x19,
    0x4e,0xe4,0xff,0xff,0xff,0xff,0xff,0xff,0xff,0xff,0xff,0xff,0xff,0x9b,0xbd,0xff,
    0xff,0xff,0xff,0xff,0xff,0xff,0xff,0xff,0xff,0xff,0xff,0xff,0xff,0x9b,0xff,0xff,
    0xff,0xff,0xff,0xff,0xff,0xff,0xff,0xff,0xff,0xff,0xff,0xff,0xff,0x9b,0xff,0xff,
    0xff,0xff,0xff,0xff,0xff,0xff,0xff,0xff,0xff,0xff,0xff,0xfb,0xd3,0x41,0xff,0xff,
    0xff,0xff,0xff,0xff,0xff,0xff,0xfb,0xd1,0xc3,0xff,0x8c,0x07,0x00,0x00,0xfa,0xff,
    0xff,0xff,0xfe,0xa1,0x6d,0x39,0x09,0x00,0x53,0xff,0x77,0x00,0x00,0x00,0x5c,0x79,
    0x44,0xd6,0xfb,0x00,0x00,0x00,0x00,0x00,0x53,0xff,0x77,0x00,0x00,0x00,0x00,0x00,
    0x00,0xcf,0xfb,0x00,0x00,0x00,0x00,0x00,0x53,0xff,0x77,0x00,0x00,0x00,0x00,0x00,
    0x00,0xcf,0xfb,0x00,0x00,0x00,0x00,0x00,0x53,0xff,0x77,0x00,0x00,0x00,0x00,0x00,
    0x00,0xcf,0xfb,0x00,0x00,0x00,0x00,0x00,0x53,0xff,0x77,0x00,0x00,0x00,0x00,0x00,
    0x00,0xcf,0xfb,0x00,0x00,0x00,0x00,0x00,0x53,0xff,0x77,0x00,0x00,0x00,0x00,0x00,
    0x00,0xcf,0xfb,0x00,0x00,0x00,0x00,0x00,0x53,0xff,0x77,0x00,0x00,0x00,0x00,0x00,
    0x00,0xcf,0xfb,0x00,0x00,0x00,0x00,0x00,0x53,0xff,0x77,0x00,0x00,0x00,0x00,0x00,
    0x00,0xcf,0xfb,0x00,0x00,0x00,0x00,0x00,0x33,0x9b,0x49,0x00,0x00,0x00,0x00,0x00,
    0x00,0xcf,0xfb,0x00,0x00,0x00,0x00,0x00,0x00,0x00,0x00,0x00,0x00,0x00,0x00,0x00,
    0x00,0x88,0xa5,0x00,0x00,0x00,0x00,0x00,0x00,0x00,0x00,0x00,0x00,0x00,0x5b,0x8f,
    0x8f,0x8f,0x89,0x1c,0x00,0x00,0x00,0x00,0x00,0x00,0x57,0x8f,0x8f,0x8f,0x8a,0x23,
    0xfa,0xff,0xff,0xff,0xff,0x7a,0x00,0x00,0x00,0x00,0x00,0x00,0xf5,0xff,0xff,0xff,
    0xff,0x91,0xff,0xff,0xff,0xff,0xff,0x7f,0x00,0x00,0x00,0x00,0x00,0x00,0xfb,0xff,
    0xff,0xff,0xff,0x97,0xff,0xff,0xff,0xff,0xff,0x7f,0x00,0x00,0x00,0x00,0x00,0x00,
    0xfb,0xff,0xff,0xff,0xff,0x97,0xff,0xff,0xff,0xff,0xff,0x89,0x00,0x00,0x00,0x00,
    0x00,0x19,0xfd,0xff,0xff,0xff,0xff,0x97,0xc6,0xff,0xff,0xff,0xff,0xfa,0x56,0x00,
    0x00,0x00,0x16,0xd7,0xff,0xff,0xff,0xff,0xfb,0x62,0x00,0x00,0x00,0x00,0x3e,0xf1,
    0xfd,0x64,0x00,0x14,0xd3,0xff,0xb9,0x0a,0x00,0x00,0x00,0x00,0x00,0x00,0x00,0x00,
    0x00,0x32,0xeb,0xff,0x80,0xcf,0xff,0xad,0x06,0x00,0x00,0x00,0x00,0x00,0x00,0x00,
    0x00,0x00,0x00,0x00,0x28,0xe3,0xff,0xff,0xa0,0x03,0x00,0x00,0x00,0x00,0x00,0x00,
    0x00,0x00,0x00,0x00,0x00,0x00,0x13,0xd8,0xff,0xff,0x75,0x00,0x00,0x00,0x00,0x00,
    0x00,0x00,0x00,0x00,0x00,0x00,0x00,0x0d,0xcb,0xff,0xc4,0xf1,0xff,0x66,0x00,0x00,
    0x00,0x00,0x00,0x00,0x00,0x00,0x00,0x00,0x08,0xc0,0xff,0xb6,0x07,0x39,0xf2,0xfd,
    0x5a,0x00,0x00,0x00,0x00,0x00,0x51,0x7f,0x7f,0x7f,0xbe,0xff,0xb3,0x07,0x00,0x00,
    0x3c,0xf3,0xfb,0x8b,0x7f,0x7f,0x7b,0x1f,0xf9,0xff,0xff,0xff,0xff,0xbc,0x06,0x00,
    0x00,0x00,0x00,0x3e,0xfe,0xff,0xff,0xff,0xff,0x91,0xff,0xff,0xff,0xff,0xff,0x7f,
    0x00,0x00,0x00,0x00,0x00,0x00,0xfb,0xff,0xff,0xff,0xff,0x97,0xff,0xff,0xff,0xff,
    0xff,0x7f,0x00,0x00,0x00,0x00,0x00,0x00,0xfb,0xff,0xff,0xff,0xff,0x97,0xff,0xff,
    0xff,0xff,0xff,0x7f,0x00,0x00,0x00,0x00,0x00,0x00,0xfb,0xff,0xff,0xff,0xff,0x97,
    0xc6,0xff,0xff,0xff,0xf9,0x51,0x00,0x00,0x00,0x00,0x00,0x00,0xc1,0xff,0xff,0xff,
    0xfb,0x62,0x12,0x2d,0x01,0x00,0x00,0x00,0x00,0x00,0x00,0x00,0x00,0x1f,0x21,0x00,
    0x00,0x00,0x00,0x00,0x00,0x00,0x00,0x00,0x00,0x00,0xe6,0xff,0x72,0x00,0x00,0x00,
    0x00,0x00,0x00,0x00,0x27,0xfe,0xff,0x32,0x00,0x00,0x00,0x00,0x00,0x00,0x00,0x00,
    0x00,0x00,0xfe,0xff,0x88,0x00,0x00,0x00,0x00,0x00,0x00,0x00,0x3e,0xff,0xff,0x48,
    0x00,0x00,0x00,0x00,0x00,0x00,0x00,0x00,0x00,0x00,0xfc,0xff,0x85,0x00,0x00,0x00,
    0x00,0x00,0x00,0x00,0x3b,0xff,0xff,0x45,0x00,0x00,0x00,0x00,0x00,0x00,0x00,0x00,
    0x00,0x00,0xfa,0xff,0x82,0x00,0x00,0x00,0x00,0x00,0x00,0x00,0x39,0xff,0xff,0x42,
    0x00,0x00,0x00,0x00,0x00,0x00,0x00,0x00,0x00,0x00,0xf8,0xff,0x7f,0x00,0x00,0x00,
    0x00,0x00,0x00,0x00,0x36,0xff,0xff,0x3f,0x00,0x00,0x00,0x00,0x00,0x00,0x00,0x00,
    0x00,0x00,0xf6,0xff,0x7c,0x00,0x00,0x00,0x00,0x00,0x00,0x00,0x34,0xff,0xff,0x3c,
    0x00,0x00,0x00,0x00,0x00,0x00,0x00,0x00,0x00,0x00,0xf3,0xff,0x79,0x00,0x00,0x00,
    0x00,0x00,0x00,0x00,0x31,0xff,0xff,0x39,0x00,0x00,0x00,0x00,0x00,0x00,0x00,0x00,
    0x00,0x00,0xf1,0xff,0x76,0x00,0x00,0x00,0x00,0x00,0x00,0x00,0x2f,0xff,0xff,0x36,
    0x00,0x00,0x00,0x00,0x00,0x00,0x00,0x00,0x00,0x00,0xef,0xff,0x73,0x00,0x00,0x00,
    0x00,0x00,0x00,0x00,0x2c,0xff,0xff,0x33,0x00,0x00,0x00,0x00,0x00,0x00,0x00,0x00,
    0x00,0x00,0xed,0xff,0x70,0x00,0x00,0x00,0x00,0x00,0x00,0x00,0x2a,0xff,0xff,0x2f,
    0x00,0x00,0x00,0x00,0x00,0x00,0x00,0x00,0x00,0x00,0xeb,0xff,0x6c,0x00,0x00,0x00,
    0x00,0x00,0x00,0x00,0x27,0xff,0xff,0x2c,0x00,0x00,0x00,0x00,0x00,0x00,0x00,0x00,
    0x00,0x00,0xe9,0xff,0x69,0x00,0x00,0x00,0x00,0x00,0x00,0x00,0x25,0xff,0xff,0x29,
    0x00,0x00,0x00,0x00,0x00,0x00,0x00,0x00,0x00,0x00,0xe7,0xff,0x66,0x00,0x00,0x00,
    0x00,0x00,0x00,0x00,0x22,0xff,0xff,0x26,0x00,0x00,0x00,0x00,0x00,0x00,0x00,0x00,
    0x00,0x00,0xe5,0xff,0x63,0x00,0x00,0x00,0x00,0x00,0x00,0x00,0x20,0xff,0xff,0x23,
    0x00,0x00,0x00,0x00,0x00,0x00,0x00,0x00,0x00,0x00,0xe3,0xff,0x60,0x00,0x00,0x00,
    0x00,0x00,0x00,0x00,0x1d,0xff,0xff,0x20,0x00,0x00,0x00,0x00,0x00,0x00,0x00,0x00,
    0x00,0x00,0xe1,0xff,0x5d,0x00,0x00,0x00,0x00,0x00,0x00,0x00,0x1b,0xff,0xff,0x1d,
    0x00,0x00,0x00,0x00,0x00,0x00,0x00,0x00,0x00,0x00,0xdf,0xff,0x5a,0x00,0x00,0x00,
    0x00,0x00,0x00,0x00,0x18,0xff,0xff,0x1a,0x00,0x00,0x00,0x00,0x00,0x00,0x00,0x00,
    0x00,0x00,0xdd,0xff,0x57,0x00,0x00,0x00,0x00,0x00,0x00,0x00,0x16,0xff,0xff,0x16,
    0x00,0x00,0x00,0x00,0x00,0x00,0x00,0x00,0x00,0x00,0xdb,0xff,0x53,0x00,0x00,0x00,
    0x00,0x14,0x03,0x00,0x13,0xff,0xff,0x13,0x00,0x00,0x00,0x03,0x17,0x04,0x00,0x00,
    0x00,0x00,0xd8,0xff,0x50,0x04,0x59,0xc3,0xf2,0xff,0xf9,0xc8,0x5a,0xff,0xff,0x10,
    0x13,0x7a,0xd6,0xfa,0xff,0xfb,0xb5,0x1f,0x00,0x00,0xd6,0xff,0x68,0xc6,0xff,0xff,
    0xff,0xff,0xff,0xff,0xff,0xff,0xff,0x53,0xe9,0xff,0xff,0xff,0xff,0xff,0xff,0xe8,
    0x32,0x00,0xd4,0xff,0xf9,0xff,0xff,0xff,0xff,0xff,0xff,0xff,0xff,0xff,0xff,0xfc,
    0xff,0xff,0xff,0xff,0xff,0xff,0xff,0xff,0xcd,0x00,0xd2,0xff,0xff,0xcd,0x49,0x15,
    0x26,0xa0,0xff,0xff,0xff,0xff,0xff,0xff,0xa8,0x38,0x0e,0x37,0xcc,0xff,0xff,0xff,
    0xff,0x43,0xd0,0xff,0xca,0x07,0x00,0x00,0x00,0x04,0xe2,0xff,0xff,0xff,0xff,0x91,
    0x00,0x00,0x00,0x00,0x26,0xff,0xff,0xff,0xff,0x82,0xce,0xff,0x55,0x00,0x00,0x00,
    0x00,0x00,0xa4,0xff,0xff,0xff,0xff,0x15,0x00,0x00,0x00,0x00,0x00,0xe4,0xff,0xff,
    0xff,0xa2,0xcc,0xff,0x46,0x00,0x00,0x00,0x00,0x00,0x92,0xff,0xff,0xff,0xff,0x06,
    0x00,0x00,0x00,0x00,0x00,0xd2,0xff,0xff,0xff,0xb3,0xca,0xff,0x43,0x00,0x00,0x00,
    0x00,0x00,0x9a,0xff,0xff,0xff,0xff,0x03,0x00,0x00,0x00,0x00,0x00,0xda,0xff,0xff,
    0xff,0x98,0xc8,0xff,0x3f,0x00,0x00,0x00,0x00,0x00,0xbd,0xff,0xff,0xff,0xff,0x00,
    0x00,0x00,0x00,0x00,0x03,0xfa,0xff,0xff,0xff,0x7a,0xc6,0xff,0x3b,0x00,0x00,0x00,
    0x00,0x00,0xe0,0xff,0xff,0xff,0xfb,0x00,0x00,0x00,0x00,0x00,0x20,0xff,0xff,0xff,
    0xff,0x34,0xc4,0xff,0x37,0x00,0x00,0x00,0x00,0x0c,0xfd,0xff,0xff,0xff,0xf7,0x00,
    0x00,0x00,0x00,0x00,0x4a,0xff,0xff,0xff,0xe2,0x00,0xc2,0xff,0x33,0x00,0x00,0x00,
    0x00,0x73,0xff,0xff,0xff,0xff,0xf3,0x00,0x00,0x00,0x00,0x00,0xb3,0xff,0xff,0xff,
    0x72,0x00,0xbf,0xff,0x2f,0x00,0x00,0x00,0x07,0xe6,0xff,0xff,0xfe,0xff,0xef,0x00,
    0x00,0x00,0x00,0x2e,0xff,0xff,0xff,0xe2,0x07,0x00,0xbd,0xff,0x2c,0x00,0x00,0x00,
    0x7b,0xff,0xff,0xff,0x80,0xfe,0xec,0x00,0x00,0x00,0x02,0xb8,0xff,0xff,0xfe,0x4a,
    0x00,0x00,0xbb,0xff,0x28,0x00,0x00,0x4f,0xfd,0xff,0xff,0xb7,0x02,0xfc,0xe8,0x00,
    0x00,0x00,0x8e,0xff,0xff,0xff,0x89,0x00,0x00,0x00,0xb9,0xff,0x24,0x00,0x35,0xf4,
    0xff,0xff,0xd1,0x12,0x00,0xfa,0xe4,0x00,0x00,0x6a,0xff,0xff,0xff,0x9d,0x03,0x00,
    0x00,0x00,0xb7,0xff,0x20,0x4b,0xf3,0xff,0xff,0xcd,0x12,0x00,0x00,0xf8,0xe0,0x00,
    0x7e,0xff,0xff,0xff,0x8a,0x00,0x00,0x00,0x00,0x00,0xb5,0xff,0x86,0xfc,0xff,0xff,
    0xbc,0x10,0x00,0x00,0x00,0xf5,0xe2,0xa1,0xff,0xff,0xff,0x77,0x00,0x00,0x00,0x00,
    0x00,0x00,0xb3,0xff,0xff,0xff,0xfd,0x7f,0x02,0x00,0x00,0x00,0x00,0xf3,0xff,0xff,
    0xff,0xeb,0x59,0x00,0x00,0x00,0x00,0x00,0x00,0x00,0xb1,0xff,0xff,0xd2,0x3e,0x00,
    0x00,0x00,0x00,0x00,0x00,0xf1,0xff,0xfe,0x9b,0x12,0x00,0x00,0x00,0x00,0x00,0x00,
    0x00,0x00,0x80,0xe8,0x69,0x03,0x00,0x00,0x00,0x00,0x00,0x00,0x00,0xc0,0xcf,0x3b,
    0x00,0x00,0x00,0x00,0x00,0x00,0x00,0x00,0x00,0x00,0x00,0x01,0x00,0x00,0x00,0x00,
    0x00,0x00,0x00,0x00,0x00,0x01,0x00,0x00,0x00,0x00,0x00,0x00,0x00,0x00,0x00,0x00,
    0x00,0x00,0xcc,0xda,0x8b,0x3c,0x02,0x00,0x00,0x00,0x00,0x00,0x00,0x00,0x00,0x00,
    0x00,0x00,0x00,0x00,0x00,0x00,0x00,0x00,0x00,0x00,0xff,0xff,0xff,0xff,0xea,0x9e,
    0x4e,0x09,0x00,0x00,0x00,0x00,0x00,0x00,0x00,0x00,0x00,0x00,0x00,0x00,0x00,0x00,
    0x00,0x00,0xe8,0xff,0xff,0xff,0xff,0xff,0xff,0xf6,0xb0,0x61,0x15,0x00,0x00,0x00,
    0x00,0x00,0x00,0x00,0x00,0x00,0x00,0x00,0x00,0x00,0x1b,0x71,0xc1,0xfc,0xff,0xff,
    0xff,0xff,0xff,0xff,0xfd,0xc2,0x73,0x24,0x00,0x00,0x00,0x00,0x00,0x00,0x00,0x00,
    0x00,0x00,0x00,0x00,0x00,0x15,0x61,0xb1,0xf7,0xff,0xff,0xff,0xff,0xff,0xff,0xff,
    0xd5,0x86,0x36,0x01,0x00,0x00,0x00,0x00,0x00,0x00,0x00,0x00,0x00,0x00,0x00,0x00,
    0x0b,0x51,0xa1,0xed,0xff,0xff,0xff,0xff,0xff,0xff,0xff,0xe6,0x98,0x49,0x07,0x00,
    0x00,0x00,0x00,0x00,0x00,0x00,0x00,0x00,0x00,0x00,0x00,0x04,0x41,0x91,0xe1,0xff,
    0xff,0xff,0xff,0xff,0xff,0xff,0xf3,0xaa,0x4b,0x00,0x00,0x00,0x00,0x00,0x00,0x00,
    0x00,0x00,0x00,0x00,0x00,0x00,0x06,0x79,0xf7,0xff,0xff,0xff,0xff,0xff,0xff,0xff,
    0xf9,0x05,0x00,0x00,0x00,0x00,0x00,0x00,0x00,0x00,0x00,0x0b,0x53,0xa4,0xf0,0xff,
    0xff,0xff,0xff,0xff,0xff,0xff,0xf0,0xa7,0x45,0x00,0x00,0x00,0x00,0x00,0x00,0x00,
    0x12,0x5f,0xb0,0xf7,0xff,0xff,0xff,0xff,0xff,0xff,0xff,0xe2,0x94,0x45,0x05,0x00,
    0x00,0x00,0x00,0x00,0x00,0x1b,0x6a,0xbc,0xfb,0xff,0xff,0xff,0xff,0xff,0xff,0xff,
    0xd0,0x81,0x32,0x00,0x00,0x00,0x00,0x00,0x00,0x00,0x1d,0x76,0xc7,0xfe,0xff,0xff,
    0xff,0xff,0xff,0xff,0xfb,0xbd,0x6e,0x1f,0x00,0x00,0x00,0x00,0x00,0x00,0x00,0x00,
    0x00,0x00,0xe9,0xff,0xff,0xff,0xff,0xff,0xff,0xf2,0xaa,0x5b,0x11,0x00,0x00,0x00,
    0x00,0x00,0x00,0x00,0x00,0x00,0x00,0x00,0x00,0x00,0xff,0xff,0xff,0xff,0xe5,0x98,
    0x49,0x07,0x00,0x00,0x00,0x00,0x00,0x00,0x00,0x00,0x00,0x00,0x00,0x00,0x00,0x00,
    0x00,0x00,0xc6,0xd3,0x85,0x36,0x01,0x00,0x00,0x00,0x00,0x00,0x00,0x00,0x00,0x00,
    0x00,0x00,0x00,0x00,0x00,0x00,0x00,0x00,0x00,0x00,0xcc,0xda,0x8b,0x3c,0x02,0x00,
    0x00,0x00,0x00,0x00,0x00,0x00,0x00,0x00,0x00,0x00,0x00,0x00,0x00,0x00,0x00,0x00,
    0x00,0x00,0xff,0xff,0xff,0xff,0xea,0x9e,0x4e,0x09,0x00,0x00,0x00,0x00,0x00,0x00,
    0x00,0x00,0x00,0x00,0x00,0x00,0x00,0x00,0x00,0x00,0xe8,0xff,0xff,0xff,0xff,0xff,
    0xff,0xf6,0xb0,0x61,0x15,0x00,0x00,0x00,0x00,0x00,0x00,0x00,0x00,0x00,0x00,0x00,
    0x00,0x00,0x1b,0x71,0xc1,0xfc,0xff,0xff,0xff,0xff,0xff,0xff,0xfd,0xc2,0x73,0x24,
    0x00,0x00,0x00,0x00,0x00,0x00,0x00,0x00,0x00,0x00,0x00,0x00,0x00,0x15,0x61,0xb1,
    0xf7,0xff,0xff,0xff,0xff,0xff,0xff,0xff,0xd5,0x86,0x36,0x01,0x00,0x00,0x00,0x00,
    0x00,0x00,0x00,0x00,0x00,0x00,0x00,0x00,0x0b,0x51,0xa1,0xed,0xff,0xff,0xff,0xff,
    0xff,0xff,0xff,0xe6,0x98,0x49,0x07,0x00,0x00,0x00,0x00,0x00,0x00,0x00,0x00,0x00,
    0x00,0x00,0x00,0x04,0x41,0x91,0xe1,0xff,0xff,0xff,0xff,0xff,0xff,0xff,0xf3,0xaa,
    0x4b,0x00,0x00,0x00,0x00,0x00,0x00,0x00,0x00,0x00,0x00,0x00,0x00,0x00,0x06,0x79,
    0xf7,0xff,0xff,0xff,0xff,0xff,0xff,0xff,0xf9,0x05,0x00,0x00,0x00,0x00,0x00,0x00,
    0x00,0x00,0x00,0x0b,0x53,0xa4,0xf0,0xff,0xff,0xff,0xff,0xff,0xff,0xff,0xf0,0xa7,
    0x45,0x00,0x00,0x00,0x00,0x00,0x00,0x00,0x12,0x5f,0xb0,0xf7,0xff,0xff,0xff,0xff,
    0xff,0xff,0xff,0xe2,0x94,0x45,0x05,0x00,0x00,0x00,0x00,0x00,0x00,0x1b,0x6a,0xbc,
    0xfb,0xff,0xff,0xff,0xff,0xff,0xff,0xff,0xd0,0x81,0x32,0x00,0x00,0x00,0x00,0x00,
    0x00,0x00,0x1d,0x76,0xc7,0xfe,0xff,0xff,0xff,0xff,0xff,0xff,0xfb,0xbd,0x6e,0x1f,
    0x00,0x00,0x00,0x00,0x00,0x00,0x00,0x00,0x00,0x00,0xe9,0xff,0xff,0xff,0xff,0xff,
    0xff,0xf2,0xaa,0x5b,0x11,0x00,0x00,0x00,0x00,0x00,0x00,0x00,0x00,0x00,0x00,0x00,
    0x00,0x00,0xff,0xff,0xff,0xff,0xe5,0x98,0x49,0x07,0x00,0x00,0x00,0x00,0x00,0x00,
    0x00,0x00,0x00,0x00,0x00,0x00,0x00,0x00,0x00,0x00,0xc6,0xd3,0x85,0x36,0x01,0x00,
    0x00,0x00,0x00,0x00,0x00,0x00,0x00,0x00,0x00,0x00,0x00,0x00,0x00,0x00,0x00,0x00,
    0x00,0x00,0x1c,0xb6,0xee,0xb3,0x1a,0xbd,0xff,0xff,0xff,0xb6,0xf8,0xff,0xff,0xff,
    0xf2,0xc4,0xff,0xff,0xff,0xbd,0x25,0xc0,0xf3,0xbd,0x22,0x1c,0xb6,0xee,0xb3,0x1a,
    0xbd,0xff,0xff,0xff,0xb6,0xf8,0xff,0xff,0xff,0xf2,0xc4,0xff,0xff,0xff,0xbd,0x25,
    0xc4,0xf5,0xc1,0x23,0xb6,0xef,0xef,0xef,0xef,0xef,0xef,0xef,0xef,0xef,0xef,0xef,
    0xef,0xef,0xef,0xef,0xef,0xef,0xef,0xd7,0x11,0xff,0xff,0xff,0xff,0xff,0xff,0xff,
    0xff,0xff,0xff,0xff,0xff,0xff,0xff,0xff,0xff,0xff,0xff,0xff,0xff,0x37,0xc6,0xff,
    0xff,0xff,0xff,0xff,0xff,0xff,0xff,0xff,0xff,0xff,0xff,0xff,0xff,0xff,0xff,0xff,
    0xff,0xe8,0x15,0xb6,0xef,0xef,0xef,0xef,0xef,0xef,0xef,0xef,0xef,0xef,0xef,0xef,
    0xef,0xef,0xef,0xef,0xef,0xef,0xd7,0x11,0xff,0xff,0xff,0xff,0xff,0xff,0xff,0xff,
    0xff,0xff,0xff,0xff,0xff,0xff,0xff,0xff,0xff,0xff,0xff,0xff,0x37,0xc6,0xff,0xff,
    0xff,0xff,0xff,0xff,0xff,0xff,0xff,0xff,0xff,0xff,0xff,0xff,0xff,0xff,0xff,0xff,
    0xe8,0x15,0x00,0x00,0x00,0x00,0x00,0x00,0x00,0x00,0x00,0x00,0x00,0x00,0x00,0x02,
    0x39,0x81,0xb2,0xd4,0xe2,0xf1,0xee,0xdf,0xcf,0xa9,0x75,0x2a,0x00,0x00,0x00,0x00,
    0x00,0x00,0x00,0x00,0x00,0x00,0x00,0x00,0x00,0x00,0x00,0x00,0x00,0x00,0x00,0x00,
    0x00,0x00,0x00,0x00,0x00,0x11,0x77,0xe3,0xff,0xff,0xff,0xff,0xff,0xff,0xff,0xff,
    0xff,0xff,0xff,0xff,0xd3,0x62,0x07,0x00,0x00,0x00,0x00,0x00,0x00,0x00,0x00,0x00,
    0x00,0x00,0x00,0x00,0x00,0x00,0x00,0x00,0x00,0x00,0x00,0x02,0x65,0xec,0xff,0xff,
    0xff,0xff,0xff,0xff,0xff,0xff,0xff,0xff,0xff,0xff,0xff,0xff,0xff,0xff,0xdc,0x4a,
    0x00,0x00,0x00,0x00,0x00,0x00,0x00,0x00,0x00,0x00,0x00,0x00,0x00,0x00,0x00,0x00,
    0x00,0x00,0x18,0xc1,0xff,0xff,0xff,0xff,0xff,0xff,0xff,0xff,0xff,0xff,0xff,0xff,
    0xff,0xff,0xff,0xff,0xff,0xff,0xff,0xff,0xa3,0x0a,0x00,0x00,0x00,0x00,0x00,0x00,
    0x00,0x00,0x00,0x00,0x00,0x00,0x00,0x00,0x00,0x3a,0xe6,0xff,0xff,0xff,0xff,0xff,
    0xff,0xff,0xff,0xff,0xff,0xff,0xff,0xff,0xff,0xff,0xff,0xff,0xff,0xff,0xff,0xff,
    0xff,0xd2,0x23,0x00,0x00,0x00,0x00,0x00,0x00,0x00,0x00,0x00,0x00,0x00,0x00,0x00,
    0x45,0xf6,0xff,0xff,0xff,0xff,0xff,0xff,0xff,0xff,0xff,0xff,0xff,0xff,0xff,0xff,
    0xff,0xff,0xff,0xff,0xff,0xff,0xff,0xff,0xff,0xff,0xe7,0x2a,0x00,0x00,0x00,0x00,
    0x00,0x00,0x00,0x00,0x00,0x00,0x00,0x49,0xf7,0xff,0xff,0xff,0xff,0xff,0xff,0xff,
    0xff,0xff,0xff,0xff,0xff,0xff,0xff,0xff,0xff,0xff,0xff,0xff,0xff,0xff,0xff,0xff,
    0xff,0xff,0xff,0xea,0x2e,0x00,0x00,0x00,0x00,0x00,0x00,0x00,0x00,0x00,0x2d,0xf5,
    0xff,0xff,0xff,0xff,0xff,0xff,0xff,0xf7,0xb3,0x76,0x44,0x22,0x0b,0x01,0x02,0x0f,
    0x28,0x4d,0x82,0xc3,0xfd,0xff,0xff,0xff,0xff,0xff,0xff,0xff,0xe4,0x16,0x00,0x00,
    0x00,0x00,0x00,0x00,0x00,0x07,0xd8,0xff,0xff,0xff,0xff,0xff,0xff,0xd3,0x61,0x0c,
    0x00,0x00,0x00,0x00,0x00,0x00,0x00,0x00,0x00,0x00,0x00,0x00,0x17,0x79,0xe7,0xff,
    0xff,0xff,0xff,0xff,0xff,0xb9,0x00,0x00,0x00,0x00,0x00,0x00,0x00,0x7c,0xff,0xff,
    0xff,0xff,0xff,0xe9,0x5a,0x00,0x00,0x00,0x00,0x00,0x00,0x00,0x00,0x00,0x00,0x00,
    0x00,0x00,0x00,0x00,0x00,0x00,0x07,0x7e,0xf8,0xff,0xff,0xff,0xff,0xff,0x56,0x00,
    0x00,0x00,0x00,0x00,0x10,0xf4,0xff,0xff,0xff,0xff,0xb6,0x11,0x00,0x00,0x00,0x00,
    0x00,0x00,0x00,0x00,0x00,0x00,0x00,0x00,0x00,0x00,0x00,0x00,0x00,0x00,0x00,0x00,
    0x28,0xd9,0xff,0xff,0xff,0xff,0xdc,0x02,0x00,0x00,0x00,0x00,0x75,0xff,0xff,0xff,
    0xff,0x98,0x03,0x00,0x00,0x00,0x00,0x00,0x00,0x00,0x00,0x00,0x00,0x00,0x00,0x00,
    0x00,0x00,0x00,0x00,0x00,0x00,0x00,0x00,0x00,0x12,0xc2,0xff,0xff,0xff,0xff,0x4d,
    0x00,0x00,0x00,0x03,0xe1,0xff,0xff,0xff,0xa3,0x00,0x00,0x00,0x00,0x00,0x00,0x00,
    0x00,0x00,0x00,0x00,0x00,0x00,0x00,0x00,0x00,0x00,0x00,0x00,0x00,0x00,0x00,0x00,
    0x00,0x00,0x0c,0xd0,0xff,0xff,0xff,0xbc,0x00,0x00,0x00,0x55,0xff,0xff,0xff,0xc4,
    0x07,0x00,0x00,0x00,0x00,0x00,0x00,0x00,0x00,0x00,0x00,0x00,0x00,0x00,0x00,0x00,
    0x00,0x00,0x00,0x00,0x00,0x00,0x00,0x00,0x00,0x00,0x00,0x1d,0xe7,0xff,0xff,0xff,
    0x2c,0x00,0x00,0xb0,0xff,0xff,0xf4,0x1e,0x00,0x00,0x00,0x00,0x00,0x00,0x00,0x00,
    0x00,0x00,0x00,0x00,0x00,0x00,0x00,0x00,0x00,0x00,0x00,0x00,0x00,0x00,0x00,0x00,
    0x00,0x00,0x00,0x00,0x4b,0xff,0xff,0xff,0x82,0x00,0x05,0xf3,0xff,0xff,0x72,0x00,
    0x00,0x00,0x00,0x00,0x00,0x00,0x00,0x00,0x00,0x00,0x00,0x17,0x88,0xbe,0xb3,0x76,
    0x08,0x00,0x00,0x00,0x00,0x00,0x00,0x00,0x00,0x00,0x00,0x00,0x00,0xaa,0xff,0xff,
    0xca,0x00,0x42,0xff,0xff,0xe2,0x05,0x00,0x00,0x00,0x00,0x00,0x00,0x00,0x00,0x00,
    0x00,0x00,0x3a,0xec,0xff,0xff,0xff,0xff,0xd7,0x1a,0x00,0x00,0x00,0x00,0x00,0x00,
    0x00,0x00,0x00,0x00,0x00,0x23,0xfc,0xff,0xfd,0x13,0x8a,0xff,0xff,0x6f,0x00,0x00,
    0x00,0x00,0x00,0x00,0x00,0x00,0x00,0x00,0x00,0x0b,0xde,0xff,0xff,0xff,0xff,0xff,
    0xff,0xb4,0x00,0x00,0x00,0x00,0x00,0x00,0x00,0x00,0x00,0x00,0x00,0x00,0xa9,0xff,
    0xff,0x58,0xbd,0xff,0xf9,0x11,0x00,0x00,0x00,0x00,0x00,0x00,0x00,0x00,0x00,0x00,
    0x00,0x4b,0xff,0xff,0xff,0xff,0xff,0xff,0xff,0xff,0x16,0x00,0x00,0x00,0x00,0x00,
    0x00,0x00,0x00,0x00,0x00,0x00,0x43,0xff,0xff,0x89,0xe5,0xff,0xb0,0x00,0x00,0x00,
    0x00,0x00,0x00,0x00,0x00,0x00,0x00,0x00,0x00,0x71,0xff,0xff,0xff,0xff,0xff,0xff,
    0xff,0xff,0x42,0x00,0x00,0x00,0x00,0x00,0x00,0x00,0x00,0x00,0x00,0x00,0x02,0xe5,
    0xff,0xb0,0xf9,0xff,0x60,0x00,0x00,0x00,0x00,0x00,0x00,0x00,0x00,0x00,0x00,0x00,
    0x00,0x4d,0xff,0xff,0xff,0xff,0xff,0xff,0xff,0xff,0x1f,0x00,0x00,0x00,0x00,0x00,
    0x00,0x00,0x00,0x00,0x00,0x00,0x00,0x97,0xff,0xc4,0xec,0xfa,0x12,0x00,0x00,0x00,
    0x00,0x00,0x00,0x00,0x00,0x00,0x00,0x00,0x00,0x10,0xe9,0xff,0xff,0xff,0xff,0xff,
    0xff,0xcf,0x00,0x00,0x00,0x00,0x00,0x00,0x00,0x00,0x00,0x00,0x00,0x00,0x00,0x43,
    0xff,0xb7,0xad,0x8d,0x00,0x00,0x00,0x00,0x00,0x00,0x00,0x00,0x00,0x00,0x00,0x00,
    0x00,0x00,0x52,0xfb,0xff,0xff,0xff,0xff,0xf1,0x2e,0x00,0x00,0x00,0x00,0x00,0x00,
    0x00,0x00,0x00,0x00,0x00,0x00,0x00,0x02,0xbe,0x7b,0x00,0x00,0x00,0x00,0x00,0x00,
    0x00,0x00,0x00,0x00,0x00,0x00,0x00,0x00,0x00,0x00,0x00,0x34,0xb5,0xeb,0xe1,0xa4,
    0x1d,0x00,0x00,0x00,0x00,0x00,0x00,0x00,0x00,0x00,0x00,0x00,0x00,0x00,0x00,0x00,
    0x00,0x00,0x00,0x00,0x00,0x00,0x00,0x00,0x00,0x00,0x00,0x00,0x00,0x00,0x00,0x00,
    0x00,0x00,0x00,0x17,0x88,0xbe,0xb3,0x76,0x08,0x00,0x00,0x00,0x00,0x00,0x00,0x00,
    0x00,0x00,0x00,0x00,0x00,0x00,0x00,0x00,0x00,0x00,0xaa,0x89,0x00,0x00,0x00,0x00,
    0x00,0x00,0x00,0x00,0x00,0x00,0x00,0x00,0x00,0x00,0x3a,0xec,0xff,0xff,0xff,0xff,
    0xd7,0x1a,0x00,0x00,0x00,0x00,0x00,0x00,0x00,0x00,0x00,0x00,0x00,0x00,0x00,0x02,
    0xba,0x78,0xec,0xfa,0x12,0x00,0x00,0x00,0x00,0x00,0x00,0x00,0x00,0x00,0x00,0x00,
    0x00,0x0b,0xde,0xff,0xff,0xff,0xff,0xff,0xff,0xb4,0x00,0x00,0x00,0x00,0x00,0x00,
    0x00,0x00,0x00,0x00,0x00,0x00,0x00,0x44,0xff,0xb7,0xf8,0xff,0x61,0x00,0x00,0x00,
    0x00,0x00,0x00,0x00,0x00,0x00,0x00,0x00,0x00,0x4b,0xff,0xff,0xff,0xff,0xff,0xff,
    0xff,0xff,0x16,0x00,0x00,0x00,0x00,0x00,0x00,0x00,0x00,0x00,0x00,0x00,0x00,0x98,
    0xff,0xc3,0xe4,0xff,0xb2,0x00,0x00,0x00,0x00,0x00,0x00,0x00,0x00,0x00,0x00,0x00,
    0x00,0x76,0xff,0xff,0xff,0xff,0xff,0xff,0xff,0xff,0x42,0x00,0x00,0x00,0x00,0x00,
    0x00,0x00,0x00,0x00,0x00,0x00,0x02,0xe7,0xff,0xaf,0xbc,0xff,0xfa,0x13,0x00,0x00,
    0x00,0x00,0x00,0x00,0x00,0x00,0x00,0x00,0x00,0x55,0xff,0xff,0xff,0xff,0xff,0xff,
    0xff,0xff,0x1f,0x00,0x00,0x00,0x00,0x00,0x00,0x00,0x00,0x00,0x00,0x00,0x46,0xff,
    0xff,0x88,0x87,0xff,0xff,0x74,0x00,0x00,0x00,0x00,0x00,0x00,0x00,0x00,0x00,0x00,
    0x00,0x15,0xef,0xff,0xff,0xff,0xff,0xff,0xff,0xcf,0x00,0x00,0x00,0x00,0x00,0x00,
    0x00,0x00,0x00,0x00,0x00,0x00,0xad,0xff,0xff,0x56,0x3f,0xff,0xff,0xe5,0x06,0x00,
    0x00,0x00,0x00,0x00,0x00,0x00,0x00,0x00,0x00,0x00,0x58,0xfc,0xff,0xff,0xff,0xff,
    0xf1,0x2e,0x00,0x00,0x00,0x00,0x00,0x00,0x00,0x00,0x00,0x00,0x00,0x27,0xfd,0xff,
    0xfd,0x12,0x04,0xf1,0xff,0xff,0x78,0x00,0x00,0x00,0x00,0x00,0x00,0x00,0x00,0x00,
    0x00,0x00,0x00,0x36,0xb6,0xeb,0xe1,0xa4,0x1d,0x00,0x00,0x00,0x00,0x00,0x00,0x00,
    0x00,0x00,0x00,0x00,0x00,0xb1,0xff,0xff,0xc7,0x00,0x00,0xad,0xff,0xff,0xf6,0x23,
    0x00,0x00,0x00,0x00,0x00,0x00,0x00,0x00,0x00,0x00,0x00,0x00,0x00,0x00,0x00,0x00,
    0x00,0x00,0x00,0x00,0x00,0x00,0x00,0x00,0x00,0x00,0x00,0x00,0x53,0xff,0xff,0xff,
    0x7f,0x00,0x00,0x52,0xff,0xff,0xff,0xcc,0x0a,0x00,0x00,0x00,0x00,0x00,0x00,0x00,
    0x00,0x00,0x00,0x00,0x00,0x00,0x00,0x00,0x00,0x00,0x00,0x00,0x00,0x00,0x00,0x00,
    0x00,0x00,0x00,0x23,0xec,0xff,0xff,0xfe,0x28,0x00,0x00,0x03,0xe0,0xff,0xff,0xff,
    0xac,0x01,0x00,0x00,0x00,0x00,0x00,0x00,0x00,0x00,0x00,0x00,0x00,0x00,0x00,0x00,
    0x00,0x00,0x00,0x00,0x00,0x00,0x00,0x00,0x00,0x00,0x0f,0xd7,0xff,0xff,0xff,0xb8,
    0x00,0x00,0x00,0x00,0x73,0xff,0xff,0xff,0xff,0xa1,0x05,0x00,0x00,0x00,0x00,0x00,
    0x00,0x00,0x00,0x00,0x00,0x00,0x00,0x00,0x00,0x00,0x00,0x00,0x00,0x00,0x00,0x00,
    0x00,0x15,0xc9,0xff,0xff,0xff,0xff,0x4a,0x00,0x00,0x00,0x00,0x10,0xf3,0xff,0xff,
    0xff,0xff,0xba,0x12,0x00,0x00,0x00,0x00,0x00,0x00,0x00,0x00,0x00,0x00,0x00,0x00,
    0x00,0x00,0x00,0x00,0x00,0x00,0x00,0x00,0x29,0xdb,0xff,0xff,0xff,0xff,0xdb,0x01,
    0x00,0x00,0x00,0x00,0x00,0x7c,0xff,0xff,0xff,0xff,0xff,0xe9,0x59,0x00,0x00,0x00,
    0x00,0x00,0x00,0x00,0x00,0x00,0x00,0x00,0x00,0x00,0x00,0x00,0x00,0x00,0x06,0x7c,
    0xf8,0xff,0xff,0xff,0xff,0xff,0x55,0x00,0x00,0x00,0x00,0x00,0x00,0x08,0xda,0xff,
    0xff,0xff,0xff,0xff,0xff,0xcf,0x5b,0x08,0x00,0x00,0x00,0x00,0x00,0x00,0x00,0x00,
    0x00,0x00,0x00,0x00,0x13,0x73,0xe4,0xff,0xff,0xff,0xff,0xff,0xff,0xbb,0x00,0x00,
    0x00,0x00,0x00,0x00,0x00,0x00,0x30,0xf7,0xff,0xff,0xff,0xff,0xff,0xff,0xff,0xf3,
    0xab,0x6d,0x3b,0x18,0x03,0x00,0x00,0x06,0x1e,0x44,0x79,0xbc,0xfb,0xff,0xff,0xff,
    0xff,0xff,0xff,0xff,0xe7,0x18,0x00,0x00,0x00,0x00,0x00,0x00,0x00,0x00,0x00,0x4f,
    0xf9,0xff,0xff,0xff,0xff,0xff,0xff,0xff,0xff,0xff,0xff,0xff,0xff,0xf8,0xfa,0xff,
    0xff,0xff,0xff,0xff,0xff,0xff,0xff,0xff,0xff,0xff,0xff,0xee,0x33,0x00,0x00,0x00,
    0x00,0x00,0x00,0x00,0x00,0x00,0x00,0x00,0x4c,0xf9,0xff,0xff,0xff,0xff,0xff,0xff,
    0xff,0xff,0xff,0xff,0xff,0xff,0xff,0xff,0xff,0xff,0xff,0xff,0xff,0xff,0xff,0xff,
    0xff,0xff,0xeb,0x30,0x00,0x00,0x00,0x00,0x00,0x00,0x00,0x00,0x00,0x00,0x00,0x00,
    0x00,0x43,0xec,0xff,0xff,0xff,0xff,0xff,0xff,0xff,0xff,0xff,0xff,0xff,0xff,0xff,
    0xff,0xff,0xff,0xff,0xff,0xff,0xff,0xff,0xff,0xda,0x2a,0x00,0x00,0x00,0x00,0x00,
    0x00,0x00,0x00,0x00,0x00,0x00,0x00,0x00,0x00,0x00,0x1e,0xca,0xff,0xff,0xff,0xff,
    0xff,0xff,0xff,0xff,0xff,0xff,0xff,0xff,0xff,0xff,0xff,0xff,0xff,0xff,0xff,0xff,
    0xae,0x0e,0x00,0x00,0x00,0x00,0x00,0x00,0x00,0x00,0x00,0x00,0x00,0x00,0x00,0x00,
    0x00,0x00,0x00,0x04,0x71,0xf2,0xff,0xff,0xff,0xff,0xff,0xff,0xff,0xff,0xff,0xff,
    0xff,0xff,0xff,0xff,0xff,0xff,0xe4,0x57,0x00,0x00,0x00,0x00,0x00,0x00,0x00,0x00,
    0x00,0x00,0x00,0x00,0x00,0x00,0x00,0x00,0x00,0x00,0x00,0x00,0x00,0x17,0x83,0xeb,
    0xff,0xff,0xff,0xff,0xff,0xff,0xff,0xff,0xff,0xff,0xff,0xff,0xdc,0x6e,0x0b,0x00,
    0x00,0x00,0x00,0x00,0x00,0x00,0x00,0x00,0x00,0x00,0x00,0x00,0x00,0x00,0x00,0x00,
    0x00,0x00,0x00,0x00,0x00,0x00,0x00,0x05,0x44,0x8c,0xbd,0xdd,0xec,0xfa,0xf7,0xe9,
    0xd9,0xb3,0x80,0x36,0x01,0x00,0x00,0x00,0x00,0x00,0x00,0x00,0x00,0x00,0x00,0x00,
    0x00,0x00,0x7b,0xb3,0xb3,0xb3,0xb3,0xb3,0xb3,0xb3,0xb3,0xb3,0xb3,0xb3,0xb3,0xb3,
    0xb3,0xb3,0xb3,0xb3,0xb3,0xb3,0x55,0xfd,0xff,0xff,0xff,0xff,0xff,0xff,0xff,0xff,
    0xff,0xff,0xff,0xff,0xff,0xff,0xff,0xff,0xff,0xff,0xff,0xc9,0xff,0xff,0xff,0xff,
    0xff,0xff,0xff,0xff,0xff,0xff,0xff,0xff,0xff,0xff,0xff,0xff,0xff,0xff,0xff,0xff,
    0xcb,0xff,0xff,0xff,0xff,0xff,0xff,0xff,0xff,0xff,0xff,0xff,0xff,0xff,0xff,0xff,
    0xff,0xff,0xff,0xff,0xff,0xcb,0xff,0xff,0xff,0xff,0xff,0xff,0xff,0xff,0xff,0xff,
    0xff,0xff,0xff,0xff,0xff,0xff,0xff,0xff,0xff,0xff,0xcb,0xff,0xff,0xff,0xff,0xff,
    0xff,0xff,0xff,0xff,0xff,0xff,0xff,0xff,0xff,0xff,0xff,0xff,0xff,0xff,0xff,0xcb,
    0xff,0xff,0xff,0xff,0xff,0xff,0xff,0xff,0xff,0xff,0xff,0xff,0xff,0xff,0xff,0xff,
    0xff,0xff,0xff,0xff,0xcb,0xff,0xff,0xff,0xff,0xff,0xff,0xff,0xff,0xff,0xff,0xff,
    0xff,0xff,0xff,0xff,0xff,0xff,0xff,0xff,0xff,0xcb,0xc6,0xff,0xff,0xff,0xff,0xff,
    0xff,0xff,0xff,0xff,0xff,0xff,0xff,0xff,0xff,0xff,0xff,0xff,0xff,0xff,0x91,0xa6,
    0xb3,0xb3,0xb3,0xb3,0xb3,0xb3,0xb3,0xb3,0xb3,0xb3,0xb3,0xb3,0xb3,0xb3,0xb3,0xb3,
    0xb3,0xb3,0xb3,0x81,0xff,0xff,0xff,0xff,0xff,0xff,0xff,0xff,0xff,0xff,0xff,0xff,
    0xff,0xff,0xff,0xff,0xff,0xff,0xff,0xff,0xcb,0xff,0xff,0xff,0xff,0xff,0xff,0xff,
    0xff,0xff,0xff,0xff,0xff,0xff,0xff,0xff,0xff,0xff,0xff,0xff,0xff,0xcb,0xff,0xff,
    0xff,0xff,0xff,0xff,0xff,0xff,0xff,0xff,0xff,0xff,0xff,0xff,0xff,0xff,0xff,0xff,
    0xff,0xff,0xcb,0xff,0xff,0xff,0xff,0xff,0xff,0xff,0xff,0xff,0xff,0xff,0xff,0xff,
    0xff,0xff,0xff,0xff,0xff,0xff,0xff,0xcb,0xff,0xff,0xff,0xff,0xff,0xff,0xff,0xff,
    0xff,0xff,0xff,0xff,0xff,0xff,0xff,0xff,0xff,0xff,0xff,0xff,0xcb,0xff,0xff,0xff,
    0xff,0xff,0xff,0xff,0xff,0xff,0xff,0xff,0xff,0xff,0xff,0xff,0xff,0xff,0xff,0xff,
    0xff,0xcb,0xff,0xff,0xff,0xff,0xff,0xff,0xff,0xff,0xff,0xff,0xff,0xff,0xff,0xff,
    0xff,0xff,0xff,0xff,0xff,0xff,0xcb,0xf3,0xff,0xff,0xff,0xff,0xff,0xff,0xff,0xff,
    0xff,0xff,0xff,0xff,0xff,0xff,0xff,0xff,0xff,0xff,0xff,0xbe,0x00,0x10,0x6c,0x04,
    0x00,0x00,0x00,0x00,0x00,0x00,0x00,0x00,0x00,0x00,0x00,0x00,0x00,0x55,0xff,0x8b,
    0x00,0x00,0x00,0x00,0x00,0x00,0x00,0x00,0x00,0x00,0x00,0x00,0x00,0x08,0xd2,0xff,
    0x4e,0x00,0x00,0x00,0x00,0x00,0x00,0x00,0x00,0x00,0x00,0x00,0x00,0x00,0x2a,0xf5,
    0xee,0x20,0x00,0x00,0x00,0x00,0x00,0x00,0x00,0x00,0x00,0x00,0x00,0x00,0x00,0x65,
    0xff,0xca,0x06,0x00,0x00,0x00,0x00,0x00,0x00,0x00,0x00,0x00,0x00,0x00,0x00,0x00,
    0xaa,0xff,0x92,0x00,0x00,0x00,0x00,0x00,0x00,0x00,0x00,0x00,0x00,0x00,0x00,0x00,
    0x0f,0xdf,0xff,0x55,0x00,0x00,0x00,0x00,0x00,0x00,0x00,0x00,0x00,0x00,0x00,0x00,
    0x00,0x39,0xfb,0xf1,0x25,0x00,0x00,0x00,0x00,0x00,0x00,0x00,0x00,0x00,0x00,0x00,
    0x00,0x00,0x80,0xff,0xd0,0x08,0x00,0x00,0x00,0x00,0x00,0x00,0x00,0x00,0x00,0x00,
    0x00,0x00,0x39,0xff,0xff,0x99,0x00,0x00,0x00,0x00,0x00,0x00,0x00,0x00,0x00,0x00,
    0x00,0x00,0x92,0xff,0xff,0xff,0x5c,0x00,0x00,0x00,0x00,0x00,0x00,0x00,0x00,0x00,
    0x00,0x3a,0xfd,0xff,0xff,0xff,0xf4,0x29,0x00,0x00,0x00,0x00,0x00,0x00,0x00,0x00,
    0x08,0xd8,0xff,0xff,0xff,0xff,0xff,0xd5,0x0a,0x00,0x00,0x00,0x00,0x00,0x00,0x00,
    0x88,0xff,0xff,0xff,0xff,0xff,0xff,0xff,0xa1,0x00,0x00,0x00,0x00,0x00,0x00,0x33,
    0xfc,0xff,0xff,0xff,0xff,0xff,0xff,0xff,0xff,0x59,0x00,0x00,0x00,0x00,0x05,0xd1,
    0xff,0xff,0xff,0xff,0xff,0xff,0xff,0xff,0xff,0x9b,0x00,0x00,0x00,0x00,0x7f,0xff,
    0xff,0xff,0xff,0xff,0xff,0xff,0xff,0xff,0xfe,0x3c,0x00,0x00,0x00,0x2d,0xfa,0xff,
    0xff,0xff,0xff,0xff,0xff,0xff,0xff,0xff,0x90,0x00,0x00,0x00,0x03,0xcb,0xff,0xff,
    0xff,0xff,0xff,0xff,0xff,0xff,0xff,0xdd,0x0a,0x00,0x00,0x00,0x76,0xff,0xff,0xff,
    0xff,0xff,0xff,0xff,0xff,0xff,0xfe,0x40,0x00,0x00,0x00,0x00,0xe6,0xff,0xff,0xff,
    0xff,0xff,0xff,0xff,0xff,0xff,0x93,0x00,0x00,0x00,0x00,0x00,0xc3,0xff,0xff,0xff,
    0xff,0xff,0xff,0xff,0xff,0xdf,0x0b,0x00,0x00,0x00,0x00,0x00,0x1f,0xeb,0xff,0xff,
    0xff,0xff,0xff,0xff,0xfe,0x42,0x00,0x00,0x00,0x00,0x00,0x00,0x00,0x41,0xfb,0xff,
    0xff,0xff,0xff,0xff,0x97,0x00,0x00,0x00,0x00,0x00,0x00,0x00,0x00,0x00,0x6d,0xff,
    0xff,0xff,0xff,0xe1,0x0d,0x00,0x00,0x00,0x00,0x00,0x00,0x00,0x00,0x00,0x00,0x9e,
    0xff,0xff,0xff,0x45,0x00,0x00,0x00,0x00,0x00,0x00,0x00,0x00,0x00,0x00,0x00,0x07,
    0xc8,0xff,0xe9,0x00,0x00,0x00,0x00,0x00,0x00,0x00,0x00,0x00,0x00,0x00,0x00,0x00,
    0x1a,0xe6,0xff,0x72,0x00,0x00,0x00,0x00,0x00,0x00,0x00,0x00,0x00,0x00,0x00,0x00,
    0x00,0x39,0xf9,0xfc,0x44,0x00,0x00,0x00,0x00,0x00,0x00,0x00,0x00,0x00,0x00,0x00,
    0x00,0x00,0x63,0xff,0xed,0x22,0x00,0x00,0x00,0x00,0x00,0x00,0x00,0x00,0x00,0x28,
    0x6a,0x9e,0xa2,0xe8,0xff,0xd3,0x0c,0x00,0x00,0x00,0x00,0x00,0x00,0x04,0x7f,0xfb,
    0xff,0xff,0xff,0xff,0xff,0xff,0xae,0x01,0x00,0x00,0x00,0x00,0x00,0x9a,0xff,0xff,
    0xff,0xff,0xff,0xff,0xff,0xff,0xff,0x7e,0x00,0x00,0x00,0x00,0x41,0xfe,0xff,0xff,
    0xff,0xff,0xff,0xff,0xff,0xff,0xff,0xfe,0x4f,0x00,0x00,0x00,0xa8,0xff,0xff,0xff,
    0xff,0xff,0xff,0xff,0xff,0xff,0xff,0xff,0xf2,0x2a,0x00,0x00,0xda,0xff,0xff,0xff,
    0xff,0xff,0xff,0xff,0xff,0xff,0xff,0xff,0xff,0xda,0x10,0x00,0xf6,0xff,0xff,0xff,
    0xff,0xff,0xf8,0x77,0x22,0x0f,0x48,0xc6,0xff,0xff,0xb7,0x00,0xd3,0xff,0xff,0xff,
    0xff,0xff,0x53,0x00,0x00,0x00,0x00,0x02,0x6c,0xf3,0xf5,0x01,0x6a,0xff,0xff,0xff,
    0xff,0xce,0x00,0x00,0x00,0x00,0x00,0x00,0x00,0x1a,0x27,0x00,0x03,0xc6,0xff,0xff,
    0xff,0x9d,0x00,0x00,0x00,0x00,0x00,0x00,0x00,0x00,0x00,0x00,0x00,0x21,0xf0,0xff,
    0xff,0xad,0x00,0x00,0x00,0x00,0x00,0x00,0x00,0x00,0x00,0x00,0x00,0x00,0x52,0xff,
    0xff,0xe4,0x03,0x00,0x00,0x00,0x00,0x00,0x00,0x00,0x00,0x00,0x00,0x00,0x00,0x8f,
    0xff,0xff,0x67,0x00,0x00,0x00,0x00,0x00,0x00,0x00,0x00,0x00,0x00,0x00,0x00,0x05,
    0xc6,0xff,0xe9,0x0d,0x00,0x00,0x00,0x00,0x00,0x00,0x00,0x00,0x00,0x00,0x00,0x00,
    0x1c,0xea,0xff,0x83,0x00,0x00,0x00,0x00,0x00,0x00,0x00,0x00,0x00,0x00,0x00,0x00,
    0x00,0x43,0xfc,0xf6,0x1c,0x00,0x00,0x00,0x00,0x00,0x00,0x00,0x00,0x00,0x00,0x00,
    0x00,0x00,0x77,0xff,0x57,0x00,0x00,0x00,0x00,0x00,0x00,0x00,0x00,0x00,0x00,0x00,
    0x00,0x00,0x00,0x2d,0x01,0x00,0x00,0x00,0x00,0x00,0x00,0x00,0x00,0x00,0x00,0x00,
    0x00,0x00,0x00,0x00,0x00,0x00,0x00,0x00,0x00,0x00,0x00,0x00,0x01,0x00,0x00,0x00,
    0x17,0x5f,0x8a,0x67,0x22,0x00,0x00,0x00,0x00,0x00,0x00,0x00,0x00,0x17,0xe6,0x7b,
    0x00,0x56,0xee,0xff,0xff,0xff,0xf8,0x72,0x00,0x00,0x00,0x00,0x00,0x00,0x00,0xa3,
    0xff,0x77,0x31,0xfa,0xff,0xff,0xff,0xff,0xff,0xff,0x50,0x00,0x00,0x00,0x00,0x00,
    0x49,0xff,0xff,0x26,0xb2,0xff,0xff,0xff,0xff,0xff,0xff,0xff,0xd5,0x00,0x00,0x00,
    0x00,0x1b,0xe8,0xff,0xd4,0x00,0xe8,0xff,0xff,0xff,0xff,0xff,0xff,0xff,0xfe,0x0d,
    0x00,0x00,0x07,0xc8,0xff,0xff,0x83,0x00,0xef,0xff,0xff,0xff,0xff,0xff,0xff,0xff,
    0xfe,0x0b,0x00,0x0b,0xb9,0xff,0xff,0xff,0x32,0x00,0xb5,0xff,0xff,0xff,0xff,0xff,
    0xff,0xff,0xd3,0x00,0x17,0xc7,0xff,0xb8,0xf4,0xe0,0x00,0x00,0x30,0xf1,0xff,0xff,
    0xff,0xff,0xff,0xff,0x6f,0x7a,0xf0,0xff,0xa7,0x49,0xff,0x8f,0x00,0x00,0x00,0x3c,
    0xec,0xff,0xff,0xff,0xff,0xff,0xff,0xff,0xf1,0x62,0x00,0x95,0xff,0x3d,0x00,0x00,
    0x00,0x00,0x0a,0x6b,0xbf,0xe1,0xf7,0xdd,0xbb,0x68,0x0e,0x00,0x01,0xe5,0xea,0x02,
    0x00,0x00,0x00,0x00,0x00,0x00,0x00,0x00,0x00,0x00,0x00,0x00,0x00,0x00,0x39,0xff,
    0x9b,0x00,0x00,0x00,0x00,0x00,0x00,0x00,0x00,0x00,0x00,0x00,0x00,0x00,0x00,0x00,
    0x8b,0xff,0x49,0x00,0x00,0x00,0x00,0x00,0x00,0x00,0x00,0x00,0x00,0x00,0x00,0x00,
    0x00,0x00,0xdd,0xf2,0x06,0x00,0x00,0x00,0x00,0x00,0x00,0x00,0x00,0x00,0x00,0x00,
    0x00,0x00,0x00,0x2f,0xff,0xa7,0x00,0x00,0x00,0x00,0x00,0x00,0x00,0x00,0x00,0x00,
    0x00,0x00,0x00,0x00,0x00,0x81,0xff,0x55,0x00,0x00,0x00,0x00,0x00,0x00,0x00,0x00,
    0x00,0x00,0x00,0x00,0x00,0x00,0x00,0xd3,0xf8,0x0c,0x00,0x00,0x00,0x00,0x00,0x00,
    0x00,0x00,0x00,0x00,0x00,0x00,0x00,0x00,0x25,0xff,0xb3,0x00,0x00,0x00,0x00,0x00,
    0x00,0x00,0x00,0x00,0x00,0x00,0x00,0x00,0x00,0x00,0x77,0xff,0x61,0x00,0x00,0x00,
    0x00,0x00,0x00,0x00,0x00,0x00,0x00,0x00,0x00,0x00,0x00,0x00,0xc9,0xfc,0x14,0x00,
    0x00,0x00,0x00,0x00,0x00,0x00,0x00,0x00,0x00,0x00,0x00,0x00,0x00,0x1c,0xfe,0xbe,
    0x00,0x00,0x00,0x00,0x00,0x00,0x00,0x00,0x00,0x00,0x00,0x00,0x00,0x00,0x00,0x6d,
    0xff,0x6d,0x00,0x00,0x00,0x00,0x00,0x00,0x00,0x00,0x00,0x00,0x00,0x00,0x00,0x00,
    0x00,0xbf,0xff,0x1d,0x00,0x00,0x00,0x00,0x00,0x00,0x00,0x00,0x00,0x00,0x00,0x00,
    0x00,0x00,0x14,0xfc,0xca,0x00,0x00,0x00,0x00,0x00,0x00,0x00,0x00,0x00,0x00,0x00,
    0x00,0x00,0x00,0x00,0x63,0xff,0x79,0x00,0x00,0x00,0x00,0x00,0x00,0x00,0x00,0x00,
    0x00,0x00,0x00,0x00,0x00,0x00,0xb5,0xff,0x28,0x00,0x00,0x00,0x00,0x00,0x00,0x00,
    0x00,0x00,0x00,0x00,0x00,0x00,0x00,0x0e,0xf9,0xd7,0x00,0x00,0x00,0x00,0x00,0x00,
    0x00,0x00,0x00,0x00,0x00,0x00,0x00,0x00,0x00,0x59,0xff,0x85,0x00,0x00,0x00,0x00,
    0x00,0x00,0x00,0x00,0x00,0x00,0x00,0x00,0x00,0x00,0x00,0xab,0xff,0x34,0x00,0x00,
    0x00,0x00,0x00,0x00,0x00,0x00,0x00,0x00,0x00,0x00,0x00,0x00,0x03,0xeb,0xe2,0x00,
    0x00,0x00,0x00,0x00,0x00,0x00,0x00,0x00,0x00,0x00,0x00,0x00,0x00,0x00,0x00,0x09,
    0x2a,0x00,0x00,0x00,0x00,0x00,0x00,0x00,0x00,0x00,0x00,0x00,0x00,0x00,0x00,0x00,
    0x00,0x24,0x65,0x70,0x3d,0x01,0x00,0x00,0x00,0x00,0x00,0x00,0x00,0x00,0x8e,0xc6,
    0x00,0x00,0x00,0x00,0x00,0x04,0x87,0xfe,0xff,0xff,0xff,0xc2,0x23,0x00,0x00,0x00,
    0x00,0x00,0x00,0x46,0xff,0xd7,0x00,0x00,0x00,0x00,0x00,0x7f,0xff,0xff,0xff,0xff,
    0xff,0xff,0xd6,0x0a,0x00,0x00,0x00,0x00,0x04,0xd5,0xff,0x8f,0x00,0x00,0x00,0x00,
    0x14,0xf8,0xff,0xff,0xff,0xff,0xff,0xff,0xff,0x6e,0x00,0x00,0x00,0x00,0x8f,0xff,
    0xff,0x47,0x00,0x00,0x00,0x00,0x46,0xff,0xff,0xff,0xff,0xff,0xff,0xff,0xff,0xa8,
    0x00,0x00,0x00,0x57,0xff,0xff,0xf7,0x09,0x00,0x00,0x00,0x00,0x5a,0xff,0xff,0xff,
    0xff,0xff,0xff,0xff,0xff,0xa6,0x00,0x00,0x54,0xf6,0xfc,0xff,0xb7,0x00,0x00,0x00,
    0x00,0x00,0x27,0xff,0xff,0xff,0xff,0xff,0xff,0xff,0xff,0x73,0x02,0x79,0xfe,0xf3,
    0x98,0xff,0x6e,0x00,0x00,0x00,0x00,0x00,0x00,0xa4,0xff,0xff,0xff,0xff,0xff,0xff,
    0xed,0x76,0xdc,0xff,0xec,0x40,0xac,0xff,0x26,0x00,0x00,0x00,0x00,0x00,0x00,0x04,
    0xa3,0xff,0xff,0xff,0xff,0xff,0xff,0xff,0xff,0xbb,0x1c,0x04,0xf0,0xdf,0x00,0x00,
    0x00,0x00,0x00,0x00,0x00,0x00,0x00,0x37,0x99,0xd2,0xed,0xf2,0xcb,0x98,0x32,0x00,
    0x00,0x3d,0xff,0x96,0x00,0x00,0x00,0x00,0x00,0x00,0x00,0x00,0x00,0x00,0x00,0x00,
    0x00,0x00,0x00,0x00,0x00,0x00,0x00,0x86,0xff,0x4e,0x00,0x00,0x00,0x00,0x00,0x00,
    0x00,0x00,0x00,0x00,0x00,0x00,0x00,0x00,0x00,0x00,0x00,0x00,0x00,0xcf,0xfa,0x0d,
    0x00,0x00,0x00,0x00,0x00,0x00,0x00,0x00,0x00,0x00,0x00,0x00,0x00,0x00,0x00,0x00,
    0x00,0x00,0x18,0xfe,0xbe,0x00,0x00,0x00,0x00,0x00,0x00,0x00,0x00,0x00,0x00,0x00,
    0x00,0x00,0x00,0x00,0x00,0x00,0x00,0x00,0x60,0xff,0x76,0x00,0x00,0x00,0x00,0x00,
    0x00,0x00,0x00,0x00,0x00,0x00,0x00,0x00,0x00,0x00,0x00,0x00,0x00,0x00,0xa8,0xff,
    0x2e,0x00,0x00,0x00,0x00,0x00,0x00,0x00,0x00,0x00,0x00,0x00,0x00,0x00,0x00,0x00,
    0x00,0x00,0x00,0x03,0xed,0xe6,0x00,0x00,0x00,0x00,0x00,0x00,0x0b,0x46,0x72,0x50,
    0x15,0x00,0x00,0x00,0x00,0x00,0x00,0x00,0x00,0x52,0xff,0x9e,0x00,0x00,0x00,0x00,
    0x00,0x37,0xdf,0xff,0xff,0xff,0xf2,0x6b,0x00,0x00,0x00,0x00,0x00,0x00,0x00,0xca,
    0xff,0x56,0x00,0x00,0x00,0x00,0x17,0xef,0xff,0xff,0xff,0xff,0xff,0xff,0x58,0x00,
    0x00,0x00,0x00,0x00,0x50,0xff,0xfc,0x11,0x00,0x00,0x00,0x00,0x92,0xff,0xff,0xff,
    0xff,0xff,0xff,0xff,0xe3,0x00,0x00,0x00,0x00,0x21,0xee,0xff,0xc5,0x00,0x00,0x00,
    0x00,0x00,0xcc,0xff,0xff,0xff,0xff,0xff,0xff,0xff,0xff,0x1b,0x00,0x00,0x09,0xcd,
    0xff,0xff,0x7d,0x00,0x00,0x00,0x00,0x00,0xe2,0xff,0xff,0xff,0xff,0xff,0xff,0xff,
    0xff,0x1a,0x00,0x14,0xc6,0xff,0xfb,0xff,0x35,0x00,0x00,0x00,0x00,0x00,0xb3,0xff,
    0xff,0xff,0xff,0xff,0xff,0xff,0xe5,0x00,0x27,0xdc,0xff,0x9b,0xee,0xec,0x02,0x00,
    0x00,0x00,0x00,0x00,0x3c,0xfe,0xff,0xff,0xff,0xff,0xff,0xff,0x87,0x86,0xf7,0xff,
    0x9d,0x3b,0xff,0xa5,0x00,0x00,0x00,0x00,0x00,0x00,0x00,0x61,0xf8,0xff,0xff,0xff,
    0xff,0xff,0xff,0xff,0xed,0x5d,0x00,0x80,0xff,0x5d,0x00,0x00,0x00,0x00,0x00,0x00,
    0x00,0x00,0x1c,0x7f,0xc7,0xeb,0xf9,0xdd,0xb4,0x64,0x09,0x00,0x00,0xc8,0xfe,0x17,
    0x00,0x00,0x00,0x00,0x00,0x00,0x00,0x00,0x00,0x00,0x00,0x00,0x00,0x00,0x00,0x00,
    0x00,0x00,0x13,0xfd,0xcd,0x00,0x00,0x00,0x00,0x00,0x00,0x00,0x00,0x00,0x00,0x00,
    0x00,0x00,0x00,0x00,0x00,0x00,0x00,0x00,0x58,0xff,0x85,0x00,0x00,0x00,0x00,0x00,
    0x00,0x00,0x00,0x00,0x00,0x00,0x00,0x00,0x00,0x00,0x00,0x00,0x00,0x00,0xa0,0xff,
    0x3d,0x00,0x00,0x00,0x00,0x00,0x00,0x00,0x00,0x00,0x00,0x00,0x00,0x00,0x00,0x00,
    0x00,0x00,0x00,0x01,0xe7,0xf1,0x04,0x00,0x00,0x00,0x00,0x00,0x00,0x00,0x00,0x00,
    0x00,0x00,0x00,0x00,0x00,0x00,0x00,0x00,0x00,0x30,0xff,0xac,0x00,0x00,0x00,0x00,
    0x00,0x00,0x00,0x00,0x00,0x00,0x00,0x00,0x00,0x00,0x00,0x00,0x00,0x00,0x00,0x78,
    0xff,0x64,0x00,0x00,0x00,0x00,0x00,0x00,0x00,0x00,0x00,0x00,0x00,0x00,0x00,0x00,
    0x00,0x00,0x00,0x00,0x00,0xc0,0xff,0x1d,0x00,0x00,0x00,0x00,0x00,0x00,0x00,0x00,
    0x00,0x00,0x00,0x00,0x00,0x00,0x00,0x00,0x00,0x00,0x0d,0xfa,0xd4,0x00,0x00,0x00,
    0x00,0x00,0x00,0x00,0x00,0x00,0x00,0x00,0x00,0x00,0x00,0x00,0x00,0x00,0x00,0x00,
    0x50,0xff,0x8c,0x00,0x00,0x00,0x00,0x00,0x00,0x00,0x00,0x00,0x00,0x00,0x00,0x00,
    0x00,0x00,0x00,0x00,0x00,0x00,0x98,0xff,0x44,0x00,0x00,0x00,0x00,0x00,0x00,0x00,
    0x00,0x00,0x00,0x00,0x00,0x00,0x00,0x00,0x00,0x00,0x00,0x00,0xe0,0xf5,0x07,0x00,
    0x00,0x00,0x00,0x00,0x00,0x00,0x00,0x00,0x00,0x00,0x00,0x00,0x00,0x00,0x00,0x00,
    0x00,0x28,0xff,0xb4,0x00,0x00,0x00,0x00,0x00,0x00,0x00,0x00,0x00,0x00,0x00,0x00,
    0x00,0x00,0x00,0x00,0x00,0x00,0x00,0x70,0xff,0x6c,0x00,0x00,0x00,0x00,0x00,0x00,
    0x00,0x00,0x00,0x00,0x00,0x00,0x00,0x00,0x00,0x00,0x00,0x00,0x00,0xb8,0xff,0x24,
    0x00,0x00,0x00,0x00,0x00,0x00,0x00,0x00,0x00,0x00,0x00,0x00,0x00,0x00,0x00,0x00,
    0x00,0x00,0x09,0xf7,0xdd,0x00,0x00,0x00,0x00,0x00,0x00,0x00,0x00,0x00,0x00,0x00,
    0x00,0x00,0x00,0x00,0x00,0x00,0x00,0x00,0x48,0xff,0x94,0x00,0x00,0x00,0x00,0x00,
    0x00,0x00,0x00,0x00,0x00,0x00,0x00,0x00,0x00,0x00,0x00,0x00,0x00,0x00,0x90,0xff,
    0x4b,0x00,0x00,0x00,0x00,0x00,0x00,0x00,0x00,0x00,0x00,0x00,0x00,0x00,0x00,0x00,
    0x00,0x00,0x00,0x00,0xd8,0xf9,0x0b,0x00,0x00,0x00,0x00,0x00,0x00,0x00,0x00,0x00,
    0x00,0x00,0x00,0x00,0x00,0x00,0x00,0x00,0x00,0x20,0xff,0xbb,0x00,0x00,0x00,0x00,
    0x00,0x00,0x00,0x00,0x00,0x00,0x00,0x00,0x00,0x00,0x00,0x00,0x00,0x00,0x00,0x02,
    0x33,0x36,0x00,0x00,0x00,0x00,0x00,0x00,0x00,0x00,0x00,0x00,0x00,0x00,0x00,0x00,
    0x00,0x00,0x00,0x00,0x00,0x00,0x00,0x00,0x0c,0x43,0x6b,0x48,0x0f,0x00,0x00,0x00,
    0x00,0x00,0x00,0x00,0x00,0x74,0xa5,0x00,0x00,0x00,0x00,0x00,0x00,0x00,0x00,0x00,
    0x4b,0xe5,0xff,0xff,0xff,0xeb,0x56,0x00,0x00,0x00,0x00,0x00,0x00,0x29,0xfc,0xe3,
    0x00,0x00,0x00,0x00,0x00,0x00,0x00,0x00,0x30,0xfa,0xff,0xff,0xff,0xff,0xff,0xfc,
    0x39,0x00,0x00,0x00,0x00,0x00,0xb5,0xff,0xa4,0x00,0x00,0x00,0x00,0x00,0x00,0x00,
    0x00,0xbb,0xff,0xff,0xff,0xff,0xff,0xff,0xff,0xb9,0x00,0x00,0x00,0x00,0x67,0xff,
    0xff,0x66,0x00,0x00,0x00,0x00,0x00,0x00,0x00,0x01,0xf2,0xff,0xff,0xff,0xff,0xff,
    0xff,0xff,0xee,0x00,0x00,0x00,0x37,0xf9,0xff,0xff,0x28,0x00,0x00,0x00,0x00,0x00,
    0x00,0x00,0x09,0xff,0xff,0xff,0xff,0xff,0xff,0xff,0xff,0xf1,0x00,0x00,0x35,0xe9,
    0xf0,0xf8,0xe9,0x00,0x00,0x00,0x00,0x00,0x00,0x00,0x00,0x00,0xdc,0xff,0xff,0xff,
    0xff,0xff,0xff,0xff,0xc5,0x00,0x4d,0xf5,0xfb,0x5f,0xff,0xab,0x00,0x00,0x00,0x00,
    0x00,0x00,0x00,0x00,0x00,0x5c,0xff,0xff,0xff,0xff,0xff,0xff,0xff,0x8d,0xba,0xff,
    0xf1,0x4e,0x57,0xff,0x6d,0x00,0x00,0x00,0x00,0x00,0x00,0x00,0x00,0x00,0x00,0x73,
    0xfb,0xff,0xff,0xff,0xff,0xff,0xff,0xff,0xc0,0x26,0x00,0x94,0xff,0x2f,0x00,0x00,
    0x00,0x00,0x00,0x00,0x00,0x00,0x00,0x00,0x00,0x1e,0x8b,0xc7,0xf1,0xf1,0xc6,0x95,
    0x38,0x00,0x00,0x00,0xd0,0xef,0x02,0x00,0x00,0x00,0x00,0x00,0x00,0x00,0x00,0x00,
    0x00,0x00,0x00,0x00,0x00,0x00,0x00,0x00,0x00,0x00,0x00,0x00,0x0f,0xfd,0xb3,0x00,
    0x00,0x00,0x00,0x00,0x00,0x00,0x00,0x00,0x00,0x00,0x00,0x00,0x00,0x00,0x00,0x00,
    0x00,0x00,0x00,0x00,0x00,0x4a,0xff,0x75,0x00,0x00,0x00,0x00,0x00,0x00,0x00,0x00,
    0x00,0x00,0x00,0x00,0x00,0x00,0x00,0x00,0x00,0x00,0x00,0x00,0x00,0x00,0x87,0xff,
    0x37,0x00,0x00,0x00,0x00,0x00,0x00,0x00,0x00,0x00,0x00,0x00,0x00,0x00,0x00,0x00,
    0x00,0x00,0x00,0x00,0x00,0x00,0x00,0xc3,0xf4,0x04,0x00,0x00,0x00,0x00,0x00,0x00,
    0x00,0x00,0x00,0x00,0x00,0x00,0x00,0x00,0x00,0x00,0x00,0x00,0x00,0x00,0x00,0x07,
    0xf8,0xba,0x00,0x00,0x00,0x00,0x00,0x00,0x00,0x00,0x00,0x00,0x00,0x00,0x00,0x00,
    0x00,0x00,0x00,0x00,0x00,0x00,0x00,0x00,0x3d,0xff,0x7c,0x00,0x00,0x00,0x00,0x00,
    0x00,0x00,0x00,0x00,0x00,0x00,0x00,0x00,0x00,0x00,0x00,0x00,0x00,0x00,0x00,0x00,
    0x00,0x95,0xff,0x3e,0x00,0x00,0x00,0x00,0x00,0x00,0x00,0x00,0x00,0x36,0x80,0xa2,
    0x7a,0x29,0x00,0x00,0x00,0x00,0x00,0x00,0x00,0x14,0xf5,0xf8,0x08,0x00,0x00,0x00,
    0x00,0x00,0x00,0x00,0x00,0x85,0xfd,0xff,0xff,0xff,0xfa,0x78,0x00,0x00,0x00,0x00,
    0x00,0x00,0x81,0xff,0xc2,0x00,0x00,0x00,0x00,0x00,0x00,0x00,0x00,0x54,0xff,0xff,
    0xff,0xff,0xff,0xff,0xff,0x4b,0x00,0x00,0x00,0x00,0x22,0xf6,0xff,0x84,0x00,0x00,
    0x00,0x00,0x00,0x00,0x00,0x00,0xd1,0xff,0xff,0xff,0xff,0xff,0xff,0xff,0xb8,0x00,
    0x00,0x00,0x00,0xbb,0xff,0xff,0x45,0x00,0x00,0x00,0x00,0x00,0x00,0x00,0x07,0xfb,
    0xff,0xff,0xff,0xff,0xff,0xff,0xff,0xeb,0x00,0x00,0x00,0x6e,0xff,0xff,0xfb,0x0c,
    0x00,0x00,0x00,0x00,0x00,0x00,0x00,0x07,0xf8,0xff,0xff,0xff,0xff,0xff,0xff,0xff,
    0xe5,0x00,0x00,0x5e,0xfe,0xf4,0xfc,0xc9,0x00,0x00,0x00,0x00,0x00,0x00,0x00,0x00,
    0x00,0xc3,0xff,0xff,0xff,0xff,0xff,0xff,0xff,0xb8,0x00,0x5e,0xfc,0xfd,0x7d,0xff,
    0x8b,0x00,0x00,0x00,0x00,0x00,0x00,0x00,0x00,0x00,0x4e,0xfd,0xff,0xff,0xff,0xff,
    0xff,0xff,0x7b,0xaf,0xff,0xfc,0x5e,0x63,0xff,0x4d,0x00,0x00,0x00,0x00,0x00,0x00,
    0x00,0x00,0x00,0x00,0x6e,0xfa,0xff,0xff,0xff,0xff,0xff,0xff,0xff,0xd3,0x3a,0x00,
    0xa1,0xfe,0x11,0x00,0x00,0x00,0x00,0x00,0x00,0x00,0x00,0x00,0x00,0x00,0x22,0x9a,
    0xd1,0xf6,0xed,0xd4,0x99,0x4a,0x01,0x00,0x00,0xdf,0xd1,0x00,0x00,0x00,0x00,0x00,
    0x00,0x00,0x00,0x00,0x00,0x00,0x00,0x00,0x00,0x00,0x00,0x00,0x00,0x00,0x00,0x00,
    0x00,0x1d,0xff,0x93,0x00,0x00,0x00,0x00,0x00,0x00,0x00,0x00,0x00,0x00,0x00,0x00,
    0x00,0x00,0x00,0x00,0x00,0x00,0x00,0x00,0x00,0x00,0x5b,0xff,0x54,0x00,0x00,0x00,
    0x00,0x00,0x00,0x00,0x00,0x00,0x00,0x00,0x00,0x00,0x00,0x00,0x00,0x00,0x00,0x00,
    0x00,0x00,0x00,0x99,0xff,0x17,0x00,0x00,0x00,0x00,0x00,0x00,0x00,0x00,0x00,0x00,
    0x00,0x00,0x00,0x00,0x00,0x00,0x00,0x00,0x00,0x00,0x00,0x00,0xd7,0xd8,0x00,0x00,
    0x00,0x00,0x00,0x00,0x00,0x00,0x00,0x00,0x00,0x00,0x00,0x00,0x00,0x00,0x00,0x00,
    0x00,0x00,0x00,0x00,0x16,0xff,0x9a,0x00,0x00,0x00,0x00,0x00,0x00,0x00,0x00,0x00,
    0x00,0x00,0x00,0x00,0x00,0x00,0x00,0x00,0x00,0x00,0x00,0x00,0x00,0x64,0xff,0x5c,
    0x00,0x00,0x00,0x00,0x00,0x00,0x00,0x00,0x00,0x05,0x33,0x5b,0x3c,0x0b,0x00,0x00,
    0x00,0x00,0x00,0x00,0x00,0x02,0xda,0xff,0x1e,0x00,0x00,0x00,0x00,0x00,0x00,0x00,
    0x00,0x3b,0xd9,0xff,0xff,0xff,0xea,0x5e,0x00,0x00,0x00,0x00,0x00,0x00,0x58,0xff,
    0xe0,0x00,0x00,0x00,0x00,0x00,0x00,0x00,0x00,0x24,0xf4,0xff,0xff,0xff,0xff,0xff,
    0xfe,0x4a,0x00,0x00,0x00,0x00,0x0c,0xe1,0xff,0xa1,0x00,0x00,0x00,0x00,0x00,0x00,
    0x00,0x00,0xa9,0xff,0xff,0xff,0xff,0xff,0xff,0xff,0xcd,0x00,0x00,0x00,0x00,0x93,
    0xff,0xff,0x63,0x00,0x00,0x00,0x00,0x00,0x00,0x00,0x00,0xe2,0xff,0xff,0xff,0xff,
    0xff,0xff,0xff,0xfa,0x06,0x00,0x00,0x47,0xfd,0xff,0xff,0x25,0x00,0x00,0x00,0x00,
    0x00,0x00,0x00,0x00,0xe7,0xff,0xff,0xff,0xff,0xff,0xff,0xff,0xfc,0x03,0x00,0x40,
    0xf6,0xf6,0xf3,0xe7,0x00,0x00,0x00,0x00,0x00,0x00,0x00,0x00,0x00,0xad,0xff,0xff,
    0xff,0xff,0xff,0xff,0xff,0xd5,0x00,0x48,0xf4,0xfe,0x63,0xfd,0xa9,0x00,0x00,0x00,
    0x00,0x00,0x00,0x00,0x00,0x00,0x48,0xfd,0xff,0xff,0xff,0xff,0xff,0xff,0x99,0xa7,
    0xff,0xf8,0x61,0x4d,0xff,0x6b,0x00,0x00,0x00,0x00,0x00,0x00,0x00,0x00,0x00,0x00,
    0x69,0xfb,0xff,0xff,0xff,0xff,0xff,0xff,0xff,0xd6,0x33,0x00,0x8c,0xff,0x2d,0x00,
    0x00,0x00,0x00,0x00,0x00,0x00,0x00,0x00,0x00,0x00,0x1e,0x8e,0xc9,0xe9,0xf4,0xd3,
    0xaa,0x49,0x01,0x00,0x00,0xcb,0xed,0x01,0x00,0x00,0x00,0x00,0x00,0x00,0x00,0x00,
    0x00,0x00,0x00,0x00,0x00,0x00,0x00,0x00,0x00,0x00,0x00,0x00,0x00,0x0e,0xfc,0xb0,
    0x00,0x00,0x00,0x00,0x00,0x00,0x00,0x00,0x00,0x00,0x00,0x00,0x00,0x00,0x00,0x00,
    0x00,0x00,0x00,0x00,0x00,0x00,0x4a,0xff,0x72,0x00,0x00,0x00,0x00,0x00,0x00,0x00,
    0x00,0x00,0x00,0x00,0x00,0x00,0x00,0x00,0x00,0x00,0x00,0x00,0x00,0x00,0x00,0x8a,
    0xff,0x34,0x00,0x00,0x00,0x00,0x00,0x00,0x00,0x00,0x00,0x00,0x00,0x00,0x00,0x00,
    0x00,0x00,0x00,0x00,0x00,0x00,0x00,0x00,0xc9,0xf3,0x03,0x00,0x00,0x00,0x00,0x00,
    0x00,0x00,0x00,0x00,0x00,0x00,0x00,0x00,0x00,0x00,0x00,0x00,0x00,0x00,0x00,0x00,
    0x0c,0xfb,0xb8,0x00,0x00,0x00,0x00,0x00,0x00,0x00,0x00,0x00,0x00,0x00,0x00,0x00,
    0x00,0x00,0x00,0x00,0x00,0x00,0x00,0x00,0x00,0x48,0xff,0x7a,0x00,0x00,0x00,0x00,
    0x00,0x00,0x00,0x00,0x00,0x00,0x00,0x00,0x00,0x00,0x00,0x00,0x00,0x00,0x00,0x00,
    0x00,0x00,0x87,0xff,0x3c,0x00,0x00,0x00,0x00,0x00,0x00,0x00,0x00,0x00,0x00,0x00,
    0x00,0x00,0x00,0x00,0x00,0x00,0x00,0x00,0x00,0x00,0x00,0xc7,0xf7,0x07,0x00,0x00,
    0x00,0x00,0x00,0x00,0x00,0x00,0x00,0x00,0x00,0x00,0x00,0x00,0x00,0x00,0x00,0x00,
    0x00,0x00,0x00,0x0b,0xfa,0xbf,0x00,0x00,0x00,0x00,0x00,0x00,0x00,0x00,0x00,0x00,
    0x00,0x00,0x00,0x00,0x00,0x00,0x00,0x00,0x00,0x00,0x00,0x00,0x45,0xff,0x81,0x00,
    0x00,0x00,0x00,0x00,0x00,0x00,0x00,0x00,0x00,0x00,0x00,0x00,0x00,0x00,0x00,0x00,
    0x00,0x00,0x00,0x00,0x00,0x85,0xff,0x43,0x00,0x00,0x00,0x00,0x00,0x00,0x00,0x00,
    0x00,0x00,0x00,0x00,0x00,0x00,0x00,0x00,0x00,0x00,0x00,0x00,0x00,0x00,0xc4,0xfb,
    0x0b,0x00,0x00,0x00,0x00,0x00,0x00,0x00,0x00,0x00,0x00,0x00,0x00,0x00,0x00,0x00,
    0x00,0x00,0x00,0x00,0x00,0x00,0x0a,0xfa,0xc7,0x00,0x00,0x00,0x00,0x00,0x00,0x00,
    0x00,0x00,0x00,0x00,0x00,0x00,0x00,0x00,0x00,0x00,0x00,0x00,0x00,0x00,0x00,0x43,
    0xff,0x89,0x00,0x00,0x00,0x00,0x00,0x00,0x00,0x00,0x00,0x00,0x00,0x00,0x00,0x00,
    0x00,0x00,0x00,0x00,0x00,0x00,0x00,0x00,0x82,0xff,0x4a,0x00,0x00,0x00,0x00,0x00,
    0x00,0x00,0x00,0x00,0x00,0x00,0x00,0x00,0x00,0x00,0x00,0x00,0x00,0x00,0x00,0x00,
    0x00,0xc2,0xfd,0x0f,0x00,0x00,0x00,0x00,0x00,0x00,0x00,0x00,0x00,0x00,0x00,0x00,
    0x00,0x00,0x00,0x00,0x00,0x00,0x00,0x00,0x00,0x08,0xf8,0xce,0x00,0x00,0x00,0x00,
    0x00,0x00,0x00,0x00,0x00,0x00,0x00,0x00,0x00,0x00,0x00,0x00,0x00,0x00,0x00,0x00,
    0x00,0x00,0x41,0xff,0x90,0x00,0x00,0x00,0x00,0x00,0x00,0x00,0x00,0x00,0x00,0x00,
    0x00,0x00,0x00,0x00,0x00,0x00,0x00,0x00,0x00,0x00,0x00,0x80,0xff,0x52,0x00,0x00,
    0x00,0x00,0x00,0x00,0x00,0x00,0x00,0x00,0x00,0x00,0x00,0x00,0x00,0x00,0x00,0x00,
    0x00,0x00,0x00,0x00,0x0b,0x41,0x0f,0x00,0x00,0x00,0x00,0x00,0x00,0x00,0x00,0x00,
    0x00,0x00,0x00,0x00,0x00,
};

static const lv_font_fmt_txt_glyph_dsc_t glyph_dsc[] = {
    {.bitmap_index = 0, .adv_w = 0, .box_w = 0, .box_h = 0, .ofs_x = 0, .ofs_y = 0},
    {.bitmap_index = 0, .adv_w = 144, .box_w = 0, .box_h = 0, .ofs_x = 0, .ofs_y = 0},
    {.bitmap_index = 0, .adv_w = 288, .box_w = 0, .box_h = 0, .ofs_x = 0, .ofs_y = 0},
    {.bitmap_index = 0, .adv_w = 106, .box_w = 7, .box_h = 7, .ofs_x = 0, .ofs_y = -4},
    {.bitmap_index = 49, .adv_w = 655, .box_w = 41, .box_h = 115, .ofs_x = 0, .ofs_y = -72},
    {.bitmap_index = 4764, .adv_w = 642, .box_w = 41, .box_h = 62, .ofs_x = 0, .ofs_y = -31},
    {.bitmap_index = 7306, .adv_w = 679, .box_w = 43, .box_h = 55, .ofs_x = 0, .ofs_y = -16},
    {.bitmap_index = 9671, .adv_w = 414, .box_w = 25, .box_h = 32, .ofs_x = 0, .ofs_y = -16},
    {.bitmap_index = 10471, .adv_w = 359, .box_w = 22, .box_h = 32, .ofs_x = 0, .ofs_y = -16},
    {.bitmap_index = 11175, .adv_w = 401, .box_w = 25, .box_h = 32, .ofs_x = 0, .ofs_y = -16},
    {.bitmap_index = 11975, .adv_w = 388, .box_w = 24, .box_h = 32, .ofs_x = 0, .ofs_y = -16},
    {.bitmap_index = 12743, .adv_w = 468, .box_w = 29, .box_h = 32, .ofs_x = 0, .ofs_y = -16},
    {.bitmap_index = 13671, .adv_w = 386, .box_w = 24, .box_h = 32, .ofs_x = 0, .ofs_y = -16},
    {.bitmap_index = 14439, .adv_w = 412, .box_w = 25, .box_h = 32, .ofs_x = 0, .ofs_y = -16},
    {.bitmap_index = 15239, .adv_w = 390, .box_w = 24, .box_h = 32, .ofs_x = 0, .ofs_y = -16},
    {.bitmap_index = 16007, .adv_w = 418, .box_w = 26, .box_h = 32, .ofs_x = 0, .ofs_y = -16},
    {.bitmap_index = 16839, .adv_w = 412, .box_w = 25, .box_h = 32, .ofs_x = 0, .ofs_y = -16},
    {.bitmap_index = 17639, .adv_w = 474, .box_w = 30, .box_h = 33, .ofs_x = 0, .ofs_y = -17},
    {.bitmap_index = 18629, .adv_w = 474, .box_w = 30, .box_h = 49, .ofs_x = 0, .ofs_y = -25},
    {.bitmap_index = 20099, .adv_w = 382, .box_w = 24, .box_h = 19, .ofs_x = 0, .ofs_y = -10},
    {.bitmap_index = 20555, .adv_w = 333, .box_w = 21, .box_h = 17, .ofs_x = 0, .ofs_y = -8},
    {.bitmap_index = 20912, .adv_w = 333, .box_w = 21, .box_h = 17, .ofs_x = 0, .ofs_y = -8},
    {.bitmap_index = 21269, .adv_w = 102, .box_w = 7, .box_h = 7, .ofs_x = 0, .ofs_y = -4},
    {.bitmap_index = 21318, .adv_w = 296, .box_w = 19, .box_h = 54, .ofs_x = 0, .ofs_y = -1},
    {.bitmap_index = 22344, .adv_w = 316, .box_w = 20, .box_h = 54, .ofs_x = 0, .ofs_y = -53},
    {.bitmap_index = 23424, .adv_w = 287, .box_w = 18, .box_h = 54, .ofs_x = 0, .ofs_y = -1},
    {.bitmap_index = 24396, .adv_w = 316, .box_w = 20, .box_h = 53, .ofs_x = 0, .ofs_y = -51},
    {.bitmap_index = 25456, .adv_w = 286, .box_w = 18, .box_h = 65, .ofs_x = 0, .ofs_y = -12},
    {.bitmap_index = 26626, .adv_w = 316, .box_w = 20, .box_h = 67, .ofs_x = 0, .ofs_y = -52},
    {.bitmap_index = 27966, .adv_w = 217, .box_w = 13, .box_h = 42, .ofs_x = 0, .ofs_y = -30},
    {.bitmap_index = 28512, .adv_w = 175, .box_w = 11, .box_h = 42, .ofs_x = 0, .ofs_y = -21},
    {.bitmap_index = 28974, .adv_w = 250, .box_w = 16, .box_h = 43, .ofs_x = 0, .ofs_y = -21},
    {.bitmap_index = 29662, .adv_w = 282, .box_w = 18, .box_h = 18, .ofs_x = 0, .ofs_y = -9},
    {.bitmap_index = 29986, .adv_w = 380, .box_w = 24, .box_h = 42, .ofs_x = 0, .ofs_y = -30},
    {.bitmap_index = 30994, .adv_w = 369, .box_w = 24, .box_h = 15, .ofs_x = 0, .ofs_y = -15},
    {.bitmap_index = 31354, .adv_w = 369, .box_w = 24, .box_h = 15, .ofs_x = 0, .ofs_y = 0},
    {.bitmap_index = 31714, .adv_w = 80, .box_w = 5, .box_h = 5, .ofs_x = 0, .ofs_y = -5},
    {.bitmap_index = 31739, .adv_w = 80, .box_w = 5, .box_h = 5, .ofs_x = 0, .ofs_y = 0},
    {.bitmap_index = 31764, .adv_w = 324, .box_w = 21, .box_h = 3, .ofs_x = 0, .ofs_y = -3},
    {.bitmap_index = 31827, .adv_w = 324, .box_w = 21, .box_h = 3, .ofs_x = 0, .ofs_y = 0},
    {.bitmap_index = 31890, .adv_w = 637, .box_w = 40, .box_h = 24, .ofs_x = 0, .ofs_y = -24},
    {.bitmap_index = 32850, .adv_w = 637, .box_w = 40, .box_h = 24, .ofs_x = 0, .ofs_y = 0},
    {.bitmap_index = 33810, .adv_w = 333, .box_w = 21, .box_h = 9, .ofs_x = 0, .ofs_y = -1},
    {.bitmap_index = 33999, .adv_w = 333, .box_w = 21, .box_h = 9, .ofs_x = 0, .ofs_y = -9},
    {.bitmap_index = 34188, .adv_w = 241, .box_w = 16, .box_h = 48, .ofs_x = 0, .ofs_y = -26},
    {.bitmap_index = 34956, .adv_w = 283, .box_w = 18, .box_h = 31, .ofs_x = 0, .ofs_y = -14},
    {.bitmap_index = 35514, .adv_w = 352, .box_w = 22, .box_h = 46, .ofs_x = 0, .ofs_y = -13},
    {.bitmap_index = 36526, .adv_w = 400, .box_w = 25, .box_h = 63, .ofs_x = 0, .ofs_y = -30}
};

static const uint16_t unicode_list_0[] = {
    0x0000,0x000d,0xe024,0xe030,0xe03c,0xe042,0xe060,0xe061,0xe062,0xe063,
    0xe064,0xe065,0xe066,0xe067,0xe068,0xe069,0xe06a,0xe06b,0xe082,0xe083,
    0xe084,0xe1c7,0xe220,0xe221,0xe222,0xe223,0xe224,0xe225,0xe240,0xe241,
    0xe242,0xe243,0xe244,0xe480,0xe481,0xe482,0xe483,0xe484,0xe485,0xe4a0,
    0xe4a1,0xe4c3,0xe4c4,0xe4c5,0xe4c6,0xe4c7,0xe4c8,
};

static const lv_font_fmt_txt_cmap_t cmaps[] = {
    {
        .range_start = 32, .range_length = 58569, .glyph_id_start = 1,
        .unicode_list = unicode_list_0, .glyph_id_ofs_list = NULL,
        .list_length = 47, .type = LV_FONT_FMT_TXT_CMAP_SPARSE_TINY
    }
};

#if LVGL_VERSION_MAJOR == 8
static lv_font_fmt_txt_glyph_cache_t cache;
#endif

#if LVGL_VERSION_MAJOR >= 8
static const lv_font_fmt_txt_dsc_t font_dsc = {
#else
static lv_font_fmt_txt_dsc_t font_dsc = {
#endif
    .glyph_bitmap = glyph_bitmap,
    .glyph_dsc = glyph_dsc,
    .cmaps = cmaps,
    .kern_dsc = NULL,
    .kern_scale = 0,
    .cmap_num = 1,
    .bpp = 8,
    .kern_classes = 0,
    .bitmap_format = 0,
    .stride = 0,
#if LVGL_VERSION_MAJOR == 8
    .cache = &cache
#endif
};

#if LVGL_VERSION_MAJOR >= 8
const lv_font_t lv_font_LelandSMuFL_64 = {
#else
lv_font_t lv_font_LelandSMuFL_64 = {
#endif
    .get_glyph_dsc = lv_font_get_glyph_dsc_fmt_txt,
    .get_glyph_bitmap = lv_font_get_bitmap_fmt_txt,
    .line_height = 141,
    .base_line = 53,
    .subpx = LV_FONT_SUBPX_NONE,
    .underline_position = -7,
    .underline_thickness = 5,
    .dsc = &font_dsc,
    .fallback = NULL,
    .user_data = NULL,
};

#endif /* LV_FONT_LELANDSMUFL_64 */
