#include "lvgl.h"

#ifndef LV_FONT_BRAVURASMUFL_90
#define LV_FONT_BRAVURASMUFL_90 1
#endif
#if LV_FONT_BRAVURASMUFL_90

static LV_ATTRIBUTE_LARGE_CONST const uint8_t glyph_bitmap[] = {
    0x00,0x00,0x00,0x00,0x00,0x00,0x00,0x00,0x00,0x00,0x00,0x00,0x00,0x00,0x00,0x00,
    0x00,0x00,0x00,0x00,0x00,0x00,0x00,0x00,0x00,0x00,0x00,0x00,0x00,0x00,0x00,0x00,
    0x00,0x00,0x00,0x00,0x00,0x00,0x00,0x5c,0xc9,0xaf,0x1a,0x00,0x00,0x00,0x00,0x00,
    0x00,0x00,0x00,0x00,0x00,0x00,0x00,0x00,0x00,0x00,0x00,0x00,0x00,0x00,0x00,0x00,
    0x00,0x00,0x00,0x00,0x00,0x00,0x00,0x00,0x00,0x00,0x00,0x00,0x00,0x00,0x00,0x00,
    0x00,0x00,0x00,0x00,0x00,0x00,0x00,0x00,0x00,0x00,0x00,0x00,0x00,0x00,0x00,0x00,
    0x00,0x00,0x0e,0xb4,0xff,0xff,0xff,0xe2,0x25,0x00,0x00,0x00,0x00,0x00,0x00,0x00,
    0x00,0x00,0x00,0x00,0x00,0x00,0x00,0x00,0x00,0x00,0x00,0x00,0x00,0x00,0x00,0x00,
    0x00,0x00,0x00,0x00,0x00,0x00,0x00,0x00,0x00,0x00,0x00,0x00,0x00,0x00,0x00,0x00,
    0x00,0x00,0x00,0x00,0x00,0x00,0x00,0x00,0x00,0x00,0x00,0x00,0x00,0x00,0x15,0xcd,
    0xff,0xff,0xff,0xff,0xff,0xd9,0x10,0x00,0x00,0x00,0x00,0x00,0x00,0x00,0x00,0x00,
    0x00,0x00,0x00,0x00,0x00,0x00,0x00,0x00,0x00,0x00,0x00,0x00,0x00,0x00,0x00,0x00,
    0x00,0x00,0x00,0x00,0x00,0x00,0x00,0x00,0x00,0x00,0x00,0x00,0x00,0x00,0x00,0x00,
    0x00,0x00,0x00,0x00,0x00,0x00,0x00,0x00,0x00,0x00,0x1d,0xd8,0xff,0xff,0xff,0xff,
    0xff,0xff,0xff,0xba,0x03,0x00,0x00,0x00,0x00,0x00,0x00,0x00,0x00,0x00,0x00,0x00,
    0x00,0x00,0x00,0x00,0x00,0x00,0x00,0x00,0x00,0x00,0x00,0x00,0x00,0x00,0x00,0x00,
    0x00,0x00,0x00,0x00,0x00,0x00,0x00,0x00,0x00,0x00,0x00,0x00,0x00,0x00,0x00,0x00,
    0x00,0x00,0x00,0x00,0x00,0x00,0x19,0xe2,0xff,0xff,0xff,0xff,0xff,0xff,0xff,0xff,
    0xff,0x8b,0x00,0x00,0x00,0x00,0x00,0x00,0x00,0x00,0x00,0x00,0x00,0x00,0x00,0x00,
    0x00,0x00,0x00,0x00,0x00,0x00,0x00,0x00,0x00,0x00,0x00,0x00,0x00,0x00,0x00,0x00,
    0x00,0x00,0x00,0x00,0x00,0x00,0x00,0x00,0x00,0x00,0x00,0x00,0x00,0x00,0x00,0x00,
    0x00,0x00,0x04,0xc3,0xff,0xff,0xff,0xff,0xff,0xff,0xff,0xff,0xff,0xff,0xfb,0x28,
    0x00,0x00,0x00,0x00,0x00,0x00,0x00,0x00,0x00,0x00,0x00,0x00,0x00,0x00,0x00,0x00,
    0x00,0x00,0x00,0x00,0x00,0x00,0x00,0x00,0x00,0x00,0x00,0x00,0x00,0x00,0x00,0x00,
    0x00,0x00,0x00,0x00,0x00,0x00,0x00,0x00,0x00,0x00,0x00,0x00,0x00,0x00,0x00,0x90,
    0xff,0xff,0xff,0xff,0xff,0xff,0xff,0xff,0xff,0xff,0xff,0xff,0xb2,0x00,0x00,0x00,
    0x00,0x00,0x00,0x00,0x00,0x00,0x00,0x00,0x00,0x00,0x00,0x00,0x00,0x00,0x00,0x00,
    0x00,0x00,0x00,0x00,0x00,0x00,0x00,0x00,0x00,0x00,0x00,0x00,0x00,0x00,0x00,0x00,
    0x00,0x00,0x00,0x00,0x00,0x00,0x00,0x00,0x00,0x00,0x00,0x4c,0xff,0xff,0xff,0xff,
    0xff,0xff,0xff,0xff,0xff,0xff,0xff,0xff,0xff,0xff,0x41,0x00,0x00,0x00,0x00,0x00,
    0x00,0x00,0x00,0x00,0x00,0x00,0x00,0x00,0x00,0x00,0x00,0x00,0x00,0x00,0x00,0x00,
    0x00,0x00,0x00,0x00,0x00,0x00,0x00,0x00,0x00,0x00,0x00,0x00,0x00,0x00,0x00,0x00,
    0x00,0x00,0x00,0x00,0x00,0x00,0x00,0x07,0xdd,0xff,0xff,0xff,0xff,0xff,0xff,0xff,
    0xff,0xff,0xff,0xff,0xff,0xff,0xff,0xcd,0x01,0x00,0x00,0x00,0x00,0x00,0x00,0x00,
    0x00,0x00,0x00,0x00,0x00,0x00,0x00,0x00,0x00,0x00,0x00,0x00,0x00,0x00,0x00,0x00,
    0x00,0x00,0x00,0x00,0x00,0x00,0x00,0x00,0x00,0x00,0x00,0x00,0x00,0x00,0x00,0x00,
    0x00,0x00,0x00,0x00,0x7a,0xff,0xff,0xff,0xff,0xff,0xff,0xff,0xff,0xff,0xff,0xff,
    0xff,0xff,0xff,0xff,0xff,0x44,0x00,0x00,0x00,0x00,0x00,0x00,0x00,0x00,0x00,0x00,
    0x00,0x00,0x00,0x00,0x00,0x00,0x00,0x00,0x00,0x00,0x00,0x00,0x00,0x00,0x00,0x00,
    0x00,0x00,0x00,0x00,0x00,0x00,0x00,0x00,0x00,0x00,0x00,0x00,0x00,0x00,0x00,0x00,
    0x18,0xf4,0xff,0xff,0xff,0xff,0xff,0xff,0xff,0xff,0xff,0xff,0xff,0xff,0xff,0xff,
    0xff,0xff,0x9f,0x00,0x00,0x00,0x00,0x00,0x00,0x00,0x00,0x00,0x00,0x00,0x00,0x00,
    0x00,0x00,0x00,0x00,0x00,0x00,0x00,0x00,0x00,0x00,0x00,0x00,0x00,0x00,0x00,0x00,
    0x00,0x00,0x00,0x00,0x00,0x00,0x00,0x00,0x00,0x00,0x00,0x00,0x00,0x84,0xff,0xff,
    0xff,0xff,0xff,0xff,0xff,0xff,0xff,0xff,0xff,0xff,0xff,0xff,0xff,0xff,0xff,0xf2,
    0x09,0x00,0x00,0x00,0x00,0x00,0x00,0x00,0x00,0x00,0x00,0x00,0x00,0x00,0x00,0x00,
    0x00,0x00,0x00,0x00,0x00,0x00,0x00,0x00,0x00,0x00,0x00,0x00,0x00,0x00,0x00,0x00,
    0x00,0x00,0x00,0x00,0x00,0x00,0x00,0x00,0x00,0x09,0xeb,0xff,0xff,0xff,0xff,0xff,
    0xff,0xff,0xff,0xff,0xff,0xff,0xff,0xff,0xff,0xff,0xff,0xff,0xff,0x57,0x00,0x00,
    0x00,0x00,0x00,0x00,0x00,0x00,0x00,0x00,0x00,0x00,0x00,0x00,0x00,0x00,0x00,0x00,
    0x00,0x00,0x00,0x00,0x00,0x00,0x00,0x00,0x00,0x00,0x00,0x00,0x00,0x00,0x00,0x00,
    0x00,0x00,0x00,0x00,0x00,0x00,0x66,0xff,0xff,0xff,0xff,0xff,0xff,0xff,0xff,0xff,
    0xff,0xff,0xff,0xff,0xff,0xff,0xff,0xff,0xff,0xff,0xb3,0x00,0x00,0x00,0x00,0x00,
    0x00,0x00,0x00,0x00,0x00,0x00,0x00,0x00,0x00,0x00,0x00,0x00,0x00,0x00,0x00,0x00,
    0x00,0x00,0x00,0x00,0x00,0x00,0x00,0x00,0x00,0x00,0x00,0x00,0x00,0x00,0x00,0x00,
    0x00,0x00,0x00,0xc9,0xff,0xff,0xff,0xff,0xff,0xff,0xff,0xff,0xff,0xc8,0x59,0x27,
    0x10,0x43,0x98,0xff,0xff,0xff,0xff,0xf9,0x07,0x00,0x00,0x00,0x00,0x00,0x00,0x00,
    0x00,0x00,0x00,0x00,0x00,0x00,0x00,0x00,0x00,0x00,0x00,0x00,0x00,0x00,0x00,0x00,
    0x00,0x00,0x00,0x00,0x00,0x00,0x00,0x00,0x00,0x00,0x00,0x00,0x00,0x00,0x00,0x1f,
    0xff,0xff,0xff,0xff,0xff,0xff,0xff,0xff,0xf0,0x59,0x01,0x00,0x00,0x00,0x00,0x00,
    0x5a,0xf8,0xff,0xff,0xff,0x35,0x00,0x00,0x00,0x00,0x00,0x00,0x00,0x00,0x00,0x00,
    0x00,0x00,0x00,0x00,0x00,0x00,0x00,0x00,0x00,0x00,0x00,0x00,0x00,0x00,0x00,0x00,
    0x00,0x00,0x00,0x00,0x00,0x00,0x00,0x00,0x00,0x00,0x00,0x00,0x72,0xff,0xff,0xff,
    0xff,0xff,0xff,0xff,0xeb,0x32,0x00,0x00,0x00,0x00,0x00,0x00,0x00,0x00,0x8f,0xff,
    0xff,0xff,0x6a,0x00,0x00,0x00,0x00,0x00,0x00,0x00,0x00,0x00,0x00,0x00,0x00,0x00,
    0x00,0x00,0x00,0x00,0x00,0x00,0x00,0x00,0x00,0x00,0x00,0x00,0x00,0x00,0x00,0x00,
    0x00,0x00,0x00,0x00,0x00,0x00,0x00,0x00,0x00,0xc5,0xff,0xff,0xff,0xff,0xff,0xff,
    0xf1,0x2a,0x00,0x00,0x00,0x00,0x00,0x00,0x00,0x00,0x00,0x18,0xf6,0xff,0xff,0x9e,
    0x00,0x00,0x00,0x00,0x00,0x00,0x00,0x00,0x00,0x00,0x00,0x00,0x00,0x00,0x00,0x00,
    0x00,0x00,0x00,0x00,0x00,0x00,0x00,0x00,0x00,0x00,0x00,0x00,0x00,0x00,0x00,0x00,
    0x00,0x00,0x00,0x00,0x00,0x0b,0xfb,0xff,0xff,0xff,0xff,0xff,0xff,0x5a,0x00,0x00,
    0x00,0x00,0x00,0x00,0x00,0x00,0x00,0x00,0x00,0xb2,0xff,0xff,0xd3,0x00,0x00,0x00,
    0x00,0x00,0x00,0x00,0x00,0x00,0x00,0x00,0x00,0x00,0x00,0x00,0x00,0x00,0x00,0x00,
    0x00,0x00,0x00,0x00,0x00,0x00,0x00,0x00,0x00,0x00,0x00,0x00,0x00,0x00,0x00,0x00,
    0x00,0x00,0x44,0xff,0xff,0xff,0xff,0xff,0xff,0xa6,0x00,0x00,0x00,0x00,0x00,0x00,
    0x00,0x00,0x00,0x00,0x00,0x00,0x8f,0xff,0xff,0xfd,0x0a,0x00,0x00,0x00,0x00,0x00,
    0x00,0x00,0x00,0x00,0x00,0x00,0x00,0x00,0x00,0x00,0x00,0x00,0x00,0x00,0x00,0x00,
    0x00,0x00,0x00,0x00,0x00,0x00,0x00,0x00,0x00,0x00,0x00,0x00,0x00,0x00,0x00,0x81,
    0xff,0xff,0xff,0xff,0xff,0xf4,0x14,0x00,0x00,0x00,0x00,0x00,0x00,0x00,0x00,0x00,
    0x00,0x00,0x00,0x6d,0xff,0xff,0xff,0x20,0x00,0x00,0x00,0x00,0x00,0x00,0x00,0x00,
    0x00,0x00,0x00,0x00,0x00,0x00,0x00,0x00,0x00,0x00,0x00,0x00,0x00,0x00,0x00,0x00,
    0x00,0x00,0x00,0x00,0x00,0x00,0x00,0x00,0x00,0x00,0x00,0x00,0xb9,0xff,0xff,0xff,
    0xff,0xff,0x8c,0x00,0x00,0x00,0x00,0x00,0x00,0x00,0x00,0x00,0x00,0x00,0x00,0x00,
    0x57,0xff,0xff,0xff,0x31,0x00,0x00,0x00,0x00,0x00,0x00,0x00,0x00,0x00,0x00,0x00,
    0x00,0x00,0x00,0x00,0x00,0x00,0x00,0x00,0x00,0x00,0x00,0x00,0x00,0x00,0x00,0x00,
    0x00,0x00,0x00,0x00,0x00,0x00,0x00,0x00,0x00,0xe3,0xff,0xff,0xff,0xff,0xf7,0x18,
    0x00,0x00,0x00,0x00,0x00,0x00,0x00,0x00,0x00,0x00,0x00,0x00,0x00,0x6e,0xff,0xff,
    0xff,0x43,0x00,0x00,0x00,0x00,0x00,0x00,0x00,0x00,0x00,0x00,0x00,0x00,0x00,0x00,
    0x00,0x00,0x00,0x00,0x00,0x00,0x00,0x00,0x00,0x00,0x00,0x00,0x00,0x00,0x00,0x00,
    0x00,0x00,0x00,0x00,0x00,0x0c,0xff,0xff,0xff,0xff,0xff,0x9c,0x00,0x00,0x00,0x00,
    0x00,0x00,0x00,0x00,0x00,0x00,0x00,0x00,0x00,0x00,0x89,0xff,0xff,0xff,0x54,0x00,
    0x00,0x00,0x00,0x00,0x00,0x00,0x00,0x00,0x00,0x00,0x00,0x00,0x00,0x00,0x00,0x00,
    0x00,0x00,0x00,0x00,0x00,0x00,0x00,0x00,0x00,0x00,0x00,0x00,0x00,0x00,0x00,0x00,
    0x00,0x00,0x34,0xff,0xff,0xff,0xff,0xff,0x47,0x00,0x00,0x00,0x00,0x00,0x00,0x00,
    0x00,0x00,0x00,0x00,0x00,0x00,0x00,0xa4,0xff,0xff,0xff,0x65,0x00,0x00,0x00,0x00,
    0x00,0x00,0x00,0x00,0x00,0x00,0x00,0x00,0x00,0x00,0x00,0x00,0x00,0x00,0x00,0x00,
    0x00,0x00,0x00,0x00,0x00,0x00,0x00,0x00,0x00,0x00,0x00,0x00,0x00,0x00,0x00,0x52,
    0xff,0xff,0xff,0xff,0xf0,0x05,0x00,0x00,0x00,0x00,0x00,0x00,0x00,0x00,0x00,0x00,
    0x00,0x00,0x00,0x00,0xd8,0xff,0xff,0xff,0x73,0x00,0x00,0x00,0x00,0x00,0x00,0x00,
    0x00,0x00,0x00,0x00,0x00,0x00,0x00,0x00,0x00,0x00,0x00,0x00,0x00,0x00,0x00,0x00,
    0x00,0x00,0x00,0x00,0x00,0x00,0x00,0x00,0x00,0x00,0x00,0x00,0x61,0xff,0xff,0xff,
    0xff,0xa3,0x00,0x00,0x00,0x00,0x00,0x00,0x00,0x00,0x00,0x00,0x00,0x00,0x00,0x00,
    0x26,0xff,0xff,0xff,0xff,0x66,0x00,0x00,0x00,0x00,0x00,0x00,0x00,0x00,0x00,0x00,
    0x00,0x00,0x00,0x00,0x00,0x00,0x00,0x00,0x00,0x00,0x00,0x00,0x00,0x00,0x00,0x00,
    0x00,0x00,0x00,0x00,0x00,0x00,0x00,0x00,0x00,0x71,0xff,0xff,0xff,0xff,0x5d,0x00,
    0x00,0x00,0x00,0x00,0x00,0x00,0x00,0x00,0x00,0x00,0x00,0x00,0x00,0x75,0xff,0xff,
    0xff,0xff,0x55,0x00,0x00,0x00,0x00,0x00,0x00,0x00,0x00,0x00,0x00,0x00,0x00,0x00,
    0x00,0x00,0x00,0x00,0x00,0x00,0x00,0x00,0x00,0x00,0x00,0x00,0x00,0x00,0x00,0x00,
    0x00,0x00,0x00,0x00,0x00,0x00,0x80,0xff,0xff,0xff,0xff,0x2e,0x00,0x00,0x00,0x00,
    0x00,0x00,0x00,0x00,0x00,0x00,0x00,0x00,0x00,0x00,0xca,0xff,0xff,0xff,0xff,0x44,
    0x00,0x00,0x00,0x00,0x00,0x00,0x00,0x00,0x00,0x00,0x00,0x00,0x00,0x00,0x00,0x00,
    0x00,0x00,0x00,0x00,0x00,0x00,0x00,0x00,0x00,0x00,0x00,0x00,0x00,0x00,0x00,0x00,
    0x00,0x00,0x00,0x90,0xff,0xff,0xff,0xfa,0x05,0x00,0x00,0x00,0x00,0x00,0x00,0x00,
    0x00,0x00,0x00,0x00,0x00,0x00,0x43,0xff,0xff,0xff,0xff,0xff,0x33,0x00,0x00,0x00,
    0x00,0x00,0x00,0x00,0x00,0x00,0x00,0x00,0x00,0x00,0x00,0x00,0x00,0x00,0x00,0x00,
    0x00,0x00,0x00,0x00,0x00,0x00,0x00,0x00,0x00,0x00,0x00,0x00,0x00,0x00,0x00,0x00,
    0x9f,0xff,0xff,0xff,0xd1,0x00,0x00,0x00,0x00,0x00,0x00,0x00,0x00,0x00,0x00,0x00,
    0x00,0x00,0x00,0xc2,0xff,0xff,0xff,0xff,0xff,0x1e,0x00,0x00,0x00,0x00,0x00,0x00,
    0x00,0x00,0x00,0x00,0x00,0x00,0x00,0x00,0x00,0x00,0x00,0x00,0x00,0x00,0x00,0x00,
    0x00,0x00,0x00,0x00,0x00,0x00,0x00,0x00,0x00,0x00,0x00,0x00,0x00,0xaf,0xff,0xff,
    0xff,0xa5,0x00,0x00,0x00,0x00,0x00,0x00,0x00,0x00,0x00,0x00,0x00,0x00,0x00,0x42,
    0xff,0xff,0xff,0xff,0xff,0xef,0x01,0x00,0x00,0x00,0x00,0x00,0x00,0x00,0x00,0x00,
    0x00,0x00,0x00,0x00,0x00,0x00,0x00,0x00,0x00,0x00,0x00,0x00,0x00,0x00,0x00,0x00,
    0x00,0x00,0x00,0x00,0x00,0x00,0x00,0x00,0x00,0x00,0xb8,0xff,0xff,0xff,0x8f,0x00,
    0x00,0x00,0x00,0x00,0x00,0x00,0x00,0x00,0x00,0x00,0x00,0x08,0xd7,0xff,0xff,0xff,
    0xff,0xff,0xbc,0x00,0x00,0x00,0x00,0x00,0x00,0x00,0x00,0x00,0x00,0x00,0x00,0x00,
    0x00,0x00,0x00,0x00,0x00,0x00,0x00,0x00,0x00,0x00,0x00,0x00,0x00,0x00,0x00,0x00,
    0x00,0x00,0x00,0x00,0x00,0x00,0x00,0xad,0xff,0xff,0xff,0x81,0x00,0x00,0x00,0x00,
    0x00,0x00,0x00,0x00,0x00,0x00,0x00,0x00,0x8b,0xff,0xff,0xff,0xff,0xff,0xff,0x88,
    0x00,0x00,0x00,0x00,0x00,0x00,0x00,0x00,0x00,0x00,0x00,0x00,0x00,0x00,0x00,0x00,
    0x00,0x00,0x00,0x00,0x00,0x00,0x00,0x00,0x00,0x00,0x00,0x00,0x00,0x00,0x00,0x00,
    0x00,0x00,0x00,0x00,0xa0,0xff,0xff,0xff,0x72,0x00,0x00,0x00,0x00,0x00,0x00,0x00,
    0x00,0x00,0x00,0x00,0x38,0xfd,0xff,0xff,0xff,0xff,0xff,0xff,0x55,0x00,0x00,0x00,
    0x00,0x00,0x00,0x00,0x00,0x00,0x00,0x00,0x00,0x00,0x00,0x00,0x00,0x00,0x00,0x00,
    0x00,0x00,0x00,0x00,0x00,0x00,0x00,0x00,0x00,0x00,0x00,0x00,0x00,0x00,0x00,0x00,
    0x00,0x93,0xff,0xff,0xff,0x63,0x00,0x00,0x00,0x00,0x00,0x00,0x00,0x00,0x00,0x00,
    0x16,0xe1,0xff,0xff,0xff,0xff,0xff,0xff,0xfe,0x1c,0x00,0x00,0x00,0x00,0x00,0x00,
    0x00,0x00,0x00,0x00,0x00,0x00,0x00,0x00,0x00,0x00,0x00,0x00,0x00,0x00,0x00,0x00,
    0x00,0x00,0x00,0x00,0x00,0x00,0x00,0x00,0x00,0x00,0x00,0x00,0x00,0x00,0x86,0xff,
    0xff,0xff,0x57,0x00,0x00,0x00,0x00,0x00,0x00,0x00,0x00,0x00,0x06,0xc4,0xff,0xff,
    0xff,0xff,0xff,0xff,0xff,0xc6,0x00,0x00,0x00,0x00,0x00,0x00,0x00,0x00,0x00,0x00,
    0x00,0x00,0x00,0x00,0x00,0x00,0x00,0x00,0x00,0x00,0x00,0x00,0x00,0x00,0x00,0x00,
    0x00,0x00,0x00,0x00,0x00,0x00,0x00,0x00,0x00,0x00,0x00,0x79,0xff,0xff,0xff,0x59,
    0x00,0x00,0x00,0x00,0x00,0x00,0x00,0x00,0x00,0x9d,0xff,0xff,0xff,0xff,0xff,0xff,
    0xff,0xff,0x70,0x00,0x00,0x00,0x00,0x00,0x00,0x00,0x00,0x00,0x00,0x00,0x00,0x00,
    0x00,0x00,0x00,0x00,0x00,0x00,0x00,0x00,0x00,0x00,0x00,0x00,0x00,0x00,0x00,0x00,
    0x00,0x00,0x00,0x00,0x00,0x00,0x00,0x00,0x6c,0xff,0xff,0xff,0x61,0x00,0x00,0x00,
    0x00,0x00,0x00,0x00,0x00,0x86,0xff,0xff,0xff,0xff,0xff,0xff,0xff,0xff,0xfe,0x1c,
    0x00,0x00,0x00,0x00,0x00,0x00,0x00,0x00,0x00,0x00,0x00,0x00,0x00,0x00,0x00,0x00,
    0x00,0x00,0x00,0x00,0x00,0x00,0x00,0x00,0x00,0x00,0x00,0x00,0x00,0x00,0x00,0x00,
    0x00,0x00,0x00,0x00,0x00,0x5f,0xff,0xff,0xff,0x69,0x00,0x00,0x00,0x00,0x00,0x00,
    0x00,0x79,0xff,0xff,0xff,0xff,0xff,0xff,0xff,0xff,0xff,0xc5,0x00,0x00,0x00,0x00,
    0x00,0x00,0x00,0x00,0x00,0x00,0x00,0x00,0x00,0x00,0x00,0x00,0x00,0x00,0x00,0x00,
    0x00,0x00,0x00,0x00,0x00,0x00,0x00,0x00,0x00,0x00,0x00,0x00,0x00,0x00,0x00,0x00,
    0x00,0x00,0x4e,0xff,0xff,0xff,0x71,0x00,0x00,0x00,0x00,0x00,0x00,0x70,0xff,0xff,
    0xff,0xff,0xff,0xff,0xff,0xff,0xff,0xff,0x5c,0x00,0x00,0x00,0x00,0x00,0x00,0x00,
    0x00,0x00,0x00,0x00,0x00,0x00,0x00,0x00,0x00,0x00,0x00,0x00,0x00,0x00,0x00,0x00,
    0x00,0x00,0x00,0x00,0x00,0x00,0x00,0x00,0x00,0x00,0x00,0x00,0x00,0x00,0x00,0x32,
    0xff,0xff,0xff,0x82,0x00,0x00,0x00,0x00,0x00,0x80,0xff,0xff,0xff,0xff,0xff,0xff,
    0xff,0xff,0xff,0xff,0xe0,0x04,0x00,0x00,0x00,0x00,0x00,0x00,0x00,0x00,0x00,0x00,
    0x00,0x00,0x00,0x00,0x00,0x00,0x00,0x00,0x00,0x00,0x00,0x00,0x00,0x00,0x00,0x00,
    0x00,0x00,0x00,0x00,0x00,0x00,0x00,0x00,0x00,0x00,0x00,0x00,0x16,0xff,0xff,0xff,
    0x9c,0x00,0x00,0x00,0x02,0x95,0xff,0xff,0xff,0xff,0xff,0xff,0xff,0xff,0xff,0xff,
    0xff,0x6c,0x00,0x00,0x00,0x00,0x00,0x00,0x00,0x00,0x00,0x00,0x00,0x00,0x00,0x00,
    0x00,0x00,0x00,0x00,0x00,0x00,0x00,0x00,0x00,0x00,0x00,0x00,0x00,0x00,0x00,0x00,
    0x00,0x00,0x00,0x00,0x00,0x00,0x00,0x00,0x00,0x01,0xf9,0xff,0xff,0xb7,0x00,0x00,
    0x06,0xa9,0xff,0xff,0xff,0xff,0xff,0xff,0xff,0xff,0xff,0xff,0xff,0xea,0x0a,0x00,
    0x00,0x00,0x00,0x00,0x00,0x00,0x00,0x00,0x00,0x00,0x00,0x00,0x00,0x00,0x00,0x00,
    0x00,0x00,0x00,0x00,0x00,0x00,0x00,0x00,0x00,0x00,0x00,0x00,0x00,0x00,0x00,0x00,
    0x00,0x00,0x00,0x00,0x00,0x00,0x00,0xd8,0xff,0xff,0xd2,0x00,0x0c,0xba,0xff,0xff,
    0xff,0xff,0xff,0xff,0xff,0xff,0xff,0xff,0xff,0xff,0x74,0x00,0x00,0x00,0x00,0x00,
    0x00,0x00,0x00,0x00,0x00,0x00,0x00,0x00,0x00,0x00,0x00,0x00,0x00,0x00,0x00,0x00,
    0x00,0x00,0x00,0x00,0x00,0x00,0x00,0x00,0x00,0x00,0x00,0x00,0x00,0x00,0x00,0x00,
    0x00,0x00,0x00,0x00,0xb2,0xff,0xff,0xf9,0x3a,0xca,0xff,0xff,0xff,0xff,0xff,0xff,
    0xff,0xff,0xff,0xff,0xff,0xff,0xd6,0x05,0x00,0x00,0x00,0x00,0x00,0x00,0x00,0x00,
    0x00,0x00,0x00,0x00,0x00,0x00,0x00,0x00,0x00,0x00,0x00,0x00,0x00,0x00,0x00,0x00,
    0x00,0x00,0x00,0x00,0x00,0x00,0x00,0x00,0x00,0x00,0x00,0x00,0x00,0x00,0x00,0x00,
    0x00,0x8c,0xff,0xff,0xff,0xff,0xff,0xff,0xff,0xff,0xff,0xff,0xff,0xff,0xff,0xff,
    0xff,0xff,0xff,0x42,0x00,0x00,0x00,0x00,0x00,0x00,0x00,0x00,0x00,0x00,0x00,0x00,
    0x00,0x00,0x00,0x00,0x00,0x00,0x00,0x00,0x00,0x00,0x00,0x00,0x00,0x00,0x00,0x00,
    0x00,0x00,0x00,0x00,0x00,0x00,0x00,0x00,0x00,0x00,0x00,0x00,0x00,0x00,0x71,0xff,
    0xff,0xff,0xff,0xff,0xff,0xff,0xff,0xff,0xff,0xff,0xff,0xff,0xff,0xff,0xff,0xa6,
    0x00,0x00,0x00,0x00,0x00,0x00,0x00,0x00,0x00,0x00,0x00,0x00,0x00,0x00,0x00,0x00,
    0x00,0x00,0x00,0x00,0x00,0x00,0x00,0x00,0x00,0x00,0x00,0x00,0x00,0x00,0x00,0x00,
    0x00,0x00,0x00,0x00,0x00,0x00,0x00,0x00,0x00,0x00,0x00,0xa4,0xff,0xff,0xff,0xff,
    0xff,0xff,0xff,0xff,0xff,0xff,0xff,0xff,0xff,0xff,0xff,0xee,0x19,0x00,0x00,0x00,
    0x00,0x00,0x00,0x00,0x00,0x00,0x00,0x00,0x00,0x00,0x00,0x00,0x00,0x00,0x00,0x00,
    0x00,0x00,0x00,0x00,0x00,0x00,0x00,0x00,0x00,0x00,0x00,0x00,0x00,0x00,0x00,0x00,
    0x00,0x00,0x00,0x00,0x00,0x00,0x06,0xa0,0xff,0xff,0xff,0xff,0xff,0xff,0xff,0xff,
    0xff,0xff,0xff,0xff,0xff,0xff,0xff,0xff,0x50,0x00,0x00,0x00,0x00,0x00,0x00,0x00,
    0x00,0x00,0x00,0x00,0x00,0x00,0x00,0x00,0x00,0x00,0x00,0x00,0x00,0x00,0x00,0x00,
    0x00,0x00,0x00,0x00,0x00,0x00,0x00,0x00,0x00,0x00,0x00,0x00,0x00,0x00,0x00,0x00,
    0x00,0x00,0x13,0xc2,0xff,0xff,0xff,0xff,0xff,0xff,0xff,0xff,0xff,0xff,0xff,0xff,
    0xff,0xff,0xff,0xff,0x92,0x00,0x00,0x00,0x00,0x00,0x00,0x00,0x00,0x00,0x00,0x00,
    0x00,0x00,0x00,0x00,0x00,0x00,0x00,0x00,0x00,0x00,0x00,0x00,0x00,0x00,0x00,0x00,
    0x00,0x00,0x00,0x00,0x00,0x00,0x00,0x00,0x00,0x00,0x00,0x00,0x00,0x00,0x27,0xdc,
    0xff,0xff,0xff,0xff,0xff,0xff,0xff,0xff,0xff,0xff,0xff,0xff,0xff,0xff,0xff,0xff,
    0xcf,0x07,0x00,0x00,0x00,0x00,0x00,0x00,0x00,0x00,0x00,0x00,0x00,0x00,0x00,0x00,
    0x00,0x00,0x00,0x00,0x00,0x00,0x00,0x00,0x00,0x00,0x00,0x00,0x00,0x00,0x00,0x00,
    0x00,0x00,0x00,0x00,0x00,0x00,0x00,0x00,0x00,0x00,0x43,0xef,0xff,0xff,0xff,0xff,
    0xff,0xff,0xff,0xff,0xff,0xff,0xff,0xff,0xff,0xff,0xff,0xff,0xee,0x25,0x00,0x00,
    0x00,0x00,0x00,0x00,0x00,0x00,0x00,0x00,0x00,0x00,0x00,0x00,0x00,0x00,0x00,0x00,
    0x00,0x00,0x00,0x00,0x00,0x00,0x00,0x00,0x00,0x00,0x00,0x00,0x00,0x00,0x00,0x00,
    0x00,0x00,0x00,0x00,0x00,0x00,0x61,0xfb,0xff,0xff,0xff,0xff,0xff,0xff,0xff,0xff,
    0xff,0xff,0xff,0xff,0xff,0xff,0xff,0xff,0xf9,0x3f,0x00,0x00,0x00,0x00,0x00,0x00,
    0x00,0x00,0x00,0x00,0x00,0x00,0x00,0x00,0x00,0x00,0x00,0x00,0x00,0x00,0x00,0x00,
    0x00,0x00,0x00,0x00,0x00,0x00,0x00,0x00,0x00,0x00,0x00,0x00,0x00,0x00,0x00,0x00,
    0x00,0x00,0x77,0xff,0xff,0xff,0xff,0xff,0xff,0xff,0xff,0xff,0xff,0xff,0xff,0xff,
    0xff,0xff,0xff,0xff,0xfe,0x5b,0x00,0x00,0x00,0x00,0x00,0x00,0x00,0x00,0x00,0x00,
    0x00,0x00,0x00,0x00,0x00,0x00,0x00,0x00,0x00,0x00,0x00,0x00,0x00,0x00,0x00,0x00,
    0x00,0x00,0x00,0x00,0x00,0x00,0x00,0x00,0x00,0x00,0x00,0x00,0x00,0x01,0x8e,0xff,
    0xff,0xff,0xff,0xff,0xff,0xff,0xff,0xff,0xff,0xff,0xff,0xff,0xff,0xff,0xff,0xff,
    0xff,0x7a,0x00,0x00,0x00,0x00,0x00,0x00,0x00,0x00,0x00,0x00,0x00,0x00,0x00,0x00,
    0x00,0x00,0x00,0x00,0x00,0x00,0x00,0x00,0x00,0x00,0x00,0x00,0x00,0x00,0x00,0x00,
    0x00,0x00,0x00,0x00,0x00,0x00,0x00,0x00,0x00,0x05,0xa3,0xff,0xff,0xff,0xff,0xff,
    0xff,0xff,0xff,0xff,0xff,0xff,0xff,0xff,0xff,0xff,0xff,0xff,0xff,0x8f,0x00,0x00,
    0x00,0x00,0x00,0x00,0x00,0x00,0x00,0x00,0x00,0x00,0x00,0x00,0x00,0x00,0x00,0x00,
    0x00,0x00,0x00,0x00,0x00,0x00,0x00,0x00,0x00,0x00,0x00,0x00,0x00,0x00,0x00,0x00,
    0x00,0x00,0x00,0x00,0x00,0x09,0xb7,0xff,0xff,0xff,0xff,0xff,0xff,0xff,0xff,0xff,
    0xff,0xff,0xff,0xff,0xff,0xff,0xff,0xff,0xff,0x8e,0x00,0x00,0x00,0x00,0x00,0x00,
    0x00,0x00,0x00,0x00,0x00,0x00,0x00,0x00,0x00,0x00,0x00,0x00,0x00,0x00,0x00,0x00,
    0x00,0x00,0x00,0x00,0x00,0x00,0x00,0x00,0x00,0x00,0x00,0x00,0x00,0x00,0x00,0x00,
    0x00,0x07,0xb8,0xff,0xff,0xff,0xff,0xff,0xff,0xff,0xff,0xff,0xff,0xff,0xff,0xff,
    0xff,0xff,0xff,0xff,0xff,0x8d,0x00,0x00,0x00,0x00,0x00,0x00,0x00,0x00,0x00,0x00,
    0x00,0x00,0x00,0x00,0x00,0x00,0x00,0x00,0x00,0x00,0x00,0x00,0x00,0x00,0x00,0x00,
    0x00,0x00,0x00,0x00,0x00,0x00,0x00,0x00,0x00,0x00,0x00,0x00,0x00,0x05,0xb3,0xff,
    0xff,0xff,0xff,0xff,0xff,0xff,0xff,0xff,0xff,0xff,0xff,0xff,0xff,0xff,0xff,0xff,
    0xff,0x8e,0x00,0x00,0x00,0x00,0x00,0x00,0x00,0x00,0x00,0x00,0x00,0x00,0x00,0x00,
    0x00,0x00,0x00,0x00,0x00,0x00,0x00,0x00,0x00,0x00,0x00,0x00,0x00,0x00,0x00,0x00,
    0x00,0x00,0x00,0x00,0x00,0x00,0x00,0x00,0x00,0x04,0xae,0xff,0xff,0xff,0xff,0xff,
    0xff,0xff,0xff,0xff,0xff,0xff,0xff,0xff,0xff,0xff,0xff,0xff,0xff,0xd7,0x01,0x00,
    0x00,0x00,0x00,0x00,0x00,0x00,0x00,0x00,0x00,0x00,0x00,0x00,0x00,0x00,0x00,0x00,
    0x00,0x00,0x00,0x00,0x00,0x00,0x00,0x00,0x00,0x00,0x00,0x00,0x00,0x00,0x00,0x00,
    0x00,0x00,0x00,0x00,0x00,0x03,0xa8,0xff,0xff,0xff,0xff,0xff,0xff,0xff,0xff,0xff,
    0xff,0xff,0xff,0xff,0xff,0xff,0xff,0xff,0xff,0xff,0xd9,0x00,0x00,0x00,0x00,0x00,
    0x00,0x00,0x00,0x00,0x00,0x00,0x00,0x00,0x00,0x00,0x00,0x00,0x00,0x00,0x00,0x00,
    0x00,0x00,0x00,0x00,0x00,0x00,0x00,0x00,0x00,0x00,0x00,0x00,0x00,0x00,0x00,0x00,
    0x00,0x00,0x9b,0xff,0xff,0xff,0xff,0xff,0xff,0xff,0xff,0xff,0xff,0xff,0xff,0xff,
    0xff,0xff,0xff,0xf9,0xf2,0xff,0xff,0xfc,0x08,0x00,0x00,0x00,0x00,0x00,0x00,0x00,
    0x00,0x00,0x00,0x00,0x00,0x00,0x00,0x00,0x00,0x00,0x00,0x00,0x00,0x00,0x00,0x00,
    0x00,0x00,0x00,0x00,0x00,0x00,0x00,0x00,0x00,0x00,0x00,0x00,0x00,0x00,0x70,0xff,
    0xff,0xff,0xff,0xff,0xff,0xff,0xff,0xff,0xff,0xff,0xff,0xff,0xff,0xff,0xff,0xdd,
    0x2e,0x72,0xff,0xff,0xff,0x30,0x00,0x00,0x00,0x00,0x00,0x00,0x00,0x00,0x00,0x00,
    0x00,0x00,0x00,0x00,0x00,0x00,0x00,0x00,0x00,0x00,0x00,0x00,0x00,0x00,0x00,0x00,
    0x00,0x00,0x00,0x00,0x00,0x00,0x00,0x00,0x00,0x00,0x46,0xfc,0xff,0xff,0xff,0xff,
    0xff,0xff,0xff,0xff,0xff,0xff,0xff,0xff,0xff,0xff,0xff,0xbc,0x12,0x00,0x43,0xff,
    0xff,0xff,0x5c,0x00,0x00,0x00,0x00,0x00,0x00,0x00,0x00,0x00,0x00,0x00,0x00,0x00,
    0x00,0x00,0x00,0x00,0x00,0x00,0x00,0x00,0x00,0x00,0x00,0x00,0x00,0x00,0x00,0x00,
    0x00,0x00,0x00,0x00,0x00,0x00,0x26,0xef,0xff,0xff,0xff,0xff,0xff,0xff,0xff,0xff,
    0xff,0xff,0xff,0xff,0xff,0xff,0xff,0x91,0x04,0x00,0x00,0x19,0xff,0xff,0xff,0x89,
    0x00,0x00,0x00,0x00,0x00,0x00,0x00,0x00,0x00,0x00,0x00,0x00,0x00,0x00,0x00,0x00,
    0x00,0x00,0x00,0x00,0x00,0x00,0x00,0x00,0x00,0x00,0x00,0x00,0x00,0x00,0x00,0x00,
    0x00,0x00,0x0f,0xd8,0xff,0xff,0xff,0xff,0xff,0xff,0xff,0xff,0xff,0xff,0xff,0xff,
    0xff,0xff,0xfc,0x68,0x00,0x00,0x00,0x00,0x00,0xee,0xff,0xff,0xb5,0x00,0x00,0x00,
    0x00,0x00,0x00,0x00,0x00,0x00,0x00,0x00,0x00,0x00,0x00,0x00,0x00,0x00,0x00,0x00,
    0x00,0x00,0x00,0x00,0x00,0x00,0x00,0x00,0x00,0x00,0x00,0x00,0x00,0x00,0x00,0xad,
    0xff,0xff,0xff,0xff,0xff,0xff,0xff,0xff,0xff,0xff,0xff,0xff,0xff,0xff,0xf2,0x49,
    0x00,0x00,0x00,0x00,0x00,0x00,0xc4,0xff,0xff,0xe1,0x00,0x00,0x00,0x00,0x00,0x00,
    0x00,0x00,0x00,0x00,0x00,0x00,0x00,0x00,0x00,0x00,0x00,0x00,0x00,0x00,0x00,0x00,
    0x00,0x00,0x00,0x00,0x00,0x00,0x00,0x00,0x00,0x00,0x00,0x56,0xff,0xff,0xff,0xff,
    0xff,0xff,0xff,0xff,0xff,0xff,0xff,0xff,0xff,0xff,0xe4,0x2e,0x00,0x00,0x00,0x00,
    0x00,0x00,0x00,0x9a,0xff,0xff,0xff,0x0f,0x00,0x00,0x00,0x00,0x00,0x00,0x00,0x00,
    0x00,0x00,0x00,0x00,0x00,0x00,0x00,0x00,0x00,0x00,0x00,0x00,0x00,0x00,0x00,0x00,
    0x00,0x00,0x00,0x00,0x00,0x00,0x00,0x13,0xea,0xff,0xff,0xff,0xff,0xff,0xff,0xff,
    0xff,0xff,0xff,0xff,0xff,0xff,0xdd,0x21,0x00,0x00,0x00,0x00,0x00,0x00,0x00,0x00,
    0x70,0xff,0xff,0xff,0x3a,0x00,0x00,0x00,0x00,0x00,0x00,0x00,0x00,0x00,0x00,0x00,
    0x00,0x00,0x00,0x00,0x00,0x00,0x00,0x00,0x00,0x00,0x00,0x00,0x00,0x00,0x00,0x00,
    0x00,0x00,0x00,0x00,0xa5,0xff,0xff,0xff,0xff,0xff,0xff,0xff,0xff,0xff,0xff,0xff,
    0xff,0xff,0xd6,0x1a,0x00,0x00,0x00,0x00,0x00,0x00,0x00,0x00,0x00,0x46,0xff,0xff,
    0xff,0x66,0x00,0x00,0x00,0x00,0x00,0x00,0x00,0x00,0x00,0x00,0x00,0x00,0x00,0x00,
    0x00,0x00,0x00,0x00,0x00,0x00,0x00,0x00,0x00,0x00,0x00,0x00,0x00,0x00,0x00,0x00,
    0x4c,0xff,0xff,0xff,0xff,0xff,0xff,0xff,0xff,0xff,0xff,0xff,0xff,0xff,0xce,0x14,
    0x00,0x00,0x00,0x00,0x00,0x00,0x00,0x00,0x00,0x00,0x1c,0xff,0xff,0xff,0x93,0x00,
    0x00,0x00,0x00,0x00,0x00,0x00,0x00,0x00,0x00,0x00,0x00,0x00,0x00,0x00,0x00,0x00,
    0x00,0x00,0x00,0x00,0x00,0x00,0x00,0x00,0x00,0x00,0x00,0x00,0x09,0xe4,0xff,0xff,
    0xff,0xff,0xff,0xff,0xff,0xff,0xff,0xff,0xff,0xff,0xd1,0x11,0x00,0x00,0x00,0x00,
    0x00,0x00,0x00,0x00,0x00,0x00,0x00,0x00,0xf1,0xff,0xff,0xbf,0x00,0x00,0x00,0x00,
    0x00,0x00,0x00,0x00,0x00,0x00,0x00,0x00,0x00,0x00,0x00,0x00,0x00,0x00,0x00,0x00,
    0x00,0x00,0x00,0x00,0x00,0x00,0x00,0x00,0x00,0x6d,0xff,0xff,0xff,0xff,0xff,0xff,
    0xff,0xff,0xff,0xff,0xff,0xff,0xd8,0x16,0x00,0x00,0x00,0x00,0x00,0x00,0x00,0x00,
    0x00,0x00,0x00,0x00,0x00,0xc7,0xff,0xff,0xec,0x00,0x00,0x00,0x00,0x00,0x00,0x00,
    0x00,0x00,0x00,0x00,0x00,0x00,0x00,0x00,0x00,0x00,0x00,0x00,0x00,0x00,0x00,0x00,
    0x00,0x00,0x00,0x00,0x00,0x04,0xe1,0xff,0xff,0xff,0xff,0xff,0xff,0xff,0xff,0xff,
    0xff,0xff,0xe0,0x1c,0x00,0x00,0x00,0x00,0x00,0x00,0x00,0x00,0x00,0x00,0x00,0x00,
    0x00,0x00,0x9d,0xff,0xff,0xff,0x19,0x00,0x00,0x00,0x00,0x00,0x00,0x00,0x00,0x00,
    0x00,0x00,0x00,0x00,0x00,0x00,0x00,0x00,0x00,0x00,0x00,0x00,0x00,0x00,0x00,0x00,
    0x00,0x00,0x5f,0xff,0xff,0xff,0xff,0xff,0xff,0xff,0xff,0xff,0xff,0xff,0xe6,0x23,
    0x00,0x00,0x00,0x00,0x00,0x00,0x00,0x00,0x00,0x00,0x00,0x00,0x00,0x00,0x00,0x77,
    0xff,0xff,0xff,0x76,0x08,0x01,0x00,0x00,0x00,0x00,0x00,0x00,0x00,0x00,0x00,0x00,
    0x00,0x00,0x00,0x00,0x00,0x00,0x00,0x00,0x00,0x00,0x00,0x00,0x00,0x00,0x01,0xd6,
    0xff,0xff,0xff,0xff,0xff,0xff,0xff,0xff,0xff,0xff,0xf6,0x31,0x00,0x00,0x00,0x00,
    0x00,0x00,0x00,0x00,0x00,0x00,0x00,0x00,0x00,0x00,0x00,0x00,0x8d,0xff,0xff,0xff,
    0xff,0xff,0xfe,0xeb,0xd2,0xb9,0xa0,0x7e,0x33,0x00,0x00,0x00,0x00,0x00,0x00,0x00,
    0x00,0x00,0x00,0x00,0x00,0x00,0x00,0x00,0x00,0x00,0x00,0x50,0xff,0xff,0xff,0xff,
    0xff,0xff,0xff,0xff,0xff,0xff,0xff,0x5b,0x00,0x00,0x00,0x00,0x00,0x00,0x00,0x00,
    0x00,0x00,0x00,0x00,0x00,0x00,0x12,0x76,0xdc,0xff,0xff,0xff,0xff,0xff,0xff,0xff,
    0xff,0xff,0xff,0xff,0xff,0xff,0xe3,0x95,0x42,0x00,0x00,0x00,0x00,0x00,0x00,0x00,
    0x00,0x00,0x00,0x00,0x00,0x00,0x00,0x00,0xbe,0xff,0xff,0xff,0xff,0xff,0xff,0xff,
    0xff,0xff,0xff,0x8c,0x00,0x00,0x00,0x00,0x00,0x00,0x00,0x00,0x00,0x00,0x00,0x00,
    0x00,0x17,0x99,0xf6,0xff,0xff,0xff,0xff,0xff,0xff,0xff,0xff,0xff,0xff,0xff,0xff,
    0xff,0xff,0xff,0xff,0xff,0xff,0xc1,0x34,0x00,0x00,0x00,0x00,0x00,0x00,0x00,0x00,
    0x00,0x00,0x00,0x00,0x17,0xfd,0xff,0xff,0xff,0xff,0xff,0xff,0xff,0xff,0xff,0xca,
    0x03,0x00,0x00,0x00,0x00,0x00,0x00,0x00,0x00,0x00,0x00,0x00,0x01,0x66,0xef,0xff,
    0xff,0xff,0xff,0xff,0xff,0xff,0xff,0xff,0xff,0xff,0xff,0xff,0xff,0xff,0xff,0xff,
    0xff,0xff,0xff,0xff,0xfe,0xa3,0x1b,0x00,0x00,0x00,0x00,0x00,0x00,0x00,0x00,0x00,
    0x00,0x69,0xff,0xff,0xff,0xff,0xff,0xff,0xff,0xff,0xff,0xf9,0x2c,0x00,0x00,0x00,
    0x00,0x00,0x00,0x00,0x00,0x00,0x00,0x00,0x0d,0xb5,0xff,0xff,0xff,0xff,0xff,0xff,
    0xff,0xff,0xff,0xff,0xff,0xff,0xff,0xff,0xff,0xff,0xff,0xff,0xff,0xff,0xff,0xff,
    0xff,0xff,0xff,0xe9,0x36,0x00,0x00,0x00,0x00,0x00,0x00,0x00,0x00,0x00,0xb6,0xff,
    0xff,0xff,0xff,0xff,0xff,0xff,0xff,0xff,0x7e,0x00,0x00,0x00,0x00,0x00,0x00,0x00,
    0x00,0x00,0x00,0x00,0x1c,0xd1,0xff,0xff,0xff,0xff,0xff,0xff,0xff,0xff,0xff,0xff,
    0xff,0xff,0xff,0xff,0xff,0xff,0xff,0xff,0xff,0xff,0xff,0xff,0xff,0xff,0xff,0xff,
    0xff,0xf5,0x50,0x00,0x00,0x00,0x00,0x00,0x00,0x00,0x02,0xf1,0xff,0xff,0xff,0xff,
    0xff,0xff,0xff,0xff,0xdf,0x06,0x00,0x00,0x00,0x00,0x00,0x00,0x00,0x00,0x00,0x00,
    0x13,0xdb,0xff,0xff,0xff,0xff,0xff,0xff,0xff,0xff,0xff,0xff,0xff,0xff,0xff,0xff,
    0xff,0xff,0xff,0xff,0xff,0xff,0xff,0xff,0xff,0xff,0xff,0xff,0xff,0xff,0xff,0xfd,
    0x66,0x00,0x00,0x00,0x00,0x00,0x00,0x30,0xff,0xff,0xff,0xff,0xff,0xff,0xff,0xff,
    0xff,0x60,0x00,0x00,0x00,0x00,0x00,0x00,0x00,0x00,0x00,0x00,0x07,0xc4,0xff,0xff,
    0xff,0xff,0xff,0xff,0xff,0xff,0xff,0xff,0xff,0xff,0xff,0xff,0xff,0xff,0xff,0xff,
    0xff,0xff,0xff,0xff,0xff,0xff,0xff,0xff,0xff,0xff,0xff,0xff,0xff,0xfb,0x3c,0x00,
    0x00,0x00,0x00,0x00,0x68,0xff,0xff,0xff,0xff,0xff,0xff,0xff,0xff,0xd9,0x03,0x00,
    0x00,0x00,0x00,0x00,0x00,0x00,0x00,0x00,0x00,0x92,0xff,0xff,0xff,0xff,0xff,0xff,
    0xff,0xff,0xff,0xff,0xff,0xff,0xff,0xff,0xff,0xff,0xff,0xff,0xff,0xff,0xff,0xff,
    0xff,0xff,0xff,0xff,0xff,0xff,0xff,0xff,0xff,0xff,0xff,0xe5,0x16,0x00,0x00,0x00,
    0x00,0x8d,0xff,0xff,0xff,0xff,0xff,0xff,0xff,0xff,0x6a,0x00,0x00,0x00,0x00,0x00,
    0x00,0x00,0x00,0x00,0x00,0x35,0xfd,0xff,0xff,0xff,0xff,0xff,0xff,0xff,0xff,0xff,
    0xff,0xff,0xff,0xff,0xff,0xff,0xff,0xff,0xff,0xff,0xff,0xff,0xff,0xff,0xff,0xff,
    0xff,0xff,0xff,0xff,0xff,0xff,0xff,0xff,0xff,0xbd,0x01,0x00,0x00,0x00,0xb1,0xff,
    0xff,0xff,0xff,0xff,0xff,0xff,0xf7,0x10,0x00,0x00,0x00,0x00,0x00,0x00,0x00,0x00,
    0x00,0x00,0xcd,0xff,0xff,0xff,0xff,0xff,0xff,0xff,0xff,0xff,0xff,0xff,0xff,0xff,
    0xff,0xff,0xff,0xff,0xff,0xff,0xff,0xff,0xff,0xff,0xff,0xff,0xff,0xff,0xff,0xff,
    0xff,0xff,0xff,0xff,0xff,0xff,0xff,0x55,0x00,0x00,0x00,0xd3,0xff,0xff,0xff,0xff,
    0xff,0xff,0xff,0xa6,0x00,0x00,0x00,0x00,0x00,0x00,0x00,0x00,0x00,0x00,0x44,0xff,
    0xff,0xff,0xff,0xff,0xff,0xff,0xff,0xff,0xff,0xff,0xff,0xff,0xff,0xff,0xff,0xff,
    0xff,0xff,0xff,0xff,0xff,0xff,0xff,0xff,0xff,0xff,0xff,0xff,0xff,0xff,0xff,0xff,
    0xff,0xff,0xff,0xff,0xd3,0x01,0x00,0x00,0xe3,0xff,0xff,0xff,0xff,0xff,0xff,0xff,
    0x58,0x00,0x00,0x00,0x00,0x00,0x00,0x00,0x00,0x00,0x00,0xb1,0xff,0xff,0xff,0xff,
    0xff,0xff,0xff,0xff,0xff,0xff,0xff,0xff,0xfe,0xcf,0xd7,0xff,0xff,0xff,0xc0,0x2b,
    0x4f,0x7f,0xba,0xfd,0xff,0xff,0xff,0xff,0xff,0xff,0xff,0xff,0xff,0xff,0xff,0xff,
    0xff,0xff,0x53,0x00,0x00,0xef,0xff,0xff,0xff,0xff,0xff,0xff,0xfe,0x14,0x00,0x00,
    0x00,0x00,0x00,0x00,0x00,0x00,0x00,0x13,0xfd,0xff,0xff,0xff,0xff,0xff,0xff,0xff,
    0xff,0xff,0xff,0xf4,0x95,0x28,0x00,0x22,0xff,0xff,0xff,0xb3,0x00,0x00,0x00,0x00,
    0x1e,0x81,0xf1,0xff,0xff,0xff,0xff,0xff,0xff,0xff,0xff,0xff,0xff,0xff,0xff,0xcd,
    0x00,0x00,0xfa,0xff,0xff,0xff,0xff,0xff,0xff,0xd3,0x00,0x00,0x00,0x00,0x00,0x00,
    0x00,0x00,0x00,0x00,0x51,0xff,0xff,0xff,0xff,0xff,0xff,0xff,0xff,0xff,0xfb,0x7a,
    0x10,0x00,0x00,0x00,0x00,0xf2,0xff,0xff,0xdc,0x00,0x00,0x00,0x00,0x00,0x00,0x1a,
    0xac,0xff,0xff,0xff,0xff,0xff,0xff,0xff,0xff,0xff,0xff,0xff,0xff,0x1d,0x00,0xfa,
    0xff,0xff,0xff,0xff,0xff,0xff,0xa5,0x00,0x00,0x00,0x00,0x00,0x00,0x00,0x00,0x00,
    0x00,0x90,0xff,0xff,0xff,0xff,0xff,0xff,0xff,0xff,0xef,0x43,0x00,0x00,0x00,0x00,
    0x00,0x00,0xc9,0xff,0xff,0xfd,0x09,0x00,0x00,0x00,0x00,0x00,0x00,0x00,0x6b,0xfd,
    0xff,0xff,0xff,0xff,0xff,0xff,0xff,0xff,0xff,0xff,0x64,0x00,0xef,0xff,0xff,0xff,
    0xff,0xff,0xff,0x7b,0x00,0x00,0x00,0x00,0x00,0x00,0x00,0x00,0x00,0x00,0xba,0xff,
    0xff,0xff,0xff,0xff,0xff,0xff,0xdc,0x27,0x00,0x00,0x00,0x00,0x00,0x00,0x00,0x9f,
    0xff,0xff,0xff,0x32,0x00,0x00,0x00,0x00,0x00,0x00,0x00,0x00,0x57,0xfa,0xff,0xff,
    0xff,0xff,0xff,0xff,0xff,0xff,0xff,0xac,0x00,0xe5,0xff,0xff,0xff,0xff,0xff,0xff,
    0x65,0x00,0x00,0x00,0x00,0x00,0x00,0x00,0x00,0x00,0x00,0xcf,0xff,0xff,0xff,0xff,
    0xff,0xff,0xf5,0x28,0x00,0x00,0x00,0x00,0x00,0x00,0x00,0x00,0x75,0xff,0xff,0xff,
    0x5d,0x00,0x00,0x00,0x00,0x00,0x00,0x00,0x00,0x00,0x71,0xff,0xff,0xff,0xff,0xff,
    0xff,0xff,0xff,0xff,0xf0,0x00,0xce,0xff,0xff,0xff,0xff,0xff,0xff,0x56,0x00,0x00,
    0x00,0x00,0x00,0x00,0x00,0x00,0x00,0x00,0xe3,0xff,0xff,0xff,0xff,0xff,0xff,0x74,
    0x00,0x00,0x00,0x00,0x00,0x00,0x00,0x00,0x00,0x4a,0xff,0xff,0xff,0x88,0x00,0x00,
    0x00,0x00,0x00,0x00,0x00,0x00,0x00,0x00,0xaf,0xff,0xff,0xff,0xff,0xff,0xff,0xff,
    0xff,0xff,0x10,0xac,0xff,0xff,0xff,0xff,0xff,0xff,0x47,0x00,0x00,0x00,0x00,0x00,
    0x00,0x00,0x00,0x00,0x00,0xe1,0xff,0xff,0xff,0xff,0xff,0xec,0x0b,0x00,0x00,0x00,
    0x00,0x00,0x00,0x00,0x00,0x00,0x20,0xff,0xff,0xff,0xb3,0x00,0x00,0x00,0x00,0x00,
    0x00,0x00,0x00,0x00,0x00,0x17,0xf6,0xff,0xff,0xff,0xff,0xff,0xff,0xff,0xff,0x27,
    0x8b,0xff,0xff,0xff,0xff,0xff,0xff,0x38,0x00,0x00,0x00,0x00,0x00,0x00,0x00,0x00,
    0x00,0x00,0xd1,0xff,0xff,0xff,0xff,0xff,0x99,0x00,0x00,0x00,0x00,0x00,0x00,0x00,
    0x00,0x00,0x00,0x01,0xf5,0xff,0xff,0xde,0x00,0x00,0x00,0x00,0x00,0x00,0x00,0x00,
    0x00,0x00,0x00,0x8d,0xff,0xff,0xff,0xff,0xff,0xff,0xff,0xff,0x3e,0x5b,0xff,0xff,
    0xff,0xff,0xff,0xff,0x3a,0x00,0x00,0x00,0x00,0x00,0x00,0x00,0x00,0x00,0x00,0xc0,
    0xff,0xff,0xff,0xff,0xff,0x57,0x00,0x00,0x00,0x00,0x00,0x00,0x00,0x00,0x00,0x00,
    0x00,0xcc,0xff,0xff,0xfe,0x0b,0x00,0x00,0x00,0x00,0x00,0x00,0x00,0x00,0x00,0x00,
    0x17,0xfc,0xff,0xff,0xff,0xff,0xff,0xff,0xff,0x55,0x23,0xff,0xff,0xff,0xff,0xff,
    0xff,0x53,0x00,0x00,0x00,0x00,0x00,0x00,0x00,0x00,0x00,0x00,0x99,0xff,0xff,0xff,
    0xff,0xff,0x34,0x00,0x00,0x00,0x00,0x00,0x00,0x00,0x00,0x00,0x00,0x00,0xa2,0xff,
    0xff,0xff,0x35,0x00,0x00,0x00,0x00,0x00,0x00,0x00,0x00,0x00,0x00,0x00,0xc4,0xff,
    0xff,0xff,0xff,0xff,0xff,0xff,0x54,0x00,0xea,0xff,0xff,0xff,0xff,0xff,0x6d,0x00,
    0x00,0x00,0x00,0x00,0x00,0x00,0x00,0x00,0x00,0x65,0xff,0xff,0xff,0xff,0xff,0x22,
    0x00,0x00,0x00,0x00,0x00,0x00,0x00,0x00,0x00,0x00,0x00,0x78,0xff,0xff,0xff,0x60,
    0x00,0x00,0x00,0x00,0x00,0x00,0x00,0x00,0x00,0x00,0x00,0x7a,0xff,0xff,0xff,0xff,
    0xff,0xff,0xff,0x41,0x00,0xa0,0xff,0xff,0xff,0xff,0xff,0x87,0x00,0x00,0x00,0x00,
    0x00,0x00,0x00,0x00,0x00,0x00,0x2d,0xff,0xff,0xff,0xff,0xff,0x3c,0x00,0x00,0x00,
    0x00,0x00,0x00,0x00,0x00,0x00,0x00,0x00,0x4e,0xff,0xff,0xff,0x8b,0x00,0x00,0x00,
    0x00,0x00,0x00,0x00,0x00,0x00,0x00,0x00,0x40,0xff,0xff,0xff,0xff,0xff,0xff,0xff,
    0x2d,0x00,0x4f,0xff,0xff,0xff,0xff,0xff,0xa5,0x00,0x00,0x00,0x00,0x00,0x00,0x00,
    0x00,0x00,0x00,0x00,0xd8,0xff,0xff,0xff,0xff,0x64,0x00,0x00,0x00,0x00,0x00,0x00,
    0x00,0x00,0x00,0x00,0x00,0x24,0xff,0xff,0xff,0xb6,0x00,0x00,0x00,0x00,0x00,0x00,
    0x00,0x00,0x00,0x00,0x00,0x27,0xff,0xff,0xff,0xff,0xff,0xff,0xff,0x19,0x00,0x09,
    0xf1,0xff,0xff,0xff,0xff,0xe8,0x02,0x00,0x00,0x00,0x00,0x00,0x00,0x00,0x00,0x00,
    0x00,0x7b,0xff,0xff,0xff,0xff,0x8f,0x00,0x00,0x00,0x00,0x00,0x00,0x00,0x00,0x00,
    0x00,0x00,0x02,0xf7,0xff,0xff,0xe1,0x00,0x00,0x00,0x00,0x00,0x00,0x00,0x00,0x00,
    0x00,0x00,0x0f,0xff,0xff,0xff,0xff,0xff,0xff,0xe7,0x00,0x00,0x00,0x92,0xff,0xff,
    0xff,0xff,0xff,0x3e,0x00,0x00,0x00,0x00,0x00,0x00,0x00,0x00,0x00,0x00,0x17,0xf3,
    0xff,0xff,0xff,0xea,0x0a,0x00,0x00,0x00,0x00,0x00,0x00,0x00,0x00,0x00,0x00,0x00,
    0xd0,0xff,0xff,0xff,0x0d,0x00,0x00,0x00,0x00,0x00,0x00,0x00,0x00,0x00,0x00,0x07,
    0xff,0xff,0xff,0xff,0xff,0xff,0xac,0x00,0x00,0x00,0x27,0xfe,0xff,0xff,0xff,0xff,
    0x92,0x00,0x00,0x00,0x00,0x00,0x00,0x00,0x00,0x00,0x00,0x00,0x7d,0xff,0xff,0xff,
    0xff,0x6f,0x00,0x00,0x00,0x00,0x00,0x00,0x00,0x00,0x00,0x00,0x00,0xa6,0xff,0xff,
    0xff,0x37,0x00,0x00,0x00,0x00,0x00,0x00,0x00,0x00,0x00,0x00,0x1a,0xff,0xff,0xff,
    0xff,0xff,0xff,0x71,0x00,0x00,0x00,0x00,0xb1,0xff,0xff,0xff,0xff,0xe5,0x02,0x00,
    0x00,0x00,0x00,0x00,0x00,0x00,0x00,0x00,0x00,0x0a,0xd8,0xff,0xff,0xff,0xe4,0x11,
    0x00,0x00,0x00,0x00,0x00,0x00,0x00,0x00,0x00,0x00,0x7c,0xff,0xff,0xff,0x62,0x00,
    0x00,0x00,0x00,0x00,0x00,0x00,0x00,0x00,0x00,0x38,0xff,0xff,0xff,0xff,0xff,0xff,
    0x29,0x00,0x00,0x00,0x00,0x2a,0xfc,0xff,0xff,0xff,0xff,0x66,0x00,0x00,0x00,0x00,
    0x00,0x00,0x00,0x00,0x00,0x00,0x00,0x2a,0xf4,0xff,0xff,0xff,0xc2,0x07,0x00,0x00,
    0x00,0x00,0x00,0x00,0x00,0x00,0x00,0x52,0xff,0xff,0xff,0x8d,0x00,0x00,0x00,0x00,
    0x00,0x00,0x00,0x00,0x00,0x00,0x70,0xff,0xff,0xff,0xff,0xff,0xc2,0x00,0x00,0x00,
    0x00,0x00,0x00,0x9b,0xff,0xff,0xff,0xff,0xec,0x13,0x00,0x00,0x00,0x00,0x00,0x00,
    0x00,0x00,0x00,0x00,0x00,0x4a,0xf6,0xff,0xff,0xff,0xab,0x04,0x00,0x00,0x00,0x00,
    0x00,0x00,0x00,0x00,0x28,0xff,0xff,0xff,0xb8,0x00,0x00,0x00,0x00,0x00,0x00,0x00,
    0x00,0x00,0x00,0xb6,0xff,0xff,0xff,0xff,0xff,0x5b,0x00,0x00,0x00,0x00,0x00,0x00,
    0x11,0xe6,0xff,0xff,0xff,0xff,0x99,0x00,0x00,0x00,0x00,0x00,0x00,0x00,0x00,0x00,
    0x00,0x00,0x00,0x3c,0xef,0xff,0xff,0xff,0xd0,0x36,0x00,0x00,0x00,0x00,0x00,0x00,
    0x00,0x04,0xfa,0xff,0xff,0xe3,0x00,0x00,0x00,0x00,0x00,0x00,0x00,0x00,0x00,0x1c,
    0xfc,0xff,0xff,0xff,0xff,0xe4,0x07,0x00,0x00,0x00,0x00,0x00,0x00,0x00,0x4a,0xff,
    0xff,0xff,0xff,0xfd,0x3d,0x00,0x00,0x00,0x00,0x00,0x00,0x00,0x00,0x00,0x00,0x00,
    0x00,0x1c,0xb4,0xff,0xff,0xff,0xfd,0x95,0x17,0x00,0x00,0x00,0x00,0x00,0x00,0xd4,
    0xff,0xff,0xff,0x0f,0x00,0x00,0x00,0x00,0x00,0x00,0x00,0x00,0x8e,0xff,0xff,0xff,
    0xff,0xff,0x56,0x00,0x00,0x00,0x00,0x00,0x00,0x00,0x00,0x00,0x8d,0xff,0xff,0xff,
    0xff,0xef,0x31,0x00,0x00,0x00,0x00,0x00,0x00,0x00,0x00,0x00,0x00,0x00,0x00,0x00,
    0x4a,0xbb,0xff,0xff,0xff,0xc7,0x00,0x00,0x00,0x00,0x00,0x00,0xaa,0xff,0xff,0xff,
    0x3a,0x00,0x00,0x00,0x00,0x00,0x00,0x00,0x26,0xfa,0xff,0xff,0xff,0xff,0xbd,0x00,
    0x00,0x00,0x00,0x00,0x00,0x00,0x00,0x00,0x00,0x02,0xb2,0xff,0xff,0xff,0xff,0xeb,
    0x29,0x00,0x00,0x00,0x00,0x00,0x00,0x00,0x00,0x00,0x00,0x00,0x00,0x00,0x00,0x26,
    0x74,0xa1,0x5f,0x00,0x00,0x00,0x00,0x00,0x00,0x80,0xff,0xff,0xff,0x65,0x00,0x00,
    0x00,0x00,0x00,0x00,0x10,0xd3,0xff,0xff,0xff,0xff,0xf1,0x26,0x00,0x00,0x00,0x00,
    0x00,0x00,0x00,0x00,0x00,0x00,0x00,0x0c,0xc8,0xff,0xff,0xff,0xff,0xe5,0x28,0x00,
    0x00,0x00,0x00,0x00,0x00,0x00,0x00,0x00,0x00,0x00,0x00,0x00,0x00,0x00,0x00,0x00,
    0x00,0x00,0x00,0x00,0x00,0x00,0x55,0xff,0xff,0xff,0x90,0x00,0x00,0x00,0x00,0x00,
    0x07,0xc0,0xff,0xff,0xff,0xff,0xfc,0x48,0x00,0x00,0x00,0x00,0x00,0x00,0x00,0x00,
    0x00,0x00,0x00,0x00,0x00,0x0d,0xc1,0xff,0xff,0xff,0xff,0xf5,0x6b,0x01,0x00,0x00,
    0x00,0x00,0x00,0x00,0x00,0x00,0x00,0x00,0x00,0x00,0x00,0x00,0x00,0x00,0x00,0x00,
    0x00,0x00,0x00,0x2b,0xff,0xff,0xff,0xbb,0x00,0x00,0x00,0x00,0x02,0xa9,0xff,0xff,
    0xff,0xff,0xff,0x70,0x00,0x00,0x00,0x00,0x00,0x00,0x00,0x00,0x00,0x00,0x00,0x00,
    0x00,0x00,0x00,0x09,0xb1,0xff,0xff,0xff,0xff,0xff,0xbb,0x1d,0x00,0x00,0x00,0x00,
    0x00,0x00,0x00,0x00,0x00,0x00,0x00,0x00,0x00,0x00,0x00,0x00,0x00,0x00,0x00,0x00,
    0x06,0xfb,0xff,0xff,0xe6,0x00,0x00,0x00,0x27,0xc6,0xff,0xff,0xff,0xff,0xfe,0x75,
    0x00,0x00,0x00,0x00,0x00,0x00,0x00,0x00,0x00,0x00,0x00,0x00,0x00,0x00,0x00,0x00,
    0x00,0x01,0x78,0xfc,0xff,0xff,0xff,0xff,0xf0,0x7f,0x18,0x00,0x00,0x00,0x00,0x00,
    0x00,0x00,0x00,0x00,0x00,0x00,0x00,0x00,0x00,0x00,0x00,0x00,0x00,0x00,0xd7,0xff,
    0xff,0xff,0x13,0x02,0x72,0xf7,0xff,0xff,0xff,0xff,0xf9,0x59,0x00,0x00,0x00,0x00,
    0x00,0x00,0x00,0x00,0x00,0x00,0x00,0x00,0x00,0x00,0x00,0x00,0x00,0x00,0x00,0x00,
    0x3e,0xd9,0xff,0xff,0xff,0xff,0xff,0xf9,0xa4,0x36,0x00,0x00,0x00,0x00,0x00,0x00,
    0x00,0x00,0x00,0x00,0x00,0x00,0x00,0x00,0x00,0x00,0x00,0xad,0xff,0xff,0xff,0xa1,
    0xcd,0xff,0xff,0xff,0xff,0xff,0xdb,0x3b,0x00,0x00,0x00,0x00,0x00,0x00,0x00,0x00,
    0x00,0x00,0x00,0x00,0x00,0x00,0x00,0x00,0x00,0x00,0x00,0x00,0x00,0x00,0x06,0x7b,
    0xf6,0xff,0xff,0xff,0xff,0xff,0xff,0xd1,0x91,0x55,0x1a,0x00,0x00,0x00,0x00,0x00,
    0x00,0x00,0x00,0x00,0x00,0x00,0x00,0x00,0x93,0xff,0xff,0xff,0xff,0xff,0xff,0xff,
    0xff,0xfd,0x8f,0x0a,0x00,0x00,0x00,0x00,0x00,0x00,0x00,0x00,0x00,0x00,0x00,0x00,
    0x00,0x00,0x00,0x00,0x00,0x00,0x00,0x00,0x00,0x00,0x00,0x00,0x00,0x19,0x8a,0xf2,
    0xff,0xff,0xff,0xff,0xff,0xff,0xff,0xff,0xdd,0xa7,0x90,0x7d,0x6b,0x58,0x46,0x40,
    0x4b,0x59,0x75,0x98,0xc4,0xfc,0xff,0xff,0xff,0xff,0xff,0xff,0xfe,0xb2,0x34,0x00,
    0x00,0x00,0x00,0x00,0x00,0x00,0x00,0x00,0x00,0x00,0x00,0x00,0x00,0x00,0x00,0x00,
    0x00,0x00,0x00,0x00,0x00,0x00,0x00,0x00,0x00,0x00,0x00,0x00,0x10,0x72,0xcd,0xff,
    0xff,0xff,0xff,0xff,0xff,0xff,0xff,0xff,0xff,0xff,0xff,0xff,0xff,0xff,0xff,0xff,
    0xff,0xff,0xff,0xff,0xff,0xff,0xff,0xfb,0xa6,0x2d,0x00,0x00,0x00,0x00,0x00,0x00,
    0x00,0x00,0x00,0x00,0x00,0x00,0x00,0x00,0x00,0x00,0x00,0x00,0x00,0x00,0x00,0x00,
    0x00,0x00,0x00,0x00,0x00,0x00,0x00,0x00,0x00,0x00,0x00,0x00,0x26,0x7b,0xbc,0xf4,
    0xff,0xff,0xff,0xff,0xff,0xff,0xff,0xff,0xff,0xff,0xff,0xff,0xff,0xff,0xff,0xff,
    0xff,0xff,0xff,0xff,0x2a,0x00,0x00,0x00,0x00,0x00,0x00,0x00,0x00,0x00,0x00,0x00,
    0x00,0x00,0x00,0x00,0x00,0x00,0x00,0x00,0x00,0x00,0x00,0x00,0x00,0x00,0x00,0x00,
    0x00,0x00,0x00,0x00,0x00,0x00,0x00,0x00,0x00,0x00,0x00,0x00,0x04,0x34,0x64,0x86,
    0xa9,0xcb,0xdc,0xe7,0xf2,0xfc,0xf8,0xee,0xe3,0xcc,0xaa,0x87,0x67,0xeb,0xff,0xff,
    0xff,0x22,0x00,0x00,0x00,0x00,0x00,0x00,0x00,0x00,0x00,0x00,0x00,0x00,0x00,0x00,
    0x00,0x00,0x00,0x00,0x00,0x00,0x00,0x00,0x00,0x00,0x00,0x00,0x00,0x00,0x00,0x00,
    0x00,0x00,0x00,0x00,0x00,0x00,0x00,0x00,0x00,0x00,0x00,0x00,0x00,0x00,0x00,0x00,
    0x00,0x00,0x00,0x00,0x00,0x00,0x00,0x00,0x00,0x00,0xa7,0xff,0xff,0xff,0x4e,0x00,
    0x00,0x00,0x00,0x00,0x00,0x00,0x00,0x00,0x00,0x00,0x00,0x00,0x00,0x00,0x00,0x00,
    0x00,0x00,0x00,0x00,0x00,0x00,0x00,0x00,0x00,0x00,0x00,0x00,0x00,0x00,0x00,0x00,
    0x00,0x00,0x00,0x00,0x00,0x00,0x00,0x00,0x00,0x00,0x00,0x00,0x00,0x00,0x00,0x00,
    0x00,0x00,0x00,0x00,0x00,0x00,0x00,0x79,0xff,0xff,0xff,0x7c,0x00,0x00,0x00,0x00,
    0x00,0x00,0x00,0x00,0x00,0x00,0x00,0x00,0x00,0x00,0x00,0x00,0x00,0x00,0x00,0x00,
    0x00,0x00,0x00,0x00,0x00,0x00,0x00,0x00,0x00,0x00,0x00,0x00,0x00,0x00,0x00,0x00,
    0x00,0x00,0x00,0x00,0x00,0x00,0x00,0x00,0x00,0x00,0x00,0x00,0x00,0x00,0x00,0x00,
    0x00,0x00,0x00,0x00,0x4c,0xff,0xff,0xff,0xa9,0x00,0x00,0x00,0x00,0x00,0x00,0x00,
    0x00,0x00,0x00,0x00,0x00,0x00,0x00,0x00,0x00,0x00,0x00,0x00,0x00,0x00,0x00,0x00,
    0x00,0x00,0x00,0x00,0x00,0x00,0x00,0x00,0x00,0x00,0x00,0x00,0x00,0x00,0x00,0x00,
    0x00,0x00,0x00,0x00,0x00,0x00,0x00,0x00,0x00,0x00,0x00,0x00,0x00,0x00,0x00,0x00,
    0x00,0x1f,0xff,0xff,0xff,0xd7,0x00,0x00,0x00,0x00,0x00,0x00,0x00,0x00,0x00,0x00,
    0x00,0x00,0x00,0x00,0x00,0x00,0x00,0x00,0x00,0x00,0x00,0x00,0x00,0x00,0x00,0x00,
    0x00,0x00,0x00,0x00,0x00,0x00,0x00,0x00,0x00,0x00,0x00,0x00,0x00,0x00,0x00,0x00,
    0x00,0x00,0x00,0x00,0x00,0x00,0x00,0x00,0x00,0x00,0x00,0x00,0x00,0x00,0x00,0xf1,
    0xff,0xff,0xfc,0x07,0x00,0x00,0x00,0x00,0x00,0x00,0x00,0x00,0x00,0x00,0x00,0x00,
    0x00,0x00,0x00,0x00,0x00,0x00,0x00,0x00,0x00,0x00,0x00,0x00,0x00,0x00,0x00,0x00,
    0x00,0x00,0x00,0x00,0x00,0x00,0x00,0x00,0x00,0x00,0x00,0x00,0x00,0x00,0x00,0x00,
    0x00,0x00,0x00,0x00,0x00,0x00,0x00,0x00,0x00,0x00,0x00,0x00,0xc7,0xff,0xff,0xff,
    0x2d,0x00,0x00,0x00,0x00,0x00,0x00,0x00,0x00,0x00,0x00,0x00,0x00,0x00,0x00,0x00,
    0x00,0x00,0x00,0x00,0x00,0x00,0x00,0x00,0x00,0x00,0x00,0x00,0x00,0x00,0x00,0x00,
    0x00,0x00,0x00,0x00,0x00,0x00,0x00,0x00,0x00,0x00,0x00,0x00,0x00,0x00,0x00,0x00,
    0x00,0x00,0x00,0x00,0x00,0x00,0x00,0x00,0x00,0x9e,0xff,0xff,0xff,0x58,0x00,0x00,
    0x00,0x00,0x00,0x00,0x00,0x00,0x00,0x00,0x00,0x00,0x00,0x00,0x00,0x00,0x00,0x00,
    0x00,0x00,0x00,0x00,0x00,0x00,0x00,0x00,0x00,0x00,0x00,0x00,0x00,0x00,0x00,0x00,
    0x00,0x00,0x00,0x00,0x00,0x00,0x00,0x00,0x00,0x00,0x00,0x00,0x00,0x00,0x00,0x00,
    0x00,0x00,0x00,0x00,0x00,0x00,0x75,0xff,0xff,0xff,0x83,0x00,0x00,0x00,0x00,0x00,
    0x00,0x00,0x00,0x00,0x00,0x00,0x00,0x00,0x00,0x00,0x00,0x00,0x00,0x00,0x00,0x00,
    0x00,0x00,0x00,0x00,0x00,0x00,0x00,0x00,0x00,0x00,0x00,0x00,0x00,0x00,0x00,0x00,
    0x00,0x00,0x00,0x00,0x00,0x00,0x00,0x00,0x00,0x00,0x00,0x00,0x00,0x00,0x00,0x00,
    0x00,0x00,0x00,0x4c,0xff,0xff,0xff,0xad,0x00,0x00,0x00,0x00,0x00,0x00,0x00,0x00,
    0x00,0x00,0x00,0x00,0x00,0x00,0x00,0x00,0x00,0x00,0x00,0x00,0x00,0x00,0x00,0x00,
    0x00,0x00,0x00,0x00,0x00,0x00,0x00,0x00,0x00,0x00,0x00,0x00,0x00,0x00,0x00,0x00,
    0x00,0x00,0x00,0x00,0x00,0x00,0x00,0x00,0x00,0x00,0x00,0x00,0x00,0x00,0x00,0x00,
    0x24,0xff,0xff,0xff,0xd4,0x00,0x00,0x00,0x00,0x00,0x00,0x00,0x00,0x00,0x00,0x00,
    0x00,0x00,0x00,0x00,0x00,0x00,0x00,0x00,0x00,0x00,0x00,0x00,0x00,0x00,0x00,0x00,
    0x00,0x00,0x00,0x00,0x00,0x00,0x00,0x00,0x00,0x00,0x00,0x00,0x00,0x00,0x00,0x00,
    0x00,0x00,0x00,0x00,0x00,0x00,0x00,0x00,0x00,0x00,0x00,0x00,0x00,0x04,0xfb,0xff,
    0xff,0xf5,0x00,0x00,0x00,0x00,0x00,0x00,0x00,0x00,0x00,0x00,0x00,0x00,0x00,0x00,
    0x00,0x00,0x00,0x00,0x00,0x00,0x00,0x00,0x00,0x00,0x00,0x00,0x00,0x00,0x00,0x00,
    0x00,0x00,0x00,0x18,0x5c,0x79,0x8d,0x7a,0x58,0x11,0x00,0x00,0x00,0x00,0x00,0x00,
    0x00,0x00,0x00,0x00,0x00,0x00,0x00,0x00,0x00,0x00,0x00,0xdf,0xff,0xff,0xff,0x17,
    0x00,0x00,0x00,0x00,0x00,0x00,0x00,0x00,0x00,0x00,0x00,0x00,0x00,0x00,0x00,0x00,
    0x00,0x00,0x00,0x00,0x00,0x00,0x00,0x00,0x00,0x00,0x00,0x00,0x00,0x00,0x33,0xbd,
    0xfd,0xff,0xff,0xff,0xff,0xff,0xfb,0xa4,0x1c,0x00,0x00,0x00,0x00,0x00,0x00,0x00,
    0x00,0x00,0x00,0x00,0x00,0x00,0x00,0x00,0xbf,0xff,0xff,0xff,0x39,0x00,0x00,0x00,
    0x00,0x00,0x00,0x00,0x00,0x00,0x00,0x00,0x00,0x00,0x00,0x00,0x00,0x00,0x00,0x00,
    0x00,0x00,0x00,0x00,0x00,0x00,0x00,0x00,0x00,0x00,0x80,0xfd,0xff,0xff,0xff,0xff,
    0xff,0xff,0xff,0xff,0xff,0xf0,0x3e,0x00,0x00,0x00,0x00,0x00,0x00,0x00,0x00,0x00,
    0x00,0x00,0x00,0x00,0x00,0x9e,0xff,0xff,0xff,0x5b,0x00,0x00,0x00,0x00,0x00,0x00,
    0x00,0x00,0x00,0x00,0x00,0x00,0x00,0x00,0x00,0x00,0x00,0x00,0x00,0x00,0x00,0x00,
    0x00,0x00,0x00,0x00,0x00,0x00,0x8b,0xff,0xff,0xff,0xff,0xff,0xff,0xff,0xff,0xff,
    0xff,0xff,0xff,0xf6,0x2c,0x00,0x00,0x00,0x00,0x00,0x00,0x00,0x00,0x00,0x00,0x00,
    0x00,0x00,0x7f,0xff,0xff,0xff,0x79,0x00,0x00,0x00,0x00,0x00,0x00,0x00,0x00,0x00,
    0x00,0x00,0x00,0x00,0x00,0x00,0x00,0x00,0x00,0x00,0x00,0x00,0x00,0x00,0x00,0x00,
    0x00,0x00,0x4e,0xff,0xff,0xff,0xff,0xff,0xff,0xff,0xff,0xff,0xff,0xff,0xff,0xff,
    0xff,0xd1,0x02,0x00,0x00,0x00,0x00,0x00,0x00,0x00,0x00,0x00,0x00,0x00,0x00,0x69,
    0xff,0xff,0xff,0x8e,0x00,0x00,0x00,0x00,0x00,0x00,0x00,0x00,0x00,0x00,0x00,0x00,
    0x00,0x00,0x00,0x00,0x00,0x00,0x00,0x00,0x00,0x00,0x00,0x00,0x00,0x00,0x04,0xe0,
    0xff,0xff,0xff,0xff,0xff,0xff,0xff,0xff,0xff,0xff,0xff,0xff,0xff,0xff,0xff,0x50,
    0x00,0x00,0x00,0x00,0x00,0x00,0x00,0x00,0x00,0x00,0x00,0x00,0x55,0xff,0xff,0xff,
    0xa1,0x00,0x00,0x00,0x00,0x00,0x00,0x00,0x00,0x00,0x00,0x00,0x00,0x00,0x00,0x00,
    0x00,0x00,0x00,0x00,0x00,0x00,0x00,0x00,0x00,0x00,0x00,0x5a,0xff,0xff,0xff,0xff,
    0xff,0xff,0xff,0xff,0xff,0xff,0xff,0xff,0xff,0xff,0xff,0xff,0xad,0x00,0x00,0x00,
    0x00,0x00,0x00,0x00,0x00,0x00,0x00,0x00,0x00,0x4a,0xff,0xff,0xff,0xab,0x00,0x00,
    0x00,0x00,0x00,0x00,0x00,0x00,0x00,0x00,0x00,0x00,0x00,0x00,0x00,0x00,0x00,0x00,
    0x00,0x00,0x00,0x00,0x00,0x00,0x00,0x00,0xaa,0xff,0xff,0xff,0xff,0xff,0xff,0xff,
    0xff,0xff,0xff,0xff,0xff,0xff,0xff,0xff,0xff,0xed,0x00,0x00,0x00,0x00,0x00,0x00,
    0x00,0x00,0x00,0x00,0x00,0x00,0x48,0xff,0xff,0xff,0xb0,0x00,0x00,0x00,0x00,0x00,
    0x00,0x00,0x00,0x00,0x00,0x00,0x00,0x00,0x00,0x00,0x00,0x00,0x00,0x00,0x00,0x00,
    0x00,0x00,0x00,0x00,0x00,0xe9,0xff,0xff,0xff,0xff,0xff,0xff,0xff,0xff,0xff,0xff,
    0xff,0xff,0xff,0xff,0xff,0xff,0xff,0x0d,0x00,0x00,0x00,0x00,0x00,0x00,0x00,0x00,
    0x00,0x00,0x00,0x53,0xff,0xff,0xff,0xa4,0x00,0x00,0x00,0x00,0x00,0x00,0x00,0x00,
    0x00,0x00,0x00,0x00,0x00,0x00,0x00,0x00,0x00,0x00,0x00,0x00,0x00,0x00,0x00,0x00,
    0x00,0x07,0xff,0xff,0xff,0xff,0xff,0xff,0xff,0xff,0xff,0xff,0xff,0xff,0xff,0xff,
    0xff,0xff,0xff,0xff,0x1e,0x00,0x00,0x00,0x00,0x00,0x00,0x00,0x00,0x00,0x00,0x00,
    0x61,0xff,0xff,0xff,0x97,0x00,0x00,0x00,0x00,0x00,0x00,0x00,0x00,0x00,0x00,0x00,
    0x00,0x00,0x00,0x00,0x00,0x00,0x00,0x00,0x00,0x00,0x00,0x00,0x00,0x00,0x1a,0xff,
    0xff,0xff,0xff,0xff,0xff,0xff,0xff,0xff,0xff,0xff,0xff,0xff,0xff,0xff,0xff,0xff,
    0xff,0x0e,0x00,0x00,0x00,0x00,0x00,0x00,0x00,0x00,0x00,0x00,0x00,0x81,0xff,0xff,
    0xff,0x7f,0x00,0x00,0x00,0x00,0x00,0x00,0x00,0x00,0x00,0x00,0x00,0x00,0x00,0x00,
    0x00,0x00,0x00,0x00,0x00,0x00,0x00,0x00,0x00,0x00,0x00,0x10,0xff,0xff,0xff,0xff,
    0xff,0xff,0xff,0xff,0xff,0xff,0xff,0xff,0xff,0xff,0xff,0xff,0xff,0xef,0x00,0x00,
    0x00,0x00,0x00,0x00,0x00,0x00,0x00,0x00,0x00,0x00,0xa8,0xff,0xff,0xff,0x56,0x00,
    0x00,0x00,0x00,0x00,0x00,0x00,0x00,0x00,0x00,0x00,0x00,0x00,0x00,0x00,0x00,0x00,
    0x00,0x00,0x00,0x00,0x00,0x00,0x00,0x00,0x01,0xfb,0xff,0xff,0xff,0xff,0xff,0xff,
    0xff,0xff,0xff,0xff,0xff,0xff,0xff,0xff,0xff,0xff,0xb0,0x00,0x00,0x00,0x00,0x00,
    0x00,0x00,0x00,0x00,0x00,0x00,0x03,0xec,0xff,0xff,0xff,0x2a,0x00,0x00,0x00,0x00,
    0x00,0x00,0x00,0x00,0x00,0x00,0x00,0x00,0x00,0x00,0x00,0x00,0x00,0x00,0x00,0x00,
    0x00,0x00,0x00,0x00,0x00,0x00,0xd3,0xff,0xff,0xff,0xff,0xff,0xff,0xff,0xff,0xff,
    0xff,0xff,0xff,0xff,0xff,0xff,0xff,0x3e,0x00,0x00,0x00,0x00,0x00,0x00,0x00,0x00,
    0x00,0x00,0x00,0x41,0xff,0xff,0xff,0xe6,0x00,0x00,0x00,0x00,0x00,0x00,0x00,0x00,
    0x00,0x00,0x00,0x00,0x00,0x00,0x00,0x00,0x00,0x00,0x00,0x00,0x00,0x00,0x00,0x00,
    0x00,0x00,0x00,0x96,0xff,0xff,0xff,0xff,0xff,0xff,0xff,0xff,0xff,0xff,0xff,0xff,
    0xff,0xff,0xff,0xa9,0x00,0x00,0x00,0x00,0x00,0x00,0x00,0x00,0x00,0x00,0x00,0x00,
    0x92,0xff,0xff,0xff,0x9d,0x00,0x00,0x00,0x00,0x00,0x00,0x00,0x00,0x00,0x00,0x00,
    0x00,0x00,0x00,0x00,0x00,0x00,0x00,0x00,0x00,0x00,0x00,0x00,0x00,0x00,0x00,0x00,
    0x50,0xff,0xff,0xff,0xff,0xff,0xff,0xff,0xff,0xff,0xff,0xff,0xff,0xff,0xff,0xd9,
    0x1b,0x00,0x00,0x00,0x00,0x00,0x00,0x00,0x00,0x00,0x00,0x00,0x16,0xee,0xff,0xff,
    0xff,0x39,0x00,0x00,0x00,0x00,0x00,0x00,0x00,0x00,0x00,0x00,0x00,0x00,0x00,0x00,
    0x00,0x00,0x00,0x00,0x00,0x00,0x00,0x00,0x00,0x00,0x00,0x00,0x00,0x03,0xe1,0xff,
    0xff,0xff,0xff,0xff,0xff,0xff,0xff,0xff,0xff,0xff,0xff,0xbd,0x11,0x00,0x00,0x00,
    0x00,0x00,0x00,0x00,0x00,0x00,0x00,0x00,0x00,0xa5,0xff,0xff,0xff,0xc8,0x00,0x00,
    0x00,0x00,0x00,0x00,0x00,0x00,0x00,0x00,0x00,0x00,0x00,0x00,0x00,0x00,0x00,0x00,
    0x00,0x00,0x00,0x00,0x00,0x00,0x00,0x00,0x00,0x00,0x00,0x74,0xff,0xff,0xff,0xff,
    0xff,0xff,0xff,0xff,0xff,0xfe,0xbc,0x4e,0x02,0x00,0x00,0x00,0x00,0x00,0x00,0x00,
    0x00,0x00,0x00,0x00,0x00,0x4c,0xff,0xff,0xff,0xf9,0x2d,0x00,0x00,0x00,0x00,0x00,
    0x00,0x00,0x00,0x00,0x00,0x00,0x00,0x00,0x00,0x00,0x00,0x00,0x00,0x00,0x00,0x00,
    0x00,0x00,0x00,0x00,0x00,0x00,0x00,0x00,0x07,0xd0,0xff,0xff,0xff,0xff,0xff,0xff,
    0xe1,0x6f,0x1a,0x00,0x00,0x00,0x00,0x00,0x00,0x00,0x00,0x00,0x00,0x00,0x00,0x00,
    0x00,0x4f,0xf7,0xff,0xff,0xff,0x7b,0x00,0x00,0x00,0x00,0x00,0x00,0x00,0x00,0x00,
    0x00,0x00,0x00,0x00,0x00,0x00,0x00,0x00,0x00,0x00,0x00,0x00,0x00,0x00,0x00,0x00,
    0x00,0x00,0x00,0x00,0x00,0x00,0x2a,0xf7,0xff,0xff,0xff,0xff,0xff,0x59,0x00,0x00,
    0x00,0x00,0x00,0x00,0x00,0x00,0x00,0x00,0x00,0x00,0x00,0x00,0x04,0x70,0xfc,0xff,
    0xff,0xff,0xc7,0x04,0x00,0x00,0x00,0x00,0x00,0x00,0x00,0x00,0x00,0x00,0x00,0x00,
    0x00,0x00,0x00,0x00,0x00,0x00,0x00,0x00,0x00,0x00,0x00,0x00,0x00,0x00,0x00,0x00,
    0x00,0x00,0x00,0x00,0x4f,0xf7,0xff,0xff,0xff,0xff,0xd7,0x30,0x00,0x00,0x00,0x00,
    0x00,0x00,0x00,0x00,0x00,0x00,0x00,0x04,0x52,0xd8,0xff,0xff,0xff,0xff,0xbb,0x0d,
    0x00,0x00,0x00,0x00,0x00,0x00,0x00,0x00,0x00,0x00,0x00,0x00,0x00,0x00,0x00,0x00,
    0x00,0x00,0x00,0x00,0x00,0x00,0x00,0x00,0x00,0x00,0x00,0x00,0x00,0x00,0x00,0x00,
    0x00,0x00,0x3c,0xee,0xff,0xff,0xff,0xff,0xfb,0xb8,0x71,0x39,0x24,0x11,0x03,0x0a,
    0x18,0x3b,0x64,0xa2,0xee,0xff,0xff,0xff,0xff,0xff,0xa4,0x05,0x00,0x00,0x00,0x00,
    0x00,0x00,0x00,0x00,0x00,0x00,0x00,0x00,0x00,0x00,0x00,0x00,0x00,0x00,0x00,0x00,
    0x00,0x00,0x00,0x00,0x00,0x00,0x00,0x00,0x00,0x00,0x00,0x00,0x00,0x00,0x00,0x00,
    0x23,0xac,0xff,0xff,0xff,0xff,0xff,0xff,0xff,0xff,0xff,0xff,0xff,0xff,0xff,0xff,
    0xff,0xff,0xff,0xff,0xff,0xdd,0x55,0x00,0x00,0x00,0x00,0x00,0x00,0x00,0x00,0x00,
    0x00,0x00,0x00,0x00,0x00,0x00,0x00,0x00,0x00,0x00,0x00,0x00,0x00,0x00,0x00,0x00,
    0x00,0x00,0x00,0x00,0x00,0x00,0x00,0x00,0x00,0x00,0x00,0x00,0x00,0x00,0x00,0x38,
    0xbc,0xfc,0xff,0xff,0xff,0xff,0xff,0xff,0xff,0xff,0xff,0xff,0xff,0xff,0xff,0xff,
    0xd7,0x71,0x06,0x00,0x00,0x00,0x00,0x00,0x00,0x00,0x00,0x00,0x00,0x00,0x00,0x00,
    0x00,0x00,0x00,0x00,0x00,0x00,0x00,0x00,0x00,0x00,0x00,0x00,0x00,0x00,0x00,0x00,
    0x00,0x00,0x00,0x00,0x00,0x00,0x00,0x00,0x00,0x00,0x00,0x00,0x00,0x00,0x12,0x58,
    0xa1,0xde,0xf6,0xff,0xff,0xff,0xff,0xff,0xff,0xea,0xbc,0x83,0x2e,0x00,0x00,0x00,
    0x00,0x00,0x00,0x00,0x00,0x00,0x00,0x00,0x00,0x00,0x00,0x00,0x00,0x00,0x00,0x00,
    0x00,0x00,0x00,0x00,0x00,0x00,0x00,0x00,0x00,0x00,0x00,0x00,0x00,0x00,0x00,0x00,
    0x00,0x00,0x00,0x00,0x00,0x00,0x00,0x00,0x00,0x00,0x00,0x00,0x00,0x00,0x00,0x00,
    0x0b,0x21,0x36,0x38,0x29,0x15,0x00,0x00,0x00,0x00,0x00,0x00,0x00,0x00,0x00,0x00,
    0x00,0x00,0x00,0x00,0x00,0x00,0x00,0x00,0x00,0x00,0x00,0x00,0x00,0x00,0x00,0x00,
    0x00,0x00,0x00,0x00,0x00,0x00,0x00,0x00,0x00,0x00,0x00,0x00,0x00,0x00,0x28,0x54,
    0x7e,0xa9,0xca,0xd7,0xe4,0xf2,0xfb,0xed,0xdc,0xc9,0x9f,0x6e,0x3e,0x07,0x00,0x00,
    0x00,0x00,0x00,0x00,0x00,0x00,0x00,0x00,0x00,0x00,0x00,0x00,0x00,0x00,0x00,0x00,
    0x04,0x47,0x94,0xe1,0xff,0xff,0xff,0xff,0xff,0xff,0xff,0xff,0xff,0xff,0xff,0xff,
    0xff,0xff,0xff,0xf2,0xa9,0x5a,0x0a,0x00,0x00,0x00,0x00,0x00,0x00,0x00,0x00,0x00,
    0x00,0x00,0x00,0x00,0x08,0x68,0xde,0xff,0xff,0xff,0xff,0xcd,0x70,0x34,0x12,0x04,
    0x0a,0x2b,0x59,0xb8,0xfd,0xff,0xff,0xff,0xff,0xff,0xff,0xff,0xec,0x82,0x16,0x00,
    0x00,0x00,0x00,0x00,0x00,0x00,0x00,0x00,0x00,0x49,0xe5,0xff,0xff,0xff,0xff,0xfe,
    0x6d,0x02,0x00,0x00,0x00,0x00,0x00,0x00,0x00,0x00,0x27,0xc3,0xff,0xff,0xff,0xff,
    0xff,0xff,0xff,0xff,0xf7,0x79,0x04,0x00,0x00,0x00,0x00,0x00,0x00,0x04,0x8f,0xfe,
    0xff,0xff,0xff,0xff,0xff,0x98,0x00,0x00,0x00,0x00,0x00,0x00,0x00,0x00,0x00,0x00,
    0x00,0x01,0x7d,0xff,0xff,0xff,0xff,0xff,0xff,0xff,0xff,0xff,0xd0,0x2d,0x00,0x00,
    0x00,0x00,0x00,0xa0,0xff,0xff,0xff,0xff,0xff,0xff,0xf9,0x11,0x00,0x00,0x00,0x00,
    0x00,0x00,0x00,0x00,0x00,0x00,0x00,0x00,0x00,0x6c,0xff,0xff,0xff,0xff,0xff,0xff,
    0xff,0xff,0xff,0xef,0x38,0x00,0x00,0x00,0x7f,0xff,0xff,0xff,0xff,0xff,0xff,0xff,
    0xda,0x00,0x00,0x00,0x00,0x00,0x00,0x00,0x00,0x00,0x00,0x00,0x00,0x00,0x00,0x00,
    0x8e,0xff,0xff,0xff,0xff,0xff,0xff,0xff,0xff,0xff,0xf3,0x35,0x00,0x1a,0xf8,0xff,
    0xff,0xff,0xff,0xff,0xff,0xff,0xbf,0x00,0x00,0x00,0x00,0x00,0x00,0x00,0x00,0x00,
    0x00,0x00,0x00,0x00,0x00,0x00,0x05,0xcc,0xff,0xff,0xff,0xff,0xff,0xff,0xff,0xff,
    0xff,0xd1,0x04,0x8d,0xff,0xff,0xff,0xff,0xff,0xff,0xff,0xff,0xd0,0x00,0x00,0x00,
    0x00,0x00,0x00,0x00,0x00,0x00,0x00,0x00,0x00,0x00,0x00,0x00,0x00,0x3f,0xff,0xff,
    0xff,0xff,0xff,0xff,0xff,0xff,0xff,0xff,0x6a,0xc9,0xff,0xff,0xff,0xff,0xff,0xff,
    0xff,0xff,0xee,0x00,0x00,0x00,0x00,0x00,0x00,0x00,0x00,0x00,0x00,0x00,0x00,0x00,
    0x00,0x00,0x00,0x00,0xbc,0xff,0xff,0xff,0xff,0xff,0xff,0xff,0xff,0xff,0xb0,0xf1,
    0xff,0xff,0xff,0xff,0xff,0xff,0xff,0xff,0xff,0x31,0x00,0x00,0x00,0x00,0x00,0x00,
    0x00,0x00,0x00,0x00,0x00,0x00,0x00,0x00,0x00,0x00,0x5e,0xff,0xff,0xff,0xff,0xff,
    0xff,0xff,0xff,0xff,0xe4,0xed,0xff,0xff,0xff,0xff,0xff,0xff,0xff,0xff,0xff,0x83,
    0x00,0x00,0x00,0x00,0x00,0x00,0x00,0x00,0x00,0x00,0x00,0x00,0x00,0x00,0x00,0x00,
    0x12,0xfd,0xff,0xff,0xff,0xff,0xff,0xff,0xff,0xff,0xe6,0xd0,0xff,0xff,0xff,0xff,
    0xff,0xff,0xff,0xff,0xff,0xea,0x0b,0x00,0x00,0x00,0x00,0x00,0x00,0x00,0x00,0x00,
    0x00,0x00,0x00,0x00,0x00,0x00,0x00,0xe4,0xff,0xff,0xff,0xff,0xff,0xff,0xff,0xff,
    0xcc,0x95,0xff,0xff,0xff,0xff,0xff,0xff,0xff,0xff,0xff,0xff,0x7a,0x00,0x00,0x00,
    0x00,0x00,0x00,0x00,0x00,0x00,0x00,0x00,0x00,0x00,0x00,0x00,0x00,0xc9,0xff,0xff,
    0xff,0xff,0xff,0xff,0xff,0xff,0x99,0x36,0xff,0xff,0xff,0xff,0xff,0xff,0xff,0xff,
    0xff,0xff,0xf8,0x30,0x00,0x00,0x00,0x00,0x00,0x00,0x00,0x00,0x00,0x00,0x00,0x00,
    0x00,0x00,0x00,0xd6,0xff,0xff,0xff,0xff,0xff,0xff,0xff,0xff,0x40,0x00,0xb6,0xff,
    0xff,0xff,0xff,0xff,0xff,0xff,0xff,0xff,0xff,0xdb,0x14,0x00,0x00,0x00,0x00,0x00,
    0x00,0x00,0x00,0x00,0x00,0x00,0x00,0x00,0x02,0xf4,0xff,0xff,0xff,0xff,0xff,0xff,
    0xff,0xcb,0x02,0x00,0x19,0xec,0xff,0xff,0xff,0xff,0xff,0xff,0xff,0xff,0xff,0xff,
    0xce,0x0f,0x00,0x00,0x00,0x00,0x00,0x00,0x00,0x00,0x00,0x00,0x00,0x00,0x4d,0xff,
    0xff,0xff,0xff,0xff,0xff,0xff,0xf7,0x29,0x00,0x00,0x00,0x33,0xe8,0xff,0xff,0xff,
    0xff,0xff,0xff,0xff,0xff,0xff,0xff,0xcf,0x28,0x00,0x00,0x00,0x00,0x00,0x00,0x00,
    0x00,0x00,0x00,0x05,0xc5,0xff,0xff,0xff,0xff,0xff,0xff,0xf5,0x4d,0x00,0x00,0x00,
    0x00,0x00,0x20,0xce,0xff,0xff,0xff,0xff,0xff,0xff,0xff,0xff,0xff,0xff,0xf6,0x70,
    0x09,0x00,0x00,0x00,0x00,0x00,0x00,0x00,0x08,0xab,0xff,0xff,0xff,0xff,0xff,0xff,
    0xe2,0x33,0x00,0x00,0x00,0x00,0x00,0x00,0x00,0x02,0x61,0xe5,0xff,0xff,0xff,0xff,
    0xff,0xff,0xff,0xff,0xff,0xff,0xed,0x89,0x46,0x1f,0x09,0x24,0x43,0x83,0xeb,0xff,
    0xff,0xff,0xff,0xff,0xec,0x74,0x08,0x00,0x00,0x00,0x00,0x00,0x00,0x00,0x00,0x00,
    0x00,0x08,0x54,0xa9,0xf5,0xff,0xff,0xff,0xff,0xff,0xff,0xff,0xff,0xff,0xff,0xff,
    0xff,0xff,0xff,0xff,0xff,0xff,0xff,0xf2,0xab,0x5c,0x0d,0x00,0x00,0x00,0x00,0x00,
    0x00,0x00,0x00,0x00,0x00,0x00,0x00,0x00,0x00,0x00,0x0a,0x3f,0x6c,0x99,0xc5,0xdf,
    0xec,0xf9,0xff,0xff,0xff,0xfd,0xf2,0xe6,0xd8,0xb5,0x8d,0x65,0x3c,0x07,0x00,0x00,
    0x00,0x00,0x00,0x00,0x00,0x00,0x00,0x00,0x00,0x00,0x00,0x00,0x00,0x00,0x00,0x00,
    0x00,0x00,0x00,0x00,0x00,0x00,0x00,0x00,0x06,0x11,0x09,0x00,0x00,0x00,0x00,0x00,
    0x00,0x00,0x00,0x00,0x00,0x00,0x00,0x00,0x00,0x00,0x00,0x00,0x00,0x00,0x00,0x00,
    0x00,0x00,0x00,0x00,0x00,0x00,0x00,0x00,0x11,0x5f,0x96,0xaf,0xc9,0xe2,0xf9,0xef,
    0xd8,0xa2,0x51,0x00,0x00,0x00,0x00,0x00,0x00,0x00,0x00,0x00,0x00,0x00,0x00,0x00,
    0x07,0x65,0xb9,0xfb,0xff,0xff,0xff,0xff,0xff,0xff,0xff,0xff,0xff,0xff,0xcb,0x44,
    0x00,0x00,0x00,0x00,0x00,0x00,0x00,0x00,0x00,0x00,0x49,0xdb,0xff,0xff,0xff,0xff,
    0xff,0xff,0xff,0xff,0xff,0xff,0xff,0xff,0xff,0xff,0xff,0x84,0x00,0x00,0x00,0x00,
    0x00,0x00,0x00,0x0f,0xaf,0xff,0xff,0xff,0xff,0xff,0xff,0xff,0xff,0xff,0xff,0xff,
    0xec,0xc4,0xc8,0xf7,0xff,0xff,0xff,0x58,0x00,0x00,0x00,0x00,0x00,0x15,0xce,0xff,
    0xff,0xff,0xff,0xff,0xff,0xff,0xff,0xff,0xd9,0x80,0x29,0x00,0x00,0x00,0x14,0xc3,
    0xff,0xff,0xe5,0x03,0x00,0x00,0x00,0x19,0xd7,0xff,0xff,0xff,0xff,0xff,0xff,0xff,
    0xff,0xbe,0x4a,0x01,0x00,0x00,0x00,0x00,0x00,0x00,0x0e,0xd7,0xff,0xff,0x43,0x00,
    0x00,0x02,0xbe,0xff,0xff,0xff,0xff,0xff,0xff,0xff,0xc2,0x37,0x00,0x00,0x00,0x00,
    0x00,0x00,0x00,0x00,0x00,0x00,0x6b,0xff,0xff,0x71,0x00,0x00,0x76,0xff,0xff,0xff,
    0xff,0xff,0xff,0xdc,0x51,0x00,0x00,0x00,0x00,0x00,0x00,0x00,0x00,0x00,0x00,0x00,
    0x00,0x4e,0xff,0xff,0x84,0x00,0x1f,0xf9,0xff,0xff,0xff,0xff,0xfe,0x91,0x0a,0x00,
    0x00,0x00,0x00,0x00,0x00,0x00,0x00,0x00,0x00,0x00,0x00,0x00,0x9d,0xff,0xff,0x6e,
    0x00,0x93,0xff,0xff,0xff,0xff,0xe4,0x3f,0x00,0x00,0x00,0x00,0x00,0x00,0x00,0x00,
    0x00,0x00,0x00,0x00,0x00,0x00,0x4e,0xfe,0xff,0xff,0x3d,0x13,0xf6,0xff,0xff,0xff,
    0xcd,0x1a,0x00,0x00,0x00,0x00,0x00,0x00,0x00,0x00,0x00,0x00,0x00,0x00,0x00,0x00,
    0x2c,0xf2,0xff,0xff,0xf5,0x06,0x5e,0xff,0xff,0xff,0xba,0x0b,0x00,0x00,0x00,0x00,
    0x00,0x00,0x00,0x00,0x00,0x00,0x00,0x00,0x00,0x00,0x3b,0xed,0xff,0xff,0xff,0xa7,
    0x00,0xa7,0xff,0xff,0xd9,0x0f,0x00,0x00,0x00,0x00,0x00,0x00,0x00,0x00,0x00,0x00,
    0x00,0x00,0x00,0x00,0x55,0xf7,0xff,0xff,0xff,0xff,0x3b,0x00,0xd9,0xff,0xfd,0x2b,
    0x00,0x00,0x00,0x00,0x00,0x00,0x00,0x00,0x00,0x00,0x00,0x00,0x00,0x09,0x97,0xff,
    0xff,0xff,0xff,0xff,0xc9,0x00,0x00,0xf3,0xff,0xbb,0x00,0x00,0x00,0x00,0x00,0x00,
    0x00,0x00,0x00,0x00,0x00,0x00,0x00,0x35,0xd6,0xff,0xff,0xff,0xff,0xff,0xfc,0x32,
    0x00,0x00,0xf3,0xff,0xac,0x00,0x00,0x00,0x00,0x00,0x00,0x00,0x00,0x00,0x00,0x00,
    0x11,0x96,0xfd,0xff,0xff,0xff,0xff,0xff,0xff,0x8b,0x00,0x00,0x00,0xd6,0xff,0xeb,
    0x07,0x00,0x00,0x00,0x00,0x00,0x00,0x00,0x00,0x08,0x6d,0xea,0xff,0xff,0xff,0xff,
    0xff,0xff,0xff,0xbc,0x08,0x00,0x00,0x00,0x8e,0xff,0xff,0xa4,0x01,0x00,0x00,0x00,
    0x00,0x00,0x0e,0x6e,0xe6,0xff,0xff,0xff,0xff,0xff,0xff,0xff,0xff,0xc4,0x0b,0x00,
    0x00,0x00,0x00,0x25,0xf8,0xff,0xff,0xab,0x32,0x0a,0x21,0x50,0xa3,0xf6,0xff,0xff,
    0xff,0xff,0xff,0xff,0xff,0xff,0xff,0xb7,0x0e,0x00,0x00,0x00,0x00,0x00,0x00,0x71,
    0xff,0xff,0xff,0xff,0xff,0xff,0xff,0xff,0xff,0xff,0xff,0xff,0xff,0xff,0xff,0xff,
    0xee,0x5f,0x00,0x00,0x00,0x00,0x00,0x00,0x00,0x00,0x00,0x6c,0xf0,0xff,0xff,0xff,
    0xff,0xff,0xff,0xff,0xff,0xff,0xff,0xff,0xff,0xec,0x96,0x18,0x00,0x00,0x00,0x00,
    0x00,0x00,0x00,0x00,0x00,0x00,0x00,0x11,0x87,0xf2,0xff,0xff,0xff,0xff,0xff,0xff,
    0xff,0xef,0xa4,0x4a,0x04,0x00,0x00,0x00,0x00,0x00,0x00,0x00,0x00,0x00,0x00,0x00,
    0x00,0x00,0x00,0x00,0x01,0x1b,0x3f,0x62,0x62,0x55,0x42,0x1a,0x00,0x00,0x00,0x00,
    0x00,0x00,0x00,0x00,0x00,0x00,0x00,0x00,0x00,0x00,0x00,0x00,0x00,0x00,0x00,0x00,
    0x00,0x00,0x00,0x00,0x00,0x00,0x00,0x04,0x2c,0x44,0x5c,0x73,0x6e,0x5a,0x26,0x00,
    0x00,0x00,0x00,0x00,0x00,0x00,0x00,0x00,0x00,0x00,0x00,0x00,0x00,0x00,0x00,0x16,
    0x66,0xad,0xf0,0xff,0xff,0xff,0xff,0xff,0xff,0xff,0xd9,0x54,0x00,0x00,0x00,0x00,
    0x00,0x00,0x00,0x00,0x00,0x00,0x00,0x00,0x1d,0x92,0xf6,0xff,0xff,0xff,0xff,0xff,
    0xff,0xff,0xff,0xff,0xff,0xff,0xff,0xca,0x28,0x00,0x00,0x00,0x00,0x00,0x00,0x00,
    0x00,0x05,0x88,0xfa,0xff,0xff,0xff,0xff,0xff,0xff,0xff,0xff,0xff,0xff,0xff,0xff,
    0xff,0xff,0xff,0xe5,0x1b,0x00,0x00,0x00,0x00,0x00,0x00,0x25,0xcb,0xff,0xff,0xff,
    0xff,0xff,0xff,0xff,0xff,0xff,0xff,0xff,0xff,0xff,0xff,0xff,0xff,0xff,0xff,0xab,
    0x00,0x00,0x00,0x00,0x00,0x38,0xf2,0xff,0xff,0xff,0xff,0xff,0xff,0xff,0xff,0xff,
    0xff,0xff,0xff,0xff,0xff,0xff,0xff,0xff,0xff,0xff,0xfe,0x1b,0x00,0x00,0x00,0x31,
    0xef,0xff,0xff,0xff,0xff,0xff,0xff,0xff,0xff,0xff,0xff,0xff,0xff,0xff,0xff,0xff,
    0xff,0xff,0xff,0xff,0xff,0xff,0x61,0x00,0x00,0x1b,0xeb,0xff,0xff,0xff,0xff,0xff,
    0xff,0xff,0xff,0xff,0xff,0xff,0xff,0xff,0xff,0xff,0xff,0xff,0xff,0xff,0xff,0xff,
    0xff,0x7f,0x00,0x00,0xb2,0xff,0xff,0xff,0xff,0xff,0xff,0xff,0xff,0xff,0xff,0xff,
    0xff,0xff,0xff,0xff,0xff,0xff,0xff,0xff,0xff,0xff,0xff,0xff,0x76,0x00,0x56,0xff,
    0xff,0xff,0xff,0xff,0xff,0xff,0xff,0xff,0xff,0xff,0xff,0xff,0xff,0xff,0xff,0xff,
    0xff,0xff,0xff,0xff,0xff,0xff,0xff,0x4f,0x00,0xd4,0xff,0xff,0xff,0xff,0xff,0xff,
    0xff,0xff,0xff,0xff,0xff,0xff,0xff,0xff,0xff,0xff,0xff,0xff,0xff,0xff,0xff,0xff,
    0xff,0xff,0x27,0x34,0xff,0xff,0xff,0xff,0xff,0xff,0xff,0xff,0xff,0xff,0xff,0xff,
    0xff,0xff,0xff,0xff,0xff,0xff,0xff,0xff,0xff,0xff,0xff,0xff,0xce,0x00,0x91,0xff,
    0xff,0xff,0xff,0xff,0xff,0xff,0xff,0xff,0xff,0xff,0xff,0xff,0xff,0xff,0xff,0xff,
    0xff,0xff,0xff,0xff,0xff,0xff,0xff,0x5b,0x00,0xbf,0xff,0xff,0xff,0xff,0xff,0xff,
    0xff,0xff,0xff,0xff,0xff,0xff,0xff,0xff,0xff,0xff,0xff,0xff,0xff,0xff,0xff,0xff,
    0xff,0xdc,0x05,0x00,0xdf,0xff,0xff,0xff,0xff,0xff,0xff,0xff,0xff,0xff,0xff,0xff,
    0xff,0xff,0xff,0xff,0xff,0xff,0xff,0xff,0xff,0xff,0xff,0xfa,0x36,0x00,0x00,0xf8,
    0xff,0xff,0xff,0xff,0xff,0xff,0xff,0xff,0xff,0xff,0xff,0xff,0xff,0xff,0xff,0xff,
    0xff,0xff,0xff,0xff,0xff,0xff,0x73,0x00,0x00,0x00,0xe6,0xff,0xff,0xff,0xff,0xff,
    0xff,0xff,0xff,0xff,0xff,0xff,0xff,0xff,0xff,0xff,0xff,0xff,0xff,0xff,0xff,0xff,
    0x96,0x01,0x00,0x00,0x00,0xb8,0xff,0xff,0xff,0xff,0xff,0xff,0xff,0xff,0xff,0xff,
    0xff,0xff,0xff,0xff,0xff,0xff,0xff,0xff,0xff,0xff,0x89,0x00,0x00,0x00,0x00,0x00,
    0x5f,0xff,0xff,0xff,0xff,0xff,0xff,0xff,0xff,0xff,0xff,0xff,0xff,0xff,0xff,0xff,
    0xff,0xff,0xff,0xf8,0x6f,0x00,0x00,0x00,0x00,0x00,0x00,0x03,0xcc,0xff,0xff,0xff,
    0xff,0xff,0xff,0xff,0xff,0xff,0xff,0xff,0xff,0xff,0xff,0xff,0xff,0xd0,0x2c,0x00,
    0x00,0x00,0x00,0x00,0x00,0x00,0x00,0x1e,0xde,0xff,0xff,0xff,0xff,0xff,0xff,0xff,
    0xff,0xff,0xff,0xff,0xff,0xff,0xe7,0x73,0x06,0x00,0x00,0x00,0x00,0x00,0x00,0x00,
    0x00,0x00,0x00,0x11,0x89,0xf6,0xff,0xff,0xff,0xff,0xff,0xff,0xff,0xff,0xff,0xd8,
    0x6e,0x08,0x00,0x00,0x00,0x00,0x00,0x00,0x00,0x00,0x00,0x00,0x00,0x00,0x00,0x00,
    0x1a,0x86,0xc5,0xea,0xfa,0xea,0xcf,0xb2,0x74,0x26,0x00,0x00,0x00,0x00,0x00,0x00,
    0x00,0x00,0x00,0x00,0x00,0x00,0x00,0x26,0x4b,0x2a,0x00,0x00,0x02,0x3d,0x4a,0x11,
    0x00,0x00,0x00,0x00,0x00,0x00,0x00,0x00,0x00,0x00,0x00,0x00,0x00,0x00,0x00,0x00,
    0x00,0x00,0x00,0x00,0x00,0x00,0x00,0x00,0x00,0x00,0x00,0x00,0x00,0x00,0x00,0x00,
    0x00,0x00,0x00,0x00,0x00,0x00,0x00,0x00,0x00,0x1c,0x4b,0x39,0x00,0x00,0x00,0x37,
    0x4b,0x1d,0xf4,0xff,0xf8,0x07,0x00,0x4c,0xff,0xff,0xaa,0x00,0x00,0x00,0x00,0x00,
    0x00,0x00,0x00,0x00,0x00,0x00,0x00,0x00,0x00,0x00,0x00,0x00,0x00,0x00,0x00,0x00,
    0x00,0x00,0x00,0x00,0x00,0x00,0x00,0x00,0x00,0x00,0x00,0x00,0x00,0x00,0x00,0x00,
    0x00,0x00,0x00,0x00,0xd3,0xff,0xff,0x36,0x00,0x3d,0xff,0xff,0xe2,0xff,0xff,0xff,
    0x0b,0x00,0x57,0xff,0xff,0xb7,0x00,0x00,0x00,0x00,0x00,0x00,0x00,0x00,0x00,0x00,
    0x00,0x00,0x00,0x00,0x00,0x00,0x00,0x00,0x00,0x00,0x00,0x00,0x00,0x00,0x00,0x00,
    0x00,0x00,0x00,0x00,0x00,0x00,0x00,0x00,0x00,0x00,0x00,0x00,0x00,0x00,0x00,0xdf,
    0xff,0xff,0x43,0x00,0x4b,0xff,0xff,0xef,0xff,0xff,0xff,0x0b,0x00,0x57,0xff,0xff,
    0xb7,0x00,0x00,0x00,0x00,0x00,0x00,0x00,0x00,0x00,0x00,0x00,0x00,0x00,0x00,0x00,
    0x00,0x16,0x24,0x32,0x40,0x4e,0x48,0x36,0x24,0x0e,0x00,0x00,0x00,0x00,0x00,0x00,
    0x00,0x00,0x00,0x00,0x00,0x00,0x00,0x00,0x00,0x00,0xdf,0xff,0xff,0x43,0x00,0x4b,
    0xff,0xff,0xef,0xff,0xff,0xff,0x0b,0x00,0x57,0xff,0xff,0xb7,0x00,0x00,0x00,0x00,
    0x00,0x00,0x00,0x00,0x00,0x00,0x00,0x2b,0x6d,0x99,0xc5,0xf1,0xff,0xff,0xff,0xff,
    0xff,0xff,0xff,0xff,0xff,0xdd,0xab,0x7a,0x33,0x00,0x00,0x00,0x00,0x00,0x00,0x00,
    0x00,0x00,0x00,0x00,0x00,0xdf,0xff,0xff,0x43,0x00,0x4b,0xff,0xff,0xef,0xff,0xff,
    0xff,0x0b,0x00,0x57,0xff,0xff,0xb7,0x00,0x00,0x00,0x00,0x00,0x00,0x00,0x00,0x34,
    0x8a,0xdb,0xff,0xff,0xff,0xff,0xff,0xff,0xff,0xff,0xff,0xff,0xff,0xff,0xff,0xff,
    0xff,0xff,0xff,0xff,0xe0,0x8d,0x31,0x00,0x00,0x00,0x00,0x00,0x00,0x00,0x00,0x00,
    0xdf,0xff,0xff,0x43,0x00,0x4b,0xff,0xff,0xef,0xff,0xff,0xff,0x0b,0x00,0x57,0xff,
    0xff,0xb7,0x00,0x00,0x00,0x00,0x00,0x00,0x3d,0xba,0xff,0xff,0xff,0xff,0xff,0xcb,
    0x78,0x3d,0x19,0x0b,0x08,0x27,0x4a,0x9a,0xf2,0xff,0xff,0xff,0xff,0xff,0xff,0xff,
    0xff,0xff,0xb9,0x41,0x00,0x00,0x00,0x00,0x00,0x00,0x00,0xdf,0xff,0xff,0x43,0x00,
    0x4b,0xff,0xff,0xef,0xff,0xff,0xff,0x0b,0x00,0x57,0xff,0xff,0xb7,0x00,0x00,0x00,
    0x00,0x18,0xb7,0xff,0xff,0xff,0xff,0xff,0xf1,0x65,0x01,0x00,0x00,0x00,0x00,0x00,
    0x00,0x00,0x00,0x0b,0x83,0xfb,0xff,0xff,0xff,0xff,0xff,0xff,0xff,0xff,0xff,0xbf,
    0x23,0x00,0x00,0x00,0x00,0x00,0xdf,0xff,0xff,0x43,0x00,0x4b,0xff,0xff,0xef,0xff,
    0xff,0xff,0x0b,0x00,0x57,0xff,0xff,0xb7,0x00,0x00,0x00,0x43,0xe8,0xff,0xff,0xff,
    0xff,0xff,0xff,0x49,0x00,0x00,0x00,0x00,0x00,0x00,0x00,0x00,0x00,0x00,0x00,0x00,
    0x32,0xdd,0xff,0xff,0xff,0xff,0xff,0xff,0xff,0xff,0xff,0xf4,0x6a,0x01,0x00,0x00,
    0x00,0xdf,0xff,0xff,0x43,0x00,0x4b,0xff,0xff,0xef,0xff,0xff,0xff,0x0b,0x00,0x57,
    0xff,0xff,0xb7,0x00,0x00,0x50,0xfd,0xff,0xff,0xff,0xff,0xff,0xff,0xc0,0x00,0x00,
    0x00,0x00,0x00,0x00,0x00,0x00,0x00,0x00,0x00,0x00,0x00,0x00,0x1b,0xd9,0xff,0xff,
    0xff,0xff,0xff,0xff,0xff,0xff,0xff,0xff,0x9a,0x01,0x00,0x00,0xdf,0xff,0xff,0x43,
    0x00,0x4b,0xff,0xff,0xef,0xff,0xff,0xff,0x0b,0x00,0x57,0xff,0xff,0xb7,0x00,0x33,
    0xf5,0xff,0xff,0xff,0xff,0xff,0xff,0xff,0x85,0x00,0x00,0x00,0x00,0x00,0x00,0x00,
    0x00,0x00,0x00,0x00,0x00,0x00,0x00,0x00,0x19,0xe7,0xff,0xff,0xff,0xff,0xff,0xff,
    0xff,0xff,0xff,0xff,0x9c,0x01,0x00,0xdf,0xff,0xff,0x43,0x00,0x4b,0xff,0xff,0xef,
    0xff,0xff,0xff,0x0b,0x00,0x57,0xff,0xff,0xb7,0x04,0xdd,0xff,0xff,0xff,0xff,0xff,
    0xff,0xff,0xff,0x67,0x00,0x00,0x00,0x00,0x00,0x00,0x00,0x00,0x00,0x00,0x00,0x00,
    0x00,0x00,0x00,0x00,0x44,0xfe,0xff,0xff,0xff,0xff,0xff,0xff,0xff,0xff,0xff,0xff,
    0x6f,0x00,0xdf,0xff,0xff,0x43,0x00,0x4b,0xff,0xff,0xef,0xff,0xff,0xff,0x0b,0x00,
    0x57,0xff,0xff,0xb7,0x5c,0xff,0xff,0xff,0xff,0xff,0xff,0xff,0xff,0xff,0x64,0x00,
    0x00,0x00,0x00,0x00,0x00,0x00,0x00,0x00,0x00,0x00,0x00,0x00,0x00,0x00,0x00,0x00,
    0x94,0xff,0xff,0xff,0xff,0xff,0xff,0xff,0xff,0xff,0xff,0xef,0x15,0xdf,0xff,0xff,
    0x43,0x00,0x4b,0xff,0xff,0xef,0xff,0xff,0xff,0x0b,0x00,0x57,0xff,0xff,0xb7,0xca,
    0xff,0xff,0xff,0xff,0xff,0xff,0xff,0xff,0xff,0x80,0x00,0x00,0x00,0x00,0x00,0x00,
    0x00,0x00,0x00,0x00,0x00,0x00,0x00,0x00,0x00,0x00,0x00,0x19,0xf6,0xff,0xff,0xff,
    0xff,0xff,0xff,0xff,0xff,0xff,0xff,0x88,0xdf,0xff,0xff,0x43,0x00,0x4b,0xff,0xff,
    0xef,0xff,0xff,0xff,0x0b,0x00,0x57,0xff,0xff,0xba,0xf7,0xff,0xff,0xff,0xff,0xff,
    0xff,0xff,0xff,0xff,0xa6,0x00,0x00,0x00,0x00,0x00,0x00,0x00,0x00,0x00,0x00,0x00,
    0x00,0x00,0x00,0x00,0x00,0x00,0x00,0x93,0xff,0xff,0xff,0xff,0xff,0xff,0xff,0xff,
    0xff,0xff,0xc0,0xdf,0xff,0xff,0x43,0x00,0x4b,0xff,0xff,0xef,0xff,0xff,0xff,0x0b,
    0x00,0x57,0xff,0xff,0xd7,0xff,0xff,0xff,0xff,0xff,0xff,0xff,0xff,0xff,0xff,0xec,
    0x03,0x00,0x00,0x00,0x00,0x00,0x00,0x00,0x00,0x00,0x00,0x00,0x00,0x00,0x00,0x00,
    0x00,0x00,0x3e,0xff,0xff,0xff,0xff,0xff,0xff,0xff,0xff,0xff,0xff,0xf1,0xe1,0xff,
    0xff,0x43,0x00,0x4b,0xff,0xff,0xef,0xff,0xff,0xff,0x0b,0x00,0x57,0xff,0xff,0xd7,
    0xff,0xff,0xff,0xff,0xff,0xff,0xff,0xff,0xff,0xff,0xff,0x41,0x00,0x00,0x00,0x00,
    0x00,0x00,0x00,0x00,0x00,0x00,0x00,0x00,0x00,0x00,0x00,0x00,0x00,0x03,0xed,0xff,
    0xff,0xff,0xff,0xff,0xff,0xff,0xff,0xff,0xf7,0xe0,0xff,0xff,0x43,0x00,0x4b,0xff,
    0xff,0xef,0xff,0xff,0xff,0x0b,0x00,0x57,0xff,0xff,0xbd,0xfd,0xff,0xff,0xff,0xff,
    0xff,0xff,0xff,0xff,0xff,0xff,0xaf,0x00,0x00,0x00,0x00,0x00,0x00,0x00,0x00,0x00,
    0x00,0x00,0x00,0x00,0x00,0x00,0x00,0x00,0x00,0xc3,0xff,0xff,0xff,0xff,0xff,0xff,
    0xff,0xff,0xff,0xdd,0xdf,0xff,0xff,0x43,0x00,0x4b,0xff,0xff,0xef,0xff,0xff,0xff,
    0x0b,0x00,0x57,0xff,0xff,0xb7,0xd5,0xff,0xff,0xff,0xff,0xff,0xff,0xff,0xff,0xff,
    0xff,0xfe,0x2d,0x00,0x00,0x00,0x00,0x00,0x00,0x00,0x00,0x00,0x00,0x00,0x00,0x00,
    0x00,0x00,0x00,0x00,0xa8,0xff,0xff,0xff,0xff,0xff,0xff,0xff,0xff,0xff,0xb8,0xdf,
    0xff,0xff,0x43,0x00,0x4b,0xff,0xff,0xef,0xff,0xff,0xff,0x0b,0x00,0x57,0xff,0xff,
    0xb7,0x79,0xff,0xff,0xff,0xff,0xff,0xff,0xff,0xff,0xff,0xff,0xff,0xbf,0x01,0x00,
    0x00,0x00,0x00,0x00,0x00,0x00,0x00,0x00,0x00,0x00,0x00,0x00,0x00,0x00,0x00,0xa1,
    0xff,0xff,0xff,0xff,0xff,0xff,0xff,0xff,0xff,0x64,0xdf,0xff,0xff,0x43,0x00,0x4b,
    0xff,0xff,0xef,0xff,0xff,0xff,0x0b,0x00,0x57,0xff,0xff,0xb7,0x1c,0xf7,0xff,0xff,
    0xff,0xff,0xff,0xff,0xff,0xff,0xff,0xff,0xff,0x6c,0x00,0x00,0x00,0x00,0x00,0x00,
    0x00,0x00,0x00,0x00,0x00,0x00,0x00,0x00,0x00,0x00,0xb7,0xff,0xff,0xff,0xff,0xff,
    0xff,0xff,0xff,0xf6,0x11,0xdf,0xff,0xff,0x43,0x00,0x4b,0xff,0xff,0xef,0xff,0xff,
    0xff,0x0b,0x00,0x57,0xff,0xff,0xb7,0x00,0x70,0xff,0xff,0xff,0xff,0xff,0xff,0xff,
    0xff,0xff,0xff,0xff,0xfa,0x4c,0x00,0x00,0x00,0x00,0x00,0x00,0x00,0x00,0x00,0x00,
    0x00,0x00,0x00,0x00,0x02,0xec,0xff,0xff,0xff,0xff,0xff,0xff,0xff,0xff,0x6e,0x00,
    0xdf,0xff,0xff,0x43,0x00,0x4b,0xff,0xff,0xef,0xff,0xff,0xff,0x0b,0x00,0x57,0xff,
    0xff,0xb7,0x00,0x01,0xb8,0xff,0xff,0xff,0xff,0xff,0xff,0xff,0xff,0xff,0xff,0xff,
    0xf8,0x47,0x00,0x00,0x00,0x00,0x00,0x00,0x00,0x00,0x00,0x00,0x00,0x00,0x00,0x57,
    0xff,0xff,0xff,0xff,0xff,0xff,0xff,0xff,0xbd,0x01,0x00,0xdf,0xff,0xff,0x43,0x00,
    0x4b,0xff,0xff,0xef,0xff,0xff,0xff,0x0b,0x00,0x57,0xff,0xff,0xb7,0x00,0x00,0x07,
    0xaa,0xff,0xff,0xff,0xff,0xff,0xff,0xff,0xff,0xff,0xff,0xff,0xfb,0x76,0x01,0x00,
    0x00,0x00,0x00,0x00,0x00,0x00,0x00,0x00,0x00,0x1a,0xed,0xff,0xff,0xff,0xff,0xff,
    0xff,0xff,0xb3,0x0b,0x00,0x00,0xdf,0xff,0xff,0x43,0x00,0x4b,0xff,0xff,0xef,0xff,
    0xff,0xff,0x0b,0x00,0x57,0xff,0xff,0xb7,0x00,0x00,0x00,0x02,0x82,0xf8,0xff,0xff,
    0xff,0xff,0xff,0xff,0xff,0xff,0xff,0xff,0xff,0xb8,0x2f,0x00,0x00,0x00,0x00,0x00,
    0x00,0x00,0x00,0x2e,0xc8,0xff,0xff,0xff,0xff,0xff,0xff,0xfb,0x8d,0x03,0x00,0x00,
    0x00,0xdf,0xff,0xff,0x43,0x00,0x4b,0xff,0xff,0xef,0xff,0xff,0xff,0x0b,0x00,0x57,
    0xff,0xff,0xb7,0x00,0x00,0x00,0x00,0x00,0x21,0xaa,0xff,0xff,0xff,0xff,0xff,0xff,
    0xff,0xff,0xff,0xff,0xff,0xff,0xbc,0x60,0x38,0x13,0x0f,0x30,0x52,0xa3,0xfd,0xff,
    0xff,0xff,0xff,0xff,0xfe,0xa9,0x25,0x00,0x00,0x00,0x00,0x00,0xdf,0xff,0xff,0x43,
    0x00,0x4b,0xff,0xff,0xef,0xff,0xff,0xff,0x0b,0x00,0x57,0xff,0xff,0xb7,0x00,0x00,
    0x00,0x00,0x00,0x00,0x00,0x27,0x7e,0xd6,0xff,0xff,0xff,0xff,0xff,0xff,0xff,0xff,
    0xff,0xff,0xff,0xff,0xff,0xff,0xff,0xff,0xff,0xff,0xff,0xff,0xfe,0xca,0x7a,0x27,
    0x00,0x00,0x00,0x00,0x00,0x00,0x00,0xdf,0xff,0xff,0x43,0x00,0x4b,0xff,0xff,0xef,
    0xff,0xff,0xff,0x0b,0x00,0x57,0xff,0xff,0xb7,0x00,0x00,0x00,0x00,0x00,0x00,0x00,
    0x00,0x00,0x00,0x2b,0x61,0x8f,0xbd,0xeb,0xff,0xff,0xff,0xff,0xff,0xff,0xff,0xff,
    0xff,0xff,0xf8,0xd2,0xaa,0x81,0x58,0x1b,0x00,0x00,0x00,0x00,0x00,0x00,0x00,0x00,
    0x00,0x00,0xdf,0xff,0xff,0x43,0x00,0x4b,0xff,0xff,0xef,0xff,0xff,0xff,0x0b,0x00,
    0x57,0xff,0xff,0xb7,0x00,0x00,0x00,0x00,0x00,0x00,0x00,0x00,0x00,0x00,0x00,0x00,
    0x00,0x00,0x00,0x05,0x12,0x20,0x2d,0x3b,0x3c,0x37,0x31,0x22,0x10,0x01,0x00,0x00,
    0x00,0x00,0x00,0x00,0x00,0x00,0x00,0x00,0x00,0x00,0x00,0x00,0x00,0xdf,0xff,0xff,
    0x43,0x00,0x4b,0xff,0xff,0xef,0xff,0xff,0xff,0x0b,0x00,0x57,0xff,0xff,0xb7,0x00,
    0x00,0x00,0x00,0x00,0x00,0x00,0x00,0x00,0x00,0x00,0x00,0x00,0x00,0x00,0x00,0x00,
    0x00,0x00,0x00,0x00,0x00,0x00,0x00,0x00,0x00,0x00,0x00,0x00,0x00,0x00,0x00,0x00,
    0x00,0x00,0x00,0x00,0x00,0x00,0x00,0x00,0xdf,0xff,0xff,0x43,0x00,0x4b,0xff,0xff,
    0xef,0xee,0xff,0xf3,0x06,0x00,0x46,0xff,0xff,0xa3,0x00,0x00,0x00,0x00,0x00,0x00,
    0x00,0x00,0x00,0x00,0x00,0x00,0x00,0x00,0x00,0x00,0x00,0x00,0x00,0x00,0x00,0x00,
    0x00,0x00,0x00,0x00,0x00,0x00,0x00,0x00,0x00,0x00,0x00,0x00,0x00,0x00,0x00,0x00,
    0x00,0x00,0x00,0xcc,0xff,0xff,0x30,0x00,0x36,0xfe,0xff,0xdb,0x0d,0x23,0x0e,0x00,
    0x00,0x00,0x19,0x22,0x03,0x00,0x00,0x00,0x00,0x00,0x00,0x00,0x00,0x00,0x00,0x00,
    0x00,0x00,0x00,0x00,0x00,0x00,0x00,0x00,0x00,0x00,0x00,0x00,0x00,0x00,0x00,0x00,
    0x00,0x00,0x00,0x00,0x00,0x00,0x00,0x00,0x00,0x00,0x00,0x00,0x00,0x00,0x08,0x23,
    0x16,0x00,0x00,0x00,0x14,0x23,0x08,0x00,0x00,0x00,0x00,0x00,0x00,0x00,0x00,0x00,
    0x00,0x00,0x00,0x00,0x00,0x00,0x00,0x00,0x09,0x16,0x24,0x32,0x34,0x23,0x11,0x02,
    0x00,0x00,0x00,0x00,0x00,0x00,0x00,0x00,0x00,0x00,0x00,0x00,0x00,0x00,0x00,0x00,
    0x00,0x00,0x00,0x00,0x00,0x00,0x00,0x00,0x00,0x00,0x00,0x00,0x0b,0x4b,0x78,0xa4,
    0xcf,0xf8,0xff,0xff,0xff,0xff,0xff,0xff,0xff,0xfb,0xd1,0xa0,0x6e,0x30,0x00,0x00,
    0x00,0x00,0x00,0x00,0x00,0x00,0x00,0x00,0x00,0x00,0x00,0x00,0x00,0x00,0x00,0x00,
    0x00,0x00,0x00,0x13,0x63,0xb3,0xf7,0xff,0xff,0xff,0xff,0xff,0xff,0xff,0xff,0xff,
    0xff,0xff,0xff,0xff,0xff,0xff,0xff,0xff,0xde,0x8b,0x35,0x00,0x00,0x00,0x00,0x00,
    0x00,0x00,0x00,0x00,0x00,0x00,0x00,0x00,0x00,0x00,0x00,0x19,0x8d,0xf5,0xff,0xff,
    0xff,0xff,0xf5,0xa1,0x4c,0x2f,0x18,0x06,0x1e,0x40,0x80,0xe2,0xff,0xff,0xff,0xff,
    0xff,0xff,0xff,0xff,0xff,0xc2,0x4b,0x01,0x00,0x00,0x00,0x00,0x00,0x00,0x00,0x00,
    0x00,0x00,0x00,0x04,0x86,0xf8,0xff,0xff,0xff,0xff,0xff,0x90,0x0d,0x00,0x00,0x00,
    0x00,0x00,0x00,0x00,0x00,0x02,0x5b,0xec,0xff,0xff,0xff,0xff,0xff,0xff,0xff,0xff,
    0xff,0xcf,0x34,0x00,0x00,0x00,0x00,0x00,0x00,0x00,0x00,0x00,0x1f,0xc7,0xff,0xff,
    0xff,0xff,0xff,0xff,0x99,0x00,0x00,0x00,0x00,0x00,0x00,0x00,0x00,0x00,0x00,0x00,
    0x00,0x17,0xb8,0xff,0xff,0xff,0xff,0xff,0xff,0xff,0xff,0xff,0xfc,0x86,0x07,0x00,
    0x00,0x00,0x00,0x00,0x00,0x26,0xec,0xff,0xff,0xff,0xff,0xff,0xff,0xf8,0x10,0x00,
    0x00,0x00,0x00,0x00,0x00,0x00,0x00,0x00,0x00,0x00,0x00,0x00,0x06,0xaf,0xff,0xff,
    0xff,0xff,0xff,0xff,0xff,0xff,0xff,0xff,0xc2,0x0d,0x00,0x00,0x00,0x00,0x15,0xdc,
    0xff,0xff,0xff,0xff,0xff,0xff,0xff,0xb7,0x00,0x00,0x00,0x00,0x00,0x00,0x00,0x00,
    0x00,0x00,0x00,0x00,0x00,0x00,0x00,0x04,0xba,0xff,0xff,0xff,0xff,0xff,0xff,0xff,
    0xff,0xff,0xff,0xc7,0x0f,0x00,0x00,0x00,0xae,0xff,0xff,0xff,0xff,0xff,0xff,0xff,
    0xff,0x95,0x00,0x00,0x00,0x00,0x00,0x00,0x00,0x00,0x00,0x00,0x00,0x00,0x00,0x00,
    0x00,0x00,0x17,0xe9,0xff,0xff,0xff,0xff,0xff,0xff,0xff,0xff,0xff,0xff,0xad,0x00,
    0x00,0x2d,0xfe,0xff,0xff,0xff,0xff,0xff,0xff,0xff,0xff,0x8c,0x00,0x00,0x00,0x00,
    0x00,0x00,0x00,0x00,0x00,0x00,0x00,0x00,0x00,0x00,0x00,0x00,0x00,0x53,0xff,0xff,
    0xff,0xff,0xff,0xff,0xff,0xff,0xff,0xff,0xff,0x46,0x00,0x9a,0xff,0xff,0xff,0xff,
    0xff,0xff,0xff,0xff,0xff,0xa7,0x00,0x00,0x00,0x00,0x00,0x00,0x00,0x00,0x00,0x00,
    0x00,0x00,0x00,0x00,0x00,0x00,0x00,0x00,0xcd,0xff,0xff,0xff,0xff,0xff,0xff,0xff,
    0xff,0xff,0xff,0xcb,0x00,0xca,0xff,0xff,0xff,0xff,0xff,0xff,0xff,0xff,0xff,0xc8,
    0x00,0x00,0x00,0x00,0x00,0x00,0x00,0x00,0x00,0x00,0x00,0x00,0x00,0x00,0x00,0x00,
    0x00,0x00,0x50,0xff,0xff,0xff,0xff,0xff,0xff,0xff,0xff,0xff,0xff,0xfc,0x09,0xf0,
    0xff,0xff,0xff,0xff,0xff,0xff,0xff,0xff,0xff,0xfc,0x14,0x00,0x00,0x00,0x00,0x00,
    0x00,0x00,0x00,0x00,0x00,0x00,0x00,0x00,0x00,0x00,0x00,0x00,0x06,0xf2,0xff,0xff,
    0xff,0xff,0xff,0xff,0xff,0xff,0xff,0xff,0x38,0xee,0xff,0xff,0xff,0xff,0xff,0xff,
    0xff,0xff,0xff,0xff,0x64,0x00,0x00,0x00,0x00,0x00,0x00,0x00,0x00,0x00,0x00,0x00,
    0x00,0x00,0x00,0x00,0x00,0x00,0x00,0xab,0xff,0xff,0xff,0xff,0xff,0xff,0xff,0xff,
    0xff,0xff,0x3a,0xd2,0xff,0xff,0xff,0xff,0xff,0xff,0xff,0xff,0xff,0xff,0xce,0x01,
    0x00,0x00,0x00,0x00,0x00,0x00,0x00,0x00,0x00,0x00,0x00,0x00,0x00,0x00,0x00,0x00,
    0x00,0x7c,0xff,0xff,0xff,0xff,0xff,0xff,0xff,0xff,0xff,0xff,0x20,0xa5,0xff,0xff,
    0xff,0xff,0xff,0xff,0xff,0xff,0xff,0xff,0xff,0x58,0x00,0x00,0x00,0x00,0x00,0x00,
    0x00,0x00,0x00,0x00,0x00,0x00,0x00,0x00,0x00,0x00,0x00,0x61,0xff,0xff,0xff,0xff,
    0xff,0xff,0xff,0xff,0xff,0xf4,0x06,0x4b,0xff,0xff,0xff,0xff,0xff,0xff,0xff,0xff,
    0xff,0xff,0xff,0xde,0x0d,0x00,0x00,0x00,0x00,0x00,0x00,0x00,0x00,0x00,0x00,0x00,
    0x00,0x00,0x00,0x00,0x00,0x58,0xff,0xff,0xff,0xff,0xff,0xff,0xff,0xff,0xff,0xa5,
    0x00,0x04,0xe2,0xff,0xff,0xff,0xff,0xff,0xff,0xff,0xff,0xff,0xff,0xff,0xab,0x00,
    0x00,0x00,0x00,0x00,0x00,0x00,0x00,0x00,0x00,0x00,0x00,0x00,0x00,0x00,0x00,0x6e,
    0xff,0xff,0xff,0xff,0xff,0xff,0xff,0xff,0xff,0x49,0x00,0x00,0x46,0xff,0xff,0xff,
    0xff,0xff,0xff,0xff,0xff,0xff,0xff,0xff,0xff,0x78,0x00,0x00,0x00,0x00,0x00,0x00,
    0x00,0x00,0x00,0x00,0x00,0x00,0x00,0x00,0x00,0xa5,0xff,0xff,0xff,0xff,0xff,0xff,
    0xff,0xff,0xb0,0x00,0x00,0x00,0x00,0x90,0xff,0xff,0xff,0xff,0xff,0xff,0xff,0xff,
    0xff,0xff,0xff,0xff,0x7b,0x00,0x00,0x00,0x00,0x00,0x00,0x00,0x00,0x00,0x00,0x00,
    0x00,0x00,0x1b,0xf0,0xff,0xff,0xff,0xff,0xff,0xff,0xff,0xe9,0x17,0x00,0x00,0x00,
    0x00,0x01,0x88,0xff,0xff,0xff,0xff,0xff,0xff,0xff,0xff,0xff,0xff,0xff,0xff,0x98,
    0x0b,0x00,0x00,0x00,0x00,0x00,0x00,0x00,0x00,0x00,0x00,0x02,0xbd,0xff,0xff,0xff,
    0xff,0xff,0xff,0xff,0xdc,0x25,0x00,0x00,0x00,0x00,0x00,0x00,0x00,0x65,0xf0,0xff,
    0xff,0xff,0xff,0xff,0xff,0xff,0xff,0xff,0xff,0xff,0xde,0x49,0x00,0x00,0x00,0x00,
    0x00,0x00,0x00,0x00,0x14,0x9a,0xff,0xff,0xff,0xff,0xff,0xff,0xff,0xba,0x15,0x00,
    0x00,0x00,0x00,0x00,0x00,0x00,0x00,0x00,0x14,0x94,0xfb,0xff,0xff,0xff,0xff,0xff,
    0xff,0xff,0xff,0xff,0xff,0xff,0xd9,0x74,0x3b,0x18,0x0a,0x28,0x49,0x86,0xf2,0xff,
    0xff,0xff,0xff,0xff,0xff,0xcc,0x45,0x00,0x00,0x00,0x00,0x00,0x00,0x00,0x00,0x00,
    0x00,0x00,0x00,0x00,0x1c,0x71,0xc8,0xff,0xff,0xff,0xff,0xff,0xff,0xff,0xff,0xff,
    0xff,0xff,0xff,0xff,0xff,0xff,0xff,0xff,0xff,0xff,0xff,0xff,0xe0,0x90,0x40,0x01,
    0x00,0x00,0x00,0x00,0x00,0x00,0x00,0x00,0x00,0x00,0x00,0x00,0x00,0x00,0x00,0x00,
    0x00,0x1e,0x5a,0x87,0xb4,0xe2,0xff,0xff,0xff,0xff,0xff,0xff,0xff,0xff,0xff,0xff,
    0xfd,0xde,0xb5,0x8c,0x64,0x2f,0x00,0x00,0x00,0x00,0x00,0x00,0x00,0x00,0x00,0x00,
    0x00,0x00,0x00,0x00,0x00,0x00,0x00,0x00,0x00,0x00,0x00,0x00,0x00,0x00,0x00,0x00,
    0x03,0x0f,0x1d,0x2a,0x37,0x3c,0x30,0x24,0x19,0x0d,0x02,0x00,0x00,0x00,0x00,0x00,
    0x00,0x00,0x00,0x00,0x00,0x00,0x00,0x00,0x00,0x00,0x00,0x00,0x29,0x70,0x43,0x00,
    0x00,0x00,0x00,0x00,0x00,0x00,0x00,0x00,0x00,0x00,0x00,0x00,0x00,0x00,0x00,0x00,
    0x57,0xfc,0xff,0xff,0x54,0x00,0x00,0x00,0x00,0x00,0x00,0x00,0x00,0x00,0x00,0x00,
    0x00,0x00,0x00,0x00,0x00,0xdc,0xff,0xff,0xff,0x79,0x00,0x00,0x00,0x00,0x00,0x00,
    0x00,0x00,0x00,0x00,0x00,0x00,0x00,0x00,0x00,0x00,0xff,0xff,0xff,0xff,0x74,0x00,
    0x00,0x00,0x00,0x00,0x00,0x00,0x00,0x00,0x00,0x00,0x00,0x00,0x00,0x00,0x00,0xfe,
    0xff,0xff,0xff,0x6f,0x00,0x00,0x00,0x00,0x00,0x00,0x00,0x00,0x00,0x00,0x00,0x00,
    0x00,0x00,0x00,0x00,0xfb,0xff,0xff,0xff,0x6a,0x00,0x00,0x00,0x00,0x00,0x00,0x00,
    0x00,0x00,0x00,0x00,0x00,0x00,0x00,0x00,0x00,0xf9,0xff,0xff,0xff,0x65,0x00,0x00,
    0x00,0x00,0x00,0x00,0x00,0x00,0x00,0x00,0x00,0x00,0x00,0x00,0x00,0x00,0xf7,0xff,
    0xff,0xff,0x5e,0x00,0x00,0x00,0x00,0x00,0x00,0x00,0x00,0x00,0x00,0x00,0x00,0x00,
    0x00,0x00,0x00,0xf5,0xff,0xff,0xff,0x58,0x00,0x00,0x00,0x00,0x00,0x00,0x00,0x00,
    0x00,0x00,0x00,0x00,0x00,0x00,0x00,0x00,0xf3,0xff,0xff,0xff,0x52,0x00,0x00,0x00,
    0x00,0x00,0x00,0x00,0x00,0x00,0x00,0x00,0x00,0x00,0x00,0x00,0x00,0xf0,0xff,0xff,
    0xff,0x4d,0x00,0x00,0x00,0x00,0x00,0x00,0x00,0x00,0x00,0x00,0x00,0x00,0x00,0x00,
    0x00,0x00,0xee,0xff,0xff,0xff,0x46,0x00,0x00,0x00,0x00,0x00,0x00,0x00,0x00,0x00,
    0x00,0x00,0x00,0x00,0x00,0x00,0x00,0xeb,0xff,0xff,0xff,0x40,0x00,0x00,0x00,0x00,
    0x00,0x00,0x00,0x00,0x00,0x00,0x00,0x00,0x00,0x00,0x00,0x00,0xe9,0xff,0xff,0xff,
    0x3a,0x00,0x00,0x00,0x00,0x00,0x00,0x00,0x00,0x00,0x00,0x00,0x00,0x00,0x00,0x00,
    0x00,0xe7,0xff,0xff,0xff,0x35,0x00,0x00,0x00,0x00,0x00,0x00,0x00,0x00,0x00,0x00,
    0x00,0x00,0x00,0x00,0x00,0x00,0xe4,0xff,0xff,0xff,0x2e,0x00,0x00,0x00,0x00,0x00,
    0x00,0x00,0x00,0x00,0x00,0x00,0x00,0x00,0x00,0x00,0x00,0xe2,0xff,0xff,0xff,0x27,
    0x00,0x00,0x00,0x00,0x00,0x00,0x00,0x00,0x00,0x00,0x00,0x00,0x00,0x00,0x00,0x00,
    0xdf,0xff,0xff,0xff,0x21,0x00,0x00,0x00,0x00,0x00,0x00,0x00,0x00,0x00,0x00,0x00,
    0x00,0x00,0x00,0x00,0x00,0xdc,0xff,0xff,0xff,0x1a,0x00,0x00,0x00,0x00,0x00,0x00,
    0x00,0x00,0x00,0x00,0x00,0x00,0x00,0x00,0x00,0x00,0xd9,0xff,0xff,0xff,0x13,0x00,
    0x00,0x00,0x00,0x00,0x00,0x00,0x00,0x00,0x00,0x00,0x00,0x00,0x00,0x00,0x00,0xd6,
    0xff,0xff,0xff,0x0d,0x00,0x00,0x00,0x00,0x00,0x00,0x00,0x00,0x00,0x00,0x00,0x00,
    0x00,0x00,0x00,0x00,0xd3,0xff,0xff,0xff,0x06,0x00,0x00,0x00,0x00,0x00,0x00,0x00,
    0x00,0x00,0x00,0x00,0x00,0x00,0x00,0x00,0x00,0xd0,0xff,0xff,0xff,0x01,0x00,0x00,
    0x00,0x00,0x00,0x00,0x00,0x00,0x00,0x00,0x00,0x00,0x00,0x00,0x00,0x00,0xcc,0xff,
    0xff,0xf9,0x00,0x00,0x00,0x00,0x00,0x00,0x00,0x00,0x00,0x00,0x00,0x00,0x00,0x00,
    0x00,0x00,0x00,0xc9,0xff,0xff,0xf2,0x00,0x00,0x00,0x00,0x00,0x00,0x00,0x00,0x00,
    0x00,0x00,0x00,0x00,0x00,0x00,0x00,0x00,0xc6,0xff,0xff,0xeb,0x00,0x00,0x00,0x00,
    0x00,0x00,0x00,0x00,0x00,0x00,0x00,0x00,0x00,0x00,0x00,0x00,0x00,0xc2,0xff,0xff,
    0xe3,0x00,0x00,0x00,0x00,0x00,0x37,0x73,0xa1,0xb6,0x8e,0x44,0x03,0x00,0x00,0x00,
    0x00,0x00,0xbf,0xff,0xff,0xe9,0x00,0x00,0x00,0x51,0xc8,0xff,0xff,0xff,0xff,0xff,
    0xff,0xd0,0x2f,0x00,0x00,0x00,0x00,0xbc,0xff,0xff,0xff,0x63,0x19,0xa1,0xff,0xff,
    0xff,0xff,0xff,0xff,0xff,0xff,0xff,0xfa,0x79,0x00,0x00,0x00,0xb8,0xff,0xff,0xff,
    0xff,0xff,0xff,0xff,0xff,0xff,0xff,0xff,0xff,0xff,0xff,0xff,0xff,0xff,0x58,0x00,
    0x00,0xb4,0xff,0xff,0xff,0xff,0xff,0xff,0xff,0xff,0xff,0xff,0xff,0xff,0xff,0xff,
    0xff,0xff,0xff,0xed,0x19,0x00,0xb0,0xff,0xff,0xff,0xff,0xff,0xff,0xf8,0x8e,0x3b,
    0x0c,0x3b,0xd4,0xff,0xff,0xff,0xff,0xff,0xff,0xa4,0x00,0xac,0xff,0xff,0xff,0xff,
    0xff,0xbd,0x22,0x00,0x00,0x00,0x00,0x1b,0xe5,0xff,0xff,0xff,0xff,0xff,0xf3,0x07,
    0xa8,0xff,0xff,0xff,0xff,0x9d,0x04,0x00,0x00,0x00,0x00,0x00,0x00,0x76,0xff,0xff,
    0xff,0xff,0xff,0xff,0x30,0xa4,0xff,0xff,0xff,0xbb,0x00,0x00,0x00,0x00,0x00,0x00,
    0x00,0x00,0x1c,0xff,0xff,0xff,0xff,0xff,0xff,0x49,0xa0,0xff,0xff,0xff,0x2a,0x00,
    0x00,0x00,0x00,0x00,0x00,0x00,0x00,0x00,0xf6,0xff,0xff,0xff,0xff,0xff,0x45,0x9c,
    0xff,0xff,0xff,0x04,0x00,0x00,0x00,0x00,0x00,0x00,0x00,0x00,0x00,0xe8,0xff,0xff,
    0xff,0xff,0xff,0x2b,0x98,0xff,0xff,0xf9,0x00,0x00,0x00,0x00,0x00,0x00,0x00,0x00,
    0x00,0x04,0xfd,0xff,0xff,0xff,0xff,0xee,0x02,0x94,0xff,0xff,0xf5,0x00,0x00,0x00,
    0x00,0x00,0x00,0x00,0x00,0x00,0x31,0xff,0xff,0xff,0xff,0xff,0xa4,0x00,0x8f,0xff,
    0xff,0xfa,0x00,0x00,0x00,0x00,0x00,0x00,0x00,0x00,0x00,0x7c,0xff,0xff,0xff,0xff,
    0xff,0x3c,0x00,0x8a,0xff,0xff,0xff,0x00,0x00,0x00,0x00,0x00,0x00,0x00,0x00,0x04,
    0xe0,0xff,0xff,0xff,0xff,0xc1,0x00,0x00,0x85,0xff,0xff,0xff,0x05,0x00,0x00,0x00,
    0x00,0x00,0x00,0x00,0x5f,0xff,0xff,0xff,0xff,0xfd,0x31,0x00,0x00,0x80,0xff,0xff,
    0xff,0x0b,0x00,0x00,0x00,0x00,0x00,0x00,0x11,0xe8,0xff,0xff,0xff,0xff,0x83,0x00,
    0x00,0x00,0x7a,0xff,0xff,0xff,0x11,0x00,0x00,0x00,0x00,0x00,0x02,0xac,0xff,0xff,
    0xff,0xff,0xc2,0x03,0x00,0x00,0x00,0x74,0xff,0xff,0xff,0x19,0x00,0x00,0x00,0x00,
    0x00,0x8f,0xff,0xff,0xff,0xff,0xd8,0x14,0x00,0x00,0x00,0x00,0x6d,0xff,0xff,0xff,
    0x22,0x00,0x00,0x00,0x00,0x70,0xff,0xff,0xff,0xff,0xe3,0x1d,0x00,0x00,0x00,0x00,
    0x00,0x66,0xff,0xff,0xff,0x2d,0x00,0x00,0x01,0x79,0xfd,0xff,0xff,0xff,0xd9,0x20,
    0x00,0x00,0x00,0x00,0x00,0x00,0x5f,0xff,0xff,0xff,0x45,0x00,0x10,0xb2,0xff,0xff,
    0xff,0xff,0xc8,0x13,0x00,0x00,0x00,0x00,0x00,0x00,0x00,0x57,0xff,0xff,0xff,0xce,
    0x76,0xdd,0xff,0xff,0xff,0xff,0x9b,0x08,0x00,0x00,0x00,0x00,0x00,0x00,0x00,0x00,
    0x50,0xff,0xff,0xff,0xff,0xff,0xff,0xff,0xff,0xf4,0x5c,0x00,0x00,0x00,0x00,0x00,
    0x00,0x00,0x00,0x00,0x00,0x47,0xff,0xff,0xff,0xff,0xff,0xff,0xff,0xdc,0x2b,0x00,
    0x00,0x00,0x00,0x00,0x00,0x00,0x00,0x00,0x00,0x00,0x3c,0xff,0xff,0xff,0xff,0xff,
    0xff,0xb9,0x11,0x00,0x00,0x00,0x00,0x00,0x00,0x00,0x00,0x00,0x00,0x00,0x00,0x30,
    0xff,0xff,0xff,0xff,0xff,0x8b,0x03,0x00,0x00,0x00,0x00,0x00,0x00,0x00,0x00,0x00,
    0x00,0x00,0x00,0x00,0x21,0xff,0xff,0xff,0xed,0x4f,0x00,0x00,0x00,0x00,0x00,0x00,
    0x00,0x00,0x00,0x00,0x00,0x00,0x00,0x00,0x00,0x0e,0xff,0xff,0xc4,0x1d,0x00,0x00,
    0x00,0x00,0x00,0x00,0x00,0x00,0x00,0x00,0x00,0x00,0x00,0x00,0x00,0x00,0x00,0x95,
    0x7d,0x03,0x00,0x00,0x00,0x00,0x00,0x00,0x00,0x00,0x00,0x00,0x00,0x00,0x00,0x00,
    0x00,0x00,0x00,0x84,0xd3,0xb5,0x0d,0x00,0x00,0x00,0x00,0x00,0x00,0x00,0x00,0x00,
    0x00,0x00,0x00,0xfc,0xff,0xff,0x50,0x00,0x00,0x00,0x00,0x00,0x00,0x00,0x00,0x00,
    0x00,0x00,0x00,0xff,0xff,0xff,0x53,0x00,0x00,0x00,0x00,0x00,0x00,0x00,0x00,0x00,
    0x00,0x00,0x00,0xff,0xff,0xff,0x53,0x00,0x00,0x00,0x00,0x00,0x00,0x00,0x00,0x00,
    0x00,0x00,0x00,0xff,0xff,0xff,0x53,0x00,0x00,0x00,0x00,0x00,0x00,0x00,0x00,0x00,
    0x00,0x00,0x00,0xff,0xff,0xff,0x53,0x00,0x00,0x00,0x00,0x00,0x00,0x00,0x00,0x00,
    0x00,0x00,0x00,0xff,0xff,0xff,0x53,0x00,0x00,0x00,0x00,0x00,0x00,0x00,0x00,0x00,
    0x00,0x00,0x00,0xff,0xff,0xff,0x53,0x00,0x00,0x00,0x00,0x00,0x00,0x00,0x00,0x00,
    0x00,0x00,0x00,0xff,0xff,0xff,0x53,0x00,0x00,0x00,0x00,0x00,0x00,0x00,0x00,0x00,
    0x00,0x00,0x00,0xff,0xff,0xff,0x53,0x00,0x00,0x00,0x00,0x00,0x00,0x00,0x00,0x00,
    0x00,0x00,0x00,0xff,0xff,0xff,0x53,0x00,0x00,0x00,0x00,0x00,0x00,0x00,0x00,0x00,
    0x00,0x00,0x00,0xff,0xff,0xff,0x53,0x00,0x00,0x00,0x00,0x00,0x00,0x00,0x00,0x00,
    0x00,0x00,0x00,0xff,0xff,0xff,0x53,0x00,0x00,0x00,0x00,0x00,0x00,0x00,0x00,0x00,
    0x00,0x00,0x00,0xff,0xff,0xff,0x53,0x00,0x00,0x00,0x00,0x00,0x00,0x00,0x00,0x00,
    0x00,0x00,0x00,0xff,0xff,0xff,0x53,0x00,0x00,0x00,0x00,0x00,0x00,0x00,0x12,0x62,
    0xb3,0xdc,0x0a,0xff,0xff,0xff,0x53,0x00,0x00,0x00,0x00,0x21,0x69,0xb9,0xfb,0xff,
    0xff,0xff,0x1b,0xff,0xff,0xff,0x99,0x4f,0x72,0x9c,0xdc,0xff,0xff,0xff,0xff,0xff,
    0xff,0xff,0x1b,0xff,0xff,0xff,0xff,0xff,0xff,0xff,0xff,0xff,0xff,0xff,0xff,0xff,
    0xff,0xff,0x1b,0xff,0xff,0xff,0xff,0xff,0xff,0xff,0xff,0xff,0xff,0xff,0xff,0xff,
    0xff,0xff,0x1b,0xff,0xff,0xff,0xff,0xff,0xff,0xff,0xff,0xff,0xff,0xff,0xff,0xff,
    0xff,0xff,0x1b,0xff,0xff,0xff,0xff,0xff,0xff,0xff,0xff,0xff,0xff,0xff,0xff,0xff,
    0xff,0xff,0x1b,0xff,0xff,0xff,0xff,0xff,0xff,0xff,0xff,0xff,0xff,0xff,0xff,0xff,
    0xff,0xff,0x1b,0xff,0xff,0xff,0xff,0xff,0xff,0xff,0xff,0xff,0xff,0xff,0xff,0xff,
    0xff,0xff,0x1b,0xff,0xff,0xff,0xff,0xff,0xff,0xff,0xff,0xff,0xfc,0xd6,0xe0,0xff,
    0xff,0xff,0x1b,0xff,0xff,0xff,0xff,0xff,0xff,0xf6,0xa5,0x46,0x08,0x00,0x3b,0xff,
    0xff,0xff,0x1b,0xff,0xff,0xff,0xff,0xf8,0x8b,0x11,0x00,0x00,0x00,0x00,0x37,0xff,
    0xff,0xff,0x1b,0xff,0xff,0xff,0xd6,0x23,0x00,0x00,0x00,0x00,0x00,0x00,0x37,0xff,
    0xff,0xff,0x1b,0xff,0xff,0xff,0x5a,0x00,0x00,0x00,0x00,0x00,0x00,0x00,0x37,0xff,
    0xff,0xff,0x1b,0xff,0xff,0xff,0x53,0x00,0x00,0x00,0x00,0x00,0x00,0x00,0x37,0xff,
    0xff,0xff,0x1b,0xff,0xff,0xff,0x53,0x00,0x00,0x00,0x00,0x00,0x00,0x00,0x37,0xff,
    0xff,0xff,0x1b,0xff,0xff,0xff,0x53,0x00,0x00,0x00,0x00,0x00,0x00,0x00,0x37,0xff,
    0xff,0xff,0x1b,0xff,0xff,0xff,0x53,0x00,0x00,0x00,0x00,0x00,0x00,0x00,0x37,0xff,
    0xff,0xff,0x1b,0xff,0xff,0xff,0x53,0x00,0x00,0x00,0x00,0x00,0x00,0x00,0x37,0xff,
    0xff,0xff,0x1b,0xff,0xff,0xff,0x53,0x00,0x00,0x00,0x00,0x00,0x00,0x00,0x46,0xff,
    0xff,0xff,0x1b,0xff,0xff,0xff,0x53,0x00,0x00,0x00,0x00,0x00,0x00,0x22,0xd2,0xff,
    0xff,0xff,0x1b,0xff,0xff,0xff,0x53,0x00,0x00,0x00,0x00,0x14,0x88,0xf8,0xff,0xff,
    0xff,0xff,0x1b,0xff,0xff,0xff,0x76,0x0a,0x2c,0x5d,0xb2,0xfa,0xff,0xff,0xff,0xff,
    0xff,0xff,0x1b,0xff,0xff,0xff,0xff,0xff,0xff,0xff,0xff,0xff,0xff,0xff,0xff,0xff,
    0xff,0xff,0x1b,0xff,0xff,0xff,0xff,0xff,0xff,0xff,0xff,0xff,0xff,0xff,0xff,0xff,
    0xff,0xff,0x1b,0xff,0xff,0xff,0xff,0xff,0xff,0xff,0xff,0xff,0xff,0xff,0xff,0xff,
    0xff,0xff,0x1b,0xff,0xff,0xff,0xff,0xff,0xff,0xff,0xff,0xff,0xff,0xff,0xff,0xff,
    0xff,0xff,0x1b,0xff,0xff,0xff,0xff,0xff,0xff,0xff,0xff,0xff,0xff,0xff,0xff,0xff,
    0xff,0xff,0x1b,0xff,0xff,0xff,0xff,0xff,0xff,0xff,0xff,0xff,0xff,0xff,0xff,0xff,
    0xff,0xff,0x1b,0xff,0xff,0xff,0xff,0xff,0xff,0xff,0xff,0xff,0xff,0xff,0xff,0xff,
    0xff,0xff,0x1b,0xff,0xff,0xff,0xff,0xff,0xff,0xff,0xff,0xff,0xff,0xff,0xff,0xff,
    0xff,0xff,0x1b,0xff,0xff,0xff,0xff,0xff,0xff,0xff,0xdc,0xa4,0x7d,0x70,0xcd,0xff,
    0xff,0xff,0x1b,0xff,0xff,0xff,0xff,0xda,0x7b,0x2b,0x00,0x00,0x00,0x00,0x41,0xff,
    0xff,0xff,0x1b,0xf9,0xfd,0xac,0x41,0x01,0x00,0x00,0x00,0x00,0x00,0x00,0x37,0xff,
    0xff,0xff,0x1b,0x43,0x25,0x00,0x00,0x00,0x00,0x00,0x00,0x00,0x00,0x00,0x37,0xff,
    0xff,0xff,0x1b,0x00,0x00,0x00,0x00,0x00,0x00,0x00,0x00,0x00,0x00,0x00,0x37,0xff,
    0xff,0xff,0x1b,0x00,0x00,0x00,0x00,0x00,0x00,0x00,0x00,0x00,0x00,0x00,0x37,0xff,
    0xff,0xff,0x1b,0x00,0x00,0x00,0x00,0x00,0x00,0x00,0x00,0x00,0x00,0x00,0x37,0xff,
    0xff,0xff,0x1b,0x00,0x00,0x00,0x00,0x00,0x00,0x00,0x00,0x00,0x00,0x00,0x37,0xff,
    0xff,0xff,0x1b,0x00,0x00,0x00,0x00,0x00,0x00,0x00,0x00,0x00,0x00,0x00,0x37,0xff,
    0xff,0xff,0x1b,0x00,0x00,0x00,0x00,0x00,0x00,0x00,0x00,0x00,0x00,0x00,0x37,0xff,
    0xff,0xff,0x1b,0x00,0x00,0x00,0x00,0x00,0x00,0x00,0x00,0x00,0x00,0x00,0x37,0xff,
    0xff,0xff,0x1b,0x00,0x00,0x00,0x00,0x00,0x00,0x00,0x00,0x00,0x00,0x00,0x37,0xff,
    0xff,0xff,0x1b,0x00,0x00,0x00,0x00,0x00,0x00,0x00,0x00,0x00,0x00,0x00,0x37,0xff,
    0xff,0xff,0x1b,0x00,0x00,0x00,0x00,0x00,0x00,0x00,0x00,0x00,0x00,0x00,0x37,0xff,
    0xff,0xff,0x1b,0x00,0x00,0x00,0x00,0x00,0x00,0x00,0x00,0x00,0x00,0x00,0x36,0xff,
    0xff,0xff,0x1b,0x00,0x00,0x00,0x00,0x00,0x00,0x00,0x00,0x00,0x00,0x00,0x08,0xd6,
    0xff,0xc3,0x01,0x00,0x00,0x00,0x00,0x00,0x00,0x00,0x00,0x00,0x00,0x00,0x00,0x00,
    0x00,0x00,0x5e,0xbc,0x55,0x00,0x00,0x00,0x00,0x00,0x00,0x00,0x00,0x00,0x00,0x00,
    0x00,0x00,0x00,0x00,0x00,0x00,0x00,0x00,0x00,0xe1,0xff,0xcd,0x00,0x00,0x00,0x00,
    0x00,0x00,0x00,0x00,0x00,0x00,0x00,0x00,0x00,0x00,0x00,0x00,0x00,0x00,0x00,0x00,
    0xe3,0xff,0xcf,0x00,0x00,0x00,0x00,0x00,0x00,0x00,0x00,0x00,0x00,0x00,0x00,0x00,
    0x00,0x00,0x00,0x00,0x00,0x00,0x00,0xe3,0xff,0xcf,0x00,0x00,0x00,0x00,0x00,0x00,
    0x00,0x00,0x00,0x28,0xb8,0x9f,0x02,0x00,0x00,0x00,0x00,0x00,0x00,0x00,0xe3,0xff,
    0xcf,0x00,0x00,0x00,0x00,0x00,0x00,0x00,0x00,0x00,0x82,0xff,0xff,0x2e,0x00,0x00,
    0x00,0x00,0x00,0x00,0x00,0xe3,0xff,0xcf,0x00,0x00,0x00,0x00,0x00,0x00,0x00,0x00,
    0x00,0x83,0xff,0xff,0x2f,0x00,0x00,0x00,0x00,0x00,0x00,0x00,0xe3,0xff,0xcf,0x00,
    0x00,0x00,0x00,0x00,0x00,0x00,0x00,0x00,0x83,0xff,0xff,0x2f,0x00,0x00,0x00,0x00,
    0x00,0x00,0x00,0xe3,0xff,0xcf,0x00,0x00,0x00,0x00,0x00,0x00,0x00,0x00,0x00,0x83,
    0xff,0xff,0x2f,0x00,0x00,0x00,0x00,0x00,0x00,0x00,0xe3,0xff,0xcf,0x00,0x00,0x00,
    0x00,0x00,0x00,0x00,0x00,0x00,0x83,0xff,0xff,0x2f,0x00,0x00,0x00,0x00,0x00,0x00,
    0x00,0xe3,0xff,0xcf,0x00,0x00,0x00,0x00,0x00,0x00,0x00,0x00,0x00,0x83,0xff,0xff,
    0x2f,0x00,0x00,0x00,0x00,0x00,0x00,0x00,0xe3,0xff,0xcf,0x00,0x00,0x00,0x00,0x00,
    0x00,0x00,0x00,0x00,0x83,0xff,0xff,0x2f,0x00,0x00,0x00,0x00,0x00,0x00,0x00,0xe3,
    0xff,0xcf,0x00,0x00,0x00,0x00,0x00,0x00,0x00,0x00,0x00,0x83,0xff,0xff,0x2f,0x00,
    0x00,0x00,0x00,0x00,0x00,0x00,0xe4,0xff,0xee,0x0a,0x00,0x2a,0x7c,0x1d,0x00,0x00,
    0x00,0x00,0x83,0xff,0xff,0x2f,0x00,0x00,0x00,0x00,0x00,0x00,0x0b,0xfc,0xff,0xff,
    0xe0,0xce,0xff,0xff,0x66,0x00,0x00,0x00,0x00,0x83,0xff,0xff,0x2f,0x00,0x00,0x00,
    0x00,0x00,0x00,0x5d,0xff,0xff,0xff,0xff,0xff,0xff,0xff,0x67,0x00,0x00,0x00,0x00,
    0x83,0xff,0xff,0x30,0x00,0x00,0x00,0x00,0x00,0x4a,0xf0,0xff,0xff,0xff,0xff,0xff,
    0xff,0xff,0x67,0x00,0x00,0x00,0x00,0x83,0xff,0xff,0x4c,0x00,0x00,0x0b,0x62,0xcf,
    0xff,0xff,0xff,0xff,0xff,0xff,0xff,0xff,0xff,0x67,0x00,0x00,0x00,0x00,0x91,0xff,
    0xff,0xbe,0x5b,0xa2,0xf3,0xff,0xff,0xff,0xff,0xff,0xff,0xff,0xff,0xff,0xff,0xff,
    0x67,0x00,0x00,0x00,0x00,0xc7,0xff,0xff,0xff,0xff,0xff,0xff,0xff,0xff,0xff,0xff,
    0xff,0xff,0xff,0xff,0xff,0xff,0xff,0x67,0x00,0x00,0x02,0x71,0xff,0xff,0xff,0xff,
    0xff,0xff,0xff,0xff,0xff,0xff,0xff,0xff,0xff,0xff,0xff,0xff,0xff,0xff,0x5e,0x09,
    0x76,0xde,0xff,0xff,0xff,0xff,0xff,0xff,0xff,0xff,0xff,0xff,0xff,0xff,0xff,0xff,
    0xff,0xff,0xff,0xff,0xd9,0x13,0xbb,0xff,0xff,0xff,0xff,0xff,0xff,0xff,0xff,0xff,
    0xff,0xff,0xff,0xff,0xff,0xff,0xff,0xff,0xff,0xc5,0x62,0x0b,0x00,0xfe,0xff,0xff,
    0xff,0xff,0xff,0xff,0xff,0xff,0xff,0xff,0xff,0xff,0xff,0xff,0xff,0xff,0xff,0x7f,
    0x00,0x00,0x00,0x00,0xff,0xff,0xff,0xff,0xff,0xff,0xff,0xff,0xff,0xff,0xff,0xff,
    0xff,0xff,0xff,0xff,0xff,0xfd,0x0f,0x00,0x00,0x00,0x00,0xff,0xff,0xff,0xff,0xff,
    0xff,0xff,0xff,0xff,0xff,0xff,0xc2,0x85,0x5d,0x7a,0xf9,0xff,0xd9,0x00,0x00,0x00,
    0x00,0x00,0xff,0xff,0xff,0xff,0xff,0xff,0xff,0xff,0xfd,0x97,0x25,0x00,0x00,0x00,
    0x00,0xc5,0xff,0xcf,0x00,0x00,0x00,0x00,0x00,0xff,0xff,0xff,0xff,0xff,0xff,0xff,
    0xe5,0x3a,0x00,0x00,0x00,0x00,0x00,0x00,0xa9,0xff,0xcf,0x00,0x00,0x00,0x00,0x00,
    0xff,0xff,0xff,0xff,0xff,0xff,0xff,0x4c,0x00,0x00,0x00,0x00,0x00,0x00,0x00,0x99,
    0xff,0xcf,0x00,0x00,0x00,0x00,0x00,0xf7,0xfb,0xa6,0x67,0xf6,0xff,0xff,0x18,0x00,
    0x00,0x00,0x00,0x00,0x00,0x00,0x8f,0xff,0xcf,0x00,0x00,0x00,0x00,0x00,0x35,0x18,
    0x00,0x00,0xa5,0xff,0xff,0x06,0x00,0x00,0x00,0x00,0x00,0x00,0x00,0x8a,0xff,0xcf,
    0x00,0x00,0x00,0x00,0x00,0x00,0x00,0x00,0x00,0x83,0xff,0xfc,0x00,0x00,0x00,0x00,
    0x00,0x00,0x00,0x00,0x8c,0xff,0xcf,0x00,0x00,0x00,0x00,0x00,0x00,0x00,0x00,0x00,
    0x83,0xff,0xf7,0x00,0x00,0x00,0x00,0x00,0x00,0x00,0x00,0x94,0xff,0xcf,0x00,0x00,
    0x00,0x00,0x00,0x00,0x00,0x00,0x00,0x83,0xff,0xf2,0x00,0x00,0x00,0x00,0x00,0x00,
    0x00,0x00,0x9c,0xff,0xd0,0x00,0x00,0x00,0x00,0x00,0x00,0x00,0x00,0x00,0x83,0xff,
    0xee,0x00,0x00,0x00,0x00,0x00,0x00,0x00,0x00,0xa6,0xff,0xf3,0x07,0x00,0x0e,0x56,
    0x11,0x00,0x00,0x00,0x00,0x83,0xff,0xed,0x00,0x00,0x00,0x00,0x00,0x00,0x00,0x00,
    0xbb,0xff,0xff,0xb2,0xa1,0xf5,0xff,0x63,0x00,0x00,0x00,0x00,0x83,0xff,0xf1,0x00,
    0x00,0x00,0x00,0x00,0x00,0x00,0x00,0xde,0xff,0xff,0xff,0xff,0xff,0xff,0x67,0x00,
    0x00,0x00,0x00,0x83,0xff,0xf7,0x00,0x00,0x00,0x00,0x00,0x00,0x00,0x61,0xff,0xff,
    0xff,0xff,0xff,0xff,0xff,0x67,0x00,0x00,0x00,0x00,0x83,0xff,0xfe,0x02,0x00,0x00,
    0x00,0x00,0x0c,0x8f,0xfd,0xff,0xff,0xff,0xff,0xff,0xff,0xff,0x67,0x00,0x00,0x00,
    0x00,0x85,0xff,0xff,0x1e,0x00,0x00,0x1d,0x7c,0xe4,0xff,0xff,0xff,0xff,0xff,0xff,
    0xff,0xff,0xff,0x67,0x00,0x00,0x00,0x00,0xac,0xff,0xff,0xdc,0xb4,0xdb,0xfd,0xff,
    0xff,0xff,0xff,0xff,0xff,0xff,0xff,0xff,0xff,0xff,0x67,0x00,0x00,0x00,0x38,0xf5,
    0xff,0xff,0xff,0xff,0xff,0xff,0xff,0xff,0xff,0xff,0xff,0xff,0xff,0xff,0xff,0xff,
    0xff,0x63,0x01,0x51,0xbc,0xfe,0xff,0xff,0xff,0xff,0xff,0xff,0xff,0xff,0xff,0xff,
    0xff,0xff,0xff,0xff,0xff,0xff,0xff,0xed,0x1d,0xa0,0xff,0xff,0xff,0xff,0xff,0xff,
    0xff,0xff,0xff,0xff,0xff,0xff,0xff,0xff,0xff,0xff,0xff,0xff,0xe7,0x89,0x1e,0x00,
    0xfc,0xff,0xff,0xff,0xff,0xff,0xff,0xff,0xff,0xff,0xff,0xff,0xff,0xff,0xff,0xff,
    0xff,0xff,0x90,0x04,0x00,0x00,0x00,0xff,0xff,0xff,0xff,0xff,0xff,0xff,0xff,0xff,
    0xff,0xff,0xff,0xff,0xff,0xff,0xff,0xff,0xf6,0x05,0x00,0x00,0x00,0x00,0xff,0xff,
    0xff,0xff,0xff,0xff,0xff,0xff,0xff,0xff,0xff,0xfe,0xb9,0x54,0x8e,0xff,0xff,0xd2,
    0x00,0x00,0x00,0x00,0x00,0xff,0xff,0xff,0xff,0xff,0xff,0xff,0xff,0xff,0xec,0x8b,
    0x23,0x00,0x00,0x09,0xf6,0xff,0xcf,0x00,0x00,0x00,0x00,0x00,0xff,0xff,0xff,0xff,
    0xff,0xff,0xff,0xed,0x5e,0x07,0x00,0x00,0x00,0x00,0x00,0xe3,0xff,0xcf,0x00,0x00,
    0x00,0x00,0x00,0xff,0xff,0xff,0xff,0xff,0xff,0xff,0x67,0x00,0x00,0x00,0x00,0x00,
    0x00,0x00,0xe3,0xff,0xcf,0x00,0x00,0x00,0x00,0x00,0xfc,0xff,0xd6,0x9d,0xfd,0xff,
    0xff,0x36,0x00,0x00,0x00,0x00,0x00,0x00,0x00,0xe3,0xff,0xcf,0x00,0x00,0x00,0x00,
    0x00,0x58,0x38,0x00,0x00,0xab,0xff,0xff,0x2f,0x00,0x00,0x00,0x00,0x00,0x00,0x00,
    0xe3,0xff,0xcf,0x00,0x00,0x00,0x00,0x00,0x00,0x00,0x00,0x00,0x83,0xff,0xff,0x2f,
    0x00,0x00,0x00,0x00,0x00,0x00,0x00,0xe3,0xff,0xcf,0x00,0x00,0x00,0x00,0x00,0x00,
    0x00,0x00,0x00,0x83,0xff,0xff,0x2f,0x00,0x00,0x00,0x00,0x00,0x00,0x00,0xe3,0xff,
    0xcf,0x00,0x00,0x00,0x00,0x00,0x00,0x00,0x00,0x00,0x83,0xff,0xff,0x2f,0x00,0x00,
    0x00,0x00,0x00,0x00,0x00,0xe3,0xff,0xcf,0x00,0x00,0x00,0x00,0x00,0x00,0x00,0x00,
    0x00,0x83,0xff,0xff,0x2f,0x00,0x00,0x00,0x00,0x00,0x00,0x00,0xe3,0xff,0xcf,0x00,
    0x00,0x00,0x00,0x00,0x00,0x00,0x00,0x00,0x83,0xff,0xff,0x2f,0x00,0x00,0x00,0x00,
    0x00,0x00,0x00,0xe3,0xff,0xcf,0x00,0x00,0x00,0x00,0x00,0x00,0x00,0x00,0x00,0x83,
    0xff,0xff,0x2f,0x00,0x00,0x00,0x00,0x00,0x00,0x00,0xe3,0xff,0xcf,0x00,0x00,0x00,
    0x00,0x00,0x00,0x00,0x00,0x00,0x83,0xff,0xff,0x2f,0x00,0x00,0x00,0x00,0x00,0x00,
    0x00,0xe3,0xff,0xcf,0x00,0x00,0x00,0x00,0x00,0x00,0x00,0x00,0x00,0x83,0xff,0xff,
    0x2f,0x00,0x00,0x00,0x00,0x00,0x00,0x00,0x9a,0xf5,0x7f,0x00,0x00,0x00,0x00,0x00,
    0x00,0x00,0x00,0x00,0x83,0xff,0xff,0x2f,0x00,0x00,0x00,0x00,0x00,0x00,0x00,0x00,
    0x01,0x00,0x00,0x00,0x00,0x00,0x00,0x00,0x00,0x00,0x00,0x83,0xff,0xff,0x2f,0x00,
    0x00,0x00,0x00,0x00,0x00,0x00,0x00,0x00,0x00,0x00,0x00,0x00,0x00,0x00,0x00,0x00,
    0x00,0x00,0x83,0xff,0xff,0x2f,0x00,0x00,0x00,0x00,0x00,0x00,0x00,0x00,0x00,0x00,
    0x00,0x00,0x00,0x00,0x00,0x00,0x00,0x00,0x00,0x40,0xe9,0xbe,0x08,0x00,0x00,0x00,
    0x00,0x00,0x00,0x00,0x00,0x00,0x00,0x00,0x00,0x00,0x00,0x00,0x29,0xc2,0xf1,0xf3,
    0xf3,0xf3,0xf3,0xf3,0xf3,0xf3,0xf3,0xf3,0xf3,0xf3,0xf3,0xf3,0xf3,0xf3,0xf3,0xf3,
    0xf3,0xf3,0xf3,0xdc,0x5f,0x00,0xc9,0xff,0xff,0xff,0xff,0xff,0xff,0xff,0xff,0xff,
    0xff,0xff,0xff,0xff,0xff,0xff,0xff,0xff,0xff,0xff,0xff,0xff,0xff,0xff,0xfc,0x27,
    0xfc,0xff,0xff,0xff,0xff,0xff,0xff,0xff,0xff,0xff,0xff,0xff,0xff,0xff,0xff,0xff,
    0xff,0xff,0xff,0xff,0xff,0xff,0xff,0xff,0xff,0x5b,0xff,0xff,0xff,0xff,0xff,0xff,
    0xff,0xff,0xff,0xff,0xff,0xff,0xff,0xff,0xff,0xff,0xff,0xff,0xff,0xff,0xff,0xff,
    0xff,0xff,0xff,0x5f,0xff,0xff,0xff,0xff,0xff,0xff,0xff,0xff,0xff,0xff,0xff,0xff,
    0xff,0xff,0xff,0xff,0xff,0xff,0xff,0xff,0xff,0xff,0xff,0xff,0xff,0x5f,0xff,0xff,
    0xff,0xff,0xff,0xff,0xff,0xff,0xff,0xff,0xff,0xff,0xff,0xff,0xff,0xff,0xff,0xff,
    0xff,0xff,0xff,0xff,0xff,0xff,0xff,0x5f,0xff,0xff,0xff,0xff,0xff,0xff,0xff,0xff,
    0xff,0xff,0xff,0xff,0xff,0xff,0xff,0xff,0xff,0xff,0xff,0xff,0xff,0xff,0xff,0xff,
    0xff,0x5f,0xff,0xff,0xff,0xff,0xff,0xff,0xff,0xff,0xff,0xff,0xff,0xff,0xff,0xff,
    0xff,0xff,0xff,0xff,0xff,0xff,0xff,0xff,0xff,0xff,0xff,0x5f,0xff,0xff,0xff,0xff,
    0xff,0xff,0xff,0xff,0xff,0xff,0xff,0xff,0xff,0xff,0xff,0xff,0xff,0xff,0xff,0xff,
    0xff,0xff,0xff,0xff,0xff,0x5f,0xff,0xff,0xff,0xff,0xff,0xff,0xff,0xff,0xff,0xff,
    0xff,0xff,0xff,0xff,0xff,0xff,0xff,0xff,0xff,0xff,0xff,0xff,0xff,0xff,0xff,0x5f,
    0xfd,0xff,0xff,0xff,0xff,0xff,0xff,0xff,0xff,0xff,0xff,0xff,0xff,0xff,0xff,0xff,
    0xff,0xff,0xff,0xff,0xff,0xff,0xff,0xff,0xff,0x5d,0xcc,0xff,0xff,0xff,0xff,0xff,
    0xff,0xff,0xff,0xff,0xff,0xff,0xff,0xff,0xff,0xff,0xff,0xff,0xff,0xff,0xff,0xff,
    0xff,0xff,0xfd,0x29,0x2c,0xcc,0xfd,0xff,0xff,0xff,0xff,0xff,0xff,0xff,0xff,0xff,
    0xff,0xff,0xff,0xff,0xff,0xff,0xff,0xff,0xff,0xff,0xff,0xe6,0x64,0x00,0x29,0xc2,
    0xf1,0xf3,0xf3,0xf3,0xf3,0xf3,0xf3,0xf3,0xf3,0xf3,0xf3,0xf3,0xf3,0xf3,0xf3,0xf3,
    0xf3,0xf3,0xf3,0xf3,0xf3,0xdc,0x5f,0x00,0xc9,0xff,0xff,0xff,0xff,0xff,0xff,0xff,
    0xff,0xff,0xff,0xff,0xff,0xff,0xff,0xff,0xff,0xff,0xff,0xff,0xff,0xff,0xff,0xff,
    0xfc,0x27,0xfc,0xff,0xff,0xff,0xff,0xff,0xff,0xff,0xff,0xff,0xff,0xff,0xff,0xff,
    0xff,0xff,0xff,0xff,0xff,0xff,0xff,0xff,0xff,0xff,0xff,0x5b,0xff,0xff,0xff,0xff,
    0xff,0xff,0xff,0xff,0xff,0xff,0xff,0xff,0xff,0xff,0xff,0xff,0xff,0xff,0xff,0xff,
    0xff,0xff,0xff,0xff,0xff,0x5f,0xff,0xff,0xff,0xff,0xff,0xff,0xff,0xff,0xff,0xff,
    0xff,0xff,0xff,0xff,0xff,0xff,0xff,0xff,0xff,0xff,0xff,0xff,0xff,0xff,0xff,0x5f,
    0xff,0xff,0xff,0xff,0xff,0xff,0xff,0xff,0xff,0xff,0xff,0xff,0xff,0xff,0xff,0xff,
    0xff,0xff,0xff,0xff,0xff,0xff,0xff,0xff,0xff,0x5f,0xff,0xff,0xff,0xff,0xff,0xff,
    0xff,0xff,0xff,0xff,0xff,0xff,0xff,0xff,0xff,0xff,0xff,0xff,0xff,0xff,0xff,0xff,
    0xff,0xff,0xff,0x5f,0xff,0xff,0xff,0xff,0xff,0xff,0xff,0xff,0xff,0xff,0xff,0xff,
    0xff,0xff,0xff,0xff,0xff,0xff,0xff,0xff,0xff,0xff,0xff,0xff,0xff,0x5f,0xff,0xff,
    0xff,0xff,0xff,0xff,0xff,0xff,0xff,0xff,0xff,0xff,0xff,0xff,0xff,0xff,0xff,0xff,
    0xff,0xff,0xff,0xff,0xff,0xff,0xff,0x5f,0xff,0xff,0xff,0xff,0xff,0xff,0xff,0xff,
    0xff,0xff,0xff,0xff,0xff,0xff,0xff,0xff,0xff,0xff,0xff,0xff,0xff,0xff,0xff,0xff,
    0xff,0x5f,0xfd,0xff,0xff,0xff,0xff,0xff,0xff,0xff,0xff,0xff,0xff,0xff,0xff,0xff,
    0xff,0xff,0xff,0xff,0xff,0xff,0xff,0xff,0xff,0xff,0xff,0x5d,0xcc,0xff,0xff,0xff,
    0xff,0xff,0xff,0xff,0xff,0xff,0xff,0xff,0xff,0xff,0xff,0xff,0xff,0xff,0xff,0xff,
    0xff,0xff,0xff,0xff,0xfd,0x29,0x2c,0xcc,0xfd,0xff,0xff,0xff,0xff,0xff,0xff,0xff,
    0xff,0xff,0xff,0xff,0xff,0xff,0xff,0xff,0xff,0xff,0xff,0xff,0xff,0xe6,0x64,0x00,
    0x00,0x00,0x00,0x25,0x61,0x18,0x00,0x00,0x00,0x00,0x00,0x00,0x00,0x00,0x00,0x00,
    0x00,0x00,0x00,0x00,0x00,0x00,0x00,0x00,0x00,0x00,0x00,0x39,0xfe,0xff,0xed,0x34,
    0x00,0x00,0x00,0x00,0x00,0x00,0x00,0x00,0x00,0x00,0x00,0x00,0x00,0x00,0x00,0x00,
    0x00,0x00,0x00,0x00,0x6d,0xff,0xff,0xff,0xe9,0x22,0x00,0x00,0x00,0x00,0x00,0x00,
    0x00,0x00,0x00,0x00,0x00,0x00,0x00,0x00,0x00,0x00,0x00,0x00,0x00,0x37,0xff,0xff,
    0xff,0xff,0xd8,0x12,0x00,0x00,0x00,0x00,0x00,0x00,0x00,0x00,0x00,0x00,0x00,0x00,
    0x00,0x00,0x00,0x00,0x00,0x00,0x00,0xb5,0xff,0xff,0xff,0xff,0xc2,0x07,0x00,0x00,
    0x00,0x00,0x00,0x00,0x00,0x00,0x00,0x00,0x00,0x00,0x00,0x00,0x00,0x00,0x00,0x00,
    0x12,0xe0,0xff,0xff,0xff,0xff,0xa4,0x00,0x00,0x00,0x00,0x00,0x00,0x00,0x00,0x00,
    0x00,0x00,0x00,0x00,0x00,0x00,0x00,0x00,0x00,0x00,0x35,0xfb,0xff,0xff,0xff,0xff,
    0x80,0x00,0x00,0x00,0x00,0x00,0x00,0x00,0x00,0x00,0x00,0x00,0x00,0x00,0x00,0x00,
    0x00,0x00,0x00,0x00,0x7e,0xff,0xff,0xff,0xff,0xff,0x5c,0x00,0x00,0x00,0x00,0x00,
    0x00,0x00,0x00,0x00,0x00,0x00,0x00,0x00,0x00,0x00,0x00,0x00,0x00,0x08,0xe5,0xff,
    0xff,0xff,0xff,0xf8,0x3c,0x00,0x00,0x00,0x00,0x00,0x00,0x00,0x00,0x00,0x00,0x00,
    0x00,0x00,0x00,0x00,0x00,0x00,0x00,0x6d,0xff,0xff,0xff,0xff,0xff,0xeb,0x23,0x00,
    0x00,0x00,0x00,0x00,0x00,0x00,0x00,0x00,0x00,0x00,0x00,0x00,0x00,0x00,0x00,0x00,
    0x08,0xe5,0xff,0xff,0xff,0xff,0xff,0xd8,0x10,0x00,0x00,0x00,0x00,0x00,0x00,0x00,
    0x00,0x00,0x00,0x00,0x00,0x00,0x00,0x00,0x00,0x00,0x76,0xff,0xff,0xff,0xff,0xff,
    0xff,0xbc,0x04,0x00,0x00,0x00,0x00,0x00,0x00,0x00,0x00,0x00,0x00,0x00,0x00,0x00,
    0x00,0x00,0x00,0x2a,0xff,0xff,0xff,0xff,0xff,0xff,0xff,0x98,0x00,0x00,0x00,0x00,
    0x00,0x00,0x00,0x00,0x00,0x00,0x00,0x00,0x00,0x00,0x00,0x00,0x00,0xe7,0xff,0xff,
    0xff,0xff,0xff,0xff,0xff,0x71,0x00,0x00,0x00,0x00,0x00,0x00,0x00,0x00,0x00,0x00,
    0x00,0x00,0x00,0x00,0x00,0x00,0xc7,0xff,0xff,0xff,0xff,0xff,0xff,0xff,0xfd,0x4b,
    0x00,0x00,0x00,0x00,0x00,0x00,0x00,0x00,0x00,0x00,0x00,0x00,0x00,0x00,0x00,0xae,
    0xff,0xff,0xff,0xff,0xff,0xff,0xff,0xff,0xf2,0x2d,0x00,0x00,0x00,0x00,0x00,0x00,
    0x00,0x00,0x00,0x00,0x00,0x00,0x00,0x00,0xb3,0xff,0xff,0xff,0xff,0xff,0xff,0xff,
    0xff,0xff,0xe1,0x17,0x00,0x00,0x00,0x00,0x00,0x00,0x00,0x00,0x00,0x00,0x00,0x00,
    0x00,0xce,0xff,0xff,0xff,0xff,0xff,0xff,0xff,0xff,0xff,0xff,0xc8,0x08,0x00,0x00,
    0x00,0x00,0x00,0x00,0x00,0x00,0x00,0x00,0x00,0x01,0xed,0xff,0xff,0xff,0xff,0xff,
    0xff,0xff,0xff,0xff,0xff,0xff,0xa0,0x00,0x00,0x00,0x00,0x00,0x00,0x00,0x00,0x00,
    0x00,0x00,0x3a,0xff,0xff,0xff,0xff,0xff,0xff,0xff,0xff,0xff,0xff,0xff,0xff,0xfb,
    0x06,0x00,0x00,0x00,0x00,0x00,0x00,0x00,0x00,0x00,0x00,0x8e,0xff,0xff,0xff,0xff,
    0xff,0xff,0xff,0xff,0xff,0xff,0xff,0xff,0xff,0x13,0x00,0x00,0x00,0x00,0x00,0x00,
    0x00,0x00,0x00,0x09,0xe5,0xff,0xff,0xff,0xff,0xff,0xff,0xff,0xff,0xff,0xff,0xff,
    0xff,0xd1,0x00,0x00,0x00,0x00,0x00,0x00,0x00,0x00,0x00,0x00,0x7c,0xff,0xff,0xff,
    0xff,0xff,0xff,0xff,0xff,0xff,0xff,0xff,0xff,0xff,0x44,0x00,0x00,0x00,0x00,0x00,
    0x00,0x00,0x00,0x00,0x19,0xf3,0xff,0xff,0xff,0xff,0xff,0xff,0xff,0xff,0xff,0xff,
    0xff,0xff,0x9e,0x00,0x00,0x00,0x00,0x00,0x00,0x00,0x00,0x00,0x01,0xad,0xff,0xff,
    0xff,0xff,0xff,0xff,0xff,0xff,0xff,0xff,0xff,0xff,0xe9,0x11,0x00,0x00,0x00,0x00,
    0x00,0x00,0x00,0x00,0x00,0x7e,0xff,0xff,0xff,0xff,0xff,0xff,0xff,0xff,0xff,0xff,
    0xff,0xff,0xff,0x60,0x00,0x00,0x00,0x00,0x00,0x00,0x00,0x00,0x00,0x51,0xfe,0xff,
    0xff,0xff,0xff,0xff,0xff,0xff,0xff,0xff,0xff,0xff,0xff,0xc9,0x01,0x00,0x00,0x00,
    0x00,0x00,0x00,0x00,0x00,0x28,0xf4,0xff,0xff,0xff,0xff,0xff,0xff,0xff,0xff,0xff,
    0xff,0xff,0xff,0xff,0x36,0x00,0x00,0x00,0x00,0x00,0x00,0x00,0x00,0x02,0xce,0xff,
    0xff,0xff,0xff,0xff,0xff,0xff,0xff,0xff,0xff,0xff,0xff,0xff,0xbc,0x00,0x00,0x00,
    0x00,0x00,0x00,0x00,0x00,0x00,0x2e,0xff,0xff,0xff,0xff,0xff,0xff,0xff,0xff,0xff,
    0xff,0xff,0xff,0xff,0xff,0x4e,0x00,0x00,0x00,0x00,0x00,0x00,0x00,0x00,0x00,0x25,
    0xff,0xff,0xff,0xff,0xff,0xff,0xff,0xff,0xff,0xff,0xff,0xff,0xff,0xde,0x02,0x00,
    0x00,0x00,0x00,0x00,0x00,0x00,0x00,0x00,0x00,0xcf,0xff,0xff,0xff,0xff,0xff,0xff,
    0xff,0xff,0xff,0xff,0xff,0xff,0x86,0x00,0x00,0x00,0x00,0x00,0x00,0x00,0x00,0x00,
    0x00,0x00,0x28,0xf1,0xff,0xff,0xff,0xff,0xff,0xff,0xff,0xff,0xff,0xff,0xff,0x52,
    0x00,0x00,0x00,0x00,0x00,0x00,0x00,0x00,0x00,0x00,0x00,0x00,0x4a,0xfd,0xff,0xff,
    0xff,0xff,0xff,0xff,0xff,0xff,0xff,0xff,0x1f,0x00,0x00,0x00,0x00,0x00,0x00,0x00,
    0x00,0x00,0x00,0x00,0x00,0x00,0x76,0xff,0xff,0xff,0xff,0xff,0xff,0xff,0xff,0xff,
    0xed,0x00,0x00,0x00,0x00,0x00,0x00,0x00,0x00,0x00,0x00,0x00,0x00,0x00,0x00,0x00,
    0xa4,0xff,0xff,0xff,0xff,0xff,0xff,0xff,0xff,0xcc,0x00,0x00,0x00,0x00,0x00,0x00,
    0x00,0x00,0x00,0x00,0x00,0x00,0x00,0x00,0x00,0x08,0xcb,0xff,0xff,0xff,0xff,0xff,
    0xff,0xff,0xce,0x00,0x00,0x00,0x00,0x00,0x00,0x00,0x00,0x00,0x00,0x00,0x00,0x00,
    0x00,0x00,0x00,0x1b,0xea,0xff,0xff,0xff,0xff,0xff,0xff,0xf1,0x00,0x00,0x00,0x00,
    0x00,0x00,0x00,0x00,0x00,0x00,0x00,0x00,0x00,0x00,0x00,0x00,0x00,0x4c,0xff,0xff,
    0xff,0xff,0xff,0xff,0xff,0x15,0x00,0x00,0x00,0x00,0x00,0x00,0x00,0x00,0x00,0x00,
    0x00,0x00,0x00,0x00,0x00,0x00,0x00,0x94,0xff,0xff,0xff,0xff,0xff,0xff,0x3f,0x00,
    0x00,0x00,0x00,0x00,0x00,0x00,0x00,0x00,0x00,0x00,0x00,0x00,0x00,0x00,0x00,0x00,
    0x08,0xd5,0xff,0xff,0xff,0xff,0xff,0xa0,0x00,0x00,0x00,0x00,0x00,0x00,0x00,0x00,
    0x00,0x00,0x00,0x00,0x00,0x00,0x00,0x00,0x00,0x00,0x2e,0xf8,0xff,0xff,0xff,0xff,
    0xf8,0x16,0x00,0x00,0x00,0x00,0x00,0x00,0x00,0x00,0x00,0x00,0x00,0x00,0x00,0x00,
    0x00,0x00,0x00,0x00,0x70,0xff,0xff,0xff,0xff,0xff,0x80,0x00,0x00,0x00,0x00,0x00,
    0x00,0x00,0x00,0x00,0x00,0x00,0x00,0x00,0x00,0x00,0x00,0x00,0x00,0x02,0xd9,0xff,
    0xff,0xff,0xff,0xf6,0x27,0x00,0x00,0x00,0x00,0x00,0x00,0x00,0x00,0x00,0x00,0x00,
    0x00,0x1d,0x60,0x7c,0x51,0x27,0x0a,0xbc,0xff,0xff,0xff,0xff,0xff,0xc8,0x03,0x00,
    0x00,0x00,0x00,0x00,0x00,0x00,0x00,0x00,0x1f,0xb1,0xfe,0xff,0xff,0xff,0xff,0xff,
    0xff,0xff,0xff,0xff,0xff,0xff,0xff,0x7b,0x00,0x00,0x00,0x00,0x00,0x00,0x00,0x00,
    0x37,0xef,0xff,0xff,0xff,0xff,0xff,0xff,0xff,0xff,0xff,0xff,0xff,0xff,0xff,0xff,
    0xfc,0x46,0x00,0x00,0x00,0x00,0x00,0x00,0x13,0xee,0xff,0xff,0xff,0xff,0xff,0xff,
    0xff,0xff,0xff,0xff,0xff,0xff,0xff,0xff,0xff,0xff,0xee,0x23,0x00,0x00,0x00,0x00,
    0x00,0x94,0xff,0xff,0xff,0xff,0xff,0xff,0xff,0xff,0xff,0xff,0xff,0xff,0xff,0xff,
    0xff,0xff,0xff,0xff,0xd4,0x0d,0x00,0x00,0x00,0x28,0xfb,0xff,0xff,0xff,0xff,0xff,
    0xff,0xff,0xff,0xff,0xff,0xff,0xff,0xff,0xff,0xff,0xff,0xff,0xff,0xff,0xb5,0x02,
    0x00,0x00,0x87,0xff,0xff,0xff,0xff,0xff,0xff,0xff,0xff,0xff,0xff,0xff,0xff,0xff,
    0xff,0xff,0xff,0xff,0xff,0xff,0xff,0xff,0x7d,0x00,0x00,0xc3,0xff,0xff,0xff,0xff,
    0xff,0xff,0xff,0xff,0xff,0xff,0xff,0xff,0xff,0xff,0xff,0xff,0xff,0xff,0xff,0xff,
    0xff,0xfc,0x35,0x00,0xde,0xff,0xff,0xff,0xff,0xff,0xff,0xff,0xff,0xff,0xff,0xff,
    0xff,0xe3,0x93,0x6f,0x70,0x86,0xad,0xe2,0xff,0xff,0xff,0xce,0x00,0xe1,0xff,0xff,
    0xff,0xff,0xff,0xff,0xff,0xff,0xff,0xff,0xff,0xa6,0x0a,0x00,0x00,0x00,0x00,0x00,
    0x00,0x24,0x6e,0xc2,0xfe,0x29,0xc6,0xff,0xff,0xff,0xff,0xff,0xff,0xff,0xff,0xff,
    0xff,0x9b,0x00,0x00,0x00,0x00,0x00,0x00,0x00,0x00,0x00,0x00,0x00,0x10,0x00,0x88,
    0xff,0xff,0xff,0xff,0xff,0xff,0xff,0xff,0xff,0xf7,0x1a,0x00,0x00,0x00,0x00,0x00,
    0x00,0x00,0x00,0x00,0x00,0x00,0x00,0x00,0x33,0xff,0xff,0xff,0xff,0xff,0xff,0xff,
    0xff,0xff,0x9f,0x00,0x00,0x00,0x00,0x00,0x00,0x00,0x00,0x00,0x00,0x00,0x00,0x00,
    0x00,0x00,0xb9,0xff,0xff,0xff,0xff,0xff,0xff,0xff,0xff,0x74,0x00,0x00,0x00,0x00,
    0x00,0x00,0x00,0x00,0x00,0x00,0x00,0x00,0x00,0x00,0x00,0x30,0xfa,0xff,0xff,0xff,
    0xff,0xff,0xff,0xff,0x51,0x00,0x00,0x00,0x00,0x00,0x00,0x00,0x00,0x00,0x00,0x00,
    0x00,0x00,0x00,0x00,0x00,0x7b,0xff,0xff,0xff,0xff,0xff,0xff,0xff,0x51,0x00,0x00,
    0x00,0x00,0x00,0x00,0x00,0x00,0x00,0x00,0x00,0x00,0x00,0x00,0x00,0x00,0x02,0xb3,
    0xff,0xff,0xff,0xff,0xff,0xff,0x78,0x00,0x00,0x00,0x00,0x00,0x00,0x00,0x00,0x00,
    0x00,0x00,0x00,0x00,0x00,0x00,0x00,0x00,0x0c,0xce,0xff,0xff,0xff,0xff,0xff,0xa7,
    0x00,0x00,0x00,0x00,0x00,0x00,0x00,0x00,0x00,0x00,0x00,0x00,0x00,0x00,0x00,0x00,
    0x00,0x00,0x13,0xd1,0xff,0xff,0xff,0xff,0xf2,0x0f,0x00,0x00,0x00,0x00,0x00,0x00,
    0x00,0x00,0x00,0x00,0x00,0x00,0x00,0x00,0x00,0x00,0x00,0x00,0x13,0xcc,0xff,0xff,
    0xff,0xff,0x8b,0x00,0x00,0x00,0x00,0x00,0x00,0x00,0x00,0x00,0x00,0x00,0x00,0x00,
    0x00,0x00,0x00,0x00,0x00,0x00,0x0c,0xb6,0xff,0xff,0xff,0xfe,0x8c,0x09,0x00,0x00,
    0x00,0x00,0x00,0x00,0x00,0x00,0x00,0x00,0x00,0x00,0x00,0x00,0x00,0x00,0x00,0x00,
    0x04,0x95,0xff,0xff,0xff,0xff,0xb8,0x01,0x00,0x00,0x00,0x00,0x00,0x00,0x00,0x00,
    0x00,0x00,0x00,0x00,0x00,0x00,0x00,0x00,0x00,0x00,0x00,0x63,0xf9,0xff,0xff,0xff,
    0x3f,0x00,0x00,0x00,0x00,0x00,0x00,0x00,0x00,0x00,0x00,0x00,0x00,0x00,0x00,0x00,
    0x00,0x00,0x00,0x00,0x00,0x2f,0xb0,0xef,0xe2,0x26,0x00,0x00,0x00,0x00,0x00,0x00,
    0x00,0x00,0x00,0x00,0x00,0x00,0x00,0x62,0xb0,0xe4,0xe6,0xb2,0x66,0x01,0x00,0x00,
    0x00,0x00,0x00,0x00,0x00,0x00,0x00,0x00,0x1e,0x1a,0x00,0x00,0x17,0xba,0xff,0xff,
    0xff,0xff,0xff,0xff,0xc0,0x1c,0x00,0x00,0x00,0x00,0x00,0x00,0x00,0x00,0x4c,0xf9,
    0xe3,0x06,0x00,0xba,0xff,0xff,0xff,0xff,0xff,0xff,0xff,0xff,0xc3,0x02,0x00,0x00,
    0x00,0x00,0x00,0x00,0x48,0xf7,0xff,0xff,0x1e,0x62,0xff,0xff,0xff,0xff,0xff,0xff,
    0xff,0xff,0xff,0xff,0x6c,0x00,0x00,0x00,0x00,0x00,0x4c,0xf8,0xff,0xff,0xdc,0x00,
    0xb2,0xff,0xff,0xff,0xff,0xff,0xff,0xff,0xff,0xff,0xff,0xbc,0x00,0x00,0x00,0x00,
    0x66,0xfa,0xff,0xff,0xff,0x9c,0x00,0xe5,0xff,0xff,0xff,0xff,0xff,0xff,0xff,0xff,
    0xff,0xff,0xef,0x00,0x00,0x0a,0xa2,0xff,0xff,0xff,0xff,0xff,0x5d,0x00,0xef,0xff,
    0xff,0xff,0xff,0xff,0xff,0xff,0xff,0xff,0xff,0xff,0x22,0x5f,0xdb,0xff,0xff,0xff,
    0xff,0xff,0xfe,0x18,0x00,0xbf,0xff,0xff,0xff,0xff,0xff,0xff,0xff,0xff,0xff,0xff,
    0xff,0xff,0xff,0xff,0xff,0xff,0xff,0xff,0xff,0xcf,0x00,0x00,0x52,0xff,0xff,0xff,
    0xff,0xff,0xff,0xff,0xff,0xff,0xff,0xff,0xff,0xff,0xff,0xff,0xff,0xff,0xff,0xff,
    0x87,0x00,0x00,0x00,0x8c,0xff,0xff,0xff,0xff,0xff,0xff,0xff,0xff,0xff,0xff,0xff,
    0xff,0xff,0xff,0xff,0xff,0xff,0xff,0x3e,0x00,0x00,0x00,0x02,0x9a,0xfd,0xff,0xff,
    0xff,0xff,0xff,0xff,0xff,0xff,0xef,0x81,0x53,0xff,0xff,0xff,0xff,0xf2,0x05,0x00,
    0x00,0x00,0x00,0x00,0x29,0xa1,0xe1,0xfe,0xff,0xff,0xe1,0x9c,0x4f,0x09,0x00,0x1d,
    0xff,0xff,0xff,0xff,0xae,0x00,0x00,0x00,0x00,0x00,0x00,0x00,0x00,0x00,0x0a,0x20,
    0x0a,0x00,0x00,0x00,0x00,0x00,0x50,0xff,0xff,0xff,0xff,0x67,0x00,0x00,0x00,0x00,
    0x00,0x00,0x00,0x00,0x00,0x00,0x00,0x00,0x00,0x00,0x00,0x00,0x00,0xa2,0xff,0xff,
    0xff,0xff,0x1f,0x00,0x00,0x00,0x00,0x00,0x00,0x00,0x00,0x00,0x00,0x00,0x00,0x00,
    0x00,0x00,0x00,0x07,0xf0,0xff,0xff,0xff,0xd6,0x00,0x00,0x00,0x00,0x00,0x00,0x00,
    0x00,0x00,0x00,0x00,0x00,0x00,0x00,0x00,0x00,0x00,0x4e,0xff,0xff,0xff,0xff,0x8f,
    0x00,0x00,0x00,0x00,0x00,0x00,0x00,0x00,0x00,0x00,0x00,0x00,0x00,0x00,0x00,0x00,
    0x00,0xa6,0xff,0xff,0xff,0xff,0x46,0x00,0x00,0x00,0x00,0x00,0x00,0x00,0x00,0x00,
    0x00,0x00,0x00,0x00,0x00,0x00,0x00,0x0a,0xf4,0xff,0xff,0xff,0xf6,0x08,0x00,0x00,
    0x00,0x00,0x00,0x00,0x00,0x00,0x00,0x00,0x00,0x00,0x00,0x00,0x00,0x00,0x56,0xff,
    0xff,0xff,0xff,0xb6,0x00,0x00,0x00,0x00,0x00,0x00,0x00,0x00,0x00,0x00,0x00,0x00,
    0x00,0x00,0x00,0x00,0x00,0xae,0xff,0xff,0xff,0xff,0x6e,0x00,0x00,0x00,0x00,0x00,
    0x00,0x00,0x00,0x00,0x00,0x00,0x00,0x00,0x00,0x00,0x00,0x0f,0xf8,0xff,0xff,0xff,
    0xff,0x26,0x00,0x00,0x00,0x00,0x00,0x00,0x00,0x00,0x00,0x00,0x00,0x00,0x00,0x00,
    0x00,0x00,0x5f,0xff,0xff,0xff,0xff,0xde,0x00,0x00,0x00,0x00,0x00,0x00,0x00,0x00,
    0x00,0x00,0x00,0x00,0x00,0x00,0x00,0x00,0x00,0xb8,0xff,0xff,0xff,0xff,0x95,0x00,
    0x00,0x00,0x00,0x00,0x00,0x00,0x00,0x00,0x00,0x00,0x00,0x00,0x00,0x00,0x00,0x13,
    0xfb,0xff,0xff,0xff,0xff,0x4d,0x00,0x00,0x00,0x00,0x00,0x00,0x00,0x00,0x00,0x00,
    0x00,0x00,0x00,0x00,0x00,0x00,0x66,0xff,0xff,0xff,0xff,0xf9,0x0b,0x00,0x00,0x00,
    0x00,0x00,0x00,0x00,0x00,0x00,0x00,0x00,0x00,0x00,0x00,0x00,0x00,0xbd,0xff,0xff,
    0xff,0xff,0xbb,0x00,0x00,0x00,0x00,0x00,0x00,0x00,0x00,0x00,0x00,0x00,0x00,0x00,
    0x00,0x00,0x00,0x17,0xfd,0xff,0xff,0xff,0xff,0x72,0x00,0x00,0x00,0x00,0x00,0x00,
    0x00,0x00,0x00,0x00,0x00,0x00,0x00,0x00,0x00,0x00,0x6c,0xff,0xff,0xff,0xff,0xff,
    0x29,0x00,0x00,0x00,0x00,0x00,0x00,0x00,0x00,0x00,0x00,0x00,0x00,0x00,0x00,0x00,
    0x00,0xc3,0xff,0xff,0xff,0xff,0xe0,0x00,0x00,0x00,0x00,0x00,0x00,0x00,0x00,0x00,
    0x00,0x00,0x00,0x00,0x00,0x00,0x00,0x1b,0xfe,0xff,0xff,0xff,0xff,0x97,0x00,0x00,
    0x00,0x00,0x00,0x00,0x00,0x00,0x00,0x00,0x00,0x00,0x00,0x00,0x00,0x00,0x71,0xff,
    0xff,0xff,0xff,0xff,0x4e,0x00,0x00,0x00,0x00,0x00,0x00,0x00,0x00,0x00,0x00,0x00,
    0x00,0x00,0x00,0x00,0x00,0xc5,0xff,0xff,0xff,0xff,0xf9,0x0c,0x00,0x00,0x00,0x00,
    0x00,0x00,0x00,0x00,0x00,0x00,0x00,0x00,0x00,0x00,0x00,0x1a,0xfe,0xff,0xff,0xff,
    0xff,0xbb,0x00,0x00,0x00,0x00,0x00,0x00,0x00,0x00,0x00,0x00,0x00,0x00,0x00,0x00,
    0x00,0x00,0x6b,0xff,0xff,0xff,0xff,0xff,0x70,0x00,0x00,0x00,0x00,0x00,0x00,0x00,
    0x00,0x00,0x00,0x00,0x00,0x00,0x00,0x00,0x00,0xbd,0xff,0xff,0xff,0xff,0xff,0x25,
    0x00,0x00,0x00,0x00,0x00,0x00,0x00,0x00,0x00,0x00,0x00,0x00,0x00,0x00,0x00,0x10,
    0xfb,0xff,0xff,0xff,0xff,0xd8,0x00,0x00,0x00,0x00,0x00,0x00,0x00,0x00,0x00,0x00,
    0x00,0x00,0x00,0x00,0x00,0x00,0x58,0xff,0xff,0xff,0xff,0xff,0x8b,0x00,0x00,0x00,
    0x00,0x00,0x00,0x00,0x00,0x00,0x00,0x00,0x00,0x00,0x00,0x00,0x00,0x52,0xfc,0xff,
    0xff,0xff,0xc4,0x25,0x00,0x00,0x00,0x00,0x00,0x00,0x00,0x00,0x00,0x00,0x00,0x00,
    0x00,0x00,0x00,0x00,0x00,0x1a,0x49,0x48,0x26,0x00,0x00,0x00,0x00,0x00,0x00,0x00,
    0x00,0x00,0x00,0x00,0x00,0x00,0x00,0x00,0x00,0x00,0x00,0x00,0x00,0x00,0x00,0x00,
    0x00,0x00,0x00,0x22,0x69,0x95,0xad,0xc4,0xdc,0xdd,0xca,0xa6,0x6a,0x1a,0x00,0x00,
    0x00,0x00,0x00,0x00,0x00,0x00,0x00,0x00,0x00,0x00,0x00,0x00,0x00,0x00,0x2a,0x92,
    0xda,0xff,0xff,0xff,0xff,0xff,0xff,0xff,0xff,0xff,0xff,0xfb,0xa4,0x18,0x00,0x00,
    0x00,0x00,0x00,0x00,0x00,0x00,0x00,0x00,0x00,0x00,0x32,0xac,0xfe,0xff,0xff,0xff,
    0xff,0xff,0xff,0xff,0xff,0xff,0xff,0xff,0xff,0xff,0xff,0xec,0x3f,0x00,0x00,0x00,
    0x00,0x00,0x00,0x00,0x00,0x00,0x0e,0xa3,0xff,0xff,0xff,0xff,0xff,0xff,0xff,0xff,
    0xff,0xff,0xff,0xff,0xff,0xff,0xff,0xff,0xff,0xff,0xf2,0x30,0x00,0x00,0x00,0x00,
    0x00,0x00,0x00,0x37,0xdd,0xff,0xff,0xff,0xff,0xff,0xff,0xff,0xff,0xff,0xff,0xff,
    0xff,0xff,0xff,0xff,0xff,0xff,0xff,0xff,0xff,0xcc,0x02,0x00,0x00,0x00,0x00,0x00,
    0x60,0xfb,0xff,0xff,0xff,0xff,0xff,0xff,0xff,0xff,0xff,0xff,0xff,0xff,0xff,0xff,
    0xff,0xff,0xff,0xff,0xff,0xff,0xff,0xff,0x4a,0x00,0x00,0x00,0x00,0x57,0xfd,0xff,
    0xff,0xff,0xff,0xff,0xff,0xff,0xff,0xff,0xff,0xff,0xff,0xff,0xff,0xff,0xff,0xff,
    0xff,0xff,0xff,0xff,0xff,0xff,0x9b,0x00,0x00,0x00,0x4d,0xfb,0xff,0xff,0xff,0xff,
    0xff,0xff,0xff,0xff,0xff,0xff,0xff,0xff,0xff,0xff,0xff,0xff,0xff,0xff,0xff,0xff,
    0xff,0xff,0xff,0xff,0xc3,0x00,0x00,0x19,0xef,0xff,0xff,0xff,0xff,0xff,0xff,0xff,
    0xff,0xff,0xff,0xff,0xff,0xff,0xff,0xff,0xff,0xff,0xff,0xff,0xff,0xff,0xff,0xff,
    0xff,0xff,0xd9,0x00,0x00,0xac,0xff,0xff,0xff,0xff,0xff,0xff,0xff,0xff,0xff,0xff,
    0xff,0xff,0xff,0xff,0xff,0xff,0xff,0xff,0xff,0xff,0xff,0xff,0xff,0xff,0xff,0xff,
    0xca,0x00,0x4d,0xff,0xff,0xff,0xff,0xff,0xff,0xff,0xff,0xff,0xff,0xff,0xff,0xff,
    0xff,0xff,0xff,0xff,0xff,0xff,0xff,0xff,0xff,0xff,0xff,0xff,0xff,0xff,0xa8,0x00,
    0xbe,0xff,0xff,0xff,0xff,0xff,0xff,0xff,0xff,0xff,0xff,0xff,0xff,0xff,0xff,0xff,
    0xff,0xff,0xff,0xff,0xff,0xff,0xff,0xff,0xff,0xff,0xff,0xff,0x6a,0x1f,0xfe,0xff,
    0xff,0xff,0xff,0xff,0xff,0xff,0xff,0xff,0xff,0xff,0xff,0xff,0xff,0xff,0xff,0xff,
    0xff,0xff,0xff,0xff,0xff,0xff,0xff,0xff,0xff,0xf3,0x11,0x7c,0xff,0xff,0xff,0xff,
    0xff,0xff,0xff,0xff,0xff,0xff,0xff,0xff,0xff,0xff,0xff,0xff,0xff,0xff,0xff,0xff,
    0xff,0xff,0xff,0xff,0xff,0xff,0xff,0x8d,0x00,0xaf,0xff,0xff,0xff,0xff,0xff,0xff,
    0xff,0xff,0xff,0xff,0xff,0xff,0xff,0xff,0xff,0xff,0xff,0xff,0xff,0xff,0xff,0xff,
    0xff,0xff,0xff,0xff,0xfa,0x1d,0x00,0xcf,0xff,0xff,0xff,0xff,0xff,0xff,0xff,0xff,
    0xff,0xff,0xff,0xff,0xff,0xff,0xff,0xff,0xff,0xff,0xff,0xff,0xff,0xff,0xff,0xff,
    0xff,0xff,0x72,0x00,0x00,0xef,0xff,0xff,0xff,0xff,0xff,0xff,0xff,0xff,0xff,0xff,
    0xff,0xff,0xff,0xff,0xff,0xff,0xff,0xff,0xff,0xff,0xff,0xff,0xff,0xff,0xff,0xb2,
    0x00,0x00,0x00,0xff,0xff,0xff,0xff,0xff,0xff,0xff,0xff,0xff,0xff,0xff,0xff,0xff,
    0xff,0xff,0xff,0xff,0xff,0xff,0xff,0xff,0xff,0xff,0xff,0xff,0xde,0x12,0x00,0x00,
    0x00,0xff,0xff,0xff,0xff,0xff,0xff,0xff,0xff,0xff,0xff,0xff,0xff,0xff,0xff,0xff,
    0xff,0xff,0xff,0xff,0xff,0xff,0xff,0xff,0xff,0xda,0x1e,0x00,0x00,0x00,0x00,0xff,
    0xff,0xff,0xff,0xff,0xff,0xff,0xff,0xff,0xff,0xff,0xff,0xff,0xff,0xff,0xff,0xff,
    0xff,0xff,0xff,0xff,0xff,0xff,0xd3,0x18,0x00,0x00,0x00,0x00,0x00,0xff,0xff,0xff,
    0xff,0xff,0xff,0xff,0xff,0xff,0xff,0xff,0xff,0xff,0xff,0xff,0xff,0xff,0xff,0xff,
    0xff,0xff,0xff,0xff,0x26,0x00,0x00,0x00,0x00,0x00,0x00,0xff,0xff,0xff,0xff,0xff,
    0xff,0xff,0xff,0xff,0xff,0xff,0xff,0xff,0xff,0xff,0xff,0xff,0xff,0xff,0xff,0xff,
    0xff,0xff,0x57,0x00,0x00,0x00,0x00,0x00,0x00,0xff,0xff,0xff,0xff,0xff,0xff,0xff,
    0xff,0xff,0xff,0xff,0xff,0xff,0xff,0xff,0xff,0xff,0xff,0xfd,0xe6,0xff,0xff,0xff,
    0x97,0x00,0x00,0x00,0x00,0x00,0x00,0xff,0xff,0xbc,0x9c,0xff,0xff,0xff,0xff,0xff,
    0xff,0xff,0xff,0xff,0xff,0xff,0xff,0xf8,0x9f,0x26,0x60,0xff,0xff,0xff,0xcd,0x00,
    0x00,0x00,0x00,0x00,0x00,0xff,0xff,0xaf,0x00,0x39,0xaa,0xf6,0xff,0xff,0xff,0xff,
    0xff,0xff,0xf5,0xbc,0x66,0x11,0x00,0x00,0x26,0xff,0xff,0xff,0xfa,0x06,0x00,0x00,
    0x00,0x00,0x00,0xff,0xff,0xaf,0x00,0x00,0x00,0x06,0x3c,0x5d,0x71,0x69,0x55,0x34,
    0x04,0x00,0x00,0x00,0x00,0x00,0x00,0xeb,0xff,0xff,0xff,0x28,0x00,0x00,0x00,0x00,
    0x00,0xff,0xff,0xaf,0x00,0x00,0x00,0x00,0x00,0x00,0x00,0x00,0x00,0x00,0x00,0x00,
    0x00,0x00,0x00,0x00,0x00,0xb1,0xff,0xff,0xff,0x4c,0x00,0x00,0x00,0x00,0x00,0xff,
    0xff,0xaf,0x00,0x00,0x00,0x00,0x00,0x00,0x00,0x00,0x00,0x00,0x00,0x00,0x00,0x00,
    0x00,0x00,0x00,0x87,0xff,0xff,0xff,0x6b,0x00,0x00,0x00,0x00,0x00,0xff,0xff,0xaf,
    0x00,0x00,0x00,0x00,0x00,0x00,0x00,0x00,0x00,0x00,0x00,0x00,0x00,0x00,0x00,0x00,
    0x00,0x67,0xff,0xff,0xff,0x7a,0x00,0x00,0x00,0x00,0x00,0xff,0xff,0xaf,0x00,0x00,
    0x00,0x00,0x00,0x00,0x00,0x00,0x00,0x00,0x00,0x00,0x00,0x00,0x00,0x00,0x00,0x46,
    0xff,0xff,0xff,0x89,0x00,0x00,0x00,0x00,0x00,0xff,0xff,0xaf,0x00,0x00,0x00,0x00,
    0x00,0x00,0x00,0x00,0x00,0x00,0x00,0x00,0x00,0x00,0x00,0x00,0x00,0x28,0xff,0xff,
    0xff,0x8f,0x00,0x00,0x00,0x00,0x00,0xff,0xff,0xaf,0x00,0x00,0x00,0x00,0x00,0x00,
    0x00,0x00,0x00,0x00,0x00,0x00,0x00,0x00,0x00,0x00,0x00,0x30,0xff,0xff,0xff,0x85,
    0x00,0x00,0x00,0x00,0x00,0xff,0xff,0xaf,0x00,0x00,0x00,0x00,0x00,0x00,0x00,0x00,
    0x00,0x00,0x00,0x00,0x00,0x00,0x00,0x00,0x00,0x46,0xff,0xff,0xff,0x72,0x00,0x00,
    0x00,0x00,0x00,0xff,0xff,0xaf,0x00,0x00,0x00,0x00,0x00,0x00,0x00,0x00,0x00,0x00,
    0x00,0x00,0x00,0x00,0x00,0x00,0x00,0x7a,0xff,0xff,0xff,0x5b,0x00,0x00,0x00,0x00,
    0x00,0xff,0xff,0xaf,0x00,0x00,0x00,0x00,0x00,0x00,0x00,0x00,0x00,0x00,0x00,0x00,
    0x00,0x00,0x00,0x00,0x00,0xb7,0xff,0xff,0xff,0x41,0x00,0x00,0x00,0x00,0x00,0xff,
    0xff,0xaf,0x00,0x00,0x00,0x00,0x00,0x00,0x00,0x00,0x00,0x00,0x00,0x00,0x00,0x00,
    0x00,0x00,0x15,0xfa,0xff,0xff,0xff,0x1d,0x00,0x00,0x00,0x00,0x00,0xff,0xff,0xaf,
    0x00,0x00,0x00,0x00,0x00,0x00,0x00,0x00,0x00,0x00,0x00,0x00,0x00,0x00,0x00,0x00,
    0x71,0xff,0xff,0xff,0xec,0x00,0x00,0x00,0x00,0x00,0x00,0xff,0xff,0xaf,0x00,0x00,
    0x00,0x00,0x00,0x00,0x00,0x00,0x00,0x00,0x00,0x00,0x00,0x00,0x00,0x05,0xdf,0xff,
    0xff,0xff,0xa2,0x00,0x00,0x00,0x00,0x00,0x00,0xff,0xff,0xaf,0x00,0x00,0x00,0x00,
    0x00,0x00,0x00,0x00,0x00,0x00,0x00,0x00,0x00,0x00,0x00,0x67,0xff,0xff,0xff,0xff,
    0x47,0x00,0x00,0x00,0x00,0x00,0x00,0xff,0xff,0xaf,0x00,0x00,0x00,0x00,0x00,0x00,
    0x00,0x00,0x00,0x00,0x00,0x00,0x00,0x00,0x0a,0xe3,0xff,0xff,0xff,0xcd,0x00,0x00,
    0x00,0x00,0x00,0x00,0x00,0xff,0xff,0xaf,0x00,0x00,0x00,0x00,0x00,0x00,0x00,0x00,
    0x00,0x00,0x00,0x00,0x00,0x00,0x87,0xff,0xff,0xff,0xff,0x4a,0x00,0x00,0x00,0x00,
    0x00,0x00,0x00,0xff,0xff,0xaf,0x00,0x00,0x00,0x00,0x00,0x00,0x00,0x00,0x00,0x00,
    0x00,0x00,0x00,0x2a,0xfa,0xff,0xff,0xff,0xfe,0x15,0x00,0x00,0x00,0x00,0x00,0x00,
    0x00,0xff,0xff,0xaf,0x00,0x00,0x00,0x00,0x00,0x00,0x00,0x00,0x00,0x00,0x00,0x00,
    0x01,0xc2,0xff,0xff,0xff,0xff,0xff,0x64,0x00,0x00,0x00,0x00,0x00,0x00,0x00,0xff,
    0xff,0xaf,0x00,0x00,0x00,0x00,0x00,0x00,0x00,0x00,0x00,0x00,0x00,0x00,0x74,0xff,
    0xff,0xff,0xff,0xff,0xff,0xb8,0x00,0x00,0x00,0x00,0x00,0x00,0x00,0xff,0xff,0xaf,
    0x00,0x00,0x00,0x00,0x00,0x00,0x00,0x00,0x00,0x00,0x00,0x39,0xfb,0xff,0xff,0xff,
    0xff,0xff,0xff,0xf7,0x0a,0x00,0x00,0x00,0x00,0x00,0x00,0xff,0xff,0xaf,0x00,0x00,
    0x00,0x00,0x00,0x00,0x00,0x00,0x00,0x00,0x14,0xe1,0xff,0xff,0xff,0xff,0xff,0xff,
    0xff,0xff,0x46,0x00,0x00,0x00,0x00,0x00,0x00,0xff,0xff,0xaf,0x00,0x00,0x00,0x00,
    0x00,0x00,0x00,0x00,0x00,0x0e,0xcd,0xff,0xff,0xff,0xff,0xa1,0x87,0xfd,0xff,0xff,
    0x77,0x00,0x00,0x00,0x00,0x00,0x00,0xff,0xff,0xaf,0x00,0x00,0x00,0x00,0x00,0x00,
    0x00,0x00,0x0b,0xc3,0xff,0xff,0xff,0xff,0xb3,0x00,0x00,0xce,0xff,0xff,0xa8,0x00,
    0x00,0x00,0x00,0x00,0x00,0xff,0xff,0xaf,0x00,0x00,0x00,0x00,0x00,0x00,0x00,0x20,
    0xd1,0xff,0xff,0xff,0xff,0xe7,0x15,0x00,0x00,0x96,0xff,0xff,0xce,0x00,0x00,0x00,
    0x00,0x00,0x00,0xff,0xff,0xaf,0x00,0x00,0x00,0x00,0x00,0x00,0x57,0xeb,0xff,0xff,
    0xff,0xff,0xfd,0x45,0x00,0x00,0x00,0x71,0xff,0xff,0xdf,0x00,0x00,0x00,0x00,0x00,
    0x00,0xff,0xff,0xaf,0x00,0x00,0x00,0x01,0x43,0xbe,0xff,0xff,0xff,0xff,0xff,0xff,
    0x75,0x00,0x00,0x00,0x00,0x5e,0xff,0xff,0xf1,0x00,0x00,0x00,0x00,0x00,0x00,0xff,
    0xff,0xb7,0x37,0x69,0x9c,0xdc,0xff,0xff,0xff,0xff,0xff,0xff,0xff,0x9e,0x00,0x00,
    0x00,0x00,0x00,0x5b,0xff,0xff,0xff,0x01,0x00,0x00,0x00,0x00,0x00,0xff,0xff,0xff,
    0xff,0xff,0xff,0xff,0xff,0xff,0xff,0xff,0xff,0xff,0xbf,0x05,0x00,0x00,0x00,0x00,
    0x00,0x7b,0xff,0xff,0xf5,0x00,0x00,0x00,0x00,0x00,0x00,0xff,0xff,0xff,0xff,0xff,
    0xff,0xff,0xff,0xff,0xff,0xff,0xff,0xcc,0x0e,0x00,0x00,0x00,0x00,0x00,0x00,0x9c,
    0xff,0xff,0xe8,0x00,0x00,0x00,0x00,0x00,0x00,0xff,0xff,0xff,0xff,0xff,0xff,0xff,
    0xff,0xff,0xff,0xff,0xd4,0x13,0x00,0x00,0x00,0x00,0x00,0x00,0x00,0xd7,0xff,0xff,
    0xc9,0x00,0x00,0x00,0x00,0x00,0x00,0xff,0xff,0xff,0xff,0xff,0xff,0xff,0xff,0xff,
    0xff,0xdc,0x19,0x00,0x00,0x00,0x00,0x00,0x00,0x00,0x34,0xff,0xff,0xff,0xa1,0x00,
    0x00,0x00,0x00,0x00,0x00,0xff,0xff,0xff,0xff,0xff,0xff,0xff,0xff,0xff,0xdf,0x1e,
    0x00,0x00,0x00,0x00,0x00,0x00,0x00,0x00,0x91,0xff,0xff,0xff,0x6f,0x00,0x00,0x00,
    0x00,0x00,0x00,0xff,0xff,0xff,0xff,0xff,0xff,0xff,0xff,0xe1,0x20,0x00,0x00,0x00,
    0x00,0x00,0x00,0x00,0x00,0x18,0xf3,0xff,0xff,0xff,0x27,0x00,0x00,0x00,0x00,0x00,
    0x00,0xff,0xff,0xff,0xff,0xff,0xff,0xff,0xe5,0x23,0x00,0x00,0x00,0x00,0x00,0x00,
    0x00,0x00,0x00,0x9e,0xff,0xff,0xff,0xda,0x00,0x00,0x00,0x00,0x00,0x00,0x00,0xff,
    0xff,0xff,0xff,0xff,0xff,0xfc,0x3c,0x00,0x00,0x00,0x00,0x00,0x00,0x00,0x00,0x00,
    0x34,0xfd,0xff,0xff,0xff,0x6d,0x00,0x00,0x00,0x00,0x00,0x00,0x00,0xff,0xff,0xff,
    0xff,0xff,0xff,0x7e,0x00,0x00,0x00,0x00,0x00,0x00,0x00,0x00,0x00,0x11,0xdd,0xff,
    0xff,0xff,0xfe,0x0f,0x00,0x00,0x00,0x00,0x00,0x00,0x00,0xff,0xff,0xff,0xff,0xff,
    0xc1,0x03,0x00,0x00,0x00,0x00,0x00,0x00,0x00,0x00,0x02,0xb7,0xff,0xff,0xff,0xff,
    0xff,0x3d,0x00,0x00,0x00,0x00,0x00,0x00,0x00,0xff,0xff,0xff,0xff,0xfc,0x25,0x00,
    0x00,0x00,0x00,0x00,0x00,0x00,0x00,0x01,0x94,0xff,0xff,0xff,0xff,0xff,0xff,0x8d,
    0x00,0x00,0x00,0x00,0x00,0x00,0x00,0xff,0xff,0xff,0xff,0xa6,0x00,0x00,0x00,0x00,
    0x00,0x00,0x00,0x00,0x03,0xa0,0xff,0xff,0xff,0xff,0xff,0xff,0xff,0xd1,0x00,0x00,
    0x00,0x00,0x00,0x00,0x00,0xff,0xff,0xff,0xff,0x38,0x00,0x00,0x00,0x00,0x00,0x00,
    0x00,0x10,0xb0,0xff,0xff,0xff,0xff,0xf9,0xc9,0xff,0xff,0xfe,0x15,0x00,0x00,0x00,
    0x00,0x00,0x00,0xff,0xff,0xff,0xe2,0x01,0x00,0x00,0x00,0x00,0x00,0x00,0x4a,0xe4,
    0xff,0xff,0xff,0xff,0xff,0x60,0x54,0xff,0xff,0xff,0x4e,0x00,0x00,0x00,0x00,0x00,
    0x00,0xff,0xff,0xff,0x98,0x00,0x00,0x00,0x00,0x00,0x3a,0xaa,0xff,0xff,0xff,0xff,
    0xff,0xff,0x8a,0x00,0x10,0xfc,0xff,0xff,0x7b,0x00,0x00,0x00,0x00,0x00,0x00,0xff,
    0xff,0xff,0xda,0x3e,0x32,0x57,0x7e,0xcf,0xff,0xff,0xff,0xff,0xff,0xff,0xff,0xa8,
    0x02,0x00,0x00,0xc8,0xff,0xff,0xa8,0x00,0x00,0x00,0x00,0x00,0x00,0xff,0xff,0xff,
    0xff,0xff,0xff,0xff,0xff,0xff,0xff,0xff,0xff,0xff,0xff,0xff,0xbb,0x06,0x00,0x00,
    0x00,0x85,0xff,0xff,0xc6,0x00,0x00,0x00,0x00,0x00,0x00,0xff,0xff,0xff,0xff,0xff,
    0xff,0xff,0xff,0xff,0xff,0xff,0xff,0xff,0xff,0xcc,0x0c,0x00,0x00,0x00,0x00,0x52,
    0xff,0xff,0xd7,0x00,0x00,0x00,0x00,0x00,0x00,0xff,0xff,0xff,0xff,0xff,0xff,0xff,
    0xff,0xff,0xff,0xff,0xff,0xff,0xd4,0x15,0x00,0x00,0x00,0x00,0x00,0x2d,0xff,0xff,
    0xe9,0x00,0x00,0x00,0x00,0x00,0x00,0xff,0xff,0xff,0xff,0xff,0xff,0xff,0xff,0xff,
    0xff,0xff,0xff,0xd6,0x17,0x00,0x00,0x00,0x00,0x00,0x00,0x3b,0xff,0xff,0xe2,0x00,
    0x00,0x00,0x00,0x00,0x00,0xff,0xff,0xff,0xff,0xff,0xff,0xff,0xff,0xff,0xff,0xff,
    0xcc,0x15,0x00,0x00,0x00,0x00,0x00,0x00,0x00,0x65,0xff,0xff,0xd0,0x00,0x00,0x00,
    0x00,0x00,0x00,0xff,0xff,0xff,0xff,0xff,0xff,0xff,0xff,0xff,0xff,0xc0,0x0d,0x00,
    0x00,0x00,0x00,0x00,0x00,0x00,0x00,0xbf,0xff,0xff,0xb7,0x00,0x00,0x00,0x00,0x00,
    0x00,0xff,0xff,0xff,0xff,0xff,0xff,0xff,0xff,0xff,0xba,0x09,0x00,0x00,0x00,0x00,
    0x00,0x00,0x00,0x00,0x31,0xff,0xff,0xff,0x7e,0x00,0x00,0x00,0x00,0x00,0x00,0xff,
    0xff,0xff,0xff,0xff,0xff,0xff,0xff,0xb5,0x08,0x00,0x00,0x00,0x00,0x00,0x00,0x00,
    0x00,0x00,0xaf,0xff,0xff,0xff,0x42,0x00,0x00,0x00,0x00,0x00,0x00,0xff,0xff,0xff,
    0xff,0xff,0xff,0xff,0xb7,0x06,0x00,0x00,0x00,0x00,0x00,0x00,0x00,0x00,0x00,0x55,
    0xff,0xff,0xff,0xf3,0x0a,0x00,0x00,0x00,0x00,0x00,0x00,0xff,0xff,0xff,0xff,0xff,
    0xff,0xdd,0x11,0x00,0x00,0x00,0x00,0x00,0x00,0x00,0x00,0x00,0x13,0xe9,0xff,0xff,
    0xff,0x96,0x00,0x00,0x00,0x00,0x00,0x00,0x00,0xff,0xff,0xff,0xff,0xff,0xfe,0x38,
    0x00,0x00,0x00,0x00,0x00,0x00,0x00,0x00,0x00,0x01,0xaf,0xff,0xff,0xff,0xff,0x2b,
    0x00,0x00,0x00,0x00,0x00,0x00,0x00,0xff,0xff,0xff,0xff,0xff,0xa4,0x00,0x00,0x00,
    0x00,0x00,0x00,0x00,0x00,0x00,0x00,0x80,0xff,0xff,0xff,0xff,0xfe,0x1f,0x00,0x00,
    0x00,0x00,0x00,0x00,0x00,0xff,0xff,0xff,0xff,0xfe,0x21,0x00,0x00,0x00,0x00,0x00,
    0x00,0x00,0x00,0x00,0x54,0xfe,0xff,0xff,0xff,0xff,0xff,0x75,0x00,0x00,0x00,0x00,
    0x00,0x00,0x00,0xff,0xff,0xff,0xff,0xbb,0x00,0x00,0x00,0x00,0x00,0x00,0x00,0x00,
    0x00,0x54,0xfa,0xff,0xff,0xff,0xff,0xff,0xff,0xc4,0x00,0x00,0x00,0x00,0x00,0x00,
    0x00,0xff,0xff,0xff,0xff,0x5b,0x00,0x00,0x00,0x00,0x00,0x00,0x00,0x00,0x62,0xfc,
    0xff,0xff,0xff,0xff,0xfa,0xff,0xff,0xfb,0x0e,0x00,0x00,0x00,0x00,0x00,0x00,0xff,
    0xff,0xff,0xff,0x13,0x00,0x00,0x00,0x00,0x00,0x00,0x0c,0xa0,0xff,0xff,0xff,0xff,
    0xff,0xc9,0x6c,0xff,0xff,0xff,0x4d,0x00,0x00,0x00,0x00,0x00,0x00,0xff,0xff,0xff,
    0xd8,0x00,0x00,0x00,0x00,0x00,0x03,0x60,0xe1,0xff,0xff,0xff,0xff,0xff,0xdf,0x16,
    0x20,0xff,0xff,0xff,0x7e,0x00,0x00,0x00,0x00,0x00,0x00,0xff,0xff,0xff,0x9e,0x00,
    0x00,0x03,0x2e,0x81,0xdd,0xff,0xff,0xff,0xff,0xff,0xff,0xed,0x28,0x00,0x00,0xde,
    0xff,0xff,0xad,0x00,0x00,0x00,0x00,0x00,0x00,0xff,0xff,0xff,0xdf,0xbb,0xcd,0xf5,
    0xff,0xff,0xff,0xff,0xff,0xff,0xff,0xff,0xf5,0x38,0x00,0x00,0x00,0x9c,0xff,0xff,
    0xd4,0x00,0x00,0x00,0x00,0x00,0x00,0xff,0xff,0xff,0xff,0xff,0xff,0xff,0xff,0xff,
    0xff,0xff,0xff,0xff,0xff,0xfa,0x48,0x00,0x00,0x00,0x00,0x61,0xff,0xff,0xe6,0x00,
    0x00,0x00,0x00,0x00,0x00,0xff,0xff,0xff,0xff,0xff,0xff,0xff,0xff,0xff,0xff,0xff,
    0xff,0xff,0xfd,0x5b,0x00,0x00,0x00,0x00,0x00,0x3a,0xff,0xff,0xf9,0x00,0x00,0x00,
    0x00,0x00,0x00,0xff,0xff,0xff,0xff,0xff,0xff,0xff,0xff,0xff,0xff,0xff,0xff,0xfe,
    0x64,0x00,0x00,0x00,0x00,0x00,0x00,0x2e,0xff,0xff,0xfb,0x00,0x00,0x00,0x00,0x00,
    0x00,0xff,0xff,0xff,0xff,0xff,0xff,0xff,0xff,0xff,0xff,0xff,0xfe,0x69,0x00,0x00,
    0x00,0x00,0x00,0x00,0x00,0x56,0xff,0xff,0xea,0x00,0x00,0x00,0x00,0x00,0x00,0x54,
    0xa1,0x63,0x00,0x00,0x00,0x00,0x00,0x00,0x00,0x00,0x00,0x00,0x00,0x00,0x00,0x00,
    0x00,0x00,0x00,0x00,0x00,0x00,0x00,0xf5,0xff,0xff,0x53,0x00,0x00,0x00,0x00,0x00,
    0x00,0x00,0x00,0x00,0x00,0x00,0x00,0x00,0x00,0x00,0x00,0x00,0x00,0x00,0x00,0xff,
    0xff,0xff,0xa4,0x00,0x00,0x00,0x00,0x00,0x00,0x00,0x00,0x00,0x00,0x00,0x00,0x00,
    0x00,0x00,0x00,0x00,0x00,0x00,0x00,0xff,0xff,0xff,0xe0,0x00,0x00,0x00,0x00,0x00,
    0x00,0x00,0x00,0x00,0x00,0x00,0x00,0x00,0x00,0x00,0x00,0x00,0x00,0x00,0x00,0xff,
    0xff,0xff,0xff,0x1d,0x00,0x00,0x00,0x00,0x00,0x00,0x00,0x00,0x00,0x00,0x00,0x00,
    0x00,0x00,0x00,0x00,0x00,0x00,0x00,0xff,0xff,0xff,0xff,0x59,0x00,0x00,0x00,0x00,
    0x00,0x00,0x00,0x00,0x00,0x00,0x00,0x00,0x00,0x00,0x00,0x00,0x00,0x00,0x00,0xff,
    0xff,0xff,0xff,0x96,0x00,0x00,0x00,0x00,0x00,0x00,0x00,0x00,0x00,0x00,0x00,0x00,
    0x00,0x00,0x00,0x00,0x00,0x00,0x00,0xff,0xff,0xff,0xff,0xd2,0x00,0x00,0x00,0x00,
    0x00,0x00,0x00,0x00,0x00,0x00,0x00,0x00,0x00,0x00,0x00,0x00,0x00,0x00,0x00,0xff,
    0xff,0xff,0xff,0xfe,0x14,0x00,0x00,0x00,0x00,0x00,0x00,0x00,0x00,0x00,0x00,0x00,
    0x00,0x00,0x00,0x00,0x00,0x00,0x00,0xff,0xff,0xff,0xff,0xff,0x6b,0x00,0x00,0x00,
    0x00,0x00,0x00,0x00,0x00,0x00,0x00,0x00,0x00,0x00,0x00,0x00,0x00,0x00,0x00,0xff,
    0xff,0xff,0xff,0xff,0xca,0x00,0x00,0x00,0x00,0x00,0x00,0x00,0x00,0x00,0x00,0x00,
    0x00,0x00,0x00,0x00,0x00,0x00,0x00,0xff,0xff,0xff,0xff,0xff,0xff,0x29,0x00,0x00,
    0x00,0x00,0x00,0x00,0x00,0x00,0x00,0x00,0x00,0x00,0x00,0x00,0x00,0x00,0x00,0xff,
    0xff,0xff,0xff,0xff,0xff,0x88,0x00,0x00,0x00,0x00,0x00,0x00,0x00,0x00,0x00,0x00,
    0x00,0x00,0x00,0x00,0x00,0x00,0x00,0xff,0xff,0xff,0xff,0xff,0xff,0xe4,0x02,0x00,
    0x00,0x00,0x00,0x00,0x00,0x00,0x00,0x00,0x00,0x00,0x00,0x00,0x00,0x00,0x00,0xff,
    0xff,0xff,0xff,0xff,0xff,0xff,0x4a,0x00,0x00,0x00,0x00,0x00,0x00,0x00,0x00,0x00,
    0x00,0x00,0x00,0x00,0x00,0x00,0x00,0xff,0xff,0xff,0xff,0xff,0xff,0xff,0xc2,0x00,
    0x00,0x00,0x00,0x00,0x00,0x00,0x00,0x00,0x00,0x00,0x00,0x00,0x00,0x00,0x00,0xff,
    0xff,0xff,0xff,0xff,0xff,0xff,0xff,0x40,0x00,0x00,0x00,0x00,0x00,0x00,0x00,0x00,
    0x00,0x00,0x00,0x00,0x00,0x00,0x00,0xff,0xff,0xff,0xff,0xff,0xff,0xff,0xff,0xbe,
    0x00,0x00,0x00,0x00,0x00,0x00,0x00,0x00,0x00,0x00,0x00,0x00,0x00,0x00,0x00,0xff,
    0xff,0xff,0xff,0xff,0xff,0xff,0xff,0xff,0x3d,0x00,0x00,0x00,0x00,0x00,0x00,0x00,
    0x00,0x00,0x00,0x00,0x00,0x00,0x00,0xff,0xff,0xff,0xff,0xff,0xff,0xff,0xff,0xff,
    0xbb,0x00,0x00,0x00,0x00,0x00,0x00,0x00,0x00,0x00,0x00,0x00,0x00,0x00,0x00,0xff,
    0xff,0xff,0xff,0xff,0xff,0xff,0xff,0xff,0xff,0x40,0x00,0x00,0x00,0x00,0x00,0x00,
    0x00,0x00,0x00,0x00,0x00,0x00,0x00,0xff,0xff,0xff,0xff,0xff,0xff,0xff,0xff,0xff,
    0xff,0xd4,0x04,0x00,0x00,0x00,0x00,0x00,0x00,0x00,0x00,0x00,0x00,0x00,0x00,0xff,
    0xff,0xff,0xff,0xff,0xff,0xff,0xff,0xff,0xff,0xff,0x72,0x00,0x00,0x00,0x00,0x00,
    0x00,0x00,0x00,0x00,0x00,0x00,0x00,0x59,0xbc,0xfe,0xff,0xff,0xff,0xff,0xff,0xff,
    0xff,0xff,0xf2,0x19,0x00,0x00,0x00,0x00,0x00,0x00,0x00,0x00,0x00,0x00,0x00,0x00,
    0x00,0x33,0xd8,0xff,0xff,0xff,0xff,0xff,0xff,0xff,0xff,0xa4,0x00,0x00,0x00,0x00,
    0x00,0x00,0x00,0x00,0x00,0x00,0x00,0x00,0x00,0x00,0x0a,0x98,0xff,0xff,0xff,0xff,
    0xff,0xff,0xff,0xff,0x3f,0x00,0x00,0x00,0x00,0x00,0x00,0x00,0x00,0x00,0x00,0x00,
    0x00,0x00,0x00,0x00,0x79,0xff,0xff,0xff,0xff,0xff,0xff,0xff,0xd0,0x02,0x00,0x00,
    0x00,0x00,0x00,0x00,0x00,0x00,0x00,0x00,0x00,0x00,0x00,0x00,0x00,0x6e,0xfe,0xff,
    0xff,0xff,0xff,0xff,0xff,0x63,0x00,0x00,0x00,0x00,0x00,0x00,0x00,0x00,0x00,0x00,
    0x00,0x00,0x00,0x00,0x00,0x00,0x6f,0xff,0xff,0xff,0xff,0xff,0xff,0xe8,0x0d,0x00,
    0x00,0x00,0x00,0x00,0x00,0x00,0x00,0x00,0x00,0x00,0x00,0x00,0x00,0x00,0x00,0x92,
    0xff,0xff,0xff,0xff,0xff,0xff,0x87,0x00,0x00,0x00,0x00,0x00,0x00,0x00,0x00,0x00,
    0x00,0x00,0x00,0x00,0x00,0x00,0x00,0x03,0xb3,0xff,0xff,0xff,0xff,0xff,0xf8,0x21,
    0x00,0x00,0x00,0x00,0x00,0x00,0x00,0x00,0x00,0x00,0x00,0x00,0x00,0x00,0x00,0x00,
    0x0c,0xd9,0xff,0xff,0xff,0xff,0xff,0xaa,0x00,0x00,0x00,0x00,0x00,0x00,0x00,0x00,
    0x00,0x00,0x00,0x00,0x00,0x00,0x00,0x00,0x00,0x30,0xf8,0xff,0xff,0xff,0xff,0xff,
    0x3d,0x00,0x00,0x00,0x00,0x00,0x00,0x00,0x00,0x00,0x00,0x00,0x00,0x00,0x00,0x00,
    0x00,0x00,0x6c,0xff,0xff,0xff,0xff,0xff,0xb6,0x00,0x00,0x00,0x00,0x00,0x00,0x00,
    0x00,0x00,0x00,0x00,0x00,0x00,0x00,0x00,0x00,0x00,0x00,0xb3,0xff,0xff,0xff,0xff,
    0xfe,0x27,0x00,0x00,0x00,0x00,0x00,0x00,0x00,0x00,0x00,0x00,0x00,0x00,0x00,0x00,
    0x00,0x00,0x00,0x1b,0xf1,0xff,0xff,0xff,0xff,0x95,0x00,0x00,0x00,0x00,0x00,0x00,
    0x00,0x00,0x00,0x00,0x00,0x00,0x00,0x00,0x00,0x00,0x00,0x00,0x68,0xff,0xff,0xff,
    0xff,0xf4,0x10,0x00,0x00,0x00,0x00,0x00,0x00,0x00,0x00,0x00,0x00,0x00,0x00,0x00,
    0x00,0x00,0x00,0x00,0x01,0xc2,0xff,0xff,0xff,0xff,0x74,0x00,0x00,0x00,0x00,0x00,
    0x00,0x00,0x00,0x00,0x00,0x00,0x00,0x00,0x00,0x00,0x00,0x00,0x00,0x30,0xfd,0xff,
    0xff,0xff,0xe1,0x03,0x00,0x00,0x00,0x00,0x00,0x00,0x00,0x00,0x00,0x00,0x00,0x00,
    0x00,0x00,0x00,0x00,0x00,0x00,0x9d,0xff,0xff,0xff,0xff,0x53,0x00,0x00,0x00,0x00,
    0x00,0x00,0x00,0x00,0x00,0x00,0x00,0x00,0x00,0x00,0x00,0x00,0x00,0x00,0x19,0xf4,
    0xff,0xff,0xff,0xbd,0x00,0x00,0x00,0x00,0x00,0x00,0x00,0x00,0x00,0x00,0x00,0x00,
    0x00,0x00,0x00,0x00,0x00,0x00,0x00,0x87,0xff,0xff,0xff,0xfc,0x14,0x00,0x00,0x00,
    0x00,0x00,0x00,0x00,0x00,0x00,0x00,0x00,0x00,0x00,0x00,0x00,0x00,0x00,0x00,0x17,
    0xf7,0xff,0xff,0xff,0x63,0x00,0x00,0x00,0x00,0x00,0x00,0x00,0x00,0x00,0x00,0x00,
    0x00,0x00,0x00,0x00,0x00,0x00,0x00,0x00,0x94,0xff,0xff,0xff,0xb5,0x00,0x00,0x00,
    0x00,0x00,0x00,0x00,0x00,0x00,0x00,0x00,0x00,0x00,0x00,0x00,0x00,0x00,0x00,0x00,
    0x27,0xff,0xff,0xff,0xf9,0x09,0x00,0x00,0x00,0x00,0x00,0x00,0x00,0x00,0x00,0x00,
    0x00,0x00,0x00,0x00,0x00,0x00,0x00,0x00,0x00,0xcf,0xff,0xff,0xff,0x40,0x00,0x00,
    0x00,0x00,0x00,0x00,0x00,0x00,0x00,0x00,0x00,0x00,0x00,0x00,0x00,0x00,0x00,0x00,
    0x00,0x78,0xff,0xff,0xff,0x7d,0x00,0x00,0x00,0x00,0x00,0x00,0x00,0x00,0x00,0x00,
    0x00,0x00,0x00,0x00,0x00,0x00,0x00,0x00,0x00,0x39,0xff,0xff,0xff,0xba,0x00,0x00,
    0x00,0x00,0x00,0x00,0x00,0x00,0x00,0x00,0x00,0x00,0x00,0x00,0x00,0x00,0x00,0x00,
    0x00,0x08,0xfb,0xff,0xff,0xf2,0x00,0x00,0x00,0x00,0x00,0x00,0x00,0x00,0x00,0x00,
    0x00,0x00,0x00,0x00,0x00,0x00,0x00,0x00,0x00,0x00,0xce,0xff,0xff,0xff,0x18,0x00,
    0x00,0x00,0x00,0x00,0x00,0x00,0x00,0x00,0x00,0x00,0x00,0x00,0x00,0x00,0x00,0x00,
    0x00,0x00,0xa4,0xff,0xff,0xff,0x3e,0x00,0x00,0x00,0x00,0x00,0x00,0x00,0x00,0x00,
    0x00,0x00,0x00,0x00,0x00,0x00,0x00,0x00,0x00,0x00,0x87,0xff,0xff,0xff,0x64,0x00,
    0x00,0x00,0x00,0x00,0x00,0x00,0x00,0x00,0x00,0x00,0x00,0x00,0x00,0x00,0x00,0x00,
    0x00,0x00,0x69,0xff,0xff,0xff,0x86,0x00,0x00,0x00,0x00,0x00,0x00,0x00,0x00,0x00,
    0x00,0x00,0x00,0x00,0x00,0x00,0x00,0x00,0x00,0x00,0x4d,0xff,0xff,0xff,0x96,0x00,
    0x00,0x00,0x00,0x00,0x00,0x00,0x00,0x00,0x00,0x00,0x00,0x00,0x00,0x00,0x00,0x00,
    0x00,0x00,0x3e,0xff,0xff,0xff,0xa3,0x00,0x00,0x00,0x00,0x00,0x00,0x00,0x00,0x00,
    0x00,0x00,0x00,0x00,0x00,0x00,0x00,0x00,0x00,0x00,0x34,0xff,0xff,0xff,0xb0,0x00,
    0x00,0x00,0x00,0x00,0x00,0x00,0x00,0x00,0x00,0x00,0x00,0x00,0x00,0x00,0x00,0x00,
    0x00,0x00,0x2b,0xff,0xff,0xff,0xbb,0x00,0x00,0x00,0x00,0x00,0x00,0x00,0x00,0x00,
    0x00,0x00,0x00,0x00,0x00,0x00,0x00,0x00,0x00,0x00,0x22,0xff,0xff,0xff,0xb0,0x00,
    0x00,0x00,0x00,0x00,0x00,0x00,0x00,0x00,0x00,0x00,0x00,0x00,0x00,0x00,0x00,0x00,
    0x00,0x00,0x29,0xff,0xff,0xff,0x9e,0x00,0x00,0x00,0x00,0x00,0x00,0x00,0x00,0x00,
    0x00,0x00,0x00,0x00,0x00,0x00,0x00,0x00,0x00,0x00,0x33,0xff,0xff,0xff,0x8d,0x00,
    0x00,0x00,0x00,0x00,0x00,0x00,0x00,0x00,0x00,0x00,0x00,0x00,0x00,0x00,0x00,0x00,
    0x00,0x00,0x3f,0xff,0xff,0xff,0x7c,0x00,0x00,0x00,0x00,0x00,0x00,0x00,0x00,0x00,
    0x00,0x00,0x00,0x00,0x00,0x00,0x00,0x00,0x00,0x00,0x59,0xff,0xff,0xff,0x6a,0x00,
    0x00,0x00,0x00,0x00,0x00,0x00,0x00,0x00,0x00,0x00,0x00,0x00,0x00,0x00,0x00,0x00,
    0x00,0x00,0x78,0xff,0xff,0xff,0x4e,0x00,0x00,0x00,0x00,0x00,0x00,0x00,0x00,0x00,
    0x00,0x00,0x00,0x00,0x00,0x00,0x00,0x00,0x00,0x00,0x98,0xff,0xff,0xff,0x25,0x00,
    0x00,0x00,0x00,0x00,0x00,0x00,0x00,0x00,0x00,0x00,0x00,0x00,0x00,0x00,0x00,0x00,
    0x00,0x00,0xc8,0xff,0xff,0xf9,0x03,0x00,0x00,0x00,0x00,0x00,0x00,0x00,0x00,0x00,
    0x00,0x00,0x00,0x00,0x00,0x00,0x00,0x00,0x00,0x06,0xf9,0xff,0xff,0xd3,0x00,0x00,
    0x00,0x00,0x00,0x00,0x00,0x00,0x00,0x00,0x00,0x00,0x00,0x00,0x00,0x00,0x00,0x00,
    0x00,0x37,0xff,0xff,0xff,0xaa,0x00,0x00,0x00,0x00,0x00,0x00,0x00,0x00,0x00,0x00,
    0x00,0x00,0x00,0x00,0x00,0x00,0x00,0x00,0x00,0x7e,0xff,0xff,0xff,0x7b,0x00,0x00,
    0x00,0x00,0x00,0x00,0x00,0x00,0x00,0x00,0x00,0x00,0x00,0x00,0x00,0x00,0x00,0x00,
    0x00,0xd0,0xff,0xff,0xff,0x46,0x00,0x00,0x00,0x00,0x00,0x00,0x00,0x00,0x00,0x00,
    0x00,0x00,0x00,0x00,0x00,0x00,0x00,0x00,0x22,0xff,0xff,0xff,0xfe,0x11,0x00,0x00,
    0x00,0x00,0x00,0x00,0x00,0x00,0x00,0x00,0x00,0x00,0x00,0x00,0x00,0x00,0x00,0x00,
    0x63,0xff,0xff,0xff,0xd3,0x00,0x00,0x00,0x00,0x00,0x00,0x00,0x00,0x00,0x00,0x00,
    0x00,0x00,0x00,0x00,0x00,0x00,0x00,0x00,0x80,0xff,0xff,0xff,0x95,0x00,0x00,0x00,
    0x00,0x00,0x00,0x00,0x00,0x00,0x00,0x00,0x00,0x00,0x00,0x00,0x00,0x00,0x00,0x00,
    0x47,0xff,0xff,0xff,0x3f,0x00,0x00,0x00,0x00,0x00,0x00,0x00,0x00,0x00,0x00,0x00,
    0x00,0x00,0x00,0x00,0x00,0x00,0x00,0x00,0x00,0x89,0xf3,0x7f,0x00,0x00,0x00,0x00,
    0x00,0x00,0x00,0x00,0x00,0x00,0x00,0x00,0x00,0x00,0x00,0x00,0x00,0x00,0x00,0x00,
    0x00,0x00,0x00,0x00,0x00,0x85,0xe2,0x70,0x00,0x00,0x00,0x00,0x00,0x00,0x00,0x00,
    0x00,0x00,0x00,0x00,0x00,0x00,0x00,0x00,0x00,0x00,0x00,0x00,0x00,0x00,0x00,0x00,
    0x56,0xff,0xff,0xf7,0x0f,0x00,0x00,0x00,0x00,0x00,0x00,0x00,0x00,0x00,0x00,0x00,
    0x00,0x00,0x00,0x00,0x00,0x00,0x00,0x00,0x00,0x00,0x00,0x00,0x9c,0xff,0xff,0xff,
    0x4c,0x00,0x00,0x00,0x00,0x00,0x00,0x00,0x00,0x00,0x00,0x00,0x00,0x00,0x00,0x00,
    0x00,0x00,0x00,0x00,0x00,0x00,0x00,0x00,0x88,0xff,0xff,0xff,0x8b,0x00,0x00,0x00,
    0x00,0x00,0x00,0x00,0x00,0x00,0x00,0x00,0x00,0x00,0x00,0x00,0x00,0x00,0x00,0x00,
    0x00,0x00,0x00,0x00,0x5d,0xff,0xff,0xff,0xc9,0x00,0x00,0x00,0x00,0x00,0x00,0x00,
    0x00,0x00,0x00,0x00,0x00,0x00,0x00,0x00,0x00,0x00,0x00,0x00,0x00,0x00,0x00,0x00,
    0x23,0xff,0xff,0xff,0xf9,0x07,0x00,0x00,0x00,0x00,0x00,0x00,0x00,0x00,0x00,0x00,
    0x00,0x00,0x00,0x00,0x00,0x00,0x00,0x00,0x00,0x00,0x00,0x00,0x00,0xe7,0xff,0xff,
    0xff,0x37,0x00,0x00,0x00,0x00,0x00,0x00,0x00,0x00,0x00,0x00,0x00,0x00,0x00,0x00,
    0x00,0x00,0x00,0x00,0x00,0x00,0x00,0x00,0x00,0xab,0xff,0xff,0xff,0x70,0x00,0x00,
    0x00,0x00,0x00,0x00,0x00,0x00,0x00,0x00,0x00,0x00,0x00,0x00,0x00,0x00,0x00,0x00,
    0x00,0x00,0x00,0x00,0x00,0x70,0xff,0xff,0xff,0x9e,0x00,0x00,0x00,0x00,0x00,0x00,
    0x00,0x00,0x00,0x00,0x00,0x00,0x00,0x00,0x00,0x00,0x00,0x00,0x00,0x00,0x00,0x00,
    0x00,0x34,0xff,0xff,0xff,0xc5,0x00,0x00,0x00,0x00,0x00,0x00,0x00,0x00,0x00,0x00,
    0x00,0x00,0x00,0x00,0x00,0x00,0x00,0x00,0x00,0x00,0x00,0x00,0x00,0x04,0xfb,0xff,
    0xff,0xec,0x00,0x00,0x00,0x00,0x00,0x00,0x00,0x00,0x00,0x00,0x00,0x00,0x00,0x00,
    0x00,0x00,0x00,0x00,0x00,0x00,0x00,0x00,0x00,0x00,0xe9,0xff,0xff,0xff,0x12,0x00,
    0x00,0x00,0x00,0x00,0x00,0x00,0x00,0x00,0x00,0x00,0x00,0x00,0x00,0x00,0x00,0x00,
    0x00,0x00,0x00,0x00,0x00,0x00,0xd5,0xff,0xff,0xff,0x37,0x00,0x00,0x00,0x00,0x00,
    0x00,0x00,0x00,0x00,0x00,0x00,0x00,0x00,0x00,0x00,0x00,0x00,0x00,0x00,0x00,0x00,
    0x00,0x00,0xc2,0xff,0xff,0xff,0x49,0x00,0x00,0x00,0x00,0x00,0x00,0x00,0x00,0x00,
    0x00,0x00,0x00,0x00,0x00,0x00,0x00,0x00,0x00,0x00,0x00,0x00,0x00,0x00,0xae,0xff,
    0xff,0xff,0x58,0x00,0x00,0x00,0x00,0x00,0x00,0x00,0x00,0x00,0x00,0x00,0x00,0x00,
    0x00,0x00,0x00,0x00,0x00,0x00,0x00,0x00,0x00,0x00,0x9b,0xff,0xff,0xff,0x67,0x00,
    0x00,0x00,0x00,0x00,0x00,0x00,0x00,0x00,0x00,0x00,0x00,0x00,0x00,0x00,0x00,0x00,
    0x00,0x00,0x00,0x00,0x00,0x00,0x89,0xff,0xff,0xff,0x76,0x00,0x00,0x00,0x00,0x00,
    0x00,0x00,0x00,0x00,0x00,0x00,0x00,0x00,0x00,0x00,0x00,0x00,0x00,0x00,0x00,0x00,
    0x00,0x00,0x96,0xff,0xff,0xff,0x83,0x00,0x00,0x00,0x00,0x00,0x00,0x00,0x00,0x00,
    0x00,0x00,0x00,0x00,0x00,0x00,0x00,0x00,0x00,0x00,0x00,0x00,0x00,0x00,0xac,0xff,
    0xff,0xff,0x7a,0x00,0x00,0x00,0x00,0x00,0x00,0x00,0x00,0x00,0x00,0x00,0x00,0x00,
    0x00,0x00,0x00,0x00,0x00,0x00,0x00,0x00,0x00,0x00,0xc3,0xff,0xff,0xff,0x6b,0x00,
    0x00,0x00,0x00,0x00,0x00,0x00,0x00,0x00,0x00,0x00,0x00,0x00,0x00,0x00,0x00,0x00,
    0x00,0x00,0x00,0x00,0x00,0x00,0xd9,0xff,0xff,0xff,0x5c,0x00,0x00,0x00,0x00,0x00,
    0x00,0x00,0x00,0x00,0x00,0x00,0x00,0x00,0x00,0x00,0x00,0x00,0x00,0x00,0x00,0x00,
    0x00,0x06,0xf9,0xff,0xff,0xff,0x4d,0x00,0x00,0x00,0x00,0x00,0x00,0x00,0x00,0x00,
    0x00,0x00,0x00,0x00,0x00,0x00,0x00,0x00,0x00,0x00,0x00,0x00,0x00,0x33,0xff,0xff,
    0xff,0xff,0x2b,0x00,0x00,0x00,0x00,0x00,0x00,0x00,0x00,0x00,0x00,0x00,0x00,0x00,
    0x00,0x00,0x00,0x00,0x00,0x00,0x00,0x00,0x00,0x68,0xff,0xff,0xff,0xfb,0x05,0x00,
    0x00,0x00,0x00,0x00,0x00,0x00,0x00,0x00,0x00,0x00,0x00,0x00,0x00,0x00,0x00,0x00,
    0x00,0x00,0x00,0x00,0x00,0x9c,0xff,0xff,0xff,0xd4,0x00,0x00,0x00,0x00,0x00,0x00,
    0x00,0x00,0x00,0x00,0x00,0x00,0x00,0x00,0x00,0x00,0x00,0x00,0x00,0x00,0x00,0x00,
    0x00,0xd3,0xff,0xff,0xff,0xa9,0x00,0x00,0x00,0x00,0x00,0x00,0x00,0x00,0x00,0x00,
    0x00,0x00,0x00,0x00,0x00,0x00,0x00,0x00,0x00,0x00,0x00,0x00,0x1b,0xff,0xff,0xff,
    0xff,0x71,0x00,0x00,0x00,0x00,0x00,0x00,0x00,0x00,0x00,0x00,0x00,0x00,0x00,0x00,
    0x00,0x00,0x00,0x00,0x00,0x00,0x00,0x00,0x64,0xff,0xff,0xff,0xff,0x2c,0x00,0x00,
    0x00,0x00,0x00,0x00,0x00,0x00,0x00,0x00,0x00,0x00,0x00,0x00,0x00,0x00,0x00,0x00,
    0x00,0x00,0x00,0x00,0xad,0xff,0xff,0xff,0xe6,0x00,0x00,0x00,0x00,0x00,0x00,0x00,
    0x00,0x00,0x00,0x00,0x00,0x00,0x00,0x00,0x00,0x00,0x00,0x00,0x00,0x00,0x00,0x06,
    0xf2,0xff,0xff,0xff,0xa2,0x00,0x00,0x00,0x00,0x00,0x00,0x00,0x00,0x00,0x00,0x00,
    0x00,0x00,0x00,0x00,0x00,0x00,0x00,0x00,0x00,0x00,0x00,0x50,0xff,0xff,0xff,0xff,
    0x53,0x00,0x00,0x00,0x00,0x00,0x00,0x00,0x00,0x00,0x00,0x00,0x00,0x00,0x00,0x00,
    0x00,0x00,0x00,0x00,0x00,0x00,0x00,0xad,0xff,0xff,0xff,0xef,0x07,0x00,0x00,0x00,
    0x00,0x00,0x00,0x00,0x00,0x00,0x00,0x00,0x00,0x00,0x00,0x00,0x00,0x00,0x00,0x00,
    0x00,0x00,0x1b,0xfb,0xff,0xff,0xff,0x9a,0x00,0x00,0x00,0x00,0x00,0x00,0x00,0x00,
    0x00,0x00,0x00,0x00,0x00,0x00,0x00,0x00,0x00,0x00,0x00,0x00,0x00,0x00,0x93,0xff,
    0xff,0xff,0xff,0x3f,0x00,0x00,0x00,0x00,0x00,0x00,0x00,0x00,0x00,0x00,0x00,0x00,
    0x00,0x00,0x00,0x00,0x00,0x00,0x00,0x00,0x00,0x1c,0xf8,0xff,0xff,0xff,0xd3,0x01,
    0x00,0x00,0x00,0x00,0x00,0x00,0x00,0x00,0x00,0x00,0x00,0x00,0x00,0x00,0x00,0x00,
    0x00,0x00,0x00,0x00,0x00,0x96,0xff,0xff,0xff,0xff,0x5b,0x00,0x00,0x00,0x00,0x00,
    0x00,0x00,0x00,0x00,0x00,0x00,0x00,0x00,0x00,0x00,0x00,0x00,0x00,0x00,0x00,0x00,
    0x1d,0xf9,0xff,0xff,0xff,0xde,0x04,0x00,0x00,0x00,0x00,0x00,0x00,0x00,0x00,0x00,
    0x00,0x00,0x00,0x00,0x00,0x00,0x00,0x00,0x00,0x00,0x00,0x00,0x98,0xff,0xff,0xff,
    0xff,0x69,0x00,0x00,0x00,0x00,0x00,0x00,0x00,0x00,0x00,0x00,0x00,0x00,0x00,0x00,
    0x00,0x00,0x00,0x00,0x00,0x00,0x00,0x2d,0xfa,0xff,0xff,0xff,0xe8,0x08,0x00,0x00,
    0x00,0x00,0x00,0x00,0x00,0x00,0x00,0x00,0x00,0x00,0x00,0x00,0x00,0x00,0x00,0x00,
    0x00,0x00,0x03,0xcc,0xff,0xff,0xff,0xff,0x77,0x00,0x00,0x00,0x00,0x00,0x00,0x00,
    0x00,0x00,0x00,0x00,0x00,0x00,0x00,0x00,0x00,0x00,0x00,0x00,0x00,0x00,0x7a,0xff,
    0xff,0xff,0xff,0xf0,0x0e,0x00,0x00,0x00,0x00,0x00,0x00,0x00,0x00,0x00,0x00,0x00,
    0x00,0x00,0x00,0x00,0x00,0x00,0x00,0x00,0x00,0x43,0xfb,0xff,0xff,0xff,0xff,0x82,
    0x00,0x00,0x00,0x00,0x00,0x00,0x00,0x00,0x00,0x00,0x00,0x00,0x00,0x00,0x00,0x00,
    0x00,0x00,0x00,0x00,0x24,0xed,0xff,0xff,0xff,0xff,0xe4,0x0b,0x00,0x00,0x00,0x00,
    0x00,0x00,0x00,0x00,0x00,0x00,0x00,0x00,0x00,0x00,0x00,0x00,0x00,0x00,0x00,0x18,
    0xd8,0xff,0xff,0xff,0xff,0xff,0x58,0x00,0x00,0x00,0x00,0x00,0x00,0x00,0x00,0x00,
    0x00,0x00,0x00,0x00,0x00,0x00,0x00,0x00,0x00,0x00,0x1f,0xdb,0xff,0xff,0xff,0xff,
    0xff,0xc1,0x00,0x00,0x00,0x00,0x00,0x00,0x00,0x00,0x00,0x00,0x00,0x00,0x00,0x00,
    0x00,0x00,0x00,0x00,0x00,0x29,0xe2,0xff,0xff,0xff,0xff,0xff,0xfc,0x2e,0x00,0x00,
    0x00,0x00,0x00,0x00,0x00,0x00,0x00,0x00,0x00,0x00,0x00,0x00,0x00,0x00,0x00,0x00,
    0x60,0xf4,0xff,0xff,0xff,0xff,0xff,0xff,0x92,0x00,0x00,0x00,0x00,0x00,0x00,0x00,
    0x00,0x00,0x00,0x00,0x00,0x00,0x00,0x00,0x00,0x00,0x0f,0xa7,0xff,0xff,0xff,0xff,
    0xff,0xff,0xff,0xeb,0x10,0x00,0x00,0x00,0x00,0x00,0x00,0x00,0x00,0x00,0x00,0x00,
    0x00,0x00,0x00,0x00,0x04,0x6a,0xe9,0xff,0xff,0xff,0xff,0xff,0xff,0xff,0xff,0x62,
    0x00,0x00,0x00,0x00,0x00,0x00,0x00,0x00,0x00,0x00,0x00,0x00,0x00,0x00,0x01,0x53,
    0xda,0xff,0xff,0xff,0xff,0xff,0xff,0xff,0xff,0xff,0xb6,0x00,0x00,0x00,0x00,0x00,
    0x00,0x00,0x00,0x00,0x00,0x00,0x00,0x00,0x19,0x7a,0xdf,0xff,0xff,0xff,0xff,0xff,
    0xff,0xff,0xff,0xff,0xff,0xee,0x1a,0x00,0x00,0x00,0x00,0x00,0x00,0x00,0x00,0x00,
    0x00,0x00,0x00,0xae,0xfb,0xff,0xff,0xff,0xff,0xff,0xff,0xff,0xff,0xff,0xff,0xff,
    0xff,0x5a,0x00,0x00,0x00,0x00,0x00,0x00,0x00,0x00,0x00,0x00,0x00,0x00,0x00,0xff,
    0xff,0xff,0xff,0xff,0xff,0xff,0xff,0xff,0xff,0xff,0xff,0xff,0xad,0x00,0x00,0x00,
    0x00,0x00,0x00,0x00,0x00,0x00,0x00,0x00,0x00,0x00,0x00,0xff,0xff,0xff,0xff,0xff,
    0xff,0xff,0xff,0xff,0xff,0xff,0xff,0xe9,0x15,0x00,0x00,0x00,0x00,0x00,0x00,0x00,
    0x00,0x00,0x00,0x00,0x00,0x00,0x00,0xff,0xff,0xff,0xff,0xff,0xff,0xff,0xff,0xff,
    0xff,0xff,0xff,0x53,0x00,0x00,0x00,0x00,0x00,0x00,0x00,0x00,0x00,0x00,0x00,0x00,
    0x00,0x00,0x00,0xff,0xff,0xff,0xff,0xff,0xff,0xff,0xff,0xff,0xff,0xff,0xa8,0x00,
    0x00,0x00,0x00,0x00,0x00,0x00,0x00,0x00,0x00,0x00,0x00,0x00,0x00,0x00,0x00,0xff,
    0xff,0xff,0xff,0xff,0xff,0xff,0xff,0xff,0xff,0xea,0x14,0x00,0x00,0x00,0x00,0x00,
    0x00,0x00,0x00,0x00,0x00,0x00,0x00,0x00,0x00,0x00,0x00,0xff,0xff,0xff,0xff,0xff,
    0xff,0xff,0xff,0xff,0xff,0x54,0x00,0x00,0x00,0x00,0x00,0x00,0x00,0x00,0x00,0x00,
    0x00,0x00,0x00,0x00,0x00,0x00,0x00,0xff,0xff,0xff,0xff,0xff,0xff,0xff,0xff,0xff,
    0xa9,0x00,0x00,0x00,0x00,0x00,0x00,0x00,0x00,0x00,0x00,0x00,0x00,0x00,0x00,0x00,
    0x00,0x00,0x00,0xff,0xff,0xff,0xff,0xff,0xff,0xff,0xff,0xeb,0x15,0x00,0x00,0x00,
    0x00,0x00,0x00,0x00,0x00,0x00,0x00,0x00,0x00,0x00,0x00,0x00,0x00,0x00,0x00,0xff,
    0xff,0xff,0xff,0xff,0xff,0xff,0xff,0x64,0x00,0x00,0x00,0x00,0x00,0x00,0x00,0x00,
    0x00,0x00,0x00,0x00,0x00,0x00,0x00,0x00,0x00,0x00,0x00,0xff,0xff,0xff,0xff,0xff,
    0xff,0xff,0xcd,0x02,0x00,0x00,0x00,0x00,0x00,0x00,0x00,0x00,0x00,0x00,0x00,0x00,
    0x00,0x00,0x00,0x00,0x00,0x00,0x00,0xff,0xff,0xff,0xff,0xff,0xff,0xff,0x3b,0x00,
    0x00,0x00,0x00,0x00,0x00,0x00,0x00,0x00,0x00,0x00,0x00,0x00,0x00,0x00,0x00,0x00,
    0x00,0x00,0x00,0xff,0xff,0xff,0xff,0xff,0xff,0xb5,0x00,0x00,0x00,0x00,0x00,0x00,
    0x00,0x00,0x00,0x00,0x00,0x00,0x00,0x00,0x00,0x00,0x00,0x00,0x00,0x00,0x00,0xff,
    0xff,0xff,0xff,0xff,0xff,0x37,0x00,0x00,0x00,0x00,0x00,0x00,0x00,0x00,0x00,0x00,
    0x00,0x00,0x00,0x00,0x00,0x00,0x00,0x00,0x00,0x00,0x00,0xff,0xff,0xff,0xff,0xff,
    0xb8,0x00,0x00,0x00,0x00,0x00,0x00,0x00,0x00,0x00,0x00,0x00,0x00,0x00,0x00,0x00,
    0x00,0x00,0x00,0x00,0x00,0x00,0x00,0xff,0xff,0xff,0xff,0xff,0x4d,0x00,0x00,0x00,
    0x00,0x00,0x00,0x00,0x00,0x00,0x00,0x00,0x00,0x00,0x00,0x00,0x00,0x00,0x00,0x00,
    0x00,0x00,0x00,0xff,0xff,0xff,0xff,0xe6,0x04,0x00,0x00,0x00,0x00,0x00,0x00,0x00,
    0x00,0x00,0x00,0x00,0x00,0x00,0x00,0x00,0x00,0x00,0x00,0x00,0x00,0x00,0x00,0xff,
    0xff,0xff,0xff,0x88,0x00,0x00,0x00,0x00,0x00,0x00,0x00,0x00,0x00,0x00,0x00,0x00,
    0x00,0x00,0x00,0x00,0x00,0x00,0x00,0x00,0x00,0x00,0x00,0xff,0xff,0xff,0xff,0x3a,
    0x00,0x00,0x00,0x00,0x00,0x00,0x00,0x00,0x00,0x00,0x00,0x00,0x00,0x00,0x00,0x00,
    0x00,0x00,0x00,0x00,0x00,0x00,0x00,0xff,0xff,0xff,0xf4,0x05,0x00,0x00,0x00,0x00,
    0x00,0x00,0x00,0x00,0x00,0x00,0x00,0x00,0x00,0x00,0x00,0x00,0x00,0x00,0x00,0x00,
    0x00,0x00,0x00,0xff,0xff,0xff,0xb9,0x00,0x00,0x00,0x00,0x00,0x00,0x00,0x00,0x00,
    0x00,0x00,0x00,0x00,0x00,0x00,0x00,0x00,0x00,0x00,0x00,0x00,0x00,0x00,0x00,0xf9,
    0xff,0xff,0x6f,0x00,0x00,0x00,0x00,0x00,0x00,0x00,0x00,0x00,0x00,0x00,0x00,0x00,
    0x00,0x00,0x00,0x00,0x00,0x00,0x00,0x00,0x00,0x00,0x00,0x84,0xea,0x9c,0x08,0x00,
    0x00,0x00,0x00,0x00,0x00,0x00,0x00,0x00,0x00,0x00,0x00,0x00,0x00,0x00,0x00,0x00,
    0x00,0x00,0x00,0x00,0x00,0x00,0x00,0x16,0x49,0x1c,0x00,0x00,0x00,0x00,0x00,0x00,
    0x00,0x00,0x00,0x00,0x00,0x00,0x00,0x00,0x00,0x00,0x00,0x00,0x00,0x00,0x00,0x00,
    0x00,0xec,0xff,0xf8,0x2b,0x00,0x00,0x00,0x00,0x00,0x00,0x00,0x00,0x00,0x00,0x00,
    0x00,0x00,0x00,0x00,0x00,0x00,0x00,0x00,0x00,0x00,0x00,0xff,0xff,0xff,0x79,0x00,
    0x00,0x00,0x00,0x00,0x00,0x00,0x00,0x00,0x00,0x00,0x00,0x00,0x00,0x00,0x00,0x00,
    0x00,0x00,0x00,0x00,0x00,0xff,0xff,0xff,0xb3,0x00,0x00,0x00,0x00,0x00,0x00,0x00,
    0x00,0x00,0x00,0x00,0x00,0x00,0x00,0x00,0x00,0x00,0x00,0x00,0x00,0x00,0x00,0xff,
    0xff,0xff,0xed,0x01,0x00,0x00,0x00,0x00,0x00,0x00,0x00,0x00,0x00,0x00,0x00,0x00,
    0x00,0x00,0x00,0x00,0x00,0x00,0x00,0x00,0x00,0xff,0xff,0xff,0xff,0x3b,0x00,0x00,
    0x00,0x00,0x00,0x00,0x00,0x00,0x00,0x00,0x00,0x00,0x00,0x00,0x00,0x00,0x00,0x00,
    0x00,0x00,0x00,0xff,0xff,0xff,0xff,0x9e,0x00,0x00,0x00,0x00,0x00,0x00,0x00,0x00,
    0x00,0x00,0x00,0x00,0x00,0x00,0x00,0x00,0x00,0x00,0x00,0x00,0x00,0xff,0xff,0xff,
    0xff,0xf4,0x11,0x00,0x00,0x00,0x00,0x00,0x00,0x00,0x00,0x00,0x00,0x00,0x00,0x00,
    0x00,0x00,0x00,0x00,0x00,0x00,0x00,0xff,0xff,0xff,0xff,0xff,0x92,0x00,0x00,0x00,
    0x00,0x00,0x00,0x00,0x00,0x00,0x00,0x00,0x00,0x00,0x00,0x00,0x00,0x00,0x00,0x00,
    0x00,0xff,0xff,0xff,0xff,0xff,0xfc,0x2f,0x00,0x00,0x00,0x00,0x00,0x00,0x00,0x00,
    0x00,0x00,0x00,0x00,0x00,0x00,0x00,0x00,0x00,0x00,0x00,0xff,0xff,0xff,0xff,0xff,
    0xff,0xda,0x11,0x00,0x00,0x00,0x00,0x00,0x00,0x00,0x00,0x00,0x00,0x00,0x00,0x00,
    0x00,0x00,0x00,0x00,0x00,0xff,0xff,0xff,0xff,0xff,0xff,0xff,0xbc,0x08,0x00,0x00,
    0x00,0x00,0x00,0x00,0x00,0x00,0x00,0x00,0x00,0x00,0x00,0x00,0x00,0x00,0x00,0xff,
    0xff,0xff,0xff,0xff,0xff,0xff,0xff,0xc0,0x0e,0x00,0x00,0x00,0x00,0x00,0x00,0x00,
    0x00,0x00,0x00,0x00,0x00,0x00,0x00,0x00,0x00,0xff,0xff,0xff,0xff,0xff,0xff,0xff,
    0xff,0xff,0xce,0x16,0x00,0x00,0x00,0x00,0x00,0x00,0x00,0x00,0x00,0x00,0x00,0x00,
    0x00,0x00,0x00,0xff,0xff,0xff,0xff,0xff,0xff,0xff,0xff,0xff,0xff,0xda,0x20,0x00,
    0x00,0x00,0x00,0x00,0x00,0x00,0x00,0x00,0x00,0x00,0x00,0x00,0x00,0xff,0xff,0xff,
    0xff,0xff,0xff,0xff,0xff,0xff,0xff,0xff,0xe7,0x31,0x00,0x00,0x00,0x00,0x00,0x00,
    0x00,0x00,0x00,0x00,0x00,0x00,0x00,0xff,0xff,0xff,0xff,0xff,0xff,0xff,0xff,0xff,
    0xff,0xff,0xff,0xf3,0x3e,0x00,0x00,0x00,0x00,0x00,0x00,0x00,0x00,0x00,0x00,0x00,
    0x00,0xff,0xff,0xff,0xff,0xff,0xff,0xff,0xff,0xff,0xff,0xff,0xff,0xff,0xf4,0x40,
    0x00,0x00,0x00,0x00,0x00,0x00,0x00,0x00,0x00,0x00,0x00,0xff,0xff,0xff,0xff,0xff,
    0xff,0xff,0xff,0xff,0xff,0xff,0xff,0xff,0xff,0xf5,0x38,0x00,0x00,0x00,0x00,0x00,
    0x00,0x00,0x00,0x00,0x00,0xff,0xff,0xff,0xff,0xff,0xff,0xff,0xff,0xff,0xff,0xff,
    0xff,0xff,0xff,0xff,0xed,0x2a,0x00,0x00,0x00,0x00,0x00,0x00,0x00,0x00,0x00,0xff,
    0xff,0xff,0xf4,0x80,0x62,0x7a,0x9b,0xe3,0xff,0xff,0xff,0xff,0xff,0xff,0xff,0xe4,
    0x1e,0x00,0x00,0x00,0x00,0x00,0x00,0x00,0x00,0xff,0xff,0xff,0xb3,0x00,0x00,0x00,
    0x00,0x01,0x3c,0xba,0xff,0xff,0xff,0xff,0xff,0xff,0xd6,0x12,0x00,0x00,0x00,0x00,
    0x00,0x00,0x00,0xff,0xff,0xff,0xf4,0x08,0x00,0x00,0x00,0x00,0x00,0x00,0x47,0xe5,
    0xff,0xff,0xff,0xff,0xff,0xc5,0x07,0x00,0x00,0x00,0x00,0x00,0x00,0xff,0xff,0xff,
    0xff,0x4e,0x00,0x00,0x00,0x00,0x00,0x00,0x00,0x12,0xba,0xff,0xff,0xff,0xff,0xff,
    0xa3,0x00,0x00,0x00,0x00,0x00,0x00,0xff,0xff,0xff,0xff,0xb0,0x00,0x00,0x00,0x00,
    0x00,0x00,0x00,0x00,0x07,0xb3,0xff,0xff,0xff,0xff,0xff,0x75,0x00,0x00,0x00,0x00,
    0x00,0xff,0xff,0xff,0xff,0xfe,0x28,0x00,0x00,0x00,0x00,0x00,0x00,0x00,0x00,0x05,
    0xab,0xff,0xff,0xff,0xff,0xfb,0x37,0x00,0x00,0x00,0x00,0xff,0xff,0xff,0xff,0xff,
    0xb0,0x00,0x00,0x00,0x00,0x00,0x00,0x00,0x00,0x00,0x03,0xac,0xff,0xff,0xff,0xff,
    0xd8,0x03,0x00,0x00,0x00,0xff,0xff,0xff,0xff,0xff,0xff,0x63,0x00,0x00,0x00,0x00,
    0x00,0x00,0x00,0x00,0x00,0x0c,0xd7,0xff,0xff,0xff,0xff,0x60,0x00,0x00,0x00,0xff,
    0xff,0xff,0xff,0xff,0xff,0xf4,0x24,0x00,0x00,0x00,0x00,0x00,0x00,0x00,0x00,0x00,
    0x2a,0xf4,0xff,0xff,0xff,0xdf,0x05,0x00,0x00,0xff,0xff,0xff,0xff,0xff,0xff,0xff,
    0xc9,0x07,0x00,0x00,0x00,0x00,0x00,0x00,0x00,0x00,0x00,0x5a,0xff,0xff,0xff,0xff,
    0x65,0x00,0x00,0xff,0xff,0xff,0xff,0xff,0xff,0xff,0xff,0xb2,0x05,0x00,0x00,0x00,
    0x00,0x00,0x00,0x00,0x00,0x00,0xb6,0xff,0xff,0xff,0xbd,0x00,0x00,0xff,0xff,0xff,
    0xff,0xff,0xff,0xff,0xff,0xff,0xaa,0x03,0x00,0x00,0x00,0x00,0x00,0x00,0x00,0x00,
    0x27,0xfd,0xff,0xff,0xfb,0x0d,0x00,0xff,0xff,0xff,0xff,0xff,0xff,0xff,0xff,0xff,
    0xff,0xa3,0x02,0x00,0x00,0x00,0x00,0x00,0x00,0x00,0x00,0xb7,0xff,0xff,0xff,0x3d,
    0x00,0xff,0xff,0xff,0xff,0xff,0xff,0xff,0xff,0xff,0xff,0xff,0x99,0x00,0x00,0x00,
    0x00,0x00,0x00,0x00,0x00,0x57,0xff,0xff,0xff,0x6d,0x00,0xff,0xff,0xff,0xff,0xff,
    0xff,0xff,0xff,0xff,0xff,0xff,0xff,0x8f,0x00,0x00,0x00,0x00,0x00,0x00,0x00,0x16,
    0xff,0xff,0xff,0x88,0x00,0xff,0xff,0xff,0xff,0xff,0xff,0xff,0xff,0xff,0xff,0xff,
    0xff,0xff,0x84,0x00,0x00,0x00,0x00,0x00,0x00,0x00,0xe0,0xff,0xff,0x9d,0x00,0x7f,
    0x90,0xa4,0xb7,0xcc,0xf6,0xff,0xff,0xff,0xff,0xff,0xff,0xff,0xff,0x69,0x00,0x00,
    0x00,0x00,0x00,0x00,0xc4,0xff,0xff,0xb2,0x00,0x00,0x00,0x00,0x00,0x00,0x06,0x3a,
    0x8d,0xef,0xff,0xff,0xff,0xff,0xff,0xfb,0x46,0x00,0x00,0x00,0x00,0x00,0xb2,0xff,
    0xff,0xaf,0x00,0x00,0x00,0x00,0x00,0x00,0x00,0x00,0x00,0x0a,0x74,0xf6,0xff,0xff,
    0xff,0xff,0xf0,0x29,0x00,0x00,0x00,0x00,0xb5,0xff,0xff,0x9b,0x00,0x00,0x00,0x00,
    0x00,0x00,0x00,0x00,0x00,0x00,0x00,0x26,0xc6,0xff,0xff,0xff,0xff,0xd8,0x0a,0x00,
    0x00,0x00,0xc5,0xff,0xff,0x87,0x00,0x00,0x00,0x00,0x00,0x00,0x00,0x00,0x00,0x00,
    0x00,0x00,0x07,0xb3,0xff,0xff,0xff,0xff,0x9a,0x00,0x00,0x01,0xee,0xff,0xff,0x74,
    0x00,0x00,0x00,0x00,0x00,0x00,0x00,0x00,0x00,0x00,0x00,0x00,0x00,0x05,0xad,0xff,
    0xff,0xff,0xff,0x53,0x00,0x3d,0xff,0xff,0xff,0x4f,0x00,0x00,0x00,0x00,0x00,0x00,
    0x00,0x00,0x00,0x00,0x00,0x00,0x00,0x00,0x04,0xc4,0xff,0xff,0xff,0xf2,0x93,0xe0,
    0xff,0xff,0xff,0x1c,0x00,0x00,0x00,0x00,0x00,0x00,0x00,0x00,0x00,0x00,0x00,0x00,
    0x00,0x00,0x00,0x1c,0xec,0xff,0xff,0xff,0xff,0xff,0xff,0xff,0xe9,0x00,0x00,0x00,
    0x00,0x00,0x00,0x00,0x00,0x00,0x00,0x00,0x00,0x00,0x00,0x00,0x00,0x00,0x4b,0xfe,
    0xff,0xff,0xff,0xff,0xff,0xff,0xb4,0x00,0x00,0x00,0x00,0x00,0x00,0x00,0x00,0x00,
    0x00,0x00,0x00,0x00,0x00,0x00,0x00,0x00,0x00,0x95,0xff,0xff,0xff,0xff,0xff,0xff,
    0x70,0x00,0x00,0x00,0x00,0x00,0x00,0x00,0x00,0x00,0x00,0x00,0x00,0x00,0x00,0x00,
    0x00,0x00,0x00,0x10,0xea,0xff,0xff,0xff,0xff,0xff,0x25,0x00,0x00,0x00,0x00,0x00,
    0x00,0x00,0x00,0x00,0x00,0x00,0x00,0x00,0x00,0x00,0x00,0x00,0x00,0x00,0x67,0xff,
    0xff,0xff,0xff,0xd0,0x00,0x00,0x00,0x00,0x00,0x00,0x00,0x00,0x00,0x00,0x00,0x00,
    0x00,0x00,0x00,0x00,0x00,0x00,0x00,0x00,0x04,0xda,0xff,0xff,0xff,0x7c,0x00,0x00,
    0x00,0x00,0x00,0x00,0x00,0x00,0x00,0x00,0x00,0x00,0x00,0x00,0x00,0x00,0x00,0x00,
    0x00,0x00,0x00,0x5c,0xff,0xff,0xff,0x76,0x00,0x00,0x00,0x00,0x00,0x00,0x00,0x00,
    0x00,0x00,0x00,0x00,0x00,0x00,0x00,0x00,0x00,0x00,0x00,0x00,0x00,0x07,0xeb,0xff,
    0xff,0xc7,0x00,0x00,0x00,0x00,0x00,0x00,0x00,0x00,0x00,0x00,0x00,0x00,0x00,0x00,
    0x00,0x00,0x00,0x00,0x00,0x00,0x00,0x00,0x8b,0xff,0xff,0xff,0x34,0x00,0x00,0x00,
    0x00,0x00,0x00,0x00,0x00,0x00,0x00,0x00,0x00,0x00,0x00,0x00,0x00,0x00,0x00,0x00,
    0x00,0x00,0x25,0xff,0xff,0xff,0x9b,0x00,0x00,0x00,0x00,0x00,0x00,0x00,0x00,0x00,
    0x00,0x00,0x00,0x00,0x00,0x00,0x00,0x00,0x00,0x00,0x00,0x00,0x00,0xd8,0xff,0xff,
    0xea,0x02,0x00,0x00,0x00,0x00,0x00,0x00,0x00,0x00,0x00,0x00,0x00,0x00,0x00,0x00,
    0x00,0x00,0x00,0x00,0x00,0x00,0x00,0x93,0xff,0xff,0xff,0x3b,0x00,0x00,0x00,0x00,
    0x00,0x00,0x00,0x00,0x00,0x00,0x00,0x00,0x00,0x00,0x00,0x00,0x00,0x00,0x00,0x00,
    0x00,0x4d,0xff,0xff,0xff,0x7c,0x00,0x00,0x00,0x00,0x00,0x00,0x00,0x00,0x00,0x00,
    0x00,0x00,0x00,0x00,0x00,0x00,0x00,0x00,0x00,0x00,0x00,0x17,0xff,0xff,0xff,0xab,
    0x00,0x00,0x00,0x00,0x00,0x00,0x00,0x00,0x00,0x00,0x00,0x00,0x00,0x00,0x00,0x00,
    0x00,0x00,0x00,0x00,0x00,0x00,0xf1,0xff,0xff,0xdb,0x00,0x00,0x00,0x00,0x00,0x00,
    0x00,0x00,0x00,0x00,0x00,0x00,0x00,0x00,0x00,0x00,0x00,0x00,0x00,0x00,0x00,0x00,
    0xcb,0xff,0xff,0xf4,0x00,0x00,0x00,0x00,0x00,0x00,0x00,0x00,0x00,0x00,0x00,0x00,
    0x00,0x00,0x00,0x00,0x00,0x00,0x00,0x00,0x00,0x00,0xa9,0xff,0xff,0xff,0x06,0x00,
    0x00,0x00,0x00,0x00,0x00,0x00,0x00,0x00,0x00,0x00,0x00,0x00,0x00,0x00,0x00,0x00,
    0x00,0x00,0x00,0x00,0x9b,0xff,0xff,0xff,0x15,0x00,0x00,0x00,0x00,0x00,0x00,0x00,
    0x00,0x00,0x00,0x00,0x00,0x00,0x00,0x00,0x00,0x00,0x00,0x00,0x00,0x00,0x90,0xff,
    0xff,0xff,0x17,0x00,0x00,0x00,0x00,0x00,0x00,0x00,0x00,0x00,0x00,0x00,0x00,0x00,
    0x00,0x00,0x00,0x00,0x00,0x00,0x00,0x00,0x84,0xff,0xff,0xff,0x17,0x00,0x00,0x00,
    0x00,0x00,0x00,0x00,0x00,0x00,0x00,0x00,0x00,0x00,0x00,0x00,0x00,0x00,0x00,0x00,
    0x00,0x00,0x88,0xff,0xff,0xff,0x13,0x00,0x00,0x00,0x00,0x00,0x00,0x00,0x00,0x00,
    0x00,0x00,0x00,0x00,0x00,0x00,0x00,0x00,0x00,0x00,0x00,0x00,0x94,0xff,0xff,0xff,
    0x0f,0x00,0x00,0x00,0x00,0x00,0x00,0x00,0x00,0x00,0x00,0x00,0x00,0x00,0x00,0x00,
    0x00,0x00,0x00,0x00,0x00,0x00,0xa0,0xff,0xff,0xff,0x0c,0x00,0x00,0x00,0x00,0x00,
    0x00,0x00,0x00,0x00,0x00,0x00,0x00,0x00,0x00,0x00,0x00,0x00,0x00,0x00,0x00,0x00,
    0xad,0xff,0xff,0xff,0x04,0x00,0x00,0x00,0x00,0x00,0x00,0x00,0x00,0x00,0x00,0x00,
    0x00,0x00,0x00,0x00,0x00,0x00,0x00,0x00,0x00,0x00,0xc8,0xff,0xff,0xf9,0x00,0x00,
    0x00,0x00,0x00,0x00,0x00,0x00,0x00,0x00,0x00,0x00,0x00,0x00,0x00,0x00,0x00,0x00,
    0x00,0x00,0x00,0x00,0xe9,0xff,0xff,0xee,0x00,0x00,0x00,0x00,0x00,0x00,0x00,0x00,
    0x00,0x00,0x00,0x00,0x00,0x00,0x00,0x00,0x00,0x00,0x00,0x00,0x00,0x0b,0xff,0xff,
    0xff,0xdf,0x00,0x00,0x00,0x00,0x00,0x00,0x00,0x00,0x00,0x00,0x00,0x00,0x00,0x00,
    0x00,0x00,0x00,0x00,0x00,0x00,0x00,0x2c,0xff,0xff,0xff,0xcc,0x00,0x00,0x00,0x00,
    0x00,0x00,0x00,0x00,0x00,0x00,0x00,0x00,0x00,0x00,0x00,0x00,0x00,0x00,0x00,0x00,
    0x00,0x47,0xff,0xff,0xff,0xb0,0x00,0x00,0x00,0x00,0x00,0x00,0x00,0x00,0x00,0x00,
    0x00,0x00,0x00,0x00,0x00,0x00,0x00,0x00,0x00,0x00,0x00,0x26,0xff,0xff,0xff,0x6e,
    0x00,0x00,0x00,0x00,0x00,0x00,0x00,0x00,0x00,0x00,0x00,0x00,0x00,0x00,0x00,0x00,
    0x00,0x00,0x00,0x00,0x00,0x00,0x80,0xee,0xa8,0x06,0x00,
};

static const lv_font_fmt_txt_glyph_dsc_t glyph_dsc[] = {
    {.bitmap_index = 0, .adv_w = 0, .box_w = 0, .box_h = 0, .ofs_x = 0, .ofs_y = 0},
    {.bitmap_index = 0, .adv_w = 144, .box_w = 0, .box_h = 0, .ofs_x = 0, .ofs_y = 0},
    {.bitmap_index = 0, .adv_w = 288, .box_w = 0, .box_h = 0, .ofs_x = 0, .ofs_y = 0},
    {.bitmap_index = 0, .adv_w = 966, .box_w = 61, .box_h = 159, .ofs_x = 0, .ofs_y = -60},
    {.bitmap_index = 9699, .adv_w = 608, .box_w = 38, .box_h = 23, .ofs_x = 0, .ofs_y = -12},
    {.bitmap_index = 10573, .adv_w = 425, .box_w = 27, .box_h = 23, .ofs_x = 0, .ofs_y = -12},
    {.bitmap_index = 11194, .adv_w = 425, .box_w = 27, .box_h = 23, .ofs_x = 0, .ofs_y = -12},
    {.bitmap_index = 11815, .adv_w = 943, .box_w = 59, .box_h = 32, .ofs_x = 0, .ofs_y = -15},
    {.bitmap_index = 13703, .adv_w = 661, .box_w = 42, .box_h = 26, .ofs_x = 0, .ofs_y = -12},
    {.bitmap_index = 14795, .adv_w = 325, .box_w = 21, .box_h = 56, .ofs_x = -1, .ofs_y = -16},
    {.bitmap_index = 15971, .adv_w = 242, .box_w = 16, .box_h = 61, .ofs_x = 0, .ofs_y = -31},
    {.bitmap_index = 16947, .adv_w = 359, .box_w = 23, .box_h = 63, .ofs_x = -1, .ofs_y = -32},
    {.bitmap_index = 18396, .adv_w = 408, .box_w = 26, .box_h = 13, .ofs_x = 0, .ofs_y = -13},
    {.bitmap_index = 18734, .adv_w = 408, .box_w = 26, .box_h = 13, .ofs_x = 0, .ofs_y = -1},
    {.bitmap_index = 19072, .adv_w = 389, .box_w = 25, .box_h = 68, .ofs_x = 0, .ofs_y = -34},
    {.bitmap_index = 20772, .adv_w = 360, .box_w = 23, .box_h = 39, .ofs_x = 0, .ofs_y = -16},
    {.bitmap_index = 21669, .adv_w = 478, .box_w = 30, .box_h = 91, .ofs_x = 0, .ofs_y = -13},
    {.bitmap_index = 24399, .adv_w = 380, .box_w = 24, .box_h = 74, .ofs_x = 0, .ofs_y = -1},
    {.bitmap_index = 26175, .adv_w = 441, .box_w = 28, .box_h = 74, .ofs_x = 0, .ofs_y = -73},
    {.bitmap_index = 28247, .adv_w = 402, .box_w = 26, .box_h = 74, .ofs_x = 0, .ofs_y = 0} 
};

static const uint16_t unicode_list_0[] = {
    0x0000,0x000d,0xe030,0xe082,0xe083,0xe084,0xe1b0,0xe1b2,0xe240,0xe241,
    0xe242,0xe4c3,0xe4c4,0xe4c5,0xe4c6,0xe1c0,0xe220,0xe221,0xe222,
};

static const lv_font_fmt_txt_cmap_t cmaps[] = {
    {
        .range_start = 32, .range_length = 58565, .glyph_id_start = 1,
        .unicode_list = unicode_list_0, .glyph_id_ofs_list = NULL,
        .list_length = 19, .type = LV_FONT_FMT_TXT_CMAP_SPARSE_TINY
    }
};

#if LVGL_VERSION_MAJOR == 8
static lv_font_fmt_txt_glyph_cache_t cache;
#endif

#if LVGL_VERSION_MAJOR >= 8
static const lv_font_fmt_txt_dsc_t font_dsc = {
#else
static lv_font_fmt_txt_dsc_t font_dsc = {
#endif
    .glyph_bitmap = glyph_bitmap,
    .glyph_dsc = glyph_dsc,
    .cmaps = cmaps,
    .kern_dsc = NULL,
    .kern_scale = 0,
    .cmap_num = 1,
    .bpp = 8,
    .kern_classes = 0,
    .bitmap_format = 0,
    .stride = 0,
#if LVGL_VERSION_MAJOR == 8
    .cache = &cache
#endif
};

#if LVGL_VERSION_MAJOR >= 8
const lv_font_t lv_font_BravuraSMuFL_90 = {
#else
lv_font_t lv_font_BravuraSMuFL_90 = {
#endif
    .get_glyph_dsc = lv_font_get_glyph_dsc_fmt_txt,
    .get_glyph_bitmap = lv_font_get_bitmap_fmt_txt,
    .line_height = 159,
    .base_line = 60,
    .subpx = LV_FONT_SUBPX_NONE,
    .underline_position = -7,
    .underline_thickness = 5,
    .dsc = &font_dsc,
    .fallback = NULL,
    .user_data = NULL,
};

#endif /* LV_FONT_BRAVURASMUFL_90 */
