#include "lvgl.h"

#ifndef LV_FONT_LELANDSMUFL_72
#define LV_FONT_LELANDSMUFL_72 1
#endif
#if LV_FONT_LELANDSMUFL_72

static LV_ATTRIBUTE_LARGE_CONST const uint8_t glyph_bitmap[] = {
    0x00,0x03,0x59,0x8f,0x76,0x24,0x00,0x00,0x0b,0xc5,0xff,0xff,0xff,0xf5,0x54,0x00,
    0x8c,0xff,0xff,0xff,0xff,0xff,0xf0,0x16,0xdd,0xff,0xff,0xff,0xff,0xff,0xff,0x58,
    0xee,0xff,0xff,0xff,0xff,0xff,0xff,0x69,0xb8,0xff,0xff,0xff,0xff,0xff,0xff,0x32,
    0x2f,0xf9,0xff,0xff,0xff,0xff,0xa3,0x00,0x00,0x31,0xbb,0xf0,0xd8,0x7c,0x04,0x00,
    0x00,0x00,0x00,0x00,0x00,0x00,0x00,0x00,0x00,0x00,0x00,0x00,0x00,0x00,0x00,0x00,
    0x00,0x00,0x00,0x00,0x00,0x00,0x00,0x00,0x00,0x00,0x00,0x00,0x00,0x26,0x56,0x0a,
    0x00,0x00,0x00,0x00,0x00,0x00,0x00,0x00,0x00,0x00,0x00,0x00,0x00,0x00,0x00,0x00,
    0x00,0x00,0x00,0x00,0x00,0x00,0x00,0x00,0x00,0x00,0x00,0x00,0x00,0x00,0x00,0x00,
    0x00,0x00,0x00,0x00,0x00,0x00,0x00,0x00,0x00,0x00,0x0b,0x9a,0xfd,0xff,0xdb,0x1c,
    0x00,0x00,0x00,0x00,0x00,0x00,0x00,0x00,0x00,0x00,0x00,0x00,0x00,0x00,0x00,0x00,
    0x00,0x00,0x00,0x00,0x00,0x00,0x00,0x00,0x00,0x00,0x00,0x00,0x00,0x00,0x00,0x00,
    0x00,0x00,0x00,0x00,0x00,0x00,0x00,0x00,0x22,0xd8,0xff,0xff,0xff,0xff,0xda,0x0c,
    0x00,0x00,0x00,0x00,0x00,0x00,0x00,0x00,0x00,0x00,0x00,0x00,0x00,0x00,0x00,0x00,
    0x00,0x00,0x00,0x00,0x00,0x00,0x00,0x00,0x00,0x00,0x00,0x00,0x00,0x00,0x00,0x00,
    0x00,0x00,0x00,0x00,0x00,0x00,0x20,0xe1,0xff,0xff,0xff,0xff,0xff,0xff,0x9d,0x00,
    0x00,0x00,0x00,0x00,0x00,0x00,0x00,0x00,0x00,0x00,0x00,0x00,0x00,0x00,0x00,0x00,
    0x00,0x00,0x00,0x00,0x00,0x00,0x00,0x00,0x00,0x00,0x00,0x00,0x00,0x00,0x00,0x00,
    0x00,0x00,0x00,0x00,0x0d,0xdc,0xff,0xff,0xff,0xff,0xff,0xff,0xff,0xff,0x44,0x00,
    0x00,0x00,0x00,0x00,0x00,0x00,0x00,0x00,0x00,0x00,0x00,0x00,0x00,0x00,0x00,0x00,
    0x00,0x00,0x00,0x00,0x00,0x00,0x00,0x00,0x00,0x00,0x00,0x00,0x00,0x00,0x00,0x00,
    0x00,0x00,0x00,0xa1,0xff,0xff,0xff,0xff,0xff,0xff,0xff,0xff,0xff,0xcd,0x01,0x00,
    0x00,0x00,0x00,0x00,0x00,0x00,0x00,0x00,0x00,0x00,0x00,0x00,0x00,0x00,0x00,0x00,
    0x00,0x00,0x00,0x00,0x00,0x00,0x00,0x00,0x00,0x00,0x00,0x00,0x00,0x00,0x00,0x00,
    0x00,0x50,0xff,0xff,0xff,0xff,0xff,0xff,0xff,0xff,0xff,0xff,0xff,0x56,0x00,0x00,
    0x00,0x00,0x00,0x00,0x00,0x00,0x00,0x00,0x00,0x00,0x00,0x00,0x00,0x00,0x00,0x00,
    0x00,0x00,0x00,0x00,0x00,0x00,0x00,0x00,0x00,0x00,0x00,0x00,0x00,0x00,0x00,0x02,
    0xd6,0xff,0xff,0xff,0xff,0xff,0xff,0xff,0xff,0xff,0xff,0xff,0xc6,0x00,0x00,0x00,
    0x00,0x00,0x00,0x00,0x00,0x00,0x00,0x00,0x00,0x00,0x00,0x00,0x00,0x00,0x00,0x00,
    0x00,0x00,0x00,0x00,0x00,0x00,0x00,0x00,0x00,0x00,0x00,0x00,0x00,0x00,0x5e,0xff,
    0xff,0xff,0xff,0xff,0xff,0xff,0xff,0xff,0xff,0xff,0xff,0xff,0x2d,0x00,0x00,0x00,
    0x00,0x00,0x00,0x00,0x00,0x00,0x00,0x00,0x00,0x00,0x00,0x00,0x00,0x00,0x00,0x00,
    0x00,0x00,0x00,0x00,0x00,0x00,0x00,0x00,0x00,0x00,0x00,0x00,0x00,0xc8,0xff,0xff,
    0xff,0xff,0xff,0xff,0xff,0xff,0xff,0xff,0xff,0xff,0xff,0x8d,0x00,0x00,0x00,0x00,
    0x00,0x00,0x00,0x00,0x00,0x00,0x00,0x00,0x00,0x00,0x00,0x00,0x00,0x00,0x00,0x00,
    0x00,0x00,0x00,0x00,0x00,0x00,0x00,0x00,0x00,0x00,0x00,0x1d,0xfe,0xff,0xff,0xff,
    0xff,0xff,0xff,0xff,0xff,0xff,0xff,0xff,0xff,0xff,0xdc,0x00,0x00,0x00,0x00,0x00,
    0x00,0x00,0x00,0x00,0x00,0x00,0x00,0x00,0x00,0x00,0x00,0x00,0x00,0x00,0x00,0x00,
    0x00,0x00,0x00,0x00,0x00,0x00,0x00,0x00,0x00,0x00,0x71,0xff,0xff,0xff,0xff,0xff,
    0xff,0xff,0xcf,0x47,0x13,0xa6,0xff,0xff,0xff,0xff,0x2c,0x00,0x00,0x00,0x00,0x00,
    0x00,0x00,0x00,0x00,0x00,0x00,0x00,0x00,0x00,0x00,0x00,0x00,0x00,0x00,0x00,0x00,
    0x00,0x00,0x00,0x00,0x00,0x00,0x00,0x00,0x00,0xc5,0xff,0xff,0xff,0xff,0xff,0xff,
    0xa8,0x05,0x00,0x00,0x0f,0xf0,0xff,0xff,0xff,0x79,0x00,0x00,0x00,0x00,0x00,0x00,
    0x00,0x00,0x00,0x00,0x00,0x00,0x00,0x00,0x00,0x00,0x00,0x00,0x00,0x00,0x00,0x00,
    0x00,0x00,0x00,0x00,0x00,0x00,0x00,0x1b,0xfe,0xff,0xff,0xff,0xff,0xff,0xbe,0x05,
    0x00,0x00,0x00,0x00,0x93,0xff,0xff,0xff,0xb0,0x00,0x00,0x00,0x00,0x00,0x00,0x00,
    0x00,0x00,0x00,0x00,0x00,0x00,0x00,0x00,0x00,0x00,0x00,0x00,0x00,0x00,0x00,0x00,
    0x00,0x00,0x00,0x00,0x00,0x00,0x68,0xff,0xff,0xff,0xff,0xff,0xef,0x1b,0x00,0x00,
    0x00,0x00,0x00,0x4d,0xff,0xff,0xff,0xe3,0x00,0x00,0x00,0x00,0x00,0x00,0x00,0x00,
    0x00,0x00,0x00,0x00,0x00,0x00,0x00,0x00,0x00,0x00,0x00,0x00,0x00,0x00,0x00,0x00,
    0x00,0x00,0x00,0x00,0x00,0x98,0xff,0xff,0xff,0xff,0xff,0x6b,0x00,0x00,0x00,0x00,
    0x00,0x00,0x0e,0xfc,0xff,0xff,0xff,0x16,0x00,0x00,0x00,0x00,0x00,0x00,0x00,0x00,
    0x00,0x00,0x00,0x00,0x00,0x00,0x00,0x00,0x00,0x00,0x00,0x00,0x00,0x00,0x00,0x00,
    0x00,0x00,0x00,0x00,0xc3,0xff,0xff,0xff,0xff,0xe3,0x07,0x00,0x00,0x00,0x00,0x00,
    0x00,0x00,0xd9,0xff,0xff,0xff,0x47,0x00,0x00,0x00,0x00,0x00,0x00,0x00,0x00,0x00,
    0x00,0x00,0x00,0x00,0x00,0x00,0x00,0x00,0x00,0x00,0x00,0x00,0x00,0x00,0x00,0x00,
    0x00,0x00,0x00,0xee,0xff,0xff,0xff,0xff,0x69,0x00,0x00,0x00,0x00,0x00,0x00,0x00,
    0x00,0xc4,0xff,0xff,0xff,0x60,0x00,0x00,0x00,0x00,0x00,0x00,0x00,0x00,0x00,0x00,
    0x00,0x00,0x00,0x00,0x00,0x00,0x00,0x00,0x00,0x00,0x00,0x00,0x00,0x00,0x00,0x00,
    0x00,0x19,0xff,0xff,0xff,0xff,0xe4,0x06,0x00,0x00,0x00,0x00,0x00,0x00,0x00,0x00,
    0xae,0xff,0xff,0xff,0x72,0x00,0x00,0x00,0x00,0x00,0x00,0x00,0x00,0x00,0x00,0x00,
    0x00,0x00,0x00,0x00,0x00,0x00,0x00,0x00,0x00,0x00,0x00,0x00,0x00,0x00,0x00,0x00,
    0x44,0xff,0xff,0xff,0xff,0x84,0x00,0x00,0x00,0x00,0x00,0x00,0x00,0x00,0x00,0x9d,
    0xff,0xff,0xff,0x84,0x00,0x00,0x00,0x00,0x00,0x00,0x00,0x00,0x00,0x00,0x00,0x00,
    0x00,0x00,0x00,0x00,0x00,0x00,0x00,0x00,0x00,0x00,0x00,0x00,0x00,0x00,0x00,0x63,
    0xff,0xff,0xff,0xff,0x2c,0x00,0x00,0x00,0x00,0x00,0x00,0x00,0x00,0x00,0xae,0xff,
    0xff,0xff,0x97,0x00,0x00,0x00,0x00,0x00,0x00,0x00,0x00,0x00,0x00,0x00,0x00,0x00,
    0x00,0x00,0x00,0x00,0x00,0x00,0x00,0x00,0x00,0x00,0x00,0x00,0x00,0x00,0x71,0xff,
    0xff,0xff,0xe7,0x00,0x00,0x00,0x00,0x00,0x00,0x00,0x00,0x00,0x00,0xc6,0xff,0xff,
    0xff,0xa3,0x00,0x00,0x00,0x00,0x00,0x00,0x00,0x00,0x00,0x00,0x00,0x00,0x00,0x00,
    0x00,0x00,0x00,0x00,0x00,0x00,0x00,0x00,0x00,0x00,0x00,0x00,0x00,0x7f,0xff,0xff,
    0xff,0xb7,0x00,0x00,0x00,0x00,0x00,0x00,0x00,0x00,0x00,0x00,0xe8,0xff,0xff,0xff,
    0x96,0x00,0x00,0x00,0x00,0x00,0x00,0x00,0x00,0x00,0x00,0x00,0x00,0x00,0x00,0x00,
    0x00,0x00,0x00,0x00,0x00,0x00,0x00,0x00,0x00,0x00,0x00,0x00,0x8d,0xff,0xff,0xff,
    0x8b,0x00,0x00,0x00,0x00,0x00,0x00,0x00,0x00,0x00,0x2c,0xff,0xff,0xff,0xff,0x88,
    0x00,0x00,0x00,0x00,0x00,0x00,0x00,0x00,0x00,0x00,0x00,0x00,0x00,0x00,0x00,0x00,
    0x00,0x00,0x00,0x00,0x00,0x00,0x00,0x00,0x00,0x00,0x00,0x9a,0xff,0xff,0xff,0x5f,
    0x00,0x00,0x00,0x00,0x00,0x00,0x00,0x00,0x00,0x72,0xff,0xff,0xff,0xff,0x79,0x00,
    0x00,0x00,0x00,0x00,0x00,0x00,0x00,0x00,0x00,0x00,0x00,0x00,0x00,0x00,0x00,0x00,
    0x00,0x00,0x00,0x00,0x00,0x00,0x00,0x00,0x00,0x00,0xa1,0xff,0xff,0xff,0x44,0x00,
    0x00,0x00,0x00,0x00,0x00,0x00,0x00,0x00,0xd2,0xff,0xff,0xff,0xff,0x69,0x00,0x00,
    0x00,0x00,0x00,0x00,0x00,0x00,0x00,0x00,0x00,0x00,0x00,0x00,0x00,0x00,0x00,0x00,
    0x00,0x00,0x00,0x00,0x00,0x00,0x00,0x00,0x00,0x9b,0xff,0xff,0xff,0x37,0x00,0x00,
    0x00,0x00,0x00,0x00,0x00,0x00,0x45,0xff,0xff,0xff,0xff,0xff,0x42,0x00,0x00,0x00,
    0x00,0x00,0x00,0x00,0x00,0x00,0x00,0x00,0x00,0x00,0x00,0x00,0x00,0x00,0x00,0x00,
    0x00,0x00,0x00,0x00,0x00,0x00,0x00,0x00,0x95,0xff,0xff,0xff,0x2b,0x00,0x00,0x00,
    0x00,0x00,0x00,0x00,0x00,0xc0,0xff,0xff,0xff,0xff,0xff,0x15,0x00,0x00,0x00,0x00,
    0x00,0x00,0x00,0x00,0x00,0x00,0x00,0x00,0x00,0x00,0x00,0x00,0x00,0x00,0x00,0x00,
    0x00,0x00,0x00,0x00,0x00,0x00,0x00,0x89,0xff,0xff,0xff,0x20,0x00,0x00,0x00,0x00,
    0x00,0x00,0x00,0x59,0xff,0xff,0xff,0xff,0xff,0xe9,0x00,0x00,0x00,0x00,0x00,0x00,
    0x00,0x00,0x00,0x00,0x00,0x00,0x00,0x00,0x00,0x00,0x00,0x00,0x00,0x00,0x00,0x00,
    0x00,0x00,0x00,0x00,0x00,0x00,0x75,0xff,0xff,0xff,0x23,0x00,0x00,0x00,0x00,0x00,
    0x00,0x12,0xe6,0xff,0xff,0xff,0xff,0xff,0xbb,0x00,0x00,0x00,0x00,0x00,0x00,0x00,
    0x00,0x00,0x00,0x00,0x00,0x00,0x00,0x00,0x00,0x00,0x00,0x00,0x00,0x00,0x00,0x00,
    0x00,0x00,0x00,0x00,0x00,0x61,0xff,0xff,0xff,0x30,0x00,0x00,0x00,0x00,0x00,0x03,
    0xba,0xff,0xff,0xff,0xff,0xff,0xff,0x76,0x00,0x00,0x00,0x00,0x00,0x00,0x00,0x00,
    0x00,0x00,0x00,0x00,0x00,0x00,0x00,0x00,0x00,0x00,0x00,0x00,0x00,0x00,0x00,0x00,
    0x00,0x00,0x00,0x00,0x4c,0xff,0xff,0xff,0x3e,0x00,0x00,0x00,0x00,0x00,0x8b,0xff,
    0xff,0xff,0xff,0xff,0xff,0xff,0x2a,0x00,0x00,0x00,0x00,0x00,0x00,0x00,0x00,0x00,
    0x00,0x00,0x00,0x00,0x00,0x00,0x00,0x00,0x00,0x00,0x00,0x00,0x00,0x00,0x00,0x00,
    0x00,0x00,0x00,0x31,0xff,0xff,0xff,0x4b,0x00,0x00,0x00,0x00,0x58,0xff,0xff,0xff,
    0xff,0xff,0xff,0xff,0xdf,0x00,0x00,0x00,0x00,0x00,0x00,0x00,0x00,0x00,0x00,0x00,
    0x00,0x00,0x00,0x00,0x00,0x00,0x00,0x00,0x00,0x00,0x00,0x00,0x00,0x00,0x00,0x00,
    0x00,0x00,0x14,0xff,0xff,0xff,0x5d,0x00,0x00,0x00,0x30,0xf5,0xff,0xff,0xff,0xff,
    0xff,0xff,0xff,0x90,0x00,0x00,0x00,0x00,0x00,0x00,0x00,0x00,0x00,0x00,0x00,0x00,
    0x00,0x00,0x00,0x00,0x00,0x00,0x00,0x00,0x00,0x00,0x00,0x00,0x00,0x00,0x00,0x00,
    0x00,0x00,0xf3,0xff,0xff,0x7d,0x00,0x00,0x28,0xe9,0xff,0xff,0xff,0xff,0xff,0xff,
    0xff,0xff,0x2a,0x00,0x00,0x00,0x00,0x00,0x00,0x00,0x00,0x00,0x00,0x00,0x00,0x00,
    0x00,0x00,0x00,0x00,0x00,0x00,0x00,0x00,0x00,0x00,0x00,0x00,0x00,0x00,0x00,0x00,
    0x00,0xd3,0xff,0xff,0x9d,0x00,0x24,0xe6,0xff,0xff,0xff,0xff,0xff,0xff,0xff,0xff,
    0xbe,0x00,0x00,0x00,0x00,0x00,0x00,0x00,0x00,0x00,0x00,0x00,0x00,0x00,0x00,0x00,
    0x00,0x00,0x00,0x00,0x00,0x00,0x00,0x00,0x00,0x00,0x00,0x00,0x00,0x00,0x00,0x00,
    0xaf,0xff,0xff,0xbe,0x21,0xe2,0xff,0xff,0xff,0xff,0xff,0xff,0xff,0xff,0xff,0x54,
    0x00,0x00,0x00,0x00,0x00,0x00,0x00,0x00,0x00,0x00,0x00,0x00,0x00,0x00,0x00,0x00,
    0x00,0x00,0x00,0x00,0x00,0x00,0x00,0x00,0x00,0x00,0x00,0x00,0x00,0x00,0x00,0x8b,
    0xff,0xff,0xe9,0xdf,0xff,0xff,0xff,0xff,0xff,0xff,0xff,0xff,0xff,0xda,0x04,0x00,
    0x00,0x00,0x00,0x00,0x00,0x00,0x00,0x00,0x00,0x00,0x00,0x00,0x00,0x00,0x00,0x00,
    0x00,0x00,0x00,0x00,0x00,0x00,0x00,0x00,0x00,0x00,0x00,0x00,0x00,0x00,0x66,0xff,
    0xff,0xff,0xff,0xff,0xff,0xff,0xff,0xff,0xff,0xff,0xff,0xff,0x54,0x00,0x00,0x00,
    0x00,0x00,0x00,0x00,0x00,0x00,0x00,0x00,0x00,0x00,0x00,0x00,0x00,0x00,0x00,0x00,
    0x00,0x00,0x00,0x00,0x00,0x00,0x00,0x00,0x00,0x00,0x00,0x00,0x00,0x40,0xff,0xff,
    0xff,0xff,0xff,0xff,0xff,0xff,0xff,0xff,0xff,0xff,0xca,0x00,0x00,0x00,0x00,0x00,
    0x00,0x00,0x00,0x00,0x00,0x00,0x00,0x00,0x00,0x00,0x00,0x00,0x00,0x00,0x00,0x00,
    0x00,0x00,0x00,0x00,0x00,0x00,0x00,0x00,0x00,0x00,0x00,0x00,0x1c,0xff,0xff,0xff,
    0xff,0xff,0xff,0xff,0xff,0xff,0xff,0xff,0xff,0x40,0x00,0x00,0x00,0x00,0x00,0x00,
    0x00,0x00,0x00,0x00,0x00,0x00,0x00,0x00,0x00,0x00,0x00,0x00,0x00,0x00,0x00,0x00,
    0x00,0x00,0x00,0x00,0x00,0x00,0x00,0x00,0x00,0x00,0x03,0xa5,0xff,0xff,0xff,0xff,
    0xff,0xff,0xff,0xff,0xff,0xff,0xff,0x9b,0x00,0x00,0x00,0x00,0x00,0x00,0x00,0x00,
    0x00,0x00,0x00,0x00,0x00,0x00,0x00,0x00,0x00,0x00,0x00,0x00,0x00,0x00,0x00,0x00,
    0x00,0x00,0x00,0x00,0x00,0x00,0x00,0x00,0x02,0xa3,0xff,0xff,0xff,0xff,0xff,0xff,
    0xff,0xff,0xff,0xff,0xff,0xe4,0x0f,0x00,0x00,0x00,0x00,0x00,0x00,0x00,0x00,0x00,
    0x00,0x00,0x00,0x00,0x00,0x00,0x00,0x00,0x00,0x00,0x00,0x00,0x00,0x00,0x00,0x00,
    0x00,0x00,0x00,0x00,0x00,0x00,0x03,0xa3,0xff,0xff,0xff,0xff,0xff,0xff,0xff,0xff,
    0xff,0xff,0xff,0xff,0x4a,0x00,0x00,0x00,0x00,0x00,0x00,0x00,0x00,0x00,0x00,0x00,
    0x00,0x00,0x00,0x00,0x00,0x00,0x00,0x00,0x00,0x00,0x00,0x00,0x00,0x00,0x00,0x00,
    0x00,0x00,0x00,0x00,0x04,0xa8,0xff,0xff,0xff,0xff,0xff,0xff,0xff,0xff,0xff,0xff,
    0xff,0xff,0x90,0x00,0x00,0x00,0x00,0x00,0x00,0x00,0x00,0x00,0x00,0x00,0x00,0x00,
    0x00,0x00,0x00,0x00,0x00,0x00,0x00,0x00,0x00,0x00,0x00,0x00,0x00,0x00,0x00,0x00,
    0x00,0x00,0x0a,0xb6,0xff,0xff,0xff,0xff,0xff,0xff,0xff,0xff,0xff,0xff,0xff,0xff,
    0xc4,0x05,0x00,0x00,0x00,0x00,0x00,0x00,0x00,0x00,0x00,0x00,0x00,0x00,0x00,0x00,
    0x00,0x00,0x00,0x00,0x00,0x00,0x00,0x00,0x00,0x00,0x00,0x00,0x00,0x00,0x00,0x00,
    0x0f,0xc5,0xff,0xff,0xff,0xff,0xff,0xff,0xff,0xff,0xff,0xff,0xff,0xff,0xe8,0x1a,
    0x00,0x00,0x00,0x00,0x00,0x00,0x00,0x00,0x00,0x00,0x00,0x00,0x00,0x00,0x00,0x00,
    0x00,0x00,0x00,0x00,0x00,0x00,0x00,0x00,0x00,0x00,0x00,0x00,0x00,0x00,0x12,0xcc,
    0xff,0xff,0xff,0xff,0xff,0xff,0xff,0xff,0xff,0xff,0xff,0xff,0xf7,0x3a,0x00,0x00,
    0x00,0x00,0x00,0x00,0x00,0x00,0x00,0x00,0x00,0x00,0x00,0x00,0x00,0x00,0x00,0x00,
    0x00,0x00,0x00,0x00,0x00,0x00,0x00,0x00,0x00,0x00,0x00,0x00,0x15,0xd2,0xff,0xff,
    0xff,0xff,0xff,0xff,0xff,0xff,0xff,0xff,0xff,0xff,0xfd,0x51,0x00,0x00,0x00,0x00,
    0x00,0x00,0x00,0x00,0x00,0x00,0x00,0x00,0x00,0x00,0x00,0x00,0x00,0x00,0x00,0x00,
    0x00,0x00,0x00,0x00,0x00,0x00,0x00,0x00,0x00,0x00,0x11,0xd0,0xff,0xff,0xff,0xff,
    0xff,0xff,0xff,0xff,0xff,0xff,0xff,0xff,0xff,0x6a,0x00,0x00,0x00,0x00,0x00,0x00,
    0x00,0x00,0x00,0x00,0x00,0x00,0x00,0x00,0x00,0x00,0x00,0x00,0x00,0x00,0x00,0x00,
    0x00,0x00,0x00,0x00,0x00,0x00,0x00,0x00,0x0e,0xcb,0xff,0xff,0xff,0xff,0xff,0xff,
    0xff,0xff,0xff,0xff,0xff,0xff,0xff,0xd6,0x00,0x00,0x00,0x00,0x00,0x00,0x00,0x00,
    0x00,0x00,0x00,0x00,0x00,0x00,0x00,0x00,0x00,0x00,0x00,0x00,0x00,0x00,0x00,0x00,
    0x00,0x00,0x00,0x00,0x00,0x00,0x07,0xc2,0xff,0xff,0xff,0xff,0xff,0xff,0xff,0xff,
    0xff,0xff,0xff,0xff,0xff,0xff,0xf6,0x02,0x00,0x00,0x00,0x00,0x00,0x00,0x00,0x00,
    0x00,0x00,0x00,0x00,0x00,0x00,0x00,0x00,0x00,0x00,0x00,0x00,0x00,0x00,0x00,0x00,
    0x00,0x00,0x00,0x00,0x01,0xa6,0xff,0xff,0xff,0xff,0xff,0xff,0xff,0xff,0xff,0xff,
    0xff,0xff,0xf4,0xff,0xff,0xff,0x21,0x00,0x00,0x00,0x00,0x00,0x00,0x00,0x00,0x00,
    0x00,0x00,0x00,0x00,0x00,0x00,0x00,0x00,0x00,0x00,0x00,0x00,0x00,0x00,0x00,0x00,
    0x00,0x00,0x00,0x83,0xff,0xff,0xff,0xff,0xff,0xff,0xff,0xff,0xff,0xff,0xff,0xff,
    0xec,0x36,0xe9,0xff,0xff,0x4b,0x00,0x00,0x00,0x00,0x00,0x00,0x00,0x00,0x00,0x00,
    0x00,0x00,0x00,0x00,0x00,0x00,0x00,0x00,0x00,0x00,0x00,0x00,0x00,0x00,0x00,0x00,
    0x00,0x57,0xff,0xff,0xff,0xff,0xff,0xff,0xff,0xff,0xff,0xff,0xff,0xff,0xe2,0x29,
    0x00,0xc0,0xff,0xff,0x75,0x00,0x00,0x00,0x00,0x00,0x00,0x00,0x00,0x00,0x00,0x00,
    0x00,0x00,0x00,0x00,0x00,0x00,0x00,0x00,0x00,0x00,0x00,0x00,0x00,0x00,0x00,0x1f,
    0xf0,0xff,0xff,0xff,0xff,0xff,0xff,0xff,0xff,0xff,0xff,0xff,0xd7,0x1d,0x00,0x00,
    0x97,0xff,0xff,0x9f,0x00,0x00,0x00,0x00,0x00,0x00,0x00,0x00,0x00,0x00,0x00,0x00,
    0x00,0x00,0x00,0x00,0x00,0x00,0x00,0x00,0x00,0x00,0x00,0x00,0x00,0x03,0xc4,0xff,
    0xff,0xff,0xff,0xff,0xff,0xff,0xff,0xff,0xff,0xff,0xd2,0x16,0x00,0x00,0x00,0x6e,
    0xff,0xff,0xc9,0x00,0x00,0x00,0x00,0x00,0x00,0x00,0x00,0x00,0x00,0x00,0x00,0x00,
    0x00,0x00,0x00,0x00,0x00,0x00,0x00,0x00,0x00,0x00,0x00,0x00,0x7e,0xff,0xff,0xff,
    0xff,0xff,0xff,0xff,0xff,0xff,0xff,0xff,0xcf,0x14,0x00,0x00,0x00,0x00,0x46,0xff,
    0xff,0xf2,0x00,0x00,0x00,0x00,0x00,0x00,0x00,0x00,0x00,0x00,0x00,0x00,0x00,0x00,
    0x00,0x00,0x00,0x00,0x00,0x00,0x00,0x00,0x00,0x00,0x20,0xf8,0xff,0xff,0xff,0xff,
    0xff,0xff,0xff,0xff,0xff,0xff,0xcd,0x12,0x00,0x00,0x00,0x00,0x00,0x1c,0xff,0xff,
    0xff,0x1d,0x00,0x00,0x00,0x00,0x00,0x00,0x00,0x00,0x00,0x00,0x00,0x00,0x00,0x00,
    0x00,0x00,0x00,0x00,0x00,0x00,0x00,0x00,0x00,0xa9,0xff,0xff,0xff,0xff,0xff,0xff,
    0xff,0xff,0xff,0xff,0xca,0x10,0x00,0x00,0x00,0x00,0x00,0x00,0x00,0xf2,0xff,0xff,
    0x47,0x00,0x00,0x00,0x00,0x00,0x00,0x00,0x00,0x00,0x00,0x00,0x00,0x00,0x00,0x00,
    0x00,0x00,0x00,0x00,0x00,0x00,0x00,0x3b,0xff,0xff,0xff,0xff,0xff,0xff,0xff,0xff,
    0xff,0xff,0xd0,0x0e,0x00,0x00,0x00,0x00,0x00,0x00,0x00,0x00,0xc8,0xff,0xff,0x71,
    0x00,0x00,0x00,0x00,0x00,0x00,0x00,0x00,0x00,0x00,0x00,0x00,0x00,0x00,0x00,0x00,
    0x00,0x00,0x00,0x00,0x00,0x00,0xc5,0xff,0xff,0xff,0xff,0xff,0xff,0xff,0xff,0xff,
    0xf1,0x24,0x00,0x00,0x00,0x00,0x00,0x00,0x00,0x00,0x00,0x9e,0xff,0xff,0x9b,0x00,
    0x00,0x00,0x00,0x00,0x00,0x00,0x00,0x00,0x00,0x00,0x00,0x00,0x00,0x00,0x00,0x00,
    0x00,0x00,0x00,0x00,0x32,0xff,0xff,0xff,0xff,0xff,0xff,0xff,0xff,0xff,0xff,0x54,
    0x00,0x00,0x00,0x00,0x00,0x00,0x00,0x00,0x00,0x00,0x74,0xff,0xff,0xc6,0x00,0x00,
    0x00,0x00,0x00,0x00,0x00,0x00,0x00,0x00,0x00,0x00,0x00,0x00,0x00,0x00,0x00,0x00,
    0x00,0x00,0x00,0x9a,0xff,0xff,0xff,0xff,0xff,0xff,0xff,0xff,0xff,0x91,0x00,0x00,
    0x00,0x00,0x00,0x00,0x00,0x00,0x00,0x24,0x8a,0xeb,0xff,0xff,0xff,0xf0,0xd9,0xc3,
    0xa9,0x6c,0x24,0x00,0x00,0x00,0x00,0x00,0x00,0x00,0x00,0x00,0x00,0x00,0x00,0x00,
    0x00,0x0d,0xf3,0xff,0xff,0xff,0xff,0xff,0xff,0xff,0xff,0xca,0x06,0x00,0x00,0x00,
    0x00,0x00,0x00,0x00,0x0b,0x8d,0xfc,0xff,0xff,0xff,0xff,0xff,0xff,0xff,0xff,0xff,
    0xff,0xff,0xdd,0x81,0x10,0x00,0x00,0x00,0x00,0x00,0x00,0x00,0x00,0x00,0x00,0x00,
    0x67,0xff,0xff,0xff,0xff,0xff,0xff,0xff,0xff,0xf0,0x20,0x00,0x00,0x00,0x00,0x00,
    0x00,0x00,0x2d,0xdf,0xff,0xff,0xff,0xff,0xff,0xff,0xff,0xff,0xff,0xff,0xff,0xff,
    0xff,0xff,0xff,0xf0,0x7f,0x0e,0x00,0x00,0x00,0x00,0x00,0x00,0x00,0x00,0x00,0xae,
    0xff,0xff,0xff,0xff,0xff,0xff,0xff,0xff,0x73,0x00,0x00,0x00,0x00,0x00,0x00,0x00,
    0x3e,0xef,0xff,0xff,0xff,0xff,0xff,0xff,0xff,0xff,0xff,0xff,0xff,0xff,0xff,0xff,
    0xff,0xff,0xff,0xff,0xdb,0x2d,0x00,0x00,0x00,0x00,0x00,0x00,0x00,0x00,0xeb,0xff,
    0xff,0xff,0xff,0xff,0xff,0xff,0xdf,0x07,0x00,0x00,0x00,0x00,0x00,0x00,0x2f,0xf4,
    0xff,0xff,0xff,0xff,0xff,0xff,0xff,0xff,0xff,0xff,0xff,0xff,0xff,0xff,0xff,0xff,
    0xff,0xff,0xff,0xff,0xf5,0x59,0x00,0x00,0x00,0x00,0x00,0x00,0x29,0xff,0xff,0xff,
    0xff,0xff,0xff,0xff,0xff,0x5b,0x00,0x00,0x00,0x00,0x00,0x00,0x13,0xdf,0xff,0xff,
    0xff,0xff,0xff,0xff,0xff,0xff,0xff,0xff,0xff,0xff,0xff,0xff,0xff,0xff,0xff,0xff,
    0xff,0xff,0xff,0xff,0xff,0x5a,0x00,0x00,0x00,0x00,0x00,0x67,0xff,0xff,0xff,0xff,
    0xff,0xff,0xff,0xe7,0x04,0x00,0x00,0x00,0x00,0x00,0x00,0xa5,0xff,0xff,0xff,0xff,
    0xff,0xff,0xff,0xff,0xff,0xff,0xff,0xff,0xff,0xff,0xff,0xff,0xff,0xff,0xff,0xff,
    0xff,0xff,0xff,0xff,0xf8,0x39,0x00,0x00,0x00,0x00,0x9b,0xff,0xff,0xff,0xff,0xff,
    0xff,0xff,0x83,0x00,0x00,0x00,0x00,0x00,0x00,0x3c,0xff,0xff,0xff,0xff,0xff,0xff,
    0xff,0xff,0xff,0xff,0xff,0xff,0xff,0xff,0xff,0xff,0xff,0xff,0xff,0xff,0xff,0xff,
    0xff,0xff,0xff,0xff,0xe9,0x17,0x00,0x00,0x00,0xb1,0xff,0xff,0xff,0xff,0xff,0xff,
    0xff,0x1e,0x00,0x00,0x00,0x00,0x00,0x00,0xc3,0xff,0xff,0xff,0xff,0xff,0xff,0xff,
    0xff,0xff,0xff,0xff,0xff,0xff,0xba,0xaa,0xc4,0xf7,0xff,0xff,0xff,0xff,0xff,0xff,
    0xff,0xff,0xff,0xff,0x96,0x00,0x00,0x00,0xc5,0xff,0xff,0xff,0xff,0xff,0xff,0xd4,
    0x00,0x00,0x00,0x00,0x00,0x00,0x2b,0xff,0xff,0xff,0xff,0xff,0xff,0xff,0xff,0xf6,
    0x9e,0x36,0xd9,0xff,0xff,0x72,0x00,0x00,0x09,0x47,0xb5,0xff,0xff,0xff,0xff,0xff,
    0xff,0xff,0xff,0xfb,0x25,0x00,0x00,0xd9,0xff,0xff,0xff,0xff,0xff,0xff,0x94,0x00,
    0x00,0x00,0x00,0x00,0x00,0x8e,0xff,0xff,0xff,0xff,0xff,0xff,0xff,0xae,0x11,0x00,
    0x00,0xab,0xff,0xff,0x9c,0x00,0x00,0x00,0x00,0x00,0x38,0xdd,0xff,0xff,0xff,0xff,
    0xff,0xff,0xff,0xa5,0x00,0x00,0xed,0xff,0xff,0xff,0xff,0xff,0xff,0x56,0x00,0x00,
    0x00,0x00,0x00,0x00,0xd3,0xff,0xff,0xff,0xff,0xff,0xff,0x86,0x01,0x00,0x00,0x00,
    0x7e,0xff,0xff,0xc6,0x00,0x00,0x00,0x00,0x00,0x00,0x10,0xbe,0xff,0xff,0xff,0xff,
    0xff,0xff,0xf4,0x07,0x00,0xfc,0xff,0xff,0xff,0xff,0xff,0xff,0x32,0x00,0x00,0x00,
    0x00,0x00,0x12,0xfe,0xff,0xff,0xff,0xff,0xff,0x88,0x00,0x00,0x00,0x00,0x00,0x51,
    0xff,0xff,0xf1,0x00,0x00,0x00,0x00,0x00,0x00,0x00,0x0f,0xd5,0xff,0xff,0xff,0xff,
    0xff,0xff,0x48,0x00,0xf1,0xff,0xff,0xff,0xff,0xff,0xff,0x1c,0x00,0x00,0x00,0x00,
    0x00,0x3d,0xff,0xff,0xff,0xff,0xff,0xe1,0x0a,0x00,0x00,0x00,0x00,0x00,0x24,0xff,
    0xff,0xff,0x1c,0x00,0x00,0x00,0x00,0x00,0x00,0x00,0x2d,0xfd,0xff,0xff,0xff,0xff,
    0xff,0x95,0x00,0xe3,0xff,0xff,0xff,0xff,0xff,0xff,0x07,0x00,0x00,0x00,0x00,0x00,
    0x51,0xff,0xff,0xff,0xff,0xff,0x52,0x00,0x00,0x00,0x00,0x00,0x00,0x02,0xf5,0xff,
    0xff,0x47,0x00,0x00,0x00,0x00,0x00,0x00,0x00,0x00,0x9f,0xff,0xff,0xff,0xff,0xff,
    0xc5,0x00,0xc4,0xff,0xff,0xff,0xff,0xff,0xff,0x08,0x00,0x00,0x00,0x00,0x00,0x62,
    0xff,0xff,0xff,0xff,0xec,0x02,0x00,0x00,0x00,0x00,0x00,0x00,0x00,0xca,0xff,0xff,
    0x73,0x00,0x00,0x00,0x00,0x00,0x00,0x00,0x00,0x37,0xff,0xff,0xff,0xff,0xff,0xdd,
    0x00,0x99,0xff,0xff,0xff,0xff,0xff,0xff,0x21,0x00,0x00,0x00,0x00,0x00,0x53,0xff,
    0xff,0xff,0xff,0xb2,0x00,0x00,0x00,0x00,0x00,0x00,0x00,0x00,0x9c,0xff,0xff,0x9e,
    0x00,0x00,0x00,0x00,0x00,0x00,0x00,0x00,0x02,0xe9,0xff,0xff,0xff,0xff,0xf6,0x00,
    0x61,0xff,0xff,0xff,0xff,0xff,0xff,0x3b,0x00,0x00,0x00,0x00,0x00,0x37,0xff,0xff,
    0xff,0xff,0x99,0x00,0x00,0x00,0x00,0x00,0x00,0x00,0x00,0x6f,0xff,0xff,0xca,0x00,
    0x00,0x00,0x00,0x00,0x00,0x00,0x00,0x00,0xb7,0xff,0xff,0xff,0xff,0xff,0x0c,0x11,
    0xfa,0xff,0xff,0xff,0xff,0xff,0x56,0x00,0x00,0x00,0x00,0x00,0x06,0xf5,0xff,0xff,
    0xff,0xa2,0x00,0x00,0x00,0x00,0x00,0x00,0x00,0x00,0x42,0xff,0xff,0xf5,0x01,0x00,
    0x00,0x00,0x00,0x00,0x00,0x00,0x00,0x9f,0xff,0xff,0xff,0xff,0xfd,0x03,0x00,0xb4,
    0xff,0xff,0xff,0xff,0xff,0x90,0x00,0x00,0x00,0x00,0x00,0x00,0xb4,0xff,0xff,0xff,
    0xc2,0x00,0x00,0x00,0x00,0x00,0x00,0x00,0x00,0x15,0xff,0xff,0xff,0x22,0x00,0x00,
    0x00,0x00,0x00,0x00,0x00,0x00,0x93,0xff,0xff,0xff,0xff,0xea,0x00,0x00,0x5d,0xff,
    0xff,0xff,0xff,0xff,0xe2,0x01,0x00,0x00,0x00,0x00,0x00,0x4f,0xff,0xff,0xff,0xef,
    0x0a,0x00,0x00,0x00,0x00,0x00,0x00,0x00,0x00,0xe8,0xff,0xff,0x4e,0x00,0x00,0x00,
    0x00,0x00,0x00,0x00,0x00,0xac,0xff,0xff,0xff,0xff,0xce,0x00,0x00,0x0e,0xf4,0xff,
    0xff,0xff,0xff,0xff,0x36,0x00,0x00,0x00,0x00,0x00,0x02,0xdb,0xff,0xff,0xff,0x6b,
    0x00,0x00,0x00,0x00,0x00,0x00,0x00,0x00,0xbb,0xff,0xff,0x7a,0x00,0x00,0x00,0x00,
    0x00,0x00,0x00,0x00,0xc7,0xff,0xff,0xff,0xff,0x90,0x00,0x00,0x00,0x7a,0xff,0xff,
    0xff,0xff,0xff,0x94,0x00,0x00,0x00,0x00,0x00,0x00,0x49,0xff,0xff,0xff,0xe9,0x22,
    0x00,0x00,0x00,0x00,0x00,0x00,0x00,0x8d,0xff,0xff,0xa6,0x00,0x00,0x00,0x00,0x00,
    0x00,0x00,0x00,0xe3,0xff,0xff,0xff,0xff,0x4e,0x00,0x00,0x00,0x07,0xdb,0xff,0xff,
    0xff,0xff,0xfa,0x28,0x00,0x00,0x00,0x00,0x00,0x00,0xa2,0xff,0xff,0xff,0xdb,0x1c,
    0x00,0x00,0x00,0x00,0x00,0x00,0x60,0xff,0xff,0xd2,0x00,0x00,0x00,0x00,0x00,0x00,
    0x00,0x18,0xfd,0xff,0xff,0xff,0xf0,0x0c,0x00,0x00,0x00,0x00,0x4a,0xff,0xff,0xff,
    0xff,0xff,0xb7,0x00,0x00,0x00,0x00,0x00,0x00,0x07,0xc3,0xff,0xff,0xff,0xed,0x52,
    0x00,0x00,0x00,0x00,0x00,0x33,0xff,0xff,0xfa,0x05,0x00,0x00,0x00,0x00,0x00,0x00,
    0x71,0xff,0xff,0xff,0xff,0x8e,0x00,0x00,0x00,0x00,0x00,0x00,0xae,0xff,0xff,0xff,
    0xff,0xff,0x56,0x00,0x00,0x00,0x00,0x00,0x00,0x0f,0xb1,0xff,0xff,0xff,0xff,0x9e,
    0x08,0x00,0x00,0x00,0x09,0xfd,0xff,0xff,0x2b,0x00,0x00,0x00,0x00,0x00,0x00,0xcd,
    0xff,0xff,0xff,0xfb,0x23,0x00,0x00,0x00,0x00,0x00,0x00,0x0d,0xcd,0xff,0xff,0xff,
    0xff,0xf6,0x3c,0x00,0x00,0x00,0x00,0x00,0x00,0x01,0x69,0xdf,0xff,0xff,0xff,0x66,
    0x00,0x00,0x00,0x00,0xd9,0xff,0xff,0x57,0x00,0x00,0x00,0x00,0x00,0x2d,0xff,0xff,
    0xff,0xff,0x8c,0x00,0x00,0x00,0x00,0x00,0x00,0x00,0x00,0x17,0xdd,0xff,0xff,0xff,
    0xff,0xee,0x2b,0x00,0x00,0x00,0x00,0x00,0x00,0x00,0x03,0x41,0x69,0x76,0x12,0x00,
    0x00,0x00,0x00,0xab,0xff,0xff,0x84,0x00,0x00,0x00,0x00,0x00,0xbd,0xff,0xff,0xff,
    0xe3,0x0c,0x00,0x00,0x00,0x00,0x00,0x00,0x00,0x00,0x00,0x24,0xe9,0xff,0xff,0xff,
    0xff,0xe9,0x44,0x00,0x00,0x00,0x00,0x00,0x00,0x00,0x00,0x00,0x00,0x00,0x00,0x00,
    0x00,0x00,0x7e,0xff,0xff,0xb1,0x00,0x00,0x00,0x00,0x70,0xff,0xff,0xff,0xfa,0x41,
    0x00,0x00,0x00,0x00,0x00,0x00,0x00,0x00,0x00,0x00,0x00,0x2a,0xd8,0xff,0xff,0xff,
    0xff,0xfd,0x84,0x03,0x00,0x00,0x00,0x00,0x00,0x00,0x00,0x00,0x00,0x00,0x00,0x00,
    0x00,0x51,0xff,0xff,0xde,0x00,0x00,0x00,0x58,0xfd,0xff,0xff,0xff,0x65,0x00,0x00,
    0x00,0x00,0x00,0x00,0x00,0x00,0x00,0x00,0x00,0x00,0x00,0x0c,0xa8,0xff,0xff,0xff,
    0xff,0xff,0xcb,0x4c,0x00,0x00,0x00,0x00,0x00,0x00,0x00,0x00,0x00,0x00,0x00,0x00,
    0x24,0xff,0xff,0xfe,0x0c,0x04,0x84,0xfe,0xff,0xff,0xff,0x7b,0x00,0x00,0x00,0x00,
    0x00,0x00,0x00,0x00,0x00,0x00,0x00,0x00,0x00,0x00,0x00,0x00,0x6b,0xf9,0xff,0xff,
    0xff,0xff,0xff,0xd0,0x58,0x0b,0x00,0x00,0x00,0x00,0x00,0x00,0x00,0x00,0x00,0x02,
    0xf5,0xff,0xff,0x86,0xdb,0xff,0xff,0xff,0xfb,0x61,0x00,0x00,0x00,0x00,0x00,0x00,
    0x00,0x00,0x00,0x00,0x00,0x00,0x00,0x00,0x00,0x00,0x00,0x00,0x24,0xa2,0xfc,0xff,
    0xff,0xff,0xff,0xff,0xf9,0xbf,0x79,0x40,0x28,0x11,0x01,0x01,0x16,0x30,0x4b,0xe2,
    0xff,0xff,0xff,0xff,0xff,0xff,0xd7,0x3b,0x00,0x00,0x00,0x00,0x00,0x00,0x00,0x00,
    0x00,0x00,0x00,0x00,0x00,0x00,0x00,0x00,0x00,0x00,0x00,0x00,0x00,0x26,0xa4,0xfd,
    0xff,0xff,0xff,0xff,0xff,0xff,0xff,0xff,0xff,0xfb,0xfa,0xff,0xff,0xff,0xff,0xff,
    0xff,0xff,0xff,0xef,0x80,0x07,0x00,0x00,0x00,0x00,0x00,0x00,0x00,0x00,0x00,0x00,
    0x00,0x00,0x00,0x00,0x00,0x00,0x00,0x00,0x00,0x00,0x00,0x00,0x00,0x00,0x23,0x73,
    0xbe,0xfa,0xff,0xff,0xff,0xff,0xff,0xff,0xff,0xff,0xff,0xff,0xff,0xff,0xff,0xff,
    0xed,0x67,0x0a,0x00,0x00,0x00,0x00,0x00,0x00,0x00,0x00,0x00,0x00,0x00,0x00,0x00,
    0x00,0x00,0x00,0x00,0x00,0x00,0x00,0x00,0x00,0x00,0x00,0x00,0x00,0x00,0x00,0x00,
    0x0e,0x54,0x8e,0xa7,0xc0,0xd8,0xf0,0xfb,0xf0,0xe4,0xcf,0xad,0x9e,0xff,0xff,0xe3,
    0x00,0x00,0x00,0x00,0x00,0x00,0x00,0x00,0x00,0x00,0x00,0x00,0x00,0x00,0x00,0x00,
    0x00,0x00,0x00,0x00,0x00,0x00,0x00,0x00,0x00,0x00,0x00,0x00,0x00,0x00,0x00,0x00,
    0x00,0x00,0x00,0x00,0x00,0x00,0x00,0x00,0x00,0x00,0x00,0x06,0xfa,0xff,0xff,0x0e,
    0x00,0x00,0x00,0x00,0x00,0x00,0x00,0x00,0x00,0x00,0x00,0x00,0x00,0x00,0x00,0x00,
    0x00,0x00,0x00,0x00,0x00,0x00,0x00,0x00,0x00,0x00,0x00,0x00,0x00,0x00,0x00,0x00,
    0x00,0x00,0x00,0x00,0x00,0x00,0x00,0x00,0x00,0x00,0x00,0xd0,0xff,0xff,0x37,0x00,
    0x00,0x00,0x00,0x00,0x00,0x00,0x00,0x00,0x00,0x00,0x00,0x00,0x00,0x00,0x00,0x00,
    0x00,0x00,0x00,0x00,0x00,0x00,0x00,0x00,0x00,0x00,0x00,0x00,0x00,0x00,0x00,0x00,
    0x00,0x00,0x00,0x00,0x00,0x00,0x00,0x00,0x00,0x00,0xa1,0xff,0xff,0x62,0x00,0x00,
    0x00,0x00,0x00,0x00,0x00,0x00,0x00,0x00,0x00,0x00,0x00,0x00,0x00,0x00,0x00,0x00,
    0x00,0x00,0x00,0x00,0x00,0x00,0x00,0x00,0x00,0x00,0x00,0x00,0x00,0x00,0x00,0x00,
    0x00,0x00,0x00,0x00,0x00,0x00,0x00,0x00,0x00,0x71,0xff,0xff,0x8f,0x00,0x00,0x00,
    0x00,0x00,0x00,0x00,0x00,0x00,0x00,0x00,0x00,0x00,0x00,0x00,0x00,0x00,0x00,0x00,
    0x00,0x00,0x00,0x00,0x00,0x00,0x00,0x00,0x00,0x00,0x00,0x00,0x00,0x00,0x00,0x00,
    0x00,0x00,0x00,0x00,0x00,0x00,0x00,0x00,0x43,0xff,0xff,0xba,0x00,0x00,0x00,0x00,
    0x00,0x00,0x00,0x00,0x00,0x00,0x00,0x00,0x00,0x00,0x00,0x00,0x00,0x00,0x00,0x00,
    0x00,0x00,0x00,0x00,0x00,0x00,0x00,0x00,0x00,0x00,0x00,0x00,0x00,0x00,0x00,0x00,
    0x00,0x00,0x00,0x00,0x00,0x00,0x00,0x1a,0xff,0xff,0xe5,0x00,0x00,0x00,0x00,0x00,
    0x00,0x00,0x00,0x00,0x00,0x00,0x00,0x00,0x00,0x00,0x00,0x00,0x00,0x00,0x00,0x00,
    0x00,0x00,0x00,0x00,0x00,0x00,0x00,0x00,0x00,0x00,0x00,0x00,0x00,0x00,0x00,0x00,
    0x00,0x00,0x00,0x00,0x00,0x00,0x00,0xf0,0xff,0xff,0x0f,0x00,0x00,0x00,0x00,0x00,
    0x00,0x00,0x00,0x00,0x00,0x00,0x00,0x00,0x00,0x00,0x00,0x00,0x00,0x00,0x00,0x00,
    0x00,0x00,0x00,0x00,0x00,0x00,0x00,0x00,0x00,0x00,0x00,0x00,0x00,0x00,0x00,0x00,
    0x00,0x00,0x00,0x00,0x00,0x00,0xc8,0xff,0xff,0x38,0x00,0x00,0x00,0x00,0x00,0x00,
    0x00,0x00,0x00,0x00,0x00,0x00,0x00,0x00,0x00,0x00,0x00,0x00,0x00,0x00,0x00,0x00,
    0x00,0x00,0x00,0x00,0x00,0x00,0x00,0x00,0x00,0x00,0x00,0x00,0x00,0x00,0x00,0x00,
    0x00,0x00,0x00,0x00,0x00,0xa0,0xff,0xff,0x5f,0x00,0x00,0x00,0x00,0x00,0x00,0x00,
    0x00,0x00,0x00,0x00,0x00,0x00,0x00,0x00,0x00,0x00,0x00,0x00,0x00,0x00,0x00,0x00,
    0x00,0x00,0x00,0x00,0x00,0x01,0x00,0x00,0x00,0x00,0x00,0x00,0x00,0x00,0x00,0x00,
    0x00,0x00,0x00,0x00,0x80,0xff,0xff,0x82,0x00,0x00,0x00,0x00,0x00,0x00,0x00,0x00,
    0x00,0x00,0x00,0x00,0x00,0x00,0x00,0x00,0x00,0x00,0x00,0x00,0x00,0x00,0x00,0x00,
    0x36,0x96,0xdb,0xf7,0xfb,0xe3,0xac,0x58,0x02,0x00,0x00,0x00,0x00,0x00,0x00,0x00,
    0x00,0x00,0x00,0x63,0xff,0xff,0xa6,0x00,0x00,0x00,0x00,0x00,0x00,0x00,0x00,0x00,
    0x00,0x00,0x00,0x00,0x00,0x00,0x00,0x00,0x00,0x00,0x00,0x00,0x00,0x09,0x9f,0xfe,
    0xff,0xff,0xff,0xff,0xff,0xff,0xff,0xd1,0x2f,0x00,0x00,0x00,0x00,0x00,0x00,0x00,
    0x00,0x00,0x45,0xff,0xff,0xbc,0x00,0x00,0x00,0x00,0x00,0x00,0x00,0x00,0x00,0x00,
    0x00,0x00,0x00,0x00,0x00,0x00,0x00,0x00,0x00,0x00,0x00,0x09,0xc3,0xff,0xff,0xff,
    0xff,0xff,0xff,0xff,0xff,0xff,0xff,0xf2,0x3a,0x00,0x00,0x00,0x00,0x00,0x00,0x00,
    0x00,0x2c,0xff,0xff,0xcd,0x00,0x00,0x00,0x00,0x00,0x00,0x00,0x00,0x00,0x00,0x00,
    0x00,0x00,0x00,0x00,0x00,0x00,0x00,0x00,0x00,0x00,0x98,0xff,0xff,0xff,0xff,0xff,
    0xff,0xff,0xff,0xff,0xff,0xff,0xff,0xe5,0x14,0x00,0x00,0x00,0x00,0x00,0x00,0x00,
    0x1f,0xff,0xff,0xde,0x00,0x00,0x00,0x00,0x00,0x00,0x00,0x00,0x00,0x00,0x00,0x00,
    0x00,0x00,0x00,0x00,0x00,0x00,0x00,0x00,0x2e,0xff,0xff,0xff,0xff,0xff,0xff,0xff,
    0xff,0xff,0xff,0xff,0xff,0xff,0xff,0x8b,0x00,0x00,0x00,0x00,0x00,0x00,0x00,0x13,
    0xff,0xff,0xef,0x00,0x00,0x00,0x00,0x00,0x00,0x00,0x00,0x00,0x00,0x00,0x00,0x00,
    0x00,0x00,0x00,0x00,0x00,0x00,0x00,0x9e,0xff,0xff,0xff,0xff,0xff,0xff,0xff,0xff,
    0xff,0xff,0xff,0xff,0xff,0xff,0xf1,0x04,0x00,0x00,0x00,0x00,0x00,0x00,0x0c,0xff,
    0xff,0xfb,0x00,0x00,0x00,0x00,0x00,0x00,0x00,0x00,0x00,0x00,0x00,0x00,0x00,0x00,
    0x00,0x00,0x00,0x00,0x00,0x00,0xe6,0xff,0xff,0xff,0xff,0xff,0xff,0xff,0xff,0xff,
    0xff,0xff,0xff,0xff,0xff,0xff,0x3a,0x00,0x00,0x00,0x00,0x00,0x00,0x1a,0xff,0xff,
    0xed,0x00,0x00,0x00,0x00,0x00,0x00,0x00,0x00,0x00,0x00,0x00,0x00,0x00,0x00,0x00,
    0x00,0x00,0x00,0x00,0x19,0xff,0xff,0xff,0xff,0xff,0xff,0xff,0xff,0xff,0xff,0xff,
    0xff,0xff,0xff,0xff,0xff,0x59,0x00,0x00,0x00,0x00,0x00,0x00,0x2c,0xff,0xff,0xdc,
    0x00,0x00,0x00,0x00,0x00,0x00,0x00,0x00,0x00,0x00,0x00,0x00,0x00,0x00,0x00,0x00,
    0x00,0x00,0x00,0x2f,0xff,0xff,0xff,0xff,0xff,0xff,0xff,0xff,0xff,0xff,0xff,0xff,
    0xff,0xff,0xff,0xff,0x5c,0x00,0x00,0x00,0x00,0x00,0x00,0x4d,0xff,0xff,0xcc,0x00,
    0x00,0x00,0x00,0x00,0x00,0x00,0x00,0x00,0x00,0x00,0x00,0x00,0x00,0x00,0x00,0x00,
    0x00,0x00,0x2a,0xff,0xff,0xff,0xff,0xff,0xff,0xff,0xff,0xff,0xff,0xff,0xff,0xff,
    0xff,0xff,0xff,0x43,0x00,0x00,0x00,0x00,0x00,0x00,0x88,0xff,0xff,0x9f,0x00,0x00,
    0x00,0x00,0x00,0x00,0x00,0x00,0x00,0x00,0x00,0x00,0x00,0x00,0x00,0x00,0x00,0x00,
    0x00,0x11,0xff,0xff,0xff,0xff,0xff,0xff,0xff,0xff,0xff,0xff,0xff,0xff,0xff,0xff,
    0xff,0xf9,0x0c,0x00,0x00,0x00,0x00,0x00,0x00,0xcc,0xff,0xff,0x64,0x00,0x00,0x00,
    0x00,0x00,0x00,0x00,0x00,0x00,0x00,0x00,0x00,0x00,0x00,0x00,0x00,0x00,0x00,0x00,
    0x00,0xd5,0xff,0xff,0xff,0xff,0xff,0xff,0xff,0xff,0xff,0xff,0xff,0xff,0xff,0xff,
    0xa0,0x00,0x00,0x00,0x00,0x00,0x00,0x38,0xff,0xff,0xff,0x28,0x00,0x00,0x00,0x00,
    0x00,0x00,0x00,0x00,0x00,0x00,0x00,0x00,0x00,0x00,0x00,0x00,0x00,0x00,0x00,0x00,
    0x88,0xff,0xff,0xff,0xff,0xff,0xff,0xff,0xff,0xff,0xff,0xff,0xff,0xff,0xec,0x14,
    0x00,0x00,0x00,0x00,0x00,0x00,0xb7,0xff,0xff,0xd4,0x01,0x00,0x00,0x00,0x00,0x00,
    0x00,0x00,0x00,0x00,0x00,0x00,0x00,0x00,0x00,0x00,0x00,0x00,0x00,0x00,0x00,0x1b,
    0xf7,0xff,0xff,0xff,0xff,0xff,0xff,0xff,0xff,0xff,0xff,0xff,0xfc,0x57,0x00,0x00,
    0x00,0x00,0x00,0x00,0x71,0xff,0xff,0xff,0x54,0x00,0x00,0x00,0x00,0x00,0x00,0x00,
    0x00,0x00,0x00,0x00,0x00,0x00,0x00,0x00,0x00,0x00,0x00,0x00,0x00,0x00,0x00,0x88,
    0xff,0xff,0xff,0xff,0xff,0xff,0xff,0xff,0xff,0xff,0xe8,0x40,0x00,0x00,0x00,0x00,
    0x00,0x00,0x6c,0xfb,0xff,0xff,0xd1,0x01,0x00,0x00,0x00,0x00,0x00,0x00,0x00,0x00,
    0x00,0x00,0x00,0x00,0x00,0x00,0x00,0x00,0x00,0x00,0x00,0x00,0x00,0x00,0x04,0xc1,
    0xff,0xff,0xff,0xff,0xff,0xff,0xff,0xd3,0x7f,0x18,0x00,0x00,0x00,0x00,0x00,0x29,
    0xaa,0xff,0xff,0xff,0xf8,0x3a,0x00,0x00,0x00,0x00,0x00,0x00,0x00,0x00,0x00,0x00,
    0x00,0x00,0x00,0x00,0x00,0x00,0x00,0x00,0x00,0x00,0x00,0x00,0x00,0x00,0x14,0xc7,
    0xff,0xff,0xff,0xff,0xff,0xaa,0x37,0x1e,0x0b,0x0e,0x20,0x3a,0x75,0xb9,0xfd,0xff,
    0xff,0xff,0xf9,0x56,0x00,0x00,0x00,0x00,0x00,0x00,0x00,0x00,0x00,0x00,0x00,0x00,
    0x00,0x00,0x00,0x00,0x00,0x00,0x00,0x00,0x00,0x00,0x00,0x00,0x00,0x00,0x07,0x9c,
    0xfe,0xff,0xff,0xff,0xff,0xff,0xff,0xff,0xff,0xff,0xff,0xff,0xff,0xff,0xff,0xff,
    0xda,0x3d,0x00,0x00,0x00,0x00,0x00,0x00,0x00,0x00,0x00,0x00,0x00,0x00,0x00,0x00,
    0x00,0x00,0x00,0x00,0x00,0x00,0x00,0x00,0x00,0x00,0x00,0x00,0x00,0x00,0x00,0x32,
    0xb4,0xfe,0xff,0xff,0xff,0xff,0xff,0xff,0xff,0xff,0xff,0xff,0xff,0xd1,0x64,0x04,
    0x00,0x00,0x00,0x00,0x00,0x00,0x00,0x00,0x00,0x00,0x00,0x00,0x00,0x00,0x00,0x00,
    0x00,0x00,0x00,0x00,0x00,0x00,0x00,0x00,0x00,0x00,0x00,0x00,0x00,0x00,0x00,0x00,
    0x18,0x5d,0xa2,0xc8,0xdd,0xf2,0xfa,0xea,0xd7,0xaa,0x76,0x2b,0x00,0x00,0x00,0x00,
    0x00,0x00,0x00,0x00,0x00,0x00,0x00,0x00,0x00,0x00,0x00,0x00,0x00,0x00,0x00,0x00,
    0x00,0x00,0x00,0x00,0x00,0x00,0x00,0x00,0x00,0x00,0x00,0x00,0x00,0x00,0x00,0x00,
    0x00,0x00,0x00,0x00,0x00,0x00,0x00,0x00,0x00,0x02,0x12,0x20,0x1c,0x06,0x00,0x00,
    0x00,0x00,0x00,0x00,0x00,0x00,0x00,0x00,0x00,0x00,0x00,0x00,0x00,0x12,0x37,0x37,
    0x37,0x37,0x37,0x14,0x00,0x00,0x00,0x00,0x02,0x19,0x00,0x00,0x00,0x00,0x00,0x00,
    0x00,0x00,0x00,0x13,0x5a,0xa1,0xd1,0xf7,0xff,0xff,0xff,0xff,0xee,0xc8,0x81,0x3a,
    0x03,0x00,0x00,0x00,0x00,0x00,0x00,0x00,0x00,0x00,0x00,0xe3,0xff,0xff,0xff,0xff,
    0xff,0xea,0x04,0x00,0x00,0x00,0x83,0xfc,0x16,0x00,0x00,0x00,0x00,0x00,0x00,0x2b,
    0x9e,0xf9,0xff,0xff,0xff,0xff,0xff,0xff,0xff,0xff,0xff,0xff,0xff,0xff,0xde,0x62,
    0x04,0x00,0x00,0x00,0x00,0x00,0x00,0x00,0x00,0xff,0xff,0xff,0xff,0xff,0xff,0xff,
    0x0b,0x00,0x00,0x00,0x9f,0xff,0x2b,0x00,0x00,0x00,0x00,0x03,0x7d,0xfb,0xff,0xff,
    0xdc,0x7b,0x36,0x14,0x08,0x22,0x40,0x8a,0xec,0xff,0xff,0xff,0xff,0xff,0xde,0x3f,
    0x00,0x00,0x00,0x00,0x00,0x00,0x00,0xff,0xff,0xff,0xff,0xff,0xff,0xff,0x0b,0x00,
    0x00,0x00,0x9f,0xff,0x2b,0x00,0x00,0x00,0x03,0xb2,0xff,0xff,0xf2,0x63,0x03,0x00,
    0x00,0x00,0x00,0x00,0x00,0x00,0x08,0x9c,0xff,0xff,0xff,0xff,0xff,0xfc,0x76,0x01,
    0x00,0x00,0x00,0x00,0x00,0xff,0xff,0xff,0xff,0xff,0xff,0xff,0x0b,0x00,0x00,0x00,
    0x9f,0xff,0x2b,0x00,0x00,0x00,0x97,0xff,0xff,0xff,0xce,0x93,0x71,0x16,0x00,0x00,
    0x00,0x00,0x00,0x00,0x00,0x00,0x86,0xff,0xff,0xff,0xff,0xff,0xff,0x99,0x00,0x00,
    0x00,0x00,0x00,0xff,0xff,0xff,0xff,0xff,0xff,0xff,0x0b,0x00,0x00,0x00,0x9f,0xff,
    0x2b,0x00,0x00,0x2c,0xfe,0xff,0xff,0xff,0xff,0xff,0xff,0xf7,0x83,0x00,0x00,0x00,
    0x00,0x00,0x00,0x00,0x03,0xc9,0xff,0xff,0xff,0xff,0xff,0xff,0x75,0x00,0x00,0x00,
    0x00,0xff,0xff,0xff,0xff,0xff,0xff,0xff,0x0b,0x00,0x00,0x00,0x9f,0xff,0x2b,0x00,
    0x00,0xa1,0xff,0xff,0xff,0xff,0xff,0xff,0xff,0xff,0xff,0x63,0x00,0x00,0x00,0x00,
    0x00,0x00,0x00,0x3f,0xff,0xff,0xff,0xff,0xff,0xff,0xfe,0x49,0x00,0x00,0x00,0xff,
    0xff,0xff,0xff,0xff,0xff,0xff,0x0b,0x00,0x00,0x00,0x9f,0xff,0x2b,0x00,0x00,0xdc,
    0xff,0xff,0xff,0xff,0xff,0xff,0xff,0xff,0xff,0xe7,0x00,0x00,0x00,0x00,0x00,0x00,
    0x00,0x00,0xda,0xff,0xff,0xff,0xff,0xff,0xff,0xd8,0x04,0x00,0x00,0xff,0xff,0xff,
    0xff,0xff,0xff,0xff,0x0b,0x00,0x00,0x00,0x9f,0xff,0x2b,0x00,0x04,0xfb,0xff,0xff,
    0xff,0xff,0xff,0xff,0xff,0xff,0xff,0xff,0x16,0x00,0x00,0x00,0x00,0x00,0x00,0x00,
    0x8c,0xff,0xff,0xff,0xff,0xff,0xff,0xff,0x68,0x00,0x00,0xff,0xff,0xff,0xff,0xff,
    0xff,0xff,0x0b,0x00,0x00,0x00,0x9f,0xff,0x2b,0x00,0x09,0xfd,0xff,0xff,0xff,0xff,
    0xff,0xff,0xff,0xff,0xff,0xff,0x3b,0x00,0x00,0x00,0x00,0x00,0x00,0x00,0x54,0xff,
    0xff,0xff,0xff,0xff,0xff,0xff,0xe3,0x01,0x00,0xff,0xff,0xff,0xff,0xff,0xff,0xff,
    0x0b,0x00,0x00,0x00,0x9f,0xff,0x2b,0x00,0x00,0xda,0xff,0xff,0xff,0xff,0xff,0xff,
    0xff,0xff,0xff,0xff,0x1a,0x00,0x00,0x00,0x00,0x00,0x00,0x00,0x28,0xff,0xff,0xff,
    0xff,0xff,0xff,0xff,0xff,0x33,0x00,0xff,0xff,0xff,0xff,0xff,0xff,0xff,0x0b,0x00,
    0x00,0x00,0x9f,0xff,0x2b,0x00,0x00,0xa0,0xff,0xff,0xff,0xff,0xff,0xff,0xff,0xff,
    0xff,0xe7,0x00,0x00,0x00,0x00,0x00,0x00,0x00,0x00,0x16,0xff,0xff,0xff,0xff,0xff,
    0xff,0xff,0xff,0x7f,0x00,0xff,0xff,0xff,0xff,0xff,0xff,0xff,0x0b,0x00,0x00,0x00,
    0x9f,0xff,0x2b,0x00,0x00,0x1a,0xef,0xff,0xff,0xff,0xff,0xff,0xff,0xff,0xff,0x60,
    0x00,0x00,0x00,0x00,0x00,0x00,0x00,0x00,0x05,0xff,0xff,0xff,0xff,0xff,0xff,0xff,
    0xff,0xc6,0x00,0xff,0xff,0xff,0xff,0xff,0xff,0xff,0x0b,0x00,0x00,0x00,0x9f,0xff,
    0x2b,0x00,0x00,0x00,0x4a,0xea,0xff,0xff,0xff,0xff,0xff,0xff,0x9c,0x00,0x00,0x00,
    0x00,0x00,0x00,0x00,0x00,0x00,0x00,0xf5,0xff,0xff,0xff,0xff,0xff,0xff,0xff,0xe4,
    0x00,0xff,0xff,0xff,0xff,0xff,0xff,0xff,0x0b,0x00,0x00,0x00,0x9f,0xff,0x2b,0x00,
    0x00,0x00,0x00,0x12,0x8c,0xc3,0xef,0xe2,0xb2,0x4c,0x00,0x00,0x00,0x00,0x00,0x00,
    0x00,0x00,0x00,0x00,0x00,0xe4,0xff,0xff,0xff,0xff,0xff,0xff,0xff,0xfb,0x01,0xff,
    0xff,0xff,0xff,0xff,0xff,0xff,0x0b,0x00,0x00,0x00,0x9f,0xff,0x2b,0x00,0x00,0x00,
    0x00,0x00,0x00,0x00,0x00,0x00,0x00,0x00,0x00,0x00,0x00,0x00,0x00,0x00,0x00,0x00,
    0x00,0x00,0x00,0xdf,0xff,0xff,0xff,0xff,0xff,0xff,0xff,0xff,0x14,0xff,0xff,0xff,
    0xff,0xff,0xff,0xff,0x0b,0x00,0x00,0x00,0x9f,0xff,0x2b,0x00,0x00,0x00,0x00,0x00,
    0x00,0x00,0x00,0x00,0x00,0x00,0x00,0x00,0x00,0x00,0x00,0x00,0x00,0x00,0x00,0x00,
    0x00,0xe6,0xff,0xff,0xff,0xff,0xff,0xff,0xff,0xff,0x1c,0xff,0xff,0xff,0xff,0xff,
    0xff,0xff,0x0b,0x00,0x00,0x00,0x9f,0xff,0x2b,0x00,0x00,0x00,0x00,0x00,0x00,0x00,
    0x00,0x00,0x00,0x00,0x00,0x00,0x00,0x00,0x00,0x00,0x00,0x00,0x00,0x00,0x00,0xed,
    0xff,0xff,0xff,0xff,0xff,0xff,0xff,0xff,0x09,0xff,0xff,0xff,0xff,0xff,0xff,0xff,
    0x0b,0x00,0x00,0x00,0x9f,0xff,0x2b,0x00,0x00,0x00,0x00,0x00,0x00,0x00,0x00,0x00,
    0x00,0x00,0x00,0x00,0x00,0x00,0x00,0x00,0x00,0x00,0x00,0x00,0x00,0xf4,0xff,0xff,
    0xff,0xff,0xff,0xff,0xff,0xf8,0x00,0xff,0xff,0xff,0xff,0xff,0xff,0xff,0x0b,0x00,
    0x00,0x00,0x9f,0xff,0x2b,0x00,0x00,0x00,0x00,0x00,0x00,0x00,0x00,0x00,0x00,0x00,
    0x00,0x00,0x00,0x00,0x00,0x00,0x00,0x00,0x00,0x00,0x03,0xfc,0xff,0xff,0xff,0xff,
    0xff,0xff,0xff,0xd4,0x00,0xff,0xff,0xff,0xff,0xff,0xff,0xff,0x0b,0x00,0x00,0x00,
    0x9f,0xff,0x2b,0x00,0x00,0x00,0x00,0x00,0x0e,0xd3,0x9b,0x00,0x00,0x00,0x00,0x00,
    0x00,0x00,0x00,0x00,0x00,0x00,0x00,0x00,0x27,0xff,0xff,0xff,0xff,0xff,0xff,0xff,
    0xff,0x9d,0x00,0xff,0xff,0xff,0xff,0xff,0xff,0xff,0x0b,0x00,0x00,0x00,0x9f,0xff,
    0x2b,0x00,0x00,0x00,0x00,0x00,0x4c,0xff,0xf4,0x05,0x00,0x00,0x00,0x00,0x00,0x00,
    0x00,0x00,0x00,0x00,0x00,0x00,0x52,0xff,0xff,0xff,0xff,0xff,0xff,0xff,0xff,0x66,
    0x00,0xff,0xff,0xff,0xff,0xff,0xff,0xff,0x0b,0x00,0x00,0x00,0x9f,0xff,0x2b,0x00,
    0x00,0x00,0x00,0x00,0x85,0xff,0xff,0x42,0x00,0x00,0x00,0x00,0x00,0x00,0x00,0x00,
    0x00,0x00,0x00,0x00,0x7d,0xff,0xff,0xff,0xff,0xff,0xff,0xff,0xfc,0x18,0x00,0xff,
    0xff,0xff,0xff,0xff,0xff,0xff,0x0b,0x00,0x00,0x00,0x9f,0xff,0x2b,0x00,0x00,0x00,
    0x00,0x00,0xbd,0xff,0xff,0xa2,0x00,0x00,0x00,0x00,0x00,0x00,0x00,0x00,0x00,0x00,
    0x00,0x00,0xa8,0xff,0xff,0xff,0xff,0xff,0xff,0xff,0xb3,0x00,0x00,0xff,0xff,0xff,
    0xff,0xff,0xff,0xff,0x0b,0x00,0x00,0x00,0x9f,0xff,0x2b,0x00,0x00,0x00,0x00,0x07,
    0xf3,0xff,0xff,0xfa,0x23,0x00,0x00,0x00,0x00,0x00,0x00,0x00,0x00,0x00,0x00,0x0a,
    0xef,0xff,0xff,0xff,0xff,0xff,0xff,0xff,0x4d,0x00,0x00,0xff,0xff,0xff,0xff,0xff,
    0xff,0xff,0x0b,0x00,0x00,0x00,0x9f,0xff,0x2b,0x00,0x00,0x00,0x00,0x50,0xff,0xff,
    0xff,0xff,0xbb,0x02,0x00,0x00,0x00,0x00,0x00,0x00,0x00,0x00,0x00,0x66,0xff,0xff,
    0xff,0xff,0xff,0xff,0xff,0xbd,0x00,0x00,0x00,0xff,0xff,0xff,0xff,0xff,0xff,0xff,
    0x0b,0x00,0x00,0x00,0x9f,0xff,0x2b,0x00,0x00,0x00,0x00,0xa9,0xff,0xff,0xff,0xff,
    0xff,0x91,0x01,0x00,0x00,0x00,0x00,0x00,0x00,0x00,0x20,0xee,0xff,0xff,0xff,0xff,
    0xff,0xff,0xfb,0x2b,0x00,0x00,0x00,0xff,0xff,0xff,0xff,0xff,0xff,0xff,0x0b,0x00,
    0x00,0x00,0x9f,0xff,0x2b,0x00,0x00,0x00,0x0c,0xf5,0xff,0xff,0xff,0xff,0xff,0xff,
    0xb1,0x23,0x00,0x00,0x00,0x00,0x00,0x34,0xd6,0xff,0xff,0xff,0xff,0xff,0xff,0xff,
    0x66,0x00,0x00,0x00,0x00,0xff,0xff,0xff,0xff,0xff,0xff,0xff,0x0b,0x00,0x00,0x00,
    0x9f,0xff,0x2b,0x00,0x00,0x00,0x6f,0xff,0xff,0xff,0xff,0xff,0xff,0xff,0xff,0xfd,
    0xb5,0x87,0x69,0x83,0xb3,0xfd,0xff,0xff,0xff,0xff,0xff,0xff,0xff,0x80,0x00,0x00,
    0x00,0x00,0x00,0xff,0xff,0xff,0xff,0xff,0xff,0xff,0x0b,0x00,0x00,0x00,0x9f,0xff,
    0x2b,0x00,0x00,0x14,0xee,0xff,0xff,0xff,0xff,0xff,0xff,0xff,0xff,0xff,0xff,0xff,
    0xff,0xff,0xff,0xff,0xff,0xff,0xff,0xff,0xff,0xf4,0x66,0x00,0x00,0x00,0x00,0x00,
    0x00,0xff,0xff,0xff,0xff,0xff,0xff,0xff,0x0b,0x00,0x00,0x00,0x9f,0xff,0x2b,0x00,
    0x00,0x99,0xff,0xff,0xff,0xff,0xff,0xff,0xff,0xf6,0x5b,0xd2,0xff,0xff,0xff,0xff,
    0xff,0xff,0xff,0xff,0xff,0xfd,0xb6,0x25,0x00,0x00,0x00,0x00,0x00,0x00,0x00,0xff,
    0xff,0xff,0xff,0xff,0xff,0xff,0x0b,0x00,0x00,0x00,0x9f,0xff,0x2b,0x00,0x3d,0xfd,
    0xff,0xff,0xff,0xff,0xff,0xff,0xff,0x78,0x00,0x02,0x4f,0xa9,0xda,0xf5,0xfc,0xf1,
    0xd3,0xb5,0x7c,0x1d,0x00,0x00,0x00,0x00,0x00,0x00,0x00,0x00,0x00,0xff,0xff,0xff,
    0xff,0xff,0xff,0xff,0x0b,0x00,0x00,0x00,0x9f,0xff,0x2b,0x3a,0xf1,0xff,0xff,0xff,
    0xff,0xff,0xff,0xff,0xc0,0x04,0x00,0x00,0x00,0x00,0x00,0x00,0x00,0x00,0x00,0x00,
    0x00,0x00,0x00,0x00,0x00,0x00,0x00,0x00,0x00,0x00,0x00,0xff,0xff,0xff,0xff,0xff,
    0xff,0xff,0x0b,0x00,0x00,0x00,0x9f,0xff,0xb0,0xfc,0xff,0xff,0xff,0xff,0xff,0xff,
    0xff,0xdb,0x16,0x00,0x00,0x00,0x00,0x00,0x00,0x00,0x00,0x00,0x00,0x00,0x00,0x00,
    0x00,0x00,0x00,0x00,0x00,0x00,0x00,0x00,0x00,0xff,0xff,0xff,0xff,0xff,0xff,0xff,
    0x0b,0x00,0x00,0x00,0x9f,0xff,0xff,0xff,0xff,0xff,0xff,0xff,0xff,0xff,0xca,0x15,
    0x00,0x00,0x00,0x00,0x00,0x00,0x00,0x00,0x00,0x00,0x00,0x00,0x00,0x00,0x00,0x00,
    0x00,0x00,0x00,0x00,0x00,0x00,0x00,0xff,0xff,0xff,0xff,0xff,0xff,0xff,0x0b,0x00,
    0x00,0x00,0x9f,0xff,0xff,0xff,0xff,0xff,0xff,0xff,0xff,0xff,0xce,0x1f,0x00,0x00,
    0x00,0x00,0x00,0x00,0x00,0x00,0x00,0x00,0x00,0x00,0x00,0x00,0x00,0x00,0x00,0x00,
    0x00,0x00,0x00,0x00,0x00,0xff,0xff,0xff,0xff,0xff,0xff,0xff,0x0b,0x00,0x00,0x00,
    0x9f,0xff,0x8b,0xe9,0xff,0xff,0xff,0xff,0xff,0xff,0xff,0xeb,0x29,0x00,0x00,0x00,
    0x00,0x00,0x00,0x00,0x00,0x00,0x00,0x00,0x00,0x00,0x00,0x00,0x00,0x00,0x00,0x00,
    0x00,0x00,0x00,0xff,0xff,0xff,0xff,0xff,0xff,0xff,0x0b,0x00,0x00,0x00,0x9f,0xff,
    0x2b,0x14,0xd1,0xff,0xff,0xff,0xff,0xff,0xff,0xff,0xde,0x14,0x00,0x00,0x00,0x0f,
    0x32,0x51,0x51,0x38,0x1e,0x04,0x00,0x00,0x00,0x00,0x00,0x00,0x00,0x00,0x00,0x00,
    0x00,0xff,0xff,0xff,0xff,0xff,0xff,0xff,0x0b,0x00,0x00,0x00,0x9f,0xff,0x2b,0x00,
    0x14,0xeb,0xff,0xff,0xff,0xff,0xff,0xff,0xff,0xaa,0x00,0x31,0xac,0xfa,0xff,0xff,
    0xff,0xff,0xff,0xf1,0xa5,0x52,0x07,0x00,0x00,0x00,0x00,0x00,0x00,0x00,0x00,0xff,
    0xff,0xff,0xff,0xff,0xff,0xff,0x0b,0x00,0x00,0x00,0x9f,0xff,0x2b,0x00,0x00,0x6a,
    0xff,0xff,0xff,0xff,0xff,0xff,0xff,0xff,0xb6,0xfe,0xff,0xff,0xff,0xff,0xff,0xff,
    0xff,0xff,0xff,0xff,0xdc,0x48,0x00,0x00,0x00,0x00,0x00,0x00,0x00,0xff,0xff,0xff,
    0xff,0xff,0xff,0xff,0x0b,0x00,0x00,0x00,0x9f,0xff,0x2b,0x00,0x00,0x03,0xd5,0xff,
    0xff,0xff,0xff,0xff,0xff,0xff,0xff,0xff,0xff,0xff,0xff,0xff,0xff,0xff,0xff,0xff,
    0xff,0xff,0xff,0xff,0xa3,0x05,0x00,0x00,0x00,0x00,0x00,0xff,0xff,0xff,0xff,0xff,
    0xff,0xff,0x0b,0x00,0x00,0x00,0x9f,0xff,0x2b,0x00,0x00,0x00,0x4c,0xff,0xff,0xff,
    0xff,0xff,0xff,0xff,0xff,0xca,0x5b,0x2b,0x0a,0x26,0x58,0xd5,0xff,0xff,0xff,0xff,
    0xff,0xff,0xff,0xb1,0x06,0x00,0x00,0x00,0x00,0xff,0xff,0xff,0xff,0xff,0xff,0xff,
    0x0b,0x00,0x00,0x00,0x9f,0xff,0x2b,0x00,0x00,0x00,0x03,0xea,0xff,0xff,0xff,0xff,
    0xff,0xfb,0x64,0x00,0x00,0x00,0x00,0x00,0x00,0x06,0xa0,0xff,0xff,0xff,0xff,0xff,
    0xff,0xff,0xa6,0x00,0x00,0x00,0x00,0xff,0xff,0xff,0xff,0xff,0xff,0xff,0x0b,0x00,
    0x00,0x00,0x9f,0xff,0x2b,0x00,0x00,0x00,0x00,0x9b,0xff,0xff,0xff,0xff,0xff,0x53,
    0x00,0x00,0x00,0x00,0x00,0x00,0x00,0x00,0x08,0xd2,0xff,0xff,0xff,0xff,0xff,0xff,
    0xff,0x50,0x00,0x00,0x00,0xff,0xff,0xff,0xff,0xff,0xff,0xff,0x0b,0x00,0x00,0x00,
    0x9f,0xff,0x2b,0x00,0x00,0x00,0x00,0x48,0xff,0xff,0xff,0xff,0x96,0x00,0x00,0x00,
    0x00,0x00,0x00,0x00,0x00,0x00,0x00,0x4c,0xff,0xff,0xff,0xff,0xff,0xff,0xff,0xe5,
    0x0d,0x00,0x00,0xff,0xff,0xff,0xff,0xff,0xff,0xff,0x0b,0x00,0x00,0x00,0x9f,0xff,
    0x2b,0x00,0x00,0x00,0x00,0x05,0xf3,0xff,0xff,0xf3,0x14,0x00,0x00,0x00,0x00,0x00,
    0x00,0x00,0x00,0x00,0x00,0x03,0xe2,0xff,0xff,0xff,0xff,0xff,0xff,0xff,0x6a,0x00,
    0x00,0xff,0xff,0xff,0xff,0xff,0xff,0xff,0x0b,0x00,0x00,0x00,0x9f,0xff,0x2b,0x00,
    0x00,0x00,0x00,0x00,0xbe,0xff,0xff,0x95,0x00,0x00,0x00,0x00,0x00,0x00,0x00,0x00,
    0x00,0x00,0x00,0x00,0xa2,0xff,0xff,0xff,0xff,0xff,0xff,0xff,0xd1,0x00,0x00,0xff,
    0xff,0xff,0xff,0xff,0xff,0xff,0x0b,0x00,0x00,0x00,0x9f,0xff,0x2b,0x00,0x00,0x00,
    0x00,0x00,0x86,0xff,0xff,0x3c,0x00,0x00,0x00,0x00,0x00,0x00,0x00,0x00,0x00,0x00,
    0x00,0x00,0x78,0xff,0xff,0xff,0xff,0xff,0xff,0xff,0xff,0x33,0x00,0xff,0xff,0xff,
    0xff,0xff,0xff,0xff,0x0b,0x00,0x00,0x00,0x9f,0xff,0x2b,0x00,0x00,0x00,0x00,0x00,
    0x4e,0xff,0xf5,0x04,0x00,0x00,0x00,0x00,0x00,0x00,0x00,0x00,0x00,0x00,0x00,0x00,
    0x4f,0xff,0xff,0xff,0xff,0xff,0xff,0xff,0xff,0x71,0x00,0xff,0xff,0xff,0xff,0xff,
    0xff,0xff,0x0b,0x00,0x00,0x00,0x9f,0xff,0x2b,0x00,0x00,0x00,0x00,0x00,0x0f,0xd5,
    0x9d,0x00,0x00,0x00,0x00,0x00,0x00,0x00,0x00,0x00,0x00,0x00,0x00,0x00,0x26,0xff,
    0xff,0xff,0xff,0xff,0xff,0xff,0xff,0xa8,0x00,0xff,0xff,0xff,0xff,0xff,0xff,0xff,
    0x0b,0x00,0x00,0x00,0x9f,0xff,0x2b,0x00,0x00,0x00,0x00,0x00,0x00,0x00,0x00,0x00,
    0x00,0x00,0x00,0x00,0x00,0x00,0x00,0x00,0x00,0x00,0x00,0x00,0x03,0xfc,0xff,0xff,
    0xff,0xff,0xff,0xff,0xff,0xde,0x00,0xff,0xff,0xff,0xff,0xff,0xff,0xff,0x0b,0x00,
    0x00,0x00,0x9f,0xff,0x2b,0x00,0x00,0x00,0x00,0x00,0x00,0x00,0x00,0x00,0x00,0x00,
    0x00,0x00,0x00,0x00,0x00,0x00,0x00,0x00,0x00,0x00,0x00,0xf4,0xff,0xff,0xff,0xff,
    0xff,0xff,0xff,0xf8,0x00,0xff,0xff,0xff,0xff,0xff,0xff,0xff,0x0b,0x00,0x00,0x00,
    0x9f,0xff,0x2b,0x00,0x00,0x00,0x00,0x00,0x00,0x00,0x00,0x00,0x00,0x00,0x00,0x00,
    0x00,0x00,0x00,0x00,0x00,0x00,0x00,0x00,0x00,0xee,0xff,0xff,0xff,0xff,0xff,0xff,
    0xff,0xff,0x08,0xff,0xff,0xff,0xff,0xff,0xff,0xff,0x0b,0x00,0x00,0x00,0x9f,0xff,
    0x2b,0x00,0x00,0x00,0x00,0x00,0x00,0x00,0x00,0x00,0x00,0x00,0x00,0x00,0x00,0x00,
    0x00,0x00,0x00,0x00,0x00,0x00,0x00,0xe7,0xff,0xff,0xff,0xff,0xff,0xff,0xff,0xff,
    0x19,0xff,0xff,0xff,0xff,0xff,0xff,0xff,0x0b,0x00,0x00,0x00,0x9f,0xff,0x2b,0x00,
    0x00,0x00,0x00,0x00,0x00,0x00,0x00,0x00,0x00,0x00,0x00,0x00,0x00,0x00,0x00,0x00,
    0x00,0x00,0x00,0x00,0x00,0xe1,0xff,0xff,0xff,0xff,0xff,0xff,0xff,0xff,0x19,0xff,
    0xff,0xff,0xff,0xff,0xff,0xff,0x0b,0x00,0x00,0x00,0x9f,0xff,0x2b,0x00,0x00,0x00,
    0x00,0x01,0x56,0x8e,0xba,0xac,0x7c,0x21,0x00,0x00,0x00,0x00,0x00,0x00,0x00,0x00,
    0x00,0x00,0x00,0xe1,0xff,0xff,0xff,0xff,0xff,0xff,0xff,0xfd,0x03,0xff,0xff,0xff,
    0xff,0xff,0xff,0xff,0x0b,0x00,0x00,0x00,0x9f,0xff,0x2b,0x00,0x00,0x00,0x27,0xc5,
    0xff,0xff,0xff,0xff,0xff,0xf4,0x66,0x00,0x00,0x00,0x00,0x00,0x00,0x00,0x00,0x00,
    0x00,0xf2,0xff,0xff,0xff,0xff,0xff,0xff,0xff,0xe8,0x00,0xff,0xff,0xff,0xff,0xff,
    0xff,0xff,0x0b,0x00,0x00,0x00,0x9f,0xff,0x2b,0x00,0x00,0x0a,0xdb,0xff,0xff,0xff,
    0xff,0xff,0xff,0xff,0xfe,0x3f,0x00,0x00,0x00,0x00,0x00,0x00,0x00,0x00,0x03,0xff,
    0xff,0xff,0xff,0xff,0xff,0xff,0xff,0xce,0x00,0xff,0xff,0xff,0xff,0xff,0xff,0xff,
    0x0b,0x00,0x00,0x00,0x9f,0xff,0x2b,0x00,0x00,0x87,0xff,0xff,0xff,0xff,0xff,0xff,
    0xff,0xff,0xff,0xd3,0x00,0x00,0x00,0x00,0x00,0x00,0x00,0x00,0x13,0xff,0xff,0xff,
    0xff,0xff,0xff,0xff,0xff,0x8c,0x00,0xff,0xff,0xff,0xff,0xff,0xff,0xff,0x0b,0x00,
    0x00,0x00,0x9f,0xff,0x2b,0x00,0x00,0xd0,0xff,0xff,0xff,0xff,0xff,0xff,0xff,0xff,
    0xff,0xff,0x11,0x00,0x00,0x00,0x00,0x00,0x00,0x00,0x24,0xff,0xff,0xff,0xff,0xff,
    0xff,0xff,0xff,0x3e,0x00,0xff,0xff,0xff,0xff,0xff,0xff,0xff,0x0b,0x00,0x00,0x00,
    0x9f,0xff,0x2b,0x00,0x05,0xf9,0xff,0xff,0xff,0xff,0xff,0xff,0xff,0xff,0xff,0xff,
    0x3a,0x00,0x00,0x00,0x00,0x00,0x00,0x00,0x4c,0xff,0xff,0xff,0xff,0xff,0xff,0xff,
    0xed,0x03,0x00,0xff,0xff,0xff,0xff,0xff,0xff,0xff,0x0b,0x00,0x00,0x00,0x9f,0xff,
    0x2b,0x00,0x08,0xfe,0xff,0xff,0xff,0xff,0xff,0xff,0xff,0xff,0xff,0xff,0x21,0x00,
    0x00,0x00,0x00,0x00,0x00,0x00,0x85,0xff,0xff,0xff,0xff,0xff,0xff,0xff,0x79,0x00,
    0x00,0xff,0xff,0xff,0xff,0xff,0xff,0xff,0x0b,0x00,0x00,0x00,0x9f,0xff,0x2b,0x00,
    0x00,0xe1,0xff,0xff,0xff,0xff,0xff,0xff,0xff,0xff,0xff,0xf1,0x01,0x00,0x00,0x00,
    0x00,0x00,0x00,0x00,0xd2,0xff,0xff,0xff,0xff,0xff,0xff,0xe3,0x09,0x00,0x00,0xff,
    0xff,0xff,0xff,0xff,0xff,0xff,0x0b,0x00,0x00,0x00,0x9f,0xff,0x2b,0x00,0x00,0xaa,
    0xff,0xff,0xff,0xff,0xff,0xff,0xff,0xff,0xff,0x78,0x00,0x00,0x00,0x00,0x00,0x00,
    0x00,0x3a,0xff,0xff,0xff,0xff,0xff,0xff,0xff,0x56,0x00,0x00,0x00,0xff,0xff,0xff,
    0xff,0xff,0xff,0xff,0x0b,0x00,0x00,0x00,0x9f,0xff,0x2b,0x00,0x00,0x32,0xff,0xff,
    0xff,0xff,0xff,0xff,0xff,0xff,0xb6,0x04,0x00,0x00,0x00,0x00,0x00,0x00,0x04,0xc7,
    0xff,0xff,0xff,0xff,0xff,0xff,0x82,0x00,0x00,0x00,0x00,0xff,0xff,0xff,0xff,0xff,
    0xff,0xff,0x0b,0x00,0x00,0x00,0x9f,0xff,0x2b,0x00,0x00,0x00,0x97,0xff,0xff,0xff,
    0xfb,0xea,0xbb,0x62,0x00,0x00,0x00,0x00,0x00,0x00,0x00,0x00,0x8d,0xff,0xff,0xff,
    0xff,0xff,0xff,0xa0,0x00,0x00,0x00,0x00,0x00,0xff,0xff,0xff,0xff,0xff,0xff,0xff,
    0x0b,0x00,0x00,0x00,0x9f,0xff,0x2b,0x00,0x00,0x00,0x03,0xaa,0xff,0xff,0xe5,0x6e,
    0x08,0x00,0x00,0x00,0x00,0x00,0x00,0x00,0x14,0xac,0xff,0xff,0xff,0xff,0xff,0xfb,
    0x77,0x01,0x00,0x00,0x00,0x00,0x00,0xff,0xff,0xff,0xff,0xff,0xff,0xff,0x0b,0x00,
    0x00,0x00,0x9f,0xff,0x2b,0x00,0x00,0x00,0x00,0x01,0x6b,0xf4,0xff,0xff,0xe6,0x96,
    0x6f,0x48,0x2f,0x46,0x63,0xa8,0xf9,0xff,0xff,0xff,0xff,0xff,0xd5,0x3a,0x00,0x00,
    0x00,0x00,0x00,0x00,0x00,0xce,0xff,0xff,0xff,0xff,0xff,0xd7,0x02,0x00,0x00,0x00,
    0x6f,0xee,0x10,0x00,0x00,0x00,0x00,0x00,0x00,0x18,0x82,0xe9,0xff,0xff,0xff,0xff,
    0xff,0xff,0xff,0xff,0xff,0xff,0xff,0xff,0xca,0x51,0x01,0x00,0x00,0x00,0x00,0x00,
    0x00,0x00,0x00,0x03,0x13,0x13,0x13,0x13,0x13,0x03,0x00,0x00,0x00,0x00,0x00,0x03,
    0x00,0x00,0x00,0x00,0x00,0x00,0x00,0x00,0x00,0x03,0x38,0x7d,0xa2,0xbd,0xd7,0xf2,
    0xf6,0xe0,0xcb,0xa6,0x63,0x1f,0x00,0x00,0x00,0x00,0x00,0x00,0x00,0x00,0x00,0x00,
    0x00,0x00,0x00,0x00,0x00,0x00,0x00,0x00,0x00,0x00,0x00,0x00,0x00,0x00,0x2b,0x7e,
    0xb3,0xde,0xf0,0xf9,0xe6,0xd2,0xbe,0xaa,0x77,0x33,0x02,0x00,0x00,0x00,0x00,0x00,
    0x00,0x00,0x00,0x00,0x00,0x00,0x00,0x00,0x00,0x00,0x00,0x00,0x00,0x00,0x00,0x00,
    0x00,0x00,0x00,0x00,0x00,0x00,0x00,0x00,0x00,0x00,0x00,0x0f,0x75,0xd0,0xff,0xff,
    0xff,0xff,0xff,0xff,0xff,0xff,0xff,0xff,0xff,0xff,0xee,0xac,0x40,0x00,0x00,0x00,
    0x00,0x00,0x00,0x00,0x00,0x00,0x00,0x00,0x00,0x00,0x00,0x00,0x00,0x00,0x00,0x00,
    0x00,0x00,0x00,0x00,0x00,0x00,0x00,0x00,0x00,0x06,0x78,0xf0,0xff,0xff,0xff,0xf3,
    0xdc,0xc5,0xb2,0xc4,0xdf,0xfc,0xff,0xff,0xff,0xff,0xff,0xff,0xff,0xbf,0x3e,0x00,
    0x00,0x00,0x00,0x00,0x00,0x00,0x00,0x00,0x00,0x00,0x00,0x00,0x00,0x00,0x00,0x00,
    0x00,0x00,0x00,0x00,0x00,0x00,0x00,0x00,0x1b,0xd4,0xff,0xff,0xd7,0x80,0x29,0x00,
    0x00,0x00,0x00,0x00,0x00,0x15,0x6c,0xd4,0xff,0xff,0xff,0xff,0xff,0xff,0xff,0xa4,
    0x08,0x00,0x00,0x00,0x00,0x00,0x00,0x00,0x00,0x00,0x00,0x00,0x00,0x00,0x00,0x00,
    0x00,0x00,0x00,0x00,0x00,0x00,0x00,0x22,0xdf,0xff,0xeb,0x54,0x00,0x00,0x00,0x00,
    0x00,0x00,0x00,0x00,0x00,0x00,0x00,0x06,0x8b,0xfe,0xff,0xff,0xff,0xff,0xff,0xff,
    0xc9,0x18,0x00,0x00,0x00,0x00,0x00,0x00,0x00,0x00,0x00,0x00,0x00,0x00,0x00,0x00,
    0x00,0x00,0x00,0x00,0x00,0x00,0x29,0xe5,0xff,0xcc,0x16,0x00,0x00,0x00,0x00,0x00,
    0x00,0x00,0x00,0x00,0x00,0x00,0x00,0x00,0x00,0x68,0xff,0xff,0xff,0xff,0xff,0xff,
    0xff,0xe3,0x1f,0x00,0x00,0x00,0x00,0x00,0x00,0x00,0x00,0x00,0x14,0x34,0x08,0x00,
    0x00,0x00,0x00,0x00,0x00,0x0c,0xdd,0xff,0xda,0x15,0x00,0x00,0x00,0x00,0x00,0x00,
    0x00,0x00,0x00,0x00,0x00,0x00,0x00,0x00,0x00,0x00,0x97,0xff,0xff,0xff,0xff,0xff,
    0xff,0xff,0xc8,0x05,0x00,0x00,0x00,0x00,0x00,0x00,0x07,0x99,0xff,0xff,0xf3,0x5d,
    0x00,0x00,0x00,0x00,0x00,0x9a,0xff,0xfb,0x2a,0x00,0x00,0x00,0x00,0x00,0x00,0x00,
    0x00,0x00,0x00,0x00,0x00,0x00,0x00,0x00,0x00,0x00,0x0a,0xea,0xff,0xff,0xff,0xff,
    0xff,0xff,0xff,0x8d,0x00,0x00,0x00,0x00,0x00,0x00,0x86,0xff,0xff,0xff,0xff,0xfd,
    0x38,0x00,0x00,0x00,0x4b,0xff,0xff,0x92,0x00,0x00,0x00,0x00,0x00,0x00,0x00,0x00,
    0x00,0x00,0x00,0x00,0x00,0x00,0x00,0x00,0x00,0x00,0x00,0x78,0xff,0xff,0xff,0xff,
    0xff,0xff,0xff,0xff,0x3e,0x00,0x00,0x00,0x00,0x00,0xee,0xff,0xff,0xff,0xff,0xff,
    0x9d,0x00,0x00,0x01,0xdd,0xff,0xfd,0x16,0x00,0x0d,0x33,0x4b,0x32,0x04,0x00,0x00,
    0x00,0x00,0x00,0x00,0x00,0x00,0x00,0x00,0x00,0x00,0x00,0x0e,0xf7,0xff,0xff,0xff,
    0xff,0xff,0xff,0xff,0xb5,0x00,0x00,0x00,0x00,0x0f,0xff,0xff,0xff,0xff,0xff,0xff,
    0xbe,0x00,0x00,0x46,0xff,0xff,0xc6,0x30,0xb8,0xff,0xff,0xff,0xff,0xed,0x85,0x07,
    0x00,0x00,0x00,0x00,0x00,0x00,0x00,0x00,0x00,0x00,0x00,0x00,0xb9,0xff,0xff,0xff,
    0xff,0xff,0xff,0xff,0xfe,0x2b,0x00,0x00,0x00,0x00,0xe4,0xff,0xff,0xff,0xff,0xff,
    0x93,0x00,0x00,0xab,0xff,0xff,0xda,0xfa,0xff,0xff,0xff,0xff,0xff,0xff,0xff,0xd5,
    0x35,0x00,0x00,0x00,0x00,0x00,0x00,0x00,0x00,0x00,0x00,0x00,0x71,0xff,0xff,0xff,
    0xff,0xff,0xff,0xff,0xff,0x9d,0x00,0x00,0x00,0x00,0x63,0xff,0xff,0xff,0xff,0xf3,
    0x1f,0x00,0x13,0xfa,0xff,0xff,0xff,0xff,0xff,0xff,0xff,0xff,0xff,0xff,0xff,0xff,
    0xf0,0x1e,0x00,0x00,0x00,0x00,0x00,0x00,0x00,0x00,0x00,0x00,0x2f,0xff,0xff,0xff,
    0xff,0xff,0xff,0xff,0xff,0xea,0x00,0x00,0x00,0x00,0x00,0x5e,0xd3,0xf1,0xbb,0x2d,
    0x00,0x00,0x3f,0xff,0xff,0xff,0xff,0xff,0xff,0xff,0xff,0xff,0xff,0xff,0xff,0xff,
    0xff,0xc0,0x02,0x00,0x00,0x00,0x00,0x00,0x00,0x00,0x00,0x00,0x09,0xfe,0xff,0xff,
    0xff,0xff,0xff,0xff,0xff,0xff,0x28,0x00,0x00,0x00,0x00,0x00,0x00,0x00,0x00,0x00,
    0x00,0x00,0x60,0xff,0xff,0xff,0xff,0xff,0xff,0xff,0xff,0xff,0xff,0xff,0xff,0xff,
    0xff,0xff,0x5c,0x00,0x00,0x00,0x00,0x00,0x00,0x00,0x00,0x00,0x00,0xe3,0xff,0xff,
    0xff,0xff,0xff,0xff,0xff,0xff,0x64,0x00,0x00,0x00,0x00,0x00,0x00,0x00,0x00,0x00,
    0x00,0x00,0x81,0xff,0xff,0xff,0xff,0xff,0xff,0xff,0xff,0xff,0xff,0xff,0xff,0xff,
    0xff,0xff,0xb0,0x00,0x00,0x00,0x00,0x00,0x00,0x00,0x00,0x00,0x00,0xbf,0xff,0xff,
    0xff,0xff,0xff,0xff,0xff,0xff,0xa0,0x00,0x00,0x00,0x00,0x00,0x00,0x00,0x00,0x00,
    0x00,0x00,0x9d,0xff,0xff,0xff,0xff,0xff,0xff,0xff,0xff,0xff,0xff,0xff,0xff,0xff,
    0xff,0xff,0xd8,0x00,0x00,0x00,0x00,0x00,0x00,0x00,0x00,0x00,0x00,0xa7,0xff,0xff,
    0xff,0xff,0xff,0xff,0xff,0xff,0xbe,0x00,0x00,0x00,0x00,0x00,0x00,0x00,0x00,0x00,
    0x00,0x00,0x91,0xff,0xff,0xff,0xff,0xff,0xff,0xff,0xff,0xff,0xff,0xff,0xff,0xff,
    0xff,0xff,0xe2,0x00,0x00,0x00,0x00,0x00,0x00,0x00,0x00,0x00,0x00,0x9d,0xff,0xff,
    0xff,0xff,0xff,0xff,0xff,0xff,0xd1,0x00,0x00,0x00,0x00,0x00,0x00,0x00,0x00,0x00,
    0x00,0x00,0x6e,0xff,0xff,0xff,0xff,0xff,0xff,0xff,0xff,0xff,0xff,0xff,0xff,0xff,
    0xff,0xff,0xc9,0x00,0x00,0x00,0x00,0x00,0x00,0x00,0x00,0x00,0x00,0x92,0xff,0xff,
    0xff,0xff,0xff,0xff,0xff,0xff,0xe4,0x00,0x00,0x00,0x00,0x00,0x00,0x00,0x00,0x00,
    0x00,0x00,0x2a,0xff,0xff,0xff,0xff,0xff,0xff,0xff,0xff,0xff,0xff,0xff,0xff,0xff,
    0xff,0xff,0x8d,0x00,0x00,0x00,0x00,0x00,0x00,0x00,0x00,0x00,0x00,0x88,0xff,0xff,
    0xff,0xff,0xff,0xff,0xff,0xff,0xf7,0x00,0x00,0x00,0x00,0x00,0x00,0x00,0x00,0x00,
    0x00,0x00,0x00,0xc2,0xff,0xff,0xff,0xff,0xff,0xff,0xff,0xff,0xff,0xff,0xff,0xff,
    0xff,0xff,0x34,0x00,0x00,0x00,0x00,0x00,0x00,0x00,0x00,0x00,0x00,0x85,0xff,0xff,
    0xff,0xff,0xff,0xff,0xff,0xff,0xfd,0x00,0x00,0x00,0x00,0x00,0x00,0x00,0x00,0x00,
    0x00,0x00,0x00,0x38,0xfb,0xff,0xff,0xff,0xff,0xff,0xff,0xff,0xff,0xff,0xff,0xff,
    0xff,0xa6,0x00,0x00,0x00,0x00,0x00,0x00,0x00,0x00,0x00,0x00,0x00,0x98,0xff,0xff,
    0xff,0xff,0xff,0xff,0xff,0xff,0xf1,0x00,0x00,0x00,0x00,0x00,0x00,0x00,0x00,0x00,
    0x00,0x00,0x00,0x00,0x6a,0xfe,0xff,0xff,0xff,0xff,0xff,0xff,0xff,0xff,0xff,0xff,
    0xcd,0x0d,0x00,0x00,0x00,0x00,0x00,0x00,0x00,0x00,0x00,0x00,0x00,0xab,0xff,0xff,
    0xff,0xff,0xff,0xff,0xff,0xff,0xe2,0x00,0x00,0x00,0x00,0x00,0x00,0x00,0x00,0x00,
    0x00,0x00,0x00,0x00,0x00,0x55,0xe9,0xff,0xff,0xff,0xff,0xff,0xff,0xff,0xf7,0x7f,
    0x07,0x00,0x00,0x00,0x00,0x00,0x00,0x00,0x00,0x00,0x00,0x00,0x00,0xbe,0xff,0xff,
    0xff,0xff,0xff,0xff,0xff,0xff,0xc0,0x00,0x00,0x00,0x00,0x00,0x28,0x48,0x15,0x00,
    0x00,0x00,0x00,0x00,0x00,0x00,0x0d,0x6c,0xb9,0xe4,0xf9,0xef,0xd1,0x90,0x23,0x00,
    0x00,0x00,0x00,0x00,0x00,0x00,0x00,0x00,0x00,0x00,0x00,0x00,0x00,0xe2,0xff,0xff,
    0xff,0xff,0xff,0xff,0xff,0xff,0x98,0x00,0x00,0x00,0x0c,0xae,0xff,0xff,0xf9,0x6f,
    0x00,0x00,0x00,0x00,0x00,0x00,0x00,0x00,0x00,0x00,0x00,0x00,0x00,0x00,0x00,0x00,
    0x00,0x00,0x00,0x00,0x00,0x00,0x00,0x00,0x00,0x00,0x00,0x00,0x14,0xff,0xff,0xff,
    0xff,0xff,0xff,0xff,0xff,0xff,0x63,0x00,0x00,0x00,0x93,0xff,0xff,0xff,0xff,0xff,
    0x42,0x00,0x00,0x00,0x00,0x00,0x00,0x00,0x00,0x00,0x00,0x00,0x00,0x00,0x00,0x00,
    0x00,0x00,0x00,0x00,0x00,0x00,0x00,0x00,0x00,0x00,0x00,0x00,0x46,0xff,0xff,0xff,
    0xff,0xff,0xff,0xff,0xff,0xfe,0x19,0x00,0x00,0x02,0xf1,0xff,0xff,0xff,0xff,0xff,
    0xa1,0x00,0x00,0x00,0x00,0x00,0x00,0x00,0x00,0x00,0x00,0x00,0x00,0x00,0x00,0x00,
    0x00,0x00,0x00,0x00,0x00,0x00,0x00,0x00,0x00,0x00,0x00,0x00,0x79,0xff,0xff,0xff,
    0xff,0xff,0xff,0xff,0xff,0xcc,0x00,0x00,0x00,0x01,0xf6,0xff,0xff,0xff,0xff,0xff,
    0xbd,0x00,0x00,0x00,0x00,0x00,0x00,0x00,0x00,0x00,0x00,0x00,0x00,0x00,0x00,0x00,
    0x00,0x00,0x00,0x00,0x00,0x00,0x00,0x00,0x00,0x00,0x00,0x00,0xbc,0xff,0xff,0xff,
    0xff,0xff,0xff,0xff,0xff,0x80,0x00,0x00,0x00,0x00,0xc2,0xff,0xff,0xff,0xff,0xff,
    0x8e,0x00,0x00,0x00,0x00,0x00,0x00,0x00,0x00,0x00,0x00,0x00,0x00,0x00,0x00,0x00,
    0x00,0x00,0x00,0x00,0x00,0x00,0x00,0x00,0x00,0x00,0x00,0x0f,0xfa,0xff,0xff,0xff,
    0xff,0xff,0xff,0xff,0xff,0x35,0x00,0x00,0x00,0x00,0x41,0xfe,0xff,0xff,0xff,0xf0,
    0x1a,0x00,0x00,0x00,0x00,0x00,0x00,0x00,0x00,0x00,0x00,0x00,0x00,0x00,0x00,0x00,
    0x00,0x00,0x00,0x00,0x00,0x00,0x00,0x00,0x00,0x00,0x00,0x57,0xff,0xff,0xff,0xff,
    0xff,0xff,0xff,0xff,0xd0,0x00,0x00,0x00,0x00,0x00,0x00,0x4c,0xcf,0xf0,0xb9,0x29,
    0x00,0x00,0x00,0x00,0x00,0x00,0x00,0x00,0x00,0x00,0x00,0x00,0x00,0x00,0x00,0x00,
    0x00,0x00,0x00,0x00,0x00,0x00,0x00,0x00,0x00,0x00,0x00,0xa4,0xff,0xff,0xff,0xff,
    0xff,0xff,0xff,0xff,0x58,0x00,0x00,0x00,0x00,0x00,0x00,0x00,0x00,0x00,0x00,0x00,
    0x00,0x00,0x00,0x00,0x00,0x00,0x00,0x00,0x00,0x00,0x00,0x00,0x00,0x00,0x00,0x00,
    0x00,0x00,0x00,0x00,0x00,0x00,0x00,0x00,0x00,0x00,0x0c,0xf3,0xff,0xff,0xff,0xff,
    0xff,0xff,0xff,0xdc,0x03,0x00,0x00,0x00,0x00,0x00,0x00,0x00,0x00,0x00,0x00,0x00,
    0x00,0x00,0x00,0x00,0x00,0x00,0x00,0x00,0x00,0x00,0x00,0x00,0x00,0x00,0x00,0x00,
    0x00,0x00,0x00,0x00,0x00,0x00,0x00,0x00,0x00,0x00,0x65,0xff,0xff,0xff,0xff,0xff,
    0xff,0xff,0xff,0x67,0x00,0x00,0x00,0x00,0x00,0x00,0x00,0x00,0x00,0x00,0x00,0x00,
    0x00,0x00,0x00,0x00,0x00,0x00,0x00,0x00,0x00,0x00,0x00,0x00,0x00,0x00,0x00,0x00,
    0x00,0x00,0x00,0x00,0x00,0x00,0x00,0x00,0x00,0x00,0xcb,0xff,0xff,0xff,0xff,0xff,
    0xff,0xff,0xe4,0x07,0x00,0x00,0x00,0x00,0x00,0x00,0x00,0x00,0x00,0x00,0x00,0x00,
    0x00,0x00,0x00,0x00,0x00,0x00,0x00,0x00,0x00,0x00,0x00,0x00,0x00,0x00,0x00,0x00,
    0x00,0x00,0x00,0x00,0x00,0x00,0x00,0x00,0x00,0x31,0xff,0xff,0xff,0xff,0xff,0xff,
    0xff,0xff,0x51,0x00,0x00,0x00,0x00,0x00,0x00,0x00,0x00,0x00,0x00,0x00,0x00,0x00,
    0x00,0x00,0x00,0x00,0x00,0x00,0x00,0x00,0x00,0x00,0x00,0x00,0x00,0x00,0x00,0x00,
    0x00,0x00,0x00,0x00,0x00,0x00,0x00,0x00,0x00,0xa5,0xff,0xff,0xff,0xff,0xff,0xff,
    0xff,0xaf,0x00,0x00,0x00,0x00,0x00,0x00,0x00,0x00,0x00,0x00,0x00,0x00,0x00,0x00,
    0x00,0x00,0x00,0x00,0x00,0x00,0x00,0x00,0x00,0x00,0x00,0x00,0x00,0x00,0x00,0x00,
    0x00,0x00,0x00,0x00,0x00,0x00,0x00,0x00,0x27,0xfd,0xff,0xff,0xff,0xff,0xff,0xff,
    0xf1,0x1b,0x00,0x00,0x00,0x00,0x00,0x00,0x00,0x00,0x00,0x00,0x00,0x00,0x00,0x00,
    0x00,0x00,0x00,0x00,0x00,0x00,0x00,0x00,0x00,0x00,0x00,0x00,0x00,0x00,0x00,0x00,
    0x00,0x00,0x00,0x00,0x00,0x00,0x00,0x00,0xa4,0xff,0xff,0xff,0xff,0xff,0xff,0xff,
    0x6a,0x00,0x00,0x00,0x00,0x00,0x00,0x00,0x00,0x00,0x00,0x00,0x00,0x00,0x00,0x00,
    0x00,0x00,0x00,0x00,0x00,0x00,0x00,0x00,0x00,0x00,0x00,0x00,0x00,0x00,0x00,0x00,
    0x00,0x00,0x00,0x00,0x00,0x00,0x00,0x27,0xfc,0xff,0xff,0xff,0xff,0xff,0xff,0xb5,
    0x01,0x00,0x00,0x00,0x00,0x00,0x00,0x00,0x00,0x00,0x00,0x00,0x00,0x00,0x00,0x00,
    0x00,0x00,0x00,0x00,0x00,0x00,0x00,0x00,0x00,0x00,0x00,0x00,0x00,0x00,0x00,0x00,
    0x00,0x00,0x00,0x00,0x00,0x00,0x00,0xb5,0xff,0xff,0xff,0xff,0xff,0xff,0xdc,0x10,
    0x00,0x00,0x00,0x00,0x00,0x00,0x00,0x00,0x00,0x00,0x00,0x00,0x00,0x00,0x00,0x00,
    0x00,0x00,0x00,0x00,0x00,0x00,0x00,0x00,0x00,0x00,0x00,0x00,0x00,0x00,0x00,0x00,
    0x00,0x00,0x00,0x00,0x00,0x00,0x52,0xff,0xff,0xff,0xff,0xff,0xff,0xf5,0x2e,0x00,
    0x00,0x00,0x00,0x00,0x00,0x00,0x00,0x00,0x00,0x00,0x00,0x00,0x00,0x00,0x00,0x00,
    0x00,0x00,0x00,0x00,0x00,0x00,0x00,0x00,0x00,0x00,0x00,0x00,0x00,0x00,0x00,0x00,
    0x00,0x00,0x00,0x00,0x00,0x0b,0xe2,0xff,0xff,0xff,0xff,0xff,0xff,0x59,0x00,0x00,
    0x00,0x00,0x00,0x00,0x00,0x00,0x00,0x00,0x00,0x00,0x00,0x00,0x00,0x00,0x00,0x00,
    0x00,0x00,0x00,0x00,0x00,0x00,0x00,0x00,0x00,0x00,0x00,0x00,0x00,0x00,0x00,0x00,
    0x00,0x00,0x00,0x00,0x00,0x8f,0xff,0xff,0xff,0xff,0xff,0xff,0x83,0x00,0x00,0x00,
    0x00,0x00,0x00,0x00,0x00,0x00,0x00,0x00,0x00,0x00,0x00,0x00,0x00,0x00,0x00,0x00,
    0x00,0x00,0x00,0x00,0x00,0x00,0x00,0x00,0x00,0x00,0x00,0x00,0x00,0x00,0x00,0x00,
    0x00,0x00,0x00,0x00,0x4d,0xfe,0xff,0xff,0xff,0xff,0xff,0x92,0x00,0x00,0x00,0x00,
    0x00,0x00,0x00,0x00,0x00,0x00,0x00,0x00,0x00,0x00,0x00,0x00,0x00,0x00,0x00,0x00,
    0x00,0x00,0x00,0x00,0x00,0x00,0x00,0x00,0x00,0x00,0x00,0x00,0x00,0x00,0x00,0x00,
    0x00,0x00,0x00,0x1f,0xee,0xff,0xff,0xff,0xff,0xff,0x9f,0x01,0x00,0x00,0x00,0x00,
    0x00,0x00,0x00,0x00,0x00,0x00,0x00,0x00,0x00,0x00,0x00,0x00,0x00,0x00,0x00,0x00,
    0x00,0x00,0x00,0x00,0x00,0x00,0x00,0x00,0x00,0x00,0x00,0x00,0x00,0x00,0x00,0x00,
    0x00,0x00,0x08,0xc9,0xff,0xff,0xff,0xff,0xff,0xab,0x03,0x00,0x00,0x00,0x00,0x00,
    0x00,0x00,0x00,0x00,0x00,0x00,0x00,0x00,0x00,0x00,0x00,0x00,0x00,0x00,0x00,0x00,
    0x00,0x00,0x00,0x00,0x00,0x00,0x00,0x00,0x00,0x00,0x00,0x00,0x00,0x00,0x00,0x00,
    0x00,0x06,0xb6,0xff,0xff,0xff,0xff,0xff,0xa5,0x05,0x00,0x00,0x00,0x00,0x00,0x00,
    0x00,0x00,0x00,0x00,0x00,0x00,0x00,0x00,0x00,0x00,0x00,0x00,0x00,0x00,0x00,0x00,
    0x00,0x00,0x00,0x00,0x00,0x00,0x00,0x00,0x00,0x00,0x00,0x00,0x00,0x00,0x00,0x00,
    0x04,0xaf,0xff,0xff,0xff,0xff,0xff,0x8e,0x01,0x00,0x00,0x00,0x00,0x00,0x00,0x00,
    0x00,0x00,0x00,0x00,0x00,0x00,0x00,0x00,0x00,0x00,0x00,0x00,0x00,0x00,0x00,0x00,
    0x00,0x00,0x00,0x00,0x00,0x00,0x00,0x00,0x00,0x00,0x00,0x00,0x00,0x00,0x00,0x08,
    0xac,0xff,0xff,0xff,0xff,0xfe,0x76,0x00,0x00,0x00,0x00,0x00,0x00,0x00,0x00,0x00,
    0x00,0x00,0x00,0x00,0x00,0x00,0x00,0x00,0x00,0x00,0x00,0x00,0x00,0x00,0x00,0x00,
    0x00,0x00,0x00,0x00,0x00,0x00,0x00,0x00,0x00,0x00,0x00,0x00,0x00,0x00,0x14,0xc5,
    0xff,0xff,0xff,0xff,0xf7,0x5c,0x00,0x00,0x00,0x00,0x00,0x00,0x00,0x00,0x00,0x00,
    0x00,0x00,0x00,0x00,0x00,0x00,0x00,0x00,0x00,0x00,0x00,0x00,0x00,0x00,0x00,0x00,
    0x00,0x00,0x00,0x00,0x00,0x00,0x00,0x00,0x00,0x00,0x00,0x00,0x00,0x28,0xdc,0xff,
    0xff,0xff,0xff,0xde,0x31,0x00,0x00,0x00,0x00,0x00,0x00,0x00,0x00,0x00,0x00,0x00,
    0x00,0x00,0x00,0x00,0x00,0x00,0x00,0x00,0x00,0x00,0x00,0x00,0x00,0x00,0x00,0x00,
    0x00,0x00,0x00,0x00,0x00,0x00,0x00,0x00,0x00,0x00,0x00,0x00,0x53,0xf2,0xff,0xff,
    0xff,0xff,0xb5,0x11,0x00,0x00,0x00,0x00,0x00,0x00,0x00,0x00,0x00,0x00,0x00,0x00,
    0x00,0x00,0x00,0x00,0x00,0x00,0x00,0x00,0x00,0x00,0x00,0x00,0x00,0x00,0x00,0x00,
    0x00,0x00,0x00,0x00,0x00,0x00,0x00,0x00,0x00,0x00,0x04,0x8c,0xff,0xff,0xff,0xff,
    0xfa,0x79,0x01,0x00,0x00,0x00,0x00,0x00,0x00,0x00,0x00,0x00,0x00,0x00,0x00,0x00,
    0x00,0x00,0x00,0x00,0x00,0x00,0x00,0x00,0x00,0x00,0x00,0x00,0x00,0x00,0x00,0x00,
    0x00,0x00,0x00,0x00,0x00,0x00,0x00,0x00,0x00,0x26,0xca,0xff,0xff,0xff,0xff,0xd3,
    0x31,0x00,0x00,0x00,0x00,0x00,0x00,0x00,0x00,0x00,0x00,0x00,0x00,0x00,0x00,0x00,
    0x00,0x00,0x00,0x00,0x00,0x00,0x00,0x00,0x00,0x00,0x00,0x00,0x00,0x00,0x00,0x00,
    0x00,0x00,0x00,0x00,0x00,0x00,0x00,0x01,0x69,0xf5,0xff,0xff,0xff,0xfd,0x8b,0x07,
    0x00,0x00,0x00,0x00,0x00,0x00,0x00,0x00,0x00,0x00,0x00,0x00,0x00,0x00,0x00,0x00,
    0x00,0x00,0x00,0x00,0x00,0x00,0x00,0x00,0x00,0x00,0x00,0x00,0x00,0x00,0x00,0x00,
    0x00,0x00,0x00,0x00,0x00,0x00,0x27,0xc2,0xff,0xff,0xff,0xff,0xdd,0x3d,0x00,0x00,
    0x00,0x00,0x00,0x00,0x00,0x00,0x00,0x00,0x00,0x00,0x00,0x00,0x00,0x00,0x00,0x00,
    0x00,0x00,0x00,0x00,0x00,0x00,0x00,0x00,0x00,0x00,0x00,0x00,0x00,0x00,0x00,0x00,
    0x00,0x00,0x00,0x00,0x0b,0x86,0xf9,0xff,0xff,0xff,0xf2,0x7a,0x08,0x00,0x00,0x00,
    0x00,0x00,0x00,0x00,0x00,0x00,0x00,0x00,0x00,0x00,0x00,0x00,0x00,0x00,0x00,0x00,
    0x00,0x00,0x00,0x00,0x00,0x00,0x00,0x00,0x00,0x00,0x00,0x00,0x00,0x00,0x00,0x00,
    0x00,0x00,0x04,0x65,0xe6,0xff,0xff,0xff,0xfc,0x99,0x17,0x00,0x00,0x00,0x00,0x00,
    0x00,0x00,0x00,0x00,0x00,0x00,0x00,0x00,0x00,0x00,0x00,0x00,0x00,0x00,0x00,0x00,
    0x00,0x00,0x00,0x00,0x00,0x00,0x00,0x00,0x00,0x00,0x00,0x00,0x00,0x00,0x00,0x00,
    0x00,0x44,0xdd,0xff,0xff,0xff,0xff,0xb5,0x2c,0x00,0x00,0x00,0x00,0x00,0x00,0x00,
    0x00,0x00,0x00,0x00,0x00,0x00,0x00,0x00,0x00,0x00,0x00,0x00,0x00,0x00,0x00,0x00,
    0x00,0x00,0x00,0x00,0x00,0x00,0x00,0x00,0x00,0x00,0x00,0x00,0x00,0x00,0x00,0x00,
    0x00,0xdd,0xff,0xff,0xfe,0xb2,0x35,0x00,0x00,0x00,0x00,0x00,0x00,0x00,0x00,0x00,
    0x00,0x00,0x00,0x00,0x00,0x00,0x00,0x00,0x00,0x00,0x00,0x00,0x00,0x00,0x00,0x00,
    0x00,0x00,0x00,0x00,0x00,0x00,0x00,0x00,0x00,0x00,0x00,0x00,0x00,0x00,0x00,0x00,
    0x00,0x9b,0xf1,0x9d,0x2a,0x00,0x00,0x00,0x00,0x00,0x00,0x00,0x00,0x00,0x00,0x00,
    0x00,0x00,0x00,0x00,0x00,0x00,0x00,0x00,0x00,0x00,0x00,0x00,0x00,0x00,0x00,0x00,
    0x00,0x00,0x00,0x00,0x00,0x00,0x00,0x00,0x00,0x00,0x00,0x00,0x00,0x00,0x00,0x00,
    0x00,0x00,0x00,0x00,0x00,0x00,0x00,0x00,0x00,0x00,0x23,0x86,0xbb,0xdd,0xf7,0xdf,
    0xbd,0x8c,0x29,0x00,0x00,0x00,0x00,0x00,0x00,0x00,0x00,0x00,0x00,0x00,0x00,0x00,
    0x00,0x00,0x00,0x26,0xb9,0xfe,0xff,0xff,0xff,0xff,0xff,0xff,0xff,0xff,0xc1,0x2e,
    0x00,0x00,0x00,0x00,0x00,0x00,0x00,0x00,0x00,0x00,0x00,0x00,0x00,0x64,0xf4,0xff,
    0xff,0xff,0xff,0xff,0xfd,0xff,0xff,0xff,0xff,0xff,0xf8,0x70,0x01,0x00,0x00,0x00,
    0x00,0x00,0x00,0x00,0x00,0x00,0x00,0x84,0xff,0xff,0xff,0xff,0xff,0x8d,0x33,0x05,
    0x2f,0x82,0xfe,0xff,0xff,0xff,0xff,0x94,0x00,0x00,0x00,0x00,0x00,0x00,0x00,0x00,
    0x00,0x6d,0xff,0xff,0xff,0xff,0xff,0x73,0x00,0x00,0x00,0x00,0x00,0x61,0xff,0xff,
    0xff,0xff,0xff,0x7e,0x00,0x00,0x00,0x00,0x00,0x00,0x00,0x3f,0xfe,0xff,0xff,0xff,
    0xff,0xe0,0x03,0x00,0x00,0x00,0x00,0x00,0x00,0xd0,0xff,0xff,0xff,0xff,0xff,0x4f,
    0x00,0x00,0x00,0x00,0x00,0x05,0xd5,0xff,0xff,0xff,0xff,0xff,0x86,0x00,0x00,0x00,
    0x00,0x00,0x00,0x00,0x73,0xff,0xff,0xff,0xff,0xff,0xe1,0x0b,0x00,0x00,0x00,0x00,
    0x77,0xff,0xff,0xff,0xff,0xff,0xff,0x62,0x00,0x00,0x00,0x00,0x00,0x00,0x00,0x4f,
    0xff,0xff,0xff,0xff,0xff,0xff,0x88,0x00,0x00,0x00,0x05,0xea,0xff,0xff,0xff,0xff,
    0xff,0xff,0x4c,0x00,0x00,0x00,0x00,0x00,0x00,0x00,0x38,0xff,0xff,0xff,0xff,0xff,
    0xff,0xf4,0x0d,0x00,0x00,0x55,0xff,0xff,0xff,0xff,0xff,0xff,0xff,0x4b,0x00,0x00,
    0x00,0x00,0x00,0x00,0x00,0x37,0xff,0xff,0xff,0xff,0xff,0xff,0xff,0x67,0x00,0x00,
    0xba,0xff,0xff,0xff,0xff,0xff,0xff,0xff,0x4b,0x00,0x00,0x00,0x00,0x00,0x00,0x00,
    0x37,0xff,0xff,0xff,0xff,0xff,0xff,0xff,0xcd,0x00,0x0a,0xfb,0xff,0xff,0xff,0xff,
    0xff,0xff,0xff,0x4b,0x00,0x00,0x00,0x00,0x00,0x00,0x00,0x37,0xff,0xff,0xff,0xff,
    0xff,0xff,0xff,0xff,0x18,0x3f,0xff,0xff,0xff,0xff,0xff,0xff,0xff,0xff,0x4b,0x00,
    0x00,0x00,0x00,0x00,0x00,0x00,0x37,0xff,0xff,0xff,0xff,0xff,0xff,0xff,0xff,0x51,
    0x79,0xff,0xff,0xff,0xff,0xff,0xff,0xff,0xff,0x4b,0x00,0x00,0x00,0x00,0x00,0x00,
    0x00,0x37,0xff,0xff,0xff,0xff,0xff,0xff,0xff,0xff,0x8a,0xa9,0xff,0xff,0xff,0xff,
    0xff,0xff,0xff,0xff,0x4b,0x00,0x00,0x00,0x00,0x00,0x00,0x00,0x37,0xff,0xff,0xff,
    0xff,0xff,0xff,0xff,0xff,0xbb,0xbe,0xff,0xff,0xff,0xff,0xff,0xff,0xff,0xff,0x4b,
    0x00,0x00,0x00,0x00,0x00,0x00,0x00,0x37,0xff,0xff,0xff,0xff,0xff,0xff,0xff,0xff,
    0xcf,0xd0,0xff,0xff,0xff,0xff,0xff,0xff,0xff,0xff,0x4b,0x00,0x00,0x00,0x00,0x00,
    0x00,0x00,0x37,0xff,0xff,0xff,0xff,0xff,0xff,0xff,0xff,0xe2,0xe2,0xff,0xff,0xff,
    0xff,0xff,0xff,0xff,0xff,0x4b,0x00,0x00,0x00,0x00,0x00,0x00,0x00,0x37,0xff,0xff,
    0xff,0xff,0xff,0xff,0xff,0xff,0xf5,0xe3,0xff,0xff,0xff,0xff,0xff,0xff,0xff,0xff,
    0x4b,0x00,0x00,0x00,0x00,0x00,0x00,0x00,0x37,0xff,0xff,0xff,0xff,0xff,0xff,0xff,
    0xff,0xf7,0xd1,0xff,0xff,0xff,0xff,0xff,0xff,0xff,0xff,0x4b,0x00,0x00,0x00,0x00,
    0x00,0x00,0x00,0x37,0xff,0xff,0xff,0xff,0xff,0xff,0xff,0xff,0xe4,0xbf,0xff,0xff,
    0xff,0xff,0xff,0xff,0xff,0xff,0x4b,0x00,0x00,0x00,0x00,0x00,0x00,0x00,0x37,0xff,
    0xff,0xff,0xff,0xff,0xff,0xff,0xff,0xd1,0xac,0xff,0xff,0xff,0xff,0xff,0xff,0xff,
    0xff,0x4b,0x00,0x00,0x00,0x00,0x00,0x00,0x00,0x37,0xff,0xff,0xff,0xff,0xff,0xff,
    0xff,0xff,0xbe,0x7e,0xff,0xff,0xff,0xff,0xff,0xff,0xff,0xff,0x4b,0x00,0x00,0x00,
    0x00,0x00,0x00,0x00,0x37,0xff,0xff,0xff,0xff,0xff,0xff,0xff,0xff,0x8f,0x44,0xff,
    0xff,0xff,0xff,0xff,0xff,0xff,0xff,0x4b,0x00,0x00,0x00,0x00,0x00,0x00,0x00,0x37,
    0xff,0xff,0xff,0xff,0xff,0xff,0xff,0xff,0x56,0x0d,0xfd,0xff,0xff,0xff,0xff,0xff,
    0xff,0xff,0x4b,0x00,0x00,0x00,0x00,0x00,0x00,0x00,0x37,0xff,0xff,0xff,0xff,0xff,
    0xff,0xff,0xff,0x1d,0x00,0xc2,0xff,0xff,0xff,0xff,0xff,0xff,0xff,0x4b,0x00,0x00,
    0x00,0x00,0x00,0x00,0x00,0x37,0xff,0xff,0xff,0xff,0xff,0xff,0xff,0xd4,0x00,0x00,
    0x5d,0xff,0xff,0xff,0xff,0xff,0xff,0xff,0x4b,0x00,0x00,0x00,0x00,0x00,0x00,0x00,
    0x37,0xff,0xff,0xff,0xff,0xff,0xff,0xff,0x6e,0x00,0x00,0x08,0xee,0xff,0xff,0xff,
    0xff,0xff,0xff,0x4c,0x00,0x00,0x00,0x00,0x00,0x00,0x00,0x38,0xff,0xff,0xff,0xff,
    0xff,0xff,0xf7,0x11,0x00,0x00,0x00,0x81,0xff,0xff,0xff,0xff,0xff,0xff,0x5f,0x00,
    0x00,0x00,0x00,0x00,0x00,0x00,0x4c,0xff,0xff,0xff,0xff,0xff,0xff,0x92,0x00,0x00,
    0x00,0x00,0x08,0xdc,0xff,0xff,0xff,0xff,0xff,0x81,0x00,0x00,0x00,0x00,0x00,0x00,
    0x00,0x6e,0xff,0xff,0xff,0xff,0xff,0xe7,0x0f,0x00,0x00,0x00,0x00,0x00,0x46,0xff,
    0xff,0xff,0xff,0xff,0xd8,0x01,0x00,0x00,0x00,0x00,0x00,0x00,0xc7,0xff,0xff,0xff,
    0xff,0xff,0x57,0x00,0x00,0x00,0x00,0x00,0x00,0x00,0x77,0xff,0xff,0xff,0xff,0xff,
    0x62,0x00,0x00,0x00,0x00,0x00,0x50,0xff,0xff,0xff,0xff,0xff,0x88,0x00,0x00,0x00,
    0x00,0x00,0x00,0x00,0x00,0x00,0x8d,0xff,0xff,0xff,0xff,0xfd,0x77,0x1e,0x00,0x1a,
    0x6d,0xfa,0xff,0xff,0xff,0xff,0x9d,0x00,0x00,0x00,0x00,0x00,0x00,0x00,0x00,0x00,
    0x00,0x00,0x6c,0xf7,0xff,0xff,0xff,0xff,0xff,0xef,0xff,0xff,0xff,0xff,0xff,0xfa,
    0x79,0x02,0x00,0x00,0x00,0x00,0x00,0x00,0x00,0x00,0x00,0x00,0x00,0x00,0x2a,0xbd,
    0xff,0xff,0xff,0xff,0xff,0xff,0xff,0xff,0xff,0xc5,0x32,0x00,0x00,0x00,0x00,0x00,
    0x00,0x00,0x00,0x00,0x00,0x00,0x00,0x00,0x00,0x00,0x00,0x27,0x8a,0xbe,0xde,0xf7,
    0xe0,0xc0,0x8f,0x2c,0x00,0x00,0x00,0x00,0x00,0x00,0x00,0x00,0x00,0x00,0x00,0x00,
    0x00,0x00,0x00,0x00,0x03,0xc1,0xff,0xff,0xff,0xff,0xff,0xff,0xff,0xb5,0x00,0x00,
    0x00,0x00,0x00,0x00,0x00,0x00,0x00,0x00,0x00,0x00,0x00,0x00,0x69,0xff,0xff,0xff,
    0xff,0xff,0xff,0xff,0xff,0xeb,0x00,0x00,0x00,0x00,0x00,0x00,0x00,0x00,0x00,0x00,
    0x00,0x00,0x00,0x11,0xec,0xff,0xff,0xff,0xff,0xff,0xff,0xff,0xff,0xeb,0x00,0x00,
    0x00,0x00,0x00,0x00,0x00,0x00,0x00,0x00,0x00,0x00,0x00,0x92,0xff,0xff,0xff,0xff,
    0xff,0xff,0xff,0xff,0xff,0xeb,0x00,0x00,0x00,0x00,0x00,0x00,0x00,0x00,0x00,0x00,
    0x00,0x00,0x2b,0xfb,0xff,0xff,0xff,0xff,0xff,0xff,0xff,0xff,0xff,0xeb,0x00,0x00,
    0x00,0x00,0x00,0x00,0x00,0x00,0x00,0x00,0x00,0x00,0xbb,0xff,0xff,0xff,0xff,0xff,
    0xff,0xff,0xff,0xff,0xff,0xeb,0x00,0x00,0x00,0x00,0x00,0x00,0x00,0x00,0x00,0x00,
    0x00,0x50,0xff,0xff,0xff,0xff,0xff,0xff,0xff,0xff,0xff,0xff,0xff,0xeb,0x00,0x00,
    0x00,0x00,0x00,0x00,0x00,0x00,0x00,0x00,0x07,0xdd,0xff,0xff,0xec,0xe9,0xff,0xff,
    0xff,0xff,0xff,0xff,0xff,0xeb,0x00,0x00,0x00,0x00,0x00,0x00,0x00,0x00,0x00,0x00,
    0x78,0xff,0xff,0xff,0x68,0xdb,0xff,0xff,0xff,0xff,0xff,0xff,0xff,0xeb,0x00,0x00,
    0x00,0x00,0x00,0x00,0x00,0x00,0x00,0x19,0xf3,0xff,0xff,0xd0,0x03,0xdb,0xff,0xff,
    0xff,0xff,0xff,0xff,0xff,0xeb,0x00,0x00,0x00,0x00,0x00,0x00,0x00,0x00,0x00,0xa1,
    0xff,0xff,0xff,0x3e,0x00,0xdb,0xff,0xff,0xff,0xff,0xff,0xff,0xff,0xeb,0x00,0x00,
    0x00,0x00,0x00,0x00,0x00,0x00,0x37,0xfe,0xff,0xff,0xa7,0x00,0x00,0xdb,0xff,0xff,
    0xff,0xff,0xff,0xff,0xff,0xeb,0x00,0x00,0x00,0x00,0x00,0x00,0x00,0x01,0xc9,0xff,
    0xff,0xf5,0x1d,0x00,0x00,0xdb,0xff,0xff,0xff,0xff,0xff,0xff,0xff,0xeb,0x00,0x00,
    0x00,0x00,0x00,0x00,0x00,0x5e,0xff,0xff,0xff,0x7c,0x00,0x00,0x00,0xdb,0xff,0xff,
    0xff,0xff,0xff,0xff,0xff,0xeb,0x00,0x00,0x00,0x00,0x00,0x00,0x00,0xd6,0xff,0xff,
    0xdf,0x08,0x00,0x00,0x00,0xdb,0xff,0xff,0xff,0xff,0xff,0xff,0xff,0xeb,0x00,0x00,
    0x00,0x00,0x00,0x00,0x00,0x65,0xf5,0xff,0x52,0x00,0x00,0x00,0x00,0xdb,0xff,0xff,
    0xff,0xff,0xff,0xff,0xff,0xeb,0x00,0x00,0x00,0x00,0x00,0x00,0x00,0x00,0x1b,0x44,
    0x00,0x00,0x00,0x00,0x00,0xdb,0xff,0xff,0xff,0xff,0xff,0xff,0xff,0xeb,0x00,0x00,
    0x00,0x00,0x00,0x00,0x00,0x00,0x00,0x00,0x00,0x00,0x00,0x00,0x00,0xdb,0xff,0xff,
    0xff,0xff,0xff,0xff,0xff,0xeb,0x00,0x00,0x00,0x00,0x00,0x00,0x00,0x00,0x00,0x00,
    0x00,0x00,0x00,0x00,0x00,0xdb,0xff,0xff,0xff,0xff,0xff,0xff,0xff,0xeb,0x00,0x00,
    0x00,0x00,0x00,0x00,0x00,0x00,0x00,0x00,0x00,0x00,0x00,0x00,0x00,0xdb,0xff,0xff,
    0xff,0xff,0xff,0xff,0xff,0xeb,0x00,0x00,0x00,0x00,0x00,0x00,0x00,0x00,0x00,0x00,
    0x00,0x00,0x00,0x00,0x00,0xdb,0xff,0xff,0xff,0xff,0xff,0xff,0xff,0xeb,0x00,0x00,
    0x00,0x00,0x00,0x00,0x00,0x00,0x00,0x00,0x00,0x00,0x00,0x00,0x00,0xdb,0xff,0xff,
    0xff,0xff,0xff,0xff,0xff,0xeb,0x00,0x00,0x00,0x00,0x00,0x00,0x00,0x00,0x00,0x00,
    0x00,0x00,0x00,0x00,0x00,0xdb,0xff,0xff,0xff,0xff,0xff,0xff,0xff,0xeb,0x00,0x00,
    0x00,0x00,0x00,0x00,0x00,0x00,0x00,0x00,0x00,0x00,0x00,0x00,0x00,0xdb,0xff,0xff,
    0xff,0xff,0xff,0xff,0xff,0xeb,0x00,0x00,0x00,0x00,0x00,0x00,0x00,0x00,0x00,0x00,
    0x00,0x00,0x00,0x00,0x00,0xdb,0xff,0xff,0xff,0xff,0xff,0xff,0xff,0xeb,0x00,0x00,
    0x00,0x00,0x00,0x00,0x00,0x00,0x00,0x00,0x00,0x00,0x00,0x00,0x00,0xdb,0xff,0xff,
    0xff,0xff,0xff,0xff,0xff,0xeb,0x00,0x00,0x00,0x00,0x00,0x00,0x00,0x00,0x00,0x00,
    0x00,0x00,0x00,0x00,0x00,0xdb,0xff,0xff,0xff,0xff,0xff,0xff,0xff,0xeb,0x00,0x00,
    0x00,0x00,0x00,0x00,0x00,0x00,0x00,0x00,0x00,0x00,0x00,0x00,0x00,0xdb,0xff,0xff,
    0xff,0xff,0xff,0xff,0xff,0xeb,0x00,0x00,0x00,0x00,0x00,0x00,0x00,0x00,0x00,0x00,
    0x00,0x00,0x00,0x00,0x00,0xdb,0xff,0xff,0xff,0xff,0xff,0xff,0xff,0xeb,0x00,0x00,
    0x00,0x00,0x00,0x00,0x00,0x00,0x00,0x00,0x00,0x00,0x00,0x00,0x00,0xdb,0xff,0xff,
    0xff,0xff,0xff,0xff,0xff,0xeb,0x00,0x00,0x00,0x00,0x00,0x00,0x00,0x00,0x00,0x00,
    0x00,0x00,0x00,0x00,0x00,0xdb,0xff,0xff,0xff,0xff,0xff,0xff,0xff,0xeb,0x00,0x00,
    0x00,0x00,0x00,0x00,0x00,0x00,0x00,0x35,0x4b,0x4b,0x4b,0x4b,0x4b,0xe6,0xff,0xff,
    0xff,0xff,0xff,0xff,0xff,0xf1,0x4b,0x4b,0x4b,0x4b,0x4b,0x38,0x00,0x00,0x24,0xff,
    0xff,0xff,0xff,0xff,0xff,0xff,0xff,0xff,0xff,0xff,0xff,0xff,0xff,0xff,0xff,0xff,
    0xff,0xff,0xff,0xff,0x22,0x00,0x33,0xff,0xff,0xff,0xff,0xff,0xff,0xff,0xff,0xff,
    0xff,0xff,0xff,0xff,0xff,0xff,0xff,0xff,0xff,0xff,0xff,0xff,0x2f,0x00,0x14,0xe9,
    0xff,0xff,0xff,0xff,0xff,0xff,0xff,0xff,0xff,0xff,0xff,0xff,0xff,0xff,0xff,0xff,
    0xff,0xff,0xff,0xec,0x13,0x00,0x00,0x00,0x00,0x00,0x00,0x00,0x1b,0x60,0xa3,0xc4,
    0xd8,0xed,0xfa,0xea,0xd8,0xc5,0x9d,0x5c,0x1c,0x00,0x00,0x00,0x00,0x00,0x00,0x00,
    0x00,0x00,0x00,0x00,0x00,0x3d,0xc1,0xff,0xff,0xff,0xff,0xff,0xff,0xff,0xff,0xff,
    0xff,0xff,0xff,0xff,0xb3,0x34,0x00,0x00,0x00,0x00,0x00,0x00,0x00,0x00,0x0a,0xaa,
    0xff,0xff,0xff,0xf8,0xb8,0x8a,0x79,0x89,0xc0,0xfe,0xff,0xff,0xff,0xff,0xff,0xff,
    0xff,0x8a,0x01,0x00,0x00,0x00,0x00,0x00,0x13,0xcb,0xff,0xff,0xff,0xc6,0x13,0x00,
    0x00,0x00,0x00,0x00,0x55,0xf7,0xff,0xff,0xff,0xff,0xff,0xff,0xff,0xa2,0x00,0x00,
    0x00,0x00,0x00,0xb2,0xff,0xff,0xff,0xff,0x9b,0x00,0x00,0x00,0x00,0x00,0x00,0x00,
    0x65,0xff,0xff,0xff,0xff,0xff,0xff,0xff,0xff,0x5e,0x00,0x00,0x00,0x5a,0xff,0xff,
    0xff,0xff,0xff,0xff,0xb8,0x1c,0x00,0x00,0x00,0x00,0x00,0x0d,0xf6,0xff,0xff,0xff,
    0xff,0xff,0xff,0xff,0xe1,0x02,0x00,0x00,0xce,0xff,0xff,0xff,0xff,0xff,0xff,0xff,
    0xd5,0x0f,0x00,0x00,0x00,0x00,0x00,0xbf,0xff,0xff,0xff,0xff,0xff,0xff,0xff,0xff,
    0x44,0x00,0x24,0xff,0xff,0xff,0xff,0xff,0xff,0xff,0xff,0xff,0x8b,0x00,0x00,0x00,
    0x00,0x00,0xab,0xff,0xff,0xff,0xff,0xff,0xff,0xff,0xff,0x7d,0x00,0x5d,0xff,0xff,
    0xff,0xff,0xff,0xff,0xff,0xff,0xff,0xf3,0x04,0x00,0x00,0x00,0x00,0x9a,0xff,0xff,
    0xff,0xff,0xff,0xff,0xff,0xff,0x99,0x00,0x77,0xff,0xff,0xff,0xff,0xff,0xff,0xff,
    0xff,0xff,0xff,0x29,0x00,0x00,0x00,0x00,0xb3,0xff,0xff,0xff,0xff,0xff,0xff,0xff,
    0xff,0x95,0x00,0x62,0xff,0xff,0xff,0xff,0xff,0xff,0xff,0xff,0xff,0xff,0x1e,0x00,
    0x00,0x00,0x00,0xda,0xff,0xff,0xff,0xff,0xff,0xff,0xff,0xff,0x72,0x00,0x2f,0xff,
    0xff,0xff,0xff,0xff,0xff,0xff,0xff,0xff,0xeb,0x00,0x00,0x00,0x00,0x0c,0xfb,0xff,
    0xff,0xff,0xff,0xff,0xff,0xff,0xff,0x4f,0x00,0x01,0xc0,0xff,0xff,0xff,0xff,0xff,
    0xff,0xff,0xff,0x82,0x00,0x00,0x00,0x00,0x76,0xff,0xff,0xff,0xff,0xff,0xff,0xff,
    0xff,0xfc,0x1b,0x00,0x00,0x21,0xed,0xff,0xff,0xff,0xff,0xff,0xff,0xcc,0x06,0x00,
    0x00,0x00,0x0a,0xea,0xff,0xff,0xff,0xff,0xff,0xff,0xff,0xff,0xaf,0x00,0x00,0x00,
    0x00,0x19,0xb0,0xfe,0xff,0xff,0xfa,0x8e,0x08,0x00,0x00,0x00,0x00,0xa1,0xff,0xff,
    0xff,0xff,0xff,0xff,0xff,0xff,0xf5,0x22,0x00,0x00,0x00,0x00,0x00,0x00,0x0d,0x3e,
    0x35,0x07,0x00,0x00,0x00,0x00,0x00,0x7f,0xff,0xff,0xff,0xff,0xff,0xff,0xff,0xff,
    0xfb,0x51,0x00,0x00,0x00,0x00,0x00,0x00,0x00,0x00,0x00,0x00,0x00,0x00,0x00,0x00,
    0x01,0x80,0xff,0xff,0xff,0xff,0xff,0xff,0xff,0xff,0xef,0x4e,0x00,0x00,0x00,0x00,
    0x00,0x00,0x00,0x00,0x00,0x00,0x00,0x00,0x00,0x00,0x09,0xa8,0xff,0xff,0xff,0xff,
    0xff,0xff,0xff,0xff,0xb4,0x1d,0x00,0x00,0x00,0x00,0x00,0x00,0x00,0x00,0x00,0x00,
    0x00,0x00,0x00,0x00,0x2a,0xd3,0xff,0xff,0xff,0xff,0xff,0xff,0xfc,0xb4,0x39,0x00,
    0x00,0x00,0x00,0x00,0x00,0x00,0x00,0x00,0x00,0x00,0x00,0x00,0x00,0x00,0x64,0xf6,
    0xff,0xff,0xff,0xff,0xff,0xce,0x72,0x18,0x00,0x00,0x00,0x00,0x00,0x02,0x7d,0x5f,
    0x00,0x00,0x00,0x00,0x00,0x00,0x00,0x0f,0xa9,0xff,0xff,0xff,0xff,0xe8,0x83,0x28,
    0x00,0x00,0x00,0x00,0x00,0x00,0x00,0x00,0x66,0xff,0xfa,0x10,0x00,0x00,0x00,0x00,
    0x00,0x2a,0xde,0xff,0xff,0xff,0xdc,0x5f,0x06,0x00,0x00,0x00,0x00,0x00,0x00,0x00,
    0x00,0x00,0x00,0xc8,0xff,0xff,0x10,0x00,0x00,0x00,0x00,0x41,0xef,0xff,0xff,0xf3,
    0x6f,0x04,0x00,0x00,0x00,0x00,0x00,0x00,0x00,0x00,0x00,0x00,0x00,0x31,0xff,0xff,
    0xe4,0x00,0x00,0x00,0x00,0x41,0xf9,0xff,0xff,0xd0,0x22,0x00,0x00,0x00,0x00,0x00,
    0x00,0x00,0x00,0x00,0x00,0x00,0x00,0x00,0xa8,0xff,0xff,0xa6,0x00,0x00,0x00,0x23,
    0xed,0xff,0xff,0xed,0x64,0x6a,0x44,0x16,0x00,0x00,0x00,0x00,0x00,0x00,0x00,0x00,
    0x00,0x00,0x38,0xfc,0xff,0xff,0x63,0x00,0x00,0x12,0xda,0xff,0xff,0xff,0xff,0xff,
    0xff,0xff,0xff,0xc0,0x47,0x00,0x00,0x00,0x00,0x00,0x00,0x00,0x1c,0xe7,0xff,0xff,
    0xff,0x1e,0x00,0x00,0x92,0xff,0xff,0xff,0xff,0xff,0xff,0xff,0xff,0xff,0xff,0xff,
    0xd5,0x6b,0x18,0x00,0x00,0x03,0x42,0xd7,0xff,0xff,0xff,0xc8,0x00,0x00,0x10,0xf8,
    0xff,0xff,0xff,0xff,0xff,0xff,0xff,0xff,0xff,0xff,0xff,0xff,0xff,0xff,0xef,0xe8,
    0xf7,0xff,0xff,0xff,0xff,0xff,0x73,0x00,0x00,0x68,0xff,0xff,0xff,0xb0,0x2d,0x0a,
    0x3f,0xcd,0xff,0xff,0xff,0xff,0xff,0xff,0xff,0xff,0xff,0xff,0xff,0xff,0xff,0xff,
    0xfc,0x1c,0x00,0x00,0xa8,0xff,0xff,0xff,0x47,0x00,0x00,0x00,0x12,0xdc,0xff,0xff,
    0xff,0xff,0xff,0xff,0xff,0xff,0xff,0xff,0xff,0xff,0xff,0xae,0x00,0x00,0x00,0xcc,
    0xff,0xff,0xff,0x66,0x00,0x00,0x00,0x00,0x45,0xff,0xff,0xff,0xff,0xff,0xff,0xff,
    0xff,0xff,0xff,0xff,0xff,0xff,0x40,0x00,0x00,0x00,0xe6,0xff,0xff,0xff,0xb5,0x00,
    0x00,0x00,0x00,0x00,0xa4,0xff,0xff,0xff,0xff,0xff,0xff,0xff,0xff,0xff,0xff,0xff,
    0x9c,0x00,0x00,0x00,0x00,0xd5,0xff,0xff,0xff,0xf5,0x02,0x00,0x00,0x00,0x00,0x14,
    0xca,0xff,0xff,0xff,0xff,0xff,0xff,0xff,0xff,0xff,0xca,0x0c,0x00,0x00,0x00,0x00,
    0x8b,0xff,0xff,0xff,0xd8,0x00,0x00,0x00,0x00,0x00,0x00,0x07,0x9b,0xff,0xff,0xff,
    0xff,0xff,0xff,0xff,0x9d,0x08,0x00,0x00,0x00,0x00,0x00,0x0d,0xb5,0xf7,0xcb,0x30,
    0x00,0x00,0x00,0x00,0x00,0x00,0x00,0x00,0x4a,0xad,0xe2,0xf7,0xd6,0x9b,0x2c,0x00,
    0x00,0x00,0x00,0x00,0x00,0x00,0x00,0x00,0x00,0x00,0x00,0x00,0x18,0x6c,0xad,0xd4,
    0xeb,0xf7,0xfa,0xef,0xdd,0xb9,0x88,0x38,0x01,0x00,0x00,0x00,0x00,0x00,0x00,0x00,
    0x00,0x00,0x00,0x00,0x3e,0xbd,0xfd,0xff,0xff,0xff,0xff,0xff,0xff,0xff,0xff,0xff,
    0xff,0xff,0xe7,0x86,0x0a,0x00,0x00,0x00,0x00,0x00,0x00,0x00,0x07,0x8c,0xfd,0xff,
    0xff,0xff,0xff,0xff,0xff,0xff,0xff,0xff,0xff,0xff,0xff,0xff,0xff,0xff,0xe0,0x45,
    0x00,0x00,0x00,0x00,0x00,0x00,0xa7,0xff,0xff,0xff,0xef,0x84,0x48,0x27,0x3c,0x65,
    0xc2,0xff,0xff,0xff,0xff,0xff,0xff,0xff,0xff,0xfa,0x4a,0x00,0x00,0x00,0x00,0x77,
    0xff,0xff,0xff,0xf5,0x3f,0x00,0x00,0x00,0x00,0x00,0x00,0x4f,0xef,0xff,0xff,0xff,
    0xff,0xff,0xff,0xff,0xf7,0x2a,0x00,0x00,0x11,0xf2,0xff,0xff,0xff,0xff,0xff,0x8e,
    0x00,0x00,0x00,0x00,0x00,0x00,0x4f,0xff,0xff,0xff,0xff,0xff,0xff,0xff,0xff,0xb8,
    0x00,0x00,0x72,0xff,0xff,0xff,0xff,0xff,0xff,0xff,0x71,0x00,0x00,0x00,0x00,0x00,
    0x00,0x9a,0xff,0xff,0xff,0xff,0xff,0xff,0xff,0xff,0x29,0x00,0xb8,0xff,0xff,0xff,
    0xff,0xff,0xff,0xff,0xec,0x0a,0x00,0x00,0x00,0x00,0x00,0x3d,0xff,0xff,0xff,0xff,
    0xff,0xff,0xff,0xff,0x78,0x00,0xe1,0xff,0xff,0xff,0xff,0xff,0xff,0xff,0xff,0x37,
    0x00,0x00,0x00,0x00,0x00,0x15,0xff,0xff,0xff,0xff,0xff,0xff,0xff,0xff,0xa5,0x00,
    0xdf,0xff,0xff,0xff,0xff,0xff,0xff,0xff,0xff,0x4d,0x00,0x00,0x00,0x00,0x00,0x0d,
    0xff,0xff,0xff,0xff,0xff,0xff,0xff,0xff,0xb0,0x00,0xb2,0xff,0xff,0xff,0xff,0xff,
    0xff,0xff,0xff,0x22,0x00,0x00,0x00,0x00,0x00,0x26,0xff,0xff,0xff,0xff,0xff,0xff,
    0xff,0xff,0x9a,0x00,0x5e,0xff,0xff,0xff,0xff,0xff,0xff,0xff,0xcf,0x01,0x00,0x00,
    0x00,0x00,0x00,0x65,0xff,0xff,0xff,0xff,0xff,0xff,0xff,0xff,0x5b,0x00,0x00,0xb6,
    0xff,0xff,0xff,0xff,0xff,0xf8,0x35,0x00,0x00,0x00,0x00,0x00,0x03,0xd1,0xff,0xff,
    0xff,0xff,0xff,0xff,0xff,0xf2,0x0a,0x00,0x00,0x05,0x83,0xed,0xff,0xfc,0xc7,0x2d,
    0x00,0x00,0x00,0x00,0x00,0x06,0x9a,0xff,0xff,0xff,0xff,0xff,0xff,0xff,0xff,0x75,
    0x00,0x00,0x00,0x00,0x00,0x00,0x1f,0x0b,0x00,0x00,0x00,0x00,0x0e,0x2d,0x68,0xdc,
    0xff,0xff,0xff,0xff,0xff,0xff,0xff,0xff,0xa4,0x02,0x00,0x00,0x00,0x00,0x00,0x00,
    0x00,0x78,0xc1,0xcf,0xe2,0xf7,0xff,0xff,0xff,0xff,0xff,0xff,0xff,0xff,0xff,0xff,
    0xfc,0x84,0x03,0x00,0x00,0x00,0x00,0x00,0x00,0x00,0x00,0xf1,0xff,0xff,0xff,0xff,
    0xff,0xff,0xff,0xff,0xff,0xff,0xff,0xff,0xff,0xb3,0x34,0x00,0x00,0x00,0x00,0x00,
    0x00,0x00,0x00,0x00,0x00,0x92,0xfd,0xff,0xff,0xff,0xff,0xff,0xff,0xff,0xff,0xff,
    0xff,0xff,0xe4,0x67,0x0b,0x00,0x00,0x00,0x00,0x00,0x00,0x00,0x00,0x00,0x00,0x00,
    0x17,0x64,0xa4,0xc7,0xe9,0xff,0xff,0xff,0xff,0xff,0xff,0xff,0xff,0xff,0xef,0x56,
    0x00,0x00,0x00,0x00,0x00,0x00,0x00,0x00,0x00,0x00,0x00,0x00,0x00,0x00,0x00,0x1d,
    0x6f,0xdb,0xff,0xff,0xff,0xff,0xff,0xff,0xff,0xff,0x93,0x03,0x00,0x00,0x00,0x00,
    0x00,0x00,0x00,0x00,0x00,0x00,0x00,0x00,0x00,0x00,0x00,0x14,0xce,0xff,0xff,0xff,
    0xff,0xff,0xff,0xff,0xff,0x73,0x00,0x00,0x00,0x00,0x00,0x0a,0x37,0x1f,0x00,0x00,
    0x00,0x00,0x00,0x00,0x00,0x00,0x1b,0xfc,0xff,0xff,0xff,0xff,0xff,0xff,0xff,0xf5,
    0x22,0x00,0x00,0x0f,0x9f,0xfc,0xff,0xff,0xe0,0x45,0x00,0x00,0x00,0x00,0x00,0x00,
    0x00,0xb1,0xff,0xff,0xff,0xff,0xff,0xff,0xff,0xff,0xa4,0x00,0x05,0xcf,0xff,0xff,
    0xff,0xff,0xff,0xfe,0x4b,0x00,0x00,0x00,0x00,0x00,0x00,0x56,0xff,0xff,0xff,0xff,
    0xff,0xff,0xff,0xff,0xed,0x02,0x76,0xff,0xff,0xff,0xff,0xff,0xff,0xff,0xe3,0x04,
    0x00,0x00,0x00,0x00,0x00,0x29,0xff,0xff,0xff,0xff,0xff,0xff,0xff,0xff,0xff,0x18,
    0xbe,0xff,0xff,0xff,0xff,0xff,0xff,0xff,0xff,0x2d,0x00,0x00,0x00,0x00,0x00,0x12,
    0xff,0xff,0xff,0xff,0xff,0xff,0xff,0xff,0xff,0x2c,0xe3,0xff,0xff,0xff,0xff,0xff,
    0xff,0xff,0xff,0x4e,0x00,0x00,0x00,0x00,0x00,0x08,0xff,0xff,0xff,0xff,0xff,0xff,
    0xff,0xff,0xff,0x19,0xcf,0xff,0xff,0xff,0xff,0xff,0xff,0xff,0xff,0x23,0x00,0x00,
    0x00,0x00,0x00,0x16,0xff,0xff,0xff,0xff,0xff,0xff,0xff,0xff,0xf9,0x01,0xb3,0xff,
    0xff,0xff,0xff,0xff,0xff,0xff,0xc7,0x01,0x00,0x00,0x00,0x00,0x00,0x37,0xff,0xff,
    0xff,0xff,0xff,0xff,0xff,0xff,0xce,0x00,0x6b,0xff,0xff,0xff,0xff,0xff,0xff,0xf5,
    0x2f,0x00,0x00,0x00,0x00,0x00,0x00,0x82,0xff,0xff,0xff,0xff,0xff,0xff,0xff,0xff,
    0x68,0x00,0x16,0xf9,0xff,0xff,0xff,0xff,0xea,0x37,0x00,0x00,0x00,0x00,0x00,0x00,
    0x16,0xef,0xff,0xff,0xff,0xff,0xff,0xff,0xff,0xea,0x0c,0x00,0x00,0x7f,0xff,0xff,
    0xff,0x94,0x0f,0x00,0x00,0x00,0x00,0x00,0x00,0x23,0xce,0xff,0xff,0xff,0xff,0xff,
    0xff,0xff,0xfb,0x40,0x00,0x00,0x00,0x06,0xc1,0xff,0xff,0xef,0x98,0x60,0x3f,0x21,
    0x2f,0x50,0xa0,0xfb,0xff,0xff,0xff,0xff,0xff,0xff,0xff,0xf8,0x5d,0x00,0x00,0x00,
    0x00,0x00,0x0a,0xb4,0xff,0xff,0xff,0xff,0xff,0xff,0xff,0xff,0xff,0xff,0xff,0xff,
    0xff,0xff,0xff,0xff,0xd5,0x2f,0x00,0x00,0x00,0x00,0x00,0x00,0x00,0x00,0x5e,0xe2,
    0xff,0xff,0xff,0xff,0xff,0xff,0xff,0xff,0xff,0xff,0xff,0xfe,0xc6,0x53,0x02,0x00,
    0x00,0x00,0x00,0x00,0x00,0x00,0x00,0x00,0x00,0x02,0x4a,0x93,0xcb,0xe9,0xfa,0xf8,
    0xec,0xdc,0xb9,0x93,0x5c,0x16,0x00,0x00,0x00,0x00,0x00,0x00,0x00,0x00,0x00,0x00,
    0x00,0x00,0x00,0x00,0x00,0x00,0x66,0xfb,0xff,0xff,0xff,0xff,0xff,0xff,0xff,0xff,
    0xff,0xff,0xc7,0x18,0x00,0x00,0x00,0x00,0x00,0x00,0x00,0x00,0x00,0x00,0x00,0x00,
    0x00,0x00,0x00,0x00,0x00,0xb2,0xff,0xff,0xff,0xff,0xff,0xff,0xff,0xff,0xff,0xff,
    0xff,0xff,0xd8,0x18,0x00,0x00,0x00,0x00,0x00,0x00,0x00,0x00,0x00,0x00,0x00,0x00,
    0x00,0x00,0x00,0x00,0xd0,0xff,0xff,0xff,0xff,0xff,0xff,0xff,0xff,0xff,0xff,0xff,
    0xff,0xff,0x77,0x00,0x00,0x00,0x00,0x00,0x00,0x00,0x00,0x00,0x00,0x00,0x00,0x00,
    0x00,0x00,0x00,0xf2,0xff,0xff,0xff,0xff,0xff,0xff,0xff,0xff,0xff,0xff,0xff,0xff,
    0xfc,0x37,0x00,0x00,0x00,0x00,0x00,0x00,0x00,0x00,0x00,0x00,0x00,0x00,0x00,0x00,
    0x00,0x1a,0xff,0xff,0xff,0xff,0xff,0xff,0xff,0xff,0xff,0xff,0xff,0xff,0xff,0x79,
    0x00,0x00,0x00,0x00,0x00,0x00,0x00,0x00,0x00,0x00,0x00,0x00,0x00,0x00,0x00,0x00,
    0x4b,0xff,0xff,0xff,0xff,0xff,0xff,0xff,0xff,0xff,0xff,0xff,0xff,0xb5,0x01,0x00,
    0x00,0x00,0x00,0x00,0x00,0x00,0x00,0x00,0x00,0x00,0x00,0x00,0x00,0x00,0x00,0x7c,
    0xff,0xff,0xff,0xff,0xff,0xff,0xff,0xff,0xff,0xff,0xff,0xe0,0x12,0x00,0x00,0x00,
    0x00,0x00,0x00,0x00,0x00,0x00,0x00,0x00,0x00,0x00,0x00,0x00,0x00,0x00,0xae,0xff,
    0xff,0xff,0xff,0xff,0xff,0xff,0xff,0xff,0xff,0xf9,0x35,0x00,0x00,0x00,0x00,0x00,
    0x00,0x00,0x00,0x00,0x00,0x00,0x00,0x00,0x00,0x00,0x00,0x00,0x01,0xeb,0xff,0xff,
    0xff,0xff,0xff,0xff,0xff,0xff,0xff,0xff,0x65,0x00,0x00,0x00,0x00,0x00,0x00,0x00,
    0x00,0x00,0x00,0x00,0x00,0x00,0x00,0x00,0x00,0x00,0x00,0x32,0xff,0xff,0xff,0xff,
    0xff,0xff,0xff,0xff,0xff,0xff,0x98,0x00,0x00,0x00,0x00,0x00,0x00,0x00,0x00,0x00,
    0x00,0x00,0x00,0x00,0x00,0x00,0x00,0x00,0x00,0x00,0x78,0xff,0xff,0xff,0xff,0xff,
    0xff,0xff,0xff,0xff,0xc6,0x06,0x00,0x00,0x05,0x3a,0x0a,0x00,0x00,0x00,0x00,0x00,
    0x00,0x00,0x00,0x00,0x00,0x00,0x00,0x00,0x00,0xbd,0xff,0xff,0xff,0xff,0xff,0xff,
    0xff,0xff,0xe6,0x1a,0x00,0x00,0x10,0xc2,0xff,0xe8,0x1e,0x00,0x00,0x00,0x00,0x00,
    0x00,0x00,0x00,0x00,0x00,0x00,0x00,0x14,0xfa,0xff,0xff,0xff,0xff,0xff,0xff,0xff,
    0xf7,0x36,0x00,0x00,0x1a,0xd2,0xff,0xff,0xff,0x53,0x00,0x00,0x00,0x00,0x00,0x00,
    0x00,0x00,0x00,0x00,0x00,0x00,0x6c,0xff,0xff,0xff,0xff,0xff,0xff,0xff,0xff,0x5a,
    0x00,0x00,0x26,0xe0,0xff,0xff,0xff,0xff,0x53,0x00,0x00,0x00,0x00,0x00,0x00,0x00,
    0x00,0x00,0x00,0x00,0x00,0xca,0xff,0xff,0xff,0xff,0xff,0xff,0xff,0x86,0x00,0x00,
    0x36,0xeb,0xff,0xff,0xff,0xff,0xff,0x53,0x00,0x00,0x00,0x00,0x00,0x00,0x00,0x00,
    0x00,0x00,0x00,0x28,0xff,0xff,0xff,0xff,0xff,0xff,0xff,0xad,0x01,0x00,0x47,0xf4,
    0xff,0xff,0xff,0xff,0xff,0xff,0x53,0x00,0x00,0x00,0x00,0x00,0x00,0x00,0x00,0x00,
    0x00,0x00,0x93,0xff,0xff,0xff,0xff,0xff,0xff,0xcb,0x0a,0x00,0x59,0xfa,0xff,0xff,
    0xff,0xff,0xff,0xff,0xff,0x53,0x00,0x00,0x00,0x00,0x00,0x00,0x00,0x00,0x00,0x00,
    0x13,0xf5,0xff,0xff,0xff,0xff,0xff,0xe2,0x18,0x00,0x02,0xf0,0xff,0xff,0xff,0xff,
    0xff,0xff,0xff,0xff,0x53,0x00,0x00,0x00,0x00,0x00,0x00,0x00,0x00,0x00,0x00,0x80,
    0xff,0xff,0xff,0xff,0xff,0xf1,0x2c,0x00,0x00,0x07,0xff,0xff,0xff,0xff,0xff,0xff,
    0xff,0xff,0xff,0x53,0x00,0x00,0x00,0x00,0x00,0x00,0x00,0x00,0x00,0x11,0xed,0xff,
    0xff,0xff,0xff,0xfa,0x43,0x00,0x00,0x00,0x07,0xff,0xff,0xff,0xff,0xff,0xff,0xff,
    0xff,0xff,0x53,0x00,0x00,0x00,0x00,0x00,0x00,0x00,0x00,0x00,0x8e,0xff,0xff,0xff,
    0xff,0xff,0x5e,0x00,0x00,0x00,0x00,0x07,0xff,0xff,0xff,0xff,0xff,0xff,0xff,0xff,
    0xff,0x53,0x00,0x00,0x00,0x00,0x00,0x00,0x00,0x00,0x25,0xfa,0xff,0xff,0xff,0xff,
    0x78,0x00,0x00,0x00,0x00,0x00,0x07,0xff,0xff,0xff,0xff,0xff,0xff,0xff,0xff,0xff,
    0x53,0x00,0x00,0x00,0x00,0x00,0x00,0x00,0x01,0xbe,0xff,0xff,0xff,0xff,0x92,0x00,
    0x00,0x00,0x00,0x00,0x00,0x07,0xff,0xff,0xff,0xff,0xff,0xff,0xff,0xff,0xff,0x53,
    0x00,0x00,0x00,0x00,0x00,0x00,0x00,0x69,0xff,0xff,0xff,0xff,0xeb,0x75,0x73,0x73,
    0x73,0x73,0x73,0x73,0x78,0xff,0xff,0xff,0xff,0xff,0xff,0xff,0xff,0xff,0xa1,0x73,
    0x73,0x73,0x73,0x73,0x71,0x22,0xea,0xff,0xff,0xff,0xff,0xff,0xff,0xff,0xff,0xff,
    0xff,0xff,0xff,0xff,0xff,0xff,0xff,0xff,0xff,0xff,0xff,0xff,0xff,0xff,0xff,0xff,
    0xff,0xff,0xff,0xff,0xbf,0xcb,0xff,0xff,0xff,0xff,0xff,0xff,0xff,0xff,0xff,0xff,
    0xff,0xff,0xff,0xff,0xff,0xff,0xff,0xff,0xff,0xff,0xff,0xff,0xff,0xff,0xff,0xff,
    0xff,0xff,0xff,0xcf,0x3f,0xf1,0xff,0xff,0xff,0xff,0xff,0xff,0xff,0xff,0xff,0xff,
    0xff,0xff,0xff,0xff,0xff,0xff,0xff,0xff,0xff,0xff,0xff,0xff,0xff,0xff,0xff,0xff,
    0xff,0xfe,0x81,0x00,0x00,0x00,0x00,0x00,0x00,0x00,0x00,0x00,0x00,0x00,0x00,0x00,
    0x07,0xff,0xff,0xff,0xff,0xff,0xff,0xff,0xff,0xff,0x53,0x00,0x00,0x00,0x00,0x00,
    0x00,0x00,0x00,0x00,0x00,0x00,0x00,0x00,0x00,0x00,0x00,0x00,0x00,0x00,0x00,0x07,
    0xff,0xff,0xff,0xff,0xff,0xff,0xff,0xff,0xff,0x53,0x00,0x00,0x00,0x00,0x00,0x00,
    0x00,0x00,0x00,0x00,0x00,0x00,0x00,0x00,0x00,0x00,0x00,0x00,0x00,0x00,0x07,0xff,
    0xff,0xff,0xff,0xff,0xff,0xff,0xff,0xff,0x53,0x00,0x00,0x00,0x00,0x00,0x00,0x00,
    0x00,0x00,0x00,0x00,0x00,0x00,0x00,0x00,0x00,0x00,0x00,0x00,0x00,0x07,0xff,0xff,
    0xff,0xff,0xff,0xff,0xff,0xff,0xff,0x53,0x00,0x00,0x00,0x00,0x00,0x00,0x00,0x00,
    0x00,0x00,0x00,0x00,0x00,0x00,0x00,0x00,0x00,0x00,0x00,0x00,0x07,0xff,0xff,0xff,
    0xff,0xff,0xff,0xff,0xff,0xff,0x53,0x00,0x00,0x00,0x00,0x00,0x00,0x00,0x00,0x00,
    0x00,0x00,0x00,0x00,0x00,0x29,0x5f,0x5f,0x5f,0x5f,0x5f,0x64,0xff,0xff,0xff,0xff,
    0xff,0xff,0xff,0xff,0xff,0x94,0x5f,0x5f,0x5f,0x5f,0x5f,0x5e,0x1a,0x00,0x00,0x00,
    0x00,0x00,0x00,0x01,0xec,0xff,0xff,0xff,0xff,0xff,0xff,0xff,0xff,0xff,0xff,0xff,
    0xff,0xff,0xff,0xff,0xff,0xff,0xff,0xff,0xff,0xff,0xff,0xbb,0x00,0x00,0x00,0x00,
    0x00,0x00,0x03,0xff,0xff,0xff,0xff,0xff,0xff,0xff,0xff,0xff,0xff,0xff,0xff,0xff,
    0xff,0xff,0xff,0xff,0xff,0xff,0xff,0xff,0xff,0xff,0xcf,0x00,0x00,0x00,0x00,0x00,
    0x00,0x00,0xb7,0xff,0xff,0xff,0xff,0xff,0xff,0xff,0xff,0xff,0xff,0xff,0xff,0xff,
    0xff,0xff,0xff,0xff,0xff,0xff,0xff,0xff,0xfe,0x89,0x00,0x00,0x13,0x04,0x00,0x00,
    0x00,0x00,0x00,0x00,0x00,0x00,0x00,0x00,0x00,0x0b,0x2e,0x59,0x84,0xaf,0xda,0xf3,
    0x8d,0x00,0x00,0x00,0x00,0xbf,0xff,0xfa,0xe0,0xc5,0xa9,0x90,0x8a,0x8f,0xab,0xce,
    0xdf,0xed,0xfb,0xff,0xff,0xff,0xff,0xff,0xff,0xff,0xaf,0x00,0x00,0x00,0x09,0xff,
    0xff,0xff,0xff,0xff,0xff,0xff,0xff,0xff,0xff,0xff,0xff,0xff,0xff,0xff,0xff,0xff,
    0xff,0xff,0xff,0xff,0x43,0x00,0x00,0x00,0x00,0xf9,0xff,0xff,0xff,0xff,0xff,0xff,
    0xff,0xff,0xff,0xff,0xff,0xff,0xff,0xff,0xff,0xff,0xff,0xff,0xff,0xc1,0x00,0x00,
    0x00,0x00,0x00,0xe6,0xff,0xff,0xff,0xff,0xff,0xff,0xff,0xff,0xff,0xff,0xff,0xff,
    0xff,0xff,0xff,0xff,0xff,0xff,0xf0,0x20,0x00,0x00,0x00,0x00,0x00,0xd7,0xff,0xff,
    0xff,0xff,0xff,0xff,0xff,0xff,0xff,0xff,0xff,0xff,0xff,0xff,0xff,0xff,0xff,0xee,
    0x36,0x00,0x00,0x00,0x00,0x00,0x00,0xc9,0xff,0xff,0xff,0xff,0xff,0xff,0xff,0xff,
    0xff,0xff,0xff,0xff,0xff,0xff,0xff,0xfb,0xac,0x1c,0x00,0x00,0x00,0x00,0x00,0x00,
    0x00,0xc0,0xff,0xff,0xfe,0xb6,0xb7,0xcd,0xdf,0xe9,0xf4,0xfc,0xf0,0xde,0xcd,0xa9,
    0x5c,0x11,0x00,0x00,0x00,0x00,0x00,0x00,0x00,0x00,0x00,0xba,0xff,0xff,0xcc,0x00,
    0x00,0x00,0x00,0x00,0x00,0x00,0x00,0x00,0x00,0x00,0x00,0x00,0x00,0x00,0x00,0x00,
    0x00,0x00,0x00,0x00,0x00,0xb5,0xff,0xff,0xbf,0x00,0x00,0x00,0x00,0x00,0x00,0x00,
    0x00,0x00,0x00,0x00,0x00,0x00,0x00,0x00,0x00,0x00,0x00,0x00,0x00,0x00,0x00,0xb4,
    0xff,0xff,0xbf,0x00,0x00,0x00,0x00,0x00,0x00,0x00,0x00,0x00,0x00,0x00,0x00,0x00,
    0x00,0x00,0x00,0x00,0x00,0x00,0x00,0x00,0x00,0xba,0xff,0xff,0xbf,0x00,0x00,0x00,
    0x00,0x00,0x00,0x00,0x00,0x00,0x00,0x00,0x00,0x00,0x00,0x00,0x00,0x00,0x00,0x00,
    0x00,0x00,0x00,0xc1,0xff,0xff,0xbf,0x00,0x00,0x07,0x53,0x98,0xca,0xe2,0xef,0xe1,
    0xce,0xac,0x6f,0x2e,0x00,0x00,0x00,0x00,0x00,0x00,0x00,0x00,0x00,0xc9,0xff,0xff,
    0xc7,0x08,0x77,0xef,0xff,0xff,0xff,0xff,0xff,0xff,0xff,0xff,0xff,0xff,0xc4,0x51,
    0x00,0x00,0x00,0x00,0x00,0x00,0x00,0xd3,0xff,0xff,0xff,0xf1,0xff,0xff,0xff,0xff,
    0xff,0xff,0xff,0xff,0xff,0xff,0xff,0xff,0xff,0xff,0xab,0x12,0x00,0x00,0x00,0x00,
    0x00,0xde,0xff,0xff,0xff,0xff,0xff,0xff,0xff,0xff,0xff,0xff,0xff,0xff,0xff,0xff,
    0xff,0xff,0xff,0xff,0xff,0xd8,0x13,0x00,0x00,0x00,0x00,0xe9,0xff,0xff,0xff,0xff,
    0xff,0xe6,0x6b,0x24,0x08,0x17,0x40,0xa0,0xfe,0xff,0xff,0xff,0xff,0xff,0xff,0xff,
    0xc7,0x06,0x00,0x00,0x00,0xf5,0xff,0xff,0xff,0xff,0xd0,0x1d,0x00,0x00,0x00,0x00,
    0x00,0x00,0x4c,0xfa,0xff,0xff,0xff,0xff,0xff,0xff,0xff,0x70,0x00,0x00,0x03,0xff,
    0xff,0xff,0xff,0xf4,0x19,0x00,0x00,0x00,0x00,0x00,0x00,0x00,0x00,0x78,0xff,0xff,
    0xff,0xff,0xff,0xff,0xff,0xed,0x0f,0x00,0x0b,0xff,0xff,0xff,0xff,0x84,0x00,0x00,
    0x00,0x00,0x00,0x00,0x00,0x00,0x00,0x11,0xf9,0xff,0xff,0xff,0xff,0xff,0xff,0xff,
    0x59,0x00,0x00,0x9a,0xe9,0xff,0xfc,0x21,0x00,0x00,0x00,0x00,0x00,0x00,0x00,0x00,
    0x00,0x00,0xb2,0xff,0xff,0xff,0xff,0xff,0xff,0xff,0xa4,0x00,0x00,0x00,0x00,0x25,
    0x43,0x13,0x00,0x00,0x00,0x00,0x00,0x00,0x00,0x00,0x00,0x00,0x6e,0xff,0xff,0xff,
    0xff,0xff,0xff,0xff,0xda,0x00,0x00,0x00,0x67,0xdc,0xff,0xff,0xf0,0x8c,0x14,0x00,
    0x00,0x00,0x00,0x00,0x00,0x00,0x57,0xff,0xff,0xff,0xff,0xff,0xff,0xff,0xf1,0x00,
    0x00,0x8f,0xff,0xff,0xff,0xff,0xff,0xff,0xd9,0x0c,0x00,0x00,0x00,0x00,0x00,0x00,
    0x42,0xff,0xff,0xff,0xff,0xff,0xff,0xff,0xff,0x08,0x3a,0xfe,0xff,0xff,0xff,0xff,
    0xff,0xff,0xff,0x93,0x00,0x00,0x00,0x00,0x00,0x00,0x44,0xff,0xff,0xff,0xff,0xff,
    0xff,0xff,0xfb,0x02,0xa7,0xff,0xff,0xff,0xff,0xff,0xff,0xff,0xff,0xd5,0x00,0x00,
    0x00,0x00,0x00,0x00,0x5b,0xff,0xff,0xff,0xff,0xff,0xff,0xff,0xe2,0x00,0xd7,0xff,
    0xff,0xff,0xff,0xff,0xff,0xff,0xff,0xfc,0x07,0x00,0x00,0x00,0x00,0x00,0x72,0xff,
    0xff,0xff,0xff,0xff,0xff,0xff,0xc3,0x00,0xdb,0xff,0xff,0xff,0xff,0xff,0xff,0xff,
    0xff,0xf4,0x01,0x00,0x00,0x00,0x00,0x00,0xab,0xff,0xff,0xff,0xff,0xff,0xff,0xff,
    0x79,0x00,0xbc,0xff,0xff,0xff,0xff,0xff,0xff,0xff,0xff,0xcc,0x00,0x00,0x00,0x00,
    0x00,0x08,0xf3,0xff,0xff,0xff,0xff,0xff,0xff,0xff,0x26,0x00,0x85,0xff,0xff,0xff,
    0xff,0xff,0xff,0xff,0xff,0x67,0x00,0x00,0x00,0x00,0x00,0x4e,0xff,0xff,0xff,0xff,
    0xff,0xff,0xff,0xae,0x00,0x00,0x22,0xfe,0xff,0xff,0xff,0xff,0xff,0xff,0xab,0x02,
    0x00,0x00,0x00,0x00,0x04,0xd0,0xff,0xff,0xff,0xff,0xff,0xff,0xf6,0x1f,0x00,0x00,
    0x00,0x94,0xff,0xff,0xff,0xff,0xff,0x70,0x01,0x00,0x00,0x00,0x00,0x02,0x9e,0xff,
    0xff,0xff,0xff,0xff,0xff,0xfd,0x59,0x00,0x00,0x00,0x00,0x07,0xc7,0xff,0xff,0xff,
    0xfc,0x66,0x12,0x00,0x00,0x0e,0x48,0xc6,0xff,0xff,0xff,0xff,0xff,0xff,0xfd,0x64,
    0x00,0x00,0x00,0x00,0x00,0x00,0x09,0xa6,0xff,0xff,0xff,0xff,0xff,0xf6,0xf0,0xfe,
    0xff,0xff,0xff,0xff,0xff,0xff,0xff,0xdd,0x3c,0x00,0x00,0x00,0x00,0x00,0x00,0x00,
    0x00,0x00,0x47,0xcc,0xff,0xff,0xff,0xff,0xff,0xff,0xff,0xff,0xff,0xff,0xff,0xdf,
    0x73,0x0b,0x00,0x00,0x00,0x00,0x00,0x00,0x00,0x00,0x00,0x00,0x00,0x00,0x2a,0x7b,
    0xaf,0xdb,0xef,0xfb,0xee,0xdb,0xbc,0x80,0x42,0x02,0x00,0x00,0x00,0x00,0x00,0x00,
    0x00,0x00,0x00,0x00,0x00,0x00,0x00,0x00,0x00,0x00,0x00,0x00,0x25,0x7e,0xc2,0xe1,
    0xf9,0xed,0xdc,0xb5,0x7d,0x33,0x00,0x00,0x00,0x00,0x00,0x00,0x00,0x00,0x00,0x00,
    0x00,0x00,0x00,0x00,0x00,0x21,0xae,0xff,0xff,0xff,0xff,0xff,0xff,0xff,0xff,0xff,
    0xff,0xce,0x49,0x00,0x00,0x00,0x00,0x00,0x00,0x00,0x00,0x00,0x00,0x00,0x00,0x66,
    0xf8,0xff,0xff,0xff,0xff,0xff,0xff,0xff,0xff,0xff,0xff,0xff,0xff,0xff,0xa2,0x07,
    0x00,0x00,0x00,0x00,0x00,0x00,0x00,0x00,0x01,0x93,0xff,0xff,0xff,0xff,0xff,0xff,
    0xdf,0x85,0x5f,0x5d,0x88,0xe8,0xff,0xff,0xff,0xff,0xbc,0x05,0x00,0x00,0x00,0x00,
    0x00,0x00,0x00,0x96,0xff,0xff,0xff,0xff,0xff,0xff,0x82,0x04,0x00,0x00,0x00,0x00,
    0x16,0xd1,0xff,0xff,0xff,0xff,0x8d,0x00,0x00,0x00,0x00,0x00,0x00,0x7b,0xff,0xff,
    0xff,0xff,0xff,0xff,0x87,0x00,0x00,0x00,0x00,0x00,0x00,0x81,0xfe,0xff,0xff,0xff,
    0xff,0xf9,0x1f,0x00,0x00,0x00,0x00,0x41,0xfc,0xff,0xff,0xff,0xff,0xff,0xdb,0x07,
    0x00,0x00,0x00,0x00,0x00,0x57,0xff,0xff,0xff,0xff,0xff,0xff,0xff,0x98,0x00,0x00,
    0x00,0x0a,0xdf,0xff,0xff,0xff,0xff,0xff,0xff,0x7d,0x00,0x00,0x00,0x00,0x00,0x00,
    0xd8,0xff,0xff,0xff,0xff,0xff,0xff,0xff,0xe4,0x00,0x00,0x00,0x81,0xff,0xff,0xff,
    0xff,0xff,0xff,0xff,0x29,0x00,0x00,0x00,0x00,0x00,0x1d,0xff,0xff,0xff,0xff,0xff,
    0xff,0xff,0xff,0xff,0x06,0x00,0x0e,0xf0,0xff,0xff,0xff,0xff,0xff,0xff,0xd7,0x00,
    0x00,0x00,0x00,0x00,0x00,0x26,0xff,0xff,0xff,0xff,0xff,0xff,0xff,0xff,0xf9,0x05,
    0x00,0x63,0xff,0xff,0xff,0xff,0xff,0xff,0xff,0xac,0x00,0x00,0x00,0x00,0x00,0x00,
    0x02,0xf5,0xff,0xff,0xff,0xff,0xff,0xff,0xff,0xcc,0x00,0x00,0xb9,0xff,0xff,0xff,
    0xff,0xff,0xff,0xff,0x94,0x00,0x00,0x00,0x00,0x00,0x00,0x00,0x92,0xff,0xff,0xff,
    0xff,0xff,0xff,0xff,0x65,0x00,0x07,0xf6,0xff,0xff,0xff,0xff,0xff,0xff,0xff,0x7d,
    0x00,0x00,0x00,0x00,0x00,0x00,0x00,0x0c,0xcf,0xff,0xff,0xff,0xff,0xff,0xaa,0x01,
    0x00,0x3f,0xff,0xff,0xff,0xff,0xff,0xff,0xff,0xff,0x75,0x00,0x00,0x00,0x00,0x00,
    0x00,0x00,0x00,0x06,0x7d,0xc6,0xe6,0xbb,0x61,0x00,0x00,0x00,0x6f,0xff,0xff,0xff,
    0xff,0xff,0xff,0xff,0xff,0x82,0x00,0x00,0x00,0x0b,0x30,0x45,0x59,0x51,0x39,0x09,
    0x00,0x00,0x00,0x00,0x00,0x00,0x00,0x9a,0xff,0xff,0xff,0xff,0xff,0xff,0xff,0xff,
    0x9a,0x00,0x49,0xba,0xf8,0xff,0xff,0xff,0xff,0xff,0xfa,0xbd,0x56,0x02,0x00,0x00,
    0x00,0x00,0xbf,0xff,0xff,0xff,0xff,0xff,0xff,0xff,0xff,0xc0,0xa1,0xff,0xff,0xff,
    0xff,0xff,0xff,0xff,0xff,0xff,0xff,0xff,0xc9,0x2b,0x00,0x00,0x00,0xd0,0xff,0xff,
    0xff,0xff,0xff,0xff,0xff,0xff,0xff,0xff,0xff,0xff,0xff,0xff,0xff,0xff,0xff,0xff,
    0xff,0xff,0xff,0xff,0xf1,0x37,0x00,0x00,0xe0,0xff,0xff,0xff,0xff,0xff,0xff,0xff,
    0xff,0xff,0xff,0xff,0x9d,0x1f,0x12,0x73,0xfd,0xff,0xff,0xff,0xff,0xff,0xff,0xff,
    0xef,0x19,0x00,0xe6,0xff,0xff,0xff,0xff,0xff,0xff,0xff,0xff,0xff,0xff,0xaa,0x01,
    0x00,0x00,0x00,0x6d,0xff,0xff,0xff,0xff,0xff,0xff,0xff,0xff,0xa9,0x00,0xd5,0xff,
    0xff,0xff,0xff,0xff,0xff,0xff,0xff,0xff,0xec,0x09,0x00,0x00,0x00,0x00,0x00,0xb4,
    0xff,0xff,0xff,0xff,0xff,0xff,0xff,0xff,0x1e,0xc2,0xff,0xff,0xff,0xff,0xff,0xff,
    0xff,0xff,0xff,0x90,0x00,0x00,0x00,0x00,0x00,0x00,0x4c,0xff,0xff,0xff,0xff,0xff,
    0xff,0xff,0xff,0x70,0xad,0xff,0xff,0xff,0xff,0xff,0xff,0xff,0xff,0xff,0x33,0x00,
    0x00,0x00,0x00,0x00,0x00,0x03,0xe9,0xff,0xff,0xff,0xff,0xff,0xff,0xff,0xa8,0x79,
    0xff,0xff,0xff,0xff,0xff,0xff,0xff,0xff,0xff,0x09,0x00,0x00,0x00,0x00,0x00,0x00,
    0x00,0xbf,0xff,0xff,0xff,0xff,0xff,0xff,0xff,0xc1,0x38,0xff,0xff,0xff,0xff,0xff,
    0xff,0xff,0xff,0xe9,0x00,0x00,0x00,0x00,0x00,0x00,0x00,0x00,0xa0,0xff,0xff,0xff,
    0xff,0xff,0xff,0xff,0xd4,0x04,0xf3,0xff,0xff,0xff,0xff,0xff,0xff,0xff,0xd3,0x00,
    0x00,0x00,0x00,0x00,0x00,0x00,0x00,0x88,0xff,0xff,0xff,0xff,0xff,0xff,0xff,0xb7,
    0x00,0xa4,0xff,0xff,0xff,0xff,0xff,0xff,0xff,0xe8,0x00,0x00,0x00,0x00,0x00,0x00,
    0x00,0x00,0x9e,0xff,0xff,0xff,0xff,0xff,0xff,0xff,0x93,0x00,0x29,0xfd,0xff,0xff,
    0xff,0xff,0xff,0xff,0xfe,0x07,0x00,0x00,0x00,0x00,0x00,0x00,0x00,0xbd,0xff,0xff,
    0xff,0xff,0xff,0xff,0xff,0x64,0x00,0x00,0xa7,0xff,0xff,0xff,0xff,0xff,0xff,0xff,
    0x2f,0x00,0x00,0x00,0x00,0x00,0x00,0x02,0xe6,0xff,0xff,0xff,0xff,0xff,0xff,0xee,
    0x0b,0x00,0x00,0x29,0xf9,0xff,0xff,0xff,0xff,0xff,0xff,0x8c,0x00,0x00,0x00,0x00,
    0x00,0x00,0x48,0xff,0xff,0xff,0xff,0xff,0xff,0xff,0x86,0x00,0x00,0x00,0x00,0x6f,
    0xff,0xff,0xff,0xff,0xff,0xff,0xea,0x08,0x00,0x00,0x00,0x00,0x00,0xb1,0xff,0xff,
    0xff,0xff,0xff,0xff,0xd2,0x0b,0x00,0x00,0x00,0x00,0x00,0x9c,0xff,0xff,0xff,0xff,
    0xff,0xff,0xa7,0x01,0x00,0x00,0x00,0x69,0xff,0xff,0xff,0xff,0xff,0xff,0xec,0x21,
    0x00,0x00,0x00,0x00,0x00,0x00,0x02,0x9b,0xff,0xff,0xff,0xff,0xff,0xff,0x9d,0x21,
    0x15,0x73,0xfc,0xff,0xff,0xff,0xff,0xff,0xd9,0x27,0x00,0x00,0x00,0x00,0x00,0x00,
    0x00,0x00,0x00,0x5c,0xee,0xff,0xff,0xff,0xff,0xff,0xff,0xff,0xff,0xff,0xff,0xff,
    0xff,0xfe,0xa4,0x0f,0x00,0x00,0x00,0x00,0x00,0x00,0x00,0x00,0x00,0x00,0x00,0x14,
    0x91,0xf1,0xff,0xff,0xff,0xff,0xff,0xff,0xff,0xff,0xfe,0xbc,0x38,0x00,0x00,0x00,
    0x00,0x00,0x00,0x00,0x00,0x00,0x00,0x00,0x00,0x00,0x00,0x00,0x0b,0x64,0xa8,0xd7,
    0xf3,0xfc,0xef,0xc3,0x7f,0x25,0x00,0x00,0x00,0x00,0x00,0x00,0x00,0x00,0x00,0x00,
    0x00,0x00,0x00,0x00,0x00,0x26,0x90,0xd7,0xf5,0xdd,0x9c,0x1d,0x00,0x00,0x00,0x00,
    0x00,0x00,0x00,0x00,0x6c,0xfe,0xf0,0x1b,0xa7,0xe7,0xdd,0x32,0x00,0x00,0x6b,0xf6,
    0xff,0xff,0xff,0xff,0xff,0xed,0x2a,0x00,0x00,0x00,0x00,0x00,0x00,0x00,0xb1,0xff,
    0xff,0x4f,0xeb,0xff,0xff,0x4f,0x03,0xad,0xff,0xff,0xff,0xff,0xff,0xff,0xff,0xff,
    0xe3,0x1e,0x00,0x00,0x00,0x00,0x00,0x00,0xcb,0xff,0xff,0x56,0xeb,0xff,0xff,0x50,
    0x9b,0xff,0xff,0xff,0xff,0xff,0xff,0xff,0xff,0xff,0xff,0xd4,0x09,0x00,0x00,0x00,
    0x00,0x03,0xf6,0xff,0xff,0x4d,0xeb,0xff,0xff,0xb4,0xff,0xff,0xff,0xff,0xff,0xff,
    0xff,0xff,0xff,0xff,0xff,0xff,0x9a,0x00,0x00,0x00,0x00,0x43,0xff,0xff,0xff,0x3d,
    0xeb,0xff,0xff,0xff,0xff,0xff,0xff,0xff,0xff,0xff,0xff,0xff,0xff,0xff,0xff,0xff,
    0xff,0x62,0x00,0x00,0x00,0xc1,0xff,0xff,0xff,0x22,0xeb,0xff,0xff,0xff,0xff,0xff,
    0xff,0xff,0xff,0xff,0xff,0xff,0xff,0xff,0xff,0xff,0xff,0xfe,0x8b,0x3f,0x9b,0xff,
    0xff,0xff,0xfd,0x07,0xeb,0xff,0xff,0xff,0xff,0xff,0xff,0xff,0xff,0xff,0xff,0xff,
    0xff,0xff,0xff,0xff,0xff,0xff,0xff,0xff,0xff,0xff,0xff,0xff,0xd9,0x00,0xeb,0xff,
    0xff,0xff,0xff,0xff,0xff,0xff,0xff,0xff,0xff,0xff,0xff,0xff,0xff,0xff,0xff,0xff,
    0xff,0xff,0xff,0xff,0xff,0xff,0xad,0x00,0xeb,0xff,0xff,0xff,0xe9,0x59,0x18,0x37,
    0xa0,0xff,0xff,0xff,0xff,0xff,0xff,0xff,0xff,0xff,0xff,0xff,0xff,0xff,0xff,0xff,
    0x6e,0x00,0xeb,0xff,0xff,0xf7,0x24,0x00,0x00,0x00,0x00,0x4a,0xe2,0xff,0xff,0xff,
    0xff,0xff,0xff,0xff,0xff,0xff,0xff,0xff,0xff,0xff,0x28,0x00,0xeb,0xff,0xff,0x97,
    0x00,0x00,0x00,0x00,0x00,0x00,0x09,0x60,0xad,0xde,0xf2,0xfd,0xf5,0xdf,0xb8,0x83,
    0xf6,0xff,0xff,0xd0,0x00,0x00,0xeb,0xff,0xff,0x60,0x00,0x00,0x00,0x00,0x00,0x00,
    0x00,0x00,0x00,0x00,0x00,0x00,0x00,0x00,0x00,0x91,0xff,0xff,0xff,0x75,0x00,0x00,
    0xeb,0xff,0xff,0x4f,0x00,0x00,0x00,0x00,0x00,0x00,0x00,0x00,0x00,0x00,0x00,0x00,
    0x00,0x00,0x29,0xfb,0xff,0xff,0xfd,0x1c,0x00,0x00,0xeb,0xff,0xff,0x4f,0x00,0x00,
    0x00,0x00,0x00,0x00,0x00,0x00,0x00,0x00,0x00,0x00,0x00,0x00,0xba,0xff,0xff,0xff,
    0xbf,0x00,0x00,0x00,0xbc,0xff,0xf3,0x2c,0x00,0x00,0x00,0x00,0x00,0x00,0x00,0x00,
    0x00,0x00,0x00,0x00,0x00,0x50,0xff,0xff,0xff,0xff,0x64,0x00,0x00,0x00,0x00,0x00,
    0x00,0x00,0x00,0x00,0x00,0x00,0x00,0x00,0x00,0x00,0x00,0x00,0x00,0x00,0x08,0xde,
    0xff,0xff,0xff,0xf8,0x10,0x00,0x00,0x00,0x00,0x00,0x00,0x00,0x00,0x00,0x00,0x00,
    0x00,0x00,0x00,0x00,0x00,0x00,0x00,0x00,0x7f,0xff,0xff,0xff,0xff,0xae,0x00,0x00,
    0x00,0x00,0x00,0x00,0x00,0x00,0x00,0x00,0x00,0x00,0x00,0x00,0x00,0x00,0x00,0x00,
    0x00,0x1f,0xf6,0xff,0xff,0xff,0xff,0x55,0x00,0x00,0x00,0x00,0x00,0x00,0x00,0x00,
    0x00,0x00,0x00,0x00,0x00,0x00,0x00,0x00,0x00,0x00,0x00,0xaf,0xff,0xff,0xff,0xff,
    0xf4,0x0a,0x00,0x00,0x00,0x00,0x00,0x00,0x00,0x00,0x00,0x00,0x00,0x00,0x00,0x00,
    0x00,0x00,0x00,0x00,0x48,0xff,0xff,0xff,0xff,0xff,0xa8,0x00,0x00,0x00,0x00,0x00,
    0x00,0x00,0x00,0x00,0x00,0x00,0x00,0x00,0x00,0x00,0x00,0x00,0x00,0x07,0xda,0xff,
    0xff,0xff,0xff,0xff,0x52,0x00,0x00,0x00,0x00,0x00,0x00,0x00,0x00,0x00,0x00,0x00,
    0x00,0x00,0x00,0x00,0x00,0x00,0x00,0x7d,0xff,0xff,0xff,0xff,0xff,0xf8,0x0b,0x00,
    0x00,0x00,0x00,0x00,0x00,0x00,0x00,0x00,0x00,0x00,0x00,0x00,0x00,0x00,0x00,0x00,
    0x21,0xf6,0xff,0xff,0xff,0xff,0xff,0xb8,0x00,0x00,0x00,0x00,0x00,0x00,0x00,0x00,
    0x00,0x00,0x00,0x00,0x00,0x00,0x00,0x00,0x00,0x00,0xb5,0xff,0xff,0xff,0xff,0xff,
    0xff,0x6f,0x00,0x00,0x00,0x00,0x00,0x00,0x00,0x00,0x00,0x00,0x00,0x00,0x00,0x00,
    0x00,0x00,0x00,0x55,0xff,0xff,0xff,0xff,0xff,0xff,0xff,0x38,0x00,0x00,0x00,0x00,
    0x00,0x00,0x00,0x00,0x00,0x00,0x00,0x00,0x00,0x00,0x00,0x00,0x11,0xe8,0xff,0xff,
    0xff,0xff,0xff,0xff,0xfd,0x0b,0x00,0x00,0x00,0x00,0x00,0x00,0x00,0x00,0x00,0x00,
    0x00,0x00,0x00,0x00,0x00,0x00,0x9e,0xff,0xff,0xff,0xff,0xff,0xff,0xff,0xe7,0x00,
    0x00,0x00,0x00,0x00,0x00,0x00,0x00,0x00,0x00,0x00,0x00,0x00,0x00,0x00,0x00,0x40,
    0xff,0xff,0xff,0xff,0xff,0xff,0xff,0xff,0xd8,0x00,0x00,0x00,0x00,0x00,0x00,0x00,
    0x00,0x00,0x00,0x00,0x00,0x00,0x00,0x00,0x07,0xd9,0xff,0xff,0xff,0xff,0xff,0xff,
    0xff,0xff,0xce,0x00,0x00,0x00,0x00,0x00,0x00,0x00,0x00,0x00,0x00,0x00,0x00,0x00,
    0x00,0x00,0x83,0xff,0xff,0xff,0xff,0xff,0xff,0xff,0xff,0xff,0xd3,0x00,0x00,0x00,
    0x00,0x00,0x00,0x00,0x00,0x00,0x00,0x00,0x00,0x00,0x00,0x11,0xf5,0xff,0xff,0xff,
    0xff,0xff,0xff,0xff,0xff,0xff,0xdf,0x00,0x00,0x00,0x00,0x00,0x00,0x00,0x00,0x00,
    0x00,0x00,0x00,0x00,0x00,0x77,0xff,0xff,0xff,0xff,0xff,0xff,0xff,0xff,0xff,0xff,
    0xf6,0x00,0x00,0x00,0x00,0x00,0x00,0x00,0x00,0x00,0x00,0x00,0x00,0x00,0x00,0xc2,
    0xff,0xff,0xff,0xff,0xff,0xff,0xff,0xff,0xff,0xff,0xff,0x12,0x00,0x00,0x00,0x00,
    0x00,0x00,0x00,0x00,0x00,0x00,0x00,0x00,0x00,0xee,0xff,0xff,0xff,0xff,0xff,0xff,
    0xff,0xff,0xff,0xff,0xff,0x30,0x00,0x00,0x00,0x00,0x00,0x00,0x00,0x00,0x00,0x00,
    0x00,0x00,0x00,0xe1,0xff,0xff,0xec,0xd3,0xbd,0xc1,0xd8,0xef,0xff,0xff,0xb7,0x07,
    0x00,0x00,0x00,0x00,0x00,0x00,0x00,0x00,0x00,0x00,0x00,0x00,0x00,0x0d,0x27,0x0d,
    0x00,0x00,0x00,0x00,0x00,0x00,0x13,0x20,0x00,0x00,0x00,0x00,0x00,0x00,0x00,0x00,
    0x00,0x00,0x00,0x00,0x00,0x00,0x00,0x00,0x25,0x6c,0xa7,0xd4,0xe7,0xfa,0xef,0xdb,
    0xbc,0x82,0x44,0x02,0x00,0x00,0x00,0x00,0x00,0x00,0x00,0x00,0x00,0x00,0x00,0x00,
    0x00,0x00,0x4c,0xbd,0xff,0xff,0xff,0xff,0xff,0xff,0xff,0xff,0xff,0xff,0xff,0xe1,
    0x7a,0x0b,0x00,0x00,0x00,0x00,0x00,0x00,0x00,0x00,0x00,0x00,0x1d,0xb3,0xff,0xff,
    0xff,0xff,0xff,0xff,0xff,0xff,0xff,0xff,0xff,0xff,0xff,0xff,0xff,0xe1,0x4d,0x00,
    0x00,0x00,0x00,0x00,0x00,0x00,0x00,0x2e,0xe6,0xff,0xff,0xff,0xff,0xff,0xe7,0x92,
    0x6f,0x58,0x69,0x89,0xac,0xf6,0xff,0xff,0xff,0xff,0xfe,0x73,0x00,0x00,0x00,0x00,
    0x00,0x00,0x20,0xee,0xff,0xff,0xff,0xff,0xff,0x73,0x04,0x00,0x00,0x00,0x00,0x00,
    0x00,0x14,0x7e,0xf3,0xff,0xff,0xff,0xff,0x6c,0x00,0x00,0x00,0x00,0x02,0xc7,0xff,
    0xff,0xff,0xff,0xff,0x85,0x00,0x00,0x00,0x00,0x00,0x00,0x00,0x00,0x00,0x00,0x43,
    0xf9,0xff,0xff,0xff,0xf8,0x2f,0x00,0x00,0x00,0x4c,0xff,0xff,0xff,0xff,0xff,0xff,
    0x2f,0x00,0x00,0x00,0x00,0x00,0x00,0x00,0x00,0x00,0x00,0x00,0x69,0xff,0xff,0xff,
    0xff,0xaa,0x00,0x00,0x00,0xaf,0xff,0xff,0xff,0xff,0xff,0xff,0x10,0x00,0x00,0x00,
    0x00,0x00,0x00,0x00,0x00,0x00,0x00,0x00,0x09,0xf8,0xff,0xff,0xff,0xfb,0x12,0x00,
    0x00,0xdc,0xff,0xff,0xff,0xff,0xff,0xff,0x51,0x00,0x00,0x00,0x00,0x00,0x00,0x00,
    0x00,0x00,0x00,0x00,0x00,0xdd,0xff,0xff,0xff,0xff,0x3a,0x00,0x00,0xf5,0xff,0xff,
    0xff,0xff,0xff,0xff,0xde,0x14,0x00,0x00,0x00,0x00,0x00,0x00,0x00,0x00,0x00,0x00,
    0x00,0xec,0xff,0xff,0xff,0xff,0x52,0x00,0x00,0xe6,0xff,0xff,0xff,0xff,0xff,0xff,
    0xff,0xd5,0x23,0x00,0x00,0x00,0x00,0x00,0x00,0x00,0x00,0x00,0x0b,0xff,0xff,0xff,
    0xff,0xff,0x32,0x00,0x00,0xcb,0xff,0xff,0xff,0xff,0xff,0xff,0xff,0xff,0xf4,0x73,
    0x09,0x00,0x00,0x00,0x00,0x00,0x00,0x00,0x52,0xff,0xff,0xff,0xff,0xf6,0x0c,0x00,
    0x00,0x82,0xff,0xff,0xff,0xff,0xff,0xff,0xff,0xff,0xff,0xff,0xe9,0x74,0x0b,0x00,
    0x00,0x00,0x00,0x01,0xc2,0xff,0xff,0xff,0xff,0x96,0x00,0x00,0x00,0x2a,0xfb,0xff,
    0xff,0xff,0xff,0xff,0xff,0xff,0xff,0xff,0xff,0xff,0xed,0x95,0x39,0x00,0x00,0x87,
    0xff,0xff,0xff,0xff,0xef,0x1f,0x00,0x00,0x00,0x00,0x82,0xff,0xff,0xff,0xff,0xff,
    0xff,0xff,0xff,0xff,0xff,0xff,0xff,0xff,0xff,0xdc,0xc2,0xff,0xff,0xff,0xff,0xfe,
    0x4b,0x00,0x00,0x00,0x00,0x00,0x05,0xae,0xff,0xff,0xff,0xff,0xff,0xff,0xff,0xff,
    0xff,0xff,0xff,0xff,0xff,0xff,0xff,0xff,0xff,0xff,0xf8,0x55,0x00,0x00,0x00,0x00,
    0x00,0x00,0x00,0x01,0x81,0xfe,0xff,0xff,0xff,0xff,0xff,0xff,0xff,0xff,0xff,0xff,
    0xff,0xff,0xff,0xff,0xff,0xff,0xaa,0x03,0x00,0x00,0x00,0x00,0x00,0x00,0x00,0x04,
    0x8a,0xfe,0xff,0xff,0xff,0xff,0xff,0xff,0xff,0xff,0xff,0xff,0xff,0xff,0xff,0xff,
    0xff,0xff,0xff,0xc3,0x1d,0x00,0x00,0x00,0x00,0x00,0x14,0xc7,0xff,0xff,0xff,0xff,
    0xff,0xff,0xff,0xff,0xff,0xff,0xff,0xff,0xff,0xff,0xff,0xff,0xff,0xff,0xff,0xff,
    0xe4,0x13,0x00,0x00,0x00,0x05,0xc1,0xff,0xff,0xff,0xff,0xd1,0x31,0x41,0xa0,0xf3,
    0xff,0xff,0xff,0xff,0xff,0xff,0xff,0xff,0xff,0xff,0xff,0xff,0xff,0xb0,0x00,0x00,
    0x00,0x8e,0xff,0xff,0xff,0xff,0xbd,0x08,0x00,0x00,0x00,0x0b,0x5e,0xcf,0xff,0xff,
    0xff,0xff,0xff,0xff,0xff,0xff,0xff,0xff,0xff,0xff,0x4b,0x00,0x14,0xf7,0xff,0xff,
    0xff,0xf3,0x18,0x00,0x00,0x00,0x00,0x00,0x00,0x00,0x49,0xc3,0xff,0xff,0xff,0xff,
    0xff,0xff,0xff,0xff,0xff,0xff,0xa4,0x00,0x79,0xff,0xff,0xff,0xff,0x94,0x00,0x00,
    0x00,0x00,0x00,0x00,0x00,0x00,0x00,0x00,0x3f,0xd7,0xff,0xff,0xff,0xff,0xff,0xff,
    0xff,0xff,0xf3,0x05,0xb1,0xff,0xff,0xff,0xff,0x4b,0x00,0x00,0x00,0x00,0x00,0x00,
    0x00,0x00,0x00,0x00,0x00,0x08,0x99,0xff,0xff,0xff,0xff,0xff,0xff,0xff,0xff,0x1f,
    0xd2,0xff,0xff,0xff,0xff,0x2c,0x00,0x00,0x00,0x00,0x00,0x00,0x00,0x00,0x00,0x00,
    0x00,0x00,0x00,0x8d,0xff,0xff,0xff,0xff,0xff,0xff,0xff,0x38,0xe2,0xff,0xff,0xff,
    0xff,0x25,0x00,0x00,0x00,0x00,0x00,0x00,0x00,0x00,0x00,0x00,0x00,0x00,0x00,0x05,
    0xd1,0xff,0xff,0xff,0xff,0xff,0xff,0x42,0xc5,0xff,0xff,0xff,0xff,0x46,0x00,0x00,
    0x00,0x00,0x00,0x00,0x00,0x00,0x00,0x00,0x00,0x00,0x00,0x00,0x73,0xff,0xff,0xff,
    0xff,0xff,0xff,0x23,0x9c,0xff,0xff,0xff,0xff,0x98,0x00,0x00,0x00,0x00,0x00,0x00,
    0x00,0x00,0x00,0x00,0x00,0x00,0x00,0x00,0x57,0xff,0xff,0xff,0xff,0xff,0xf4,0x05,
    0x3f,0xff,0xff,0xff,0xff,0xf7,0x29,0x00,0x00,0x00,0x00,0x00,0x00,0x00,0x00,0x00,
    0x00,0x00,0x00,0x00,0x9a,0xff,0xff,0xff,0xff,0xff,0x9c,0x00,0x00,0xd0,0xff,0xff,
    0xff,0xff,0xd8,0x1d,0x00,0x00,0x00,0x00,0x00,0x00,0x00,0x00,0x00,0x00,0x00,0x45,
    0xf9,0xff,0xff,0xff,0xff,0xfd,0x32,0x00,0x00,0x30,0xfa,0xff,0xff,0xff,0xff,0xe8,
    0x6f,0x09,0x00,0x00,0x00,0x00,0x00,0x00,0x00,0x03,0x5f,0xf3,0xff,0xff,0xff,0xff,
    0xff,0x88,0x00,0x00,0x00,0x00,0x67,0xfe,0xff,0xff,0xff,0xff,0xff,0xe8,0x83,0x57,
    0x32,0x12,0x25,0x4a,0x73,0xda,0xff,0xff,0xff,0xff,0xff,0xff,0xbb,0x06,0x00,0x00,
    0x00,0x00,0x00,0x5f,0xfb,0xff,0xff,0xff,0xff,0xff,0xff,0xff,0xff,0xff,0xff,0xff,
    0xff,0xff,0xff,0xff,0xff,0xff,0xff,0xb0,0x07,0x00,0x00,0x00,0x00,0x00,0x00,0x00,
    0x32,0xcf,0xff,0xff,0xff,0xff,0xff,0xff,0xff,0xff,0xff,0xff,0xff,0xff,0xff,0xff,
    0xff,0xf2,0x6a,0x01,0x00,0x00,0x00,0x00,0x00,0x00,0x00,0x00,0x00,0x04,0x60,0xcc,
    0xff,0xff,0xff,0xff,0xff,0xff,0xff,0xff,0xff,0xff,0xff,0xeb,0x87,0x1a,0x00,0x00,
    0x00,0x00,0x00,0x00,0x00,0x00,0x00,0x00,0x00,0x00,0x00,0x00,0x30,0x71,0xae,0xd5,
    0xe8,0xfa,0xf0,0xdc,0xc1,0x87,0x4a,0x08,0x00,0x00,0x00,0x00,0x00,0x00,0x00,0x00,
    0x00,0x00,0x00,0x00,0x00,0x00,0x00,0x00,0x2b,0x83,0xc6,0xef,0xfb,0xf1,0xd2,0xa2,
    0x5b,0x07,0x00,0x00,0x00,0x00,0x00,0x00,0x00,0x00,0x00,0x00,0x00,0x00,0x00,0x00,
    0x00,0x44,0xc4,0xff,0xff,0xff,0xff,0xff,0xff,0xff,0xff,0xff,0xeb,0x84,0x0d,0x00,
    0x00,0x00,0x00,0x00,0x00,0x00,0x00,0x00,0x00,0x00,0x18,0xb3,0xff,0xff,0xff,0xff,
    0xff,0xff,0xfc,0xff,0xff,0xff,0xff,0xff,0xff,0xe7,0x4e,0x00,0x00,0x00,0x00,0x00,
    0x00,0x00,0x00,0x00,0x37,0xe5,0xff,0xff,0xff,0xff,0xff,0xf3,0x57,0x06,0x17,0x9d,
    0xff,0xff,0xff,0xff,0xff,0xff,0x8d,0x00,0x00,0x00,0x00,0x00,0x00,0x00,0x34,0xf6,
    0xff,0xff,0xff,0xff,0xff,0xfb,0x48,0x00,0x00,0x00,0x01,0xa9,0xff,0xff,0xff,0xff,
    0xff,0xff,0x90,0x00,0x00,0x00,0x00,0x00,0x19,0xe4,0xff,0xff,0xff,0xff,0xff,0xff,
    0x92,0x00,0x00,0x00,0x00,0x00,0x0b,0xf0,0xff,0xff,0xff,0xff,0xff,0xff,0x66,0x00,
    0x00,0x00,0x00,0xa2,0xff,0xff,0xff,0xff,0xff,0xff,0xff,0x29,0x00,0x00,0x00,0x00,
    0x00,0x00,0x94,0xff,0xff,0xff,0xff,0xff,0xff,0xf8,0x24,0x00,0x00,0x1d,0xfa,0xff,
    0xff,0xff,0xff,0xff,0xff,0xcb,0x00,0x00,0x00,0x00,0x00,0x00,0x00,0x39,0xff,0xff,
    0xff,0xff,0xff,0xff,0xff,0xa2,0x00,0x00,0x80,0xff,0xff,0xff,0xff,0xff,0xff,0xff,
    0xa3,0x00,0x00,0x00,0x00,0x00,0x00,0x00,0x13,0xff,0xff,0xff,0xff,0xff,0xff,0xff,
    0xfc,0x28,0x00,0xab,0xff,0xff,0xff,0xff,0xff,0xff,0xff,0x84,0x00,0x00,0x00,0x00,
    0x00,0x00,0x00,0x00,0xf4,0xff,0xff,0xff,0xff,0xff,0xff,0xff,0xa3,0x00,0xcf,0xff,
    0xff,0xff,0xff,0xff,0xff,0xff,0x75,0x00,0x00,0x00,0x00,0x00,0x00,0x00,0x00,0xe5,
    0xff,0xff,0xff,0xff,0xff,0xff,0xff,0xef,0x02,0xe4,0xff,0xff,0xff,0xff,0xff,0xff,
    0xff,0x91,0x00,0x00,0x00,0x00,0x00,0x00,0x00,0x04,0xfc,0xff,0xff,0xff,0xff,0xff,
    0xff,0xff,0xff,0x33,0xcd,0xff,0xff,0xff,0xff,0xff,0xff,0xff,0xb1,0x00,0x00,0x00,
    0x00,0x00,0x00,0x00,0x20,0xff,0xff,0xff,0xff,0xff,0xff,0xff,0xff,0xff,0x75,0xb2,
    0xff,0xff,0xff,0xff,0xff,0xff,0xff,0xe8,0x05,0x00,0x00,0x00,0x00,0x00,0x00,0x5b,
    0xff,0xff,0xff,0xff,0xff,0xff,0xff,0xff,0xff,0xa2,0x6c,0xff,0xff,0xff,0xff,0xff,
    0xff,0xff,0xff,0x56,0x00,0x00,0x00,0x00,0x00,0x00,0xc2,0xff,0xff,0xff,0xff,0xff,
    0xff,0xff,0xff,0xff,0xb5,0x19,0xfb,0xff,0xff,0xff,0xff,0xff,0xff,0xff,0xcd,0x08,
    0x00,0x00,0x00,0x00,0x3e,0xff,0xff,0xff,0xff,0xff,0xff,0xff,0xff,0xff,0xff,0xc9,
    0x00,0x8b,0xff,0xff,0xff,0xff,0xff,0xff,0xff,0xff,0xad,0x02,0x00,0x00,0x28,0xed,
    0xff,0xff,0xff,0xff,0xff,0xff,0xff,0xff,0xff,0xff,0xd7,0x00,0x0b,0xd2,0xff,0xff,
    0xff,0xff,0xff,0xff,0xff,0xff,0xd1,0x82,0x95,0xf2,0xff,0xff,0xff,0xff,0xff,0xff,
    0xff,0xff,0xff,0xff,0xff,0xca,0x00,0x00,0x13,0xcc,0xff,0xff,0xff,0xff,0xff,0xff,
    0xff,0xff,0xff,0xff,0xff,0xff,0xf7,0xf2,0xff,0xff,0xff,0xff,0xff,0xff,0xff,0xff,
    0xba,0x00,0x00,0x00,0x06,0x7e,0xf4,0xff,0xff,0xff,0xff,0xff,0xff,0xff,0xff,0xff,
    0xdc,0x3d,0xbf,0xff,0xff,0xff,0xff,0xff,0xff,0xff,0xff,0xa5,0x00,0x00,0x00,0x00,
    0x00,0x0e,0x66,0xaa,0xde,0xf4,0xf9,0xe5,0xd2,0xa1,0x57,0x06,0x00,0xa0,0xff,0xff,
    0xff,0xff,0xff,0xff,0xff,0xff,0x7c,0x00,0x00,0x00,0x00,0x14,0x3e,0x18,0x00,0x00,
    0x00,0x00,0x00,0x00,0x00,0x00,0x00,0x00,0x8e,0xff,0xff,0xff,0xff,0xff,0xff,0xff,
    0xff,0x51,0x00,0x00,0x1e,0xbd,0xff,0xff,0xff,0xc7,0x24,0x00,0x00,0x00,0x00,0x00,
    0x00,0x00,0x00,0x84,0xff,0xff,0xff,0xff,0xff,0xff,0xff,0xff,0x1c,0x00,0x14,0xe9,
    0xff,0xff,0xff,0xff,0xff,0xf0,0x1a,0x00,0x00,0x00,0x00,0x00,0x00,0x00,0x95,0xff,
    0xff,0xff,0xff,0xff,0xff,0xff,0xd9,0x00,0x00,0x9e,0xff,0xff,0xff,0xff,0xff,0xff,
    0xff,0xa6,0x00,0x00,0x00,0x00,0x00,0x00,0x00,0xac,0xff,0xff,0xff,0xff,0xff,0xff,
    0xff,0x93,0x00,0x00,0xeb,0xff,0xff,0xff,0xff,0xff,0xff,0xff,0xf0,0x00,0x00,0x00,
    0x00,0x00,0x00,0x00,0xc2,0xff,0xff,0xff,0xff,0xff,0xff,0xff,0x3d,0x00,0x19,0xff,
    0xff,0xff,0xff,0xff,0xff,0xff,0xff,0xff,0x1b,0x00,0x00,0x00,0x00,0x00,0x06,0xf0,
    0xff,0xff,0xff,0xff,0xff,0xff,0xd4,0x01,0x00,0x16,0xff,0xff,0xff,0xff,0xff,0xff,
    0xff,0xff,0xfd,0x07,0x00,0x00,0x00,0x00,0x00,0x48,0xff,0xff,0xff,0xff,0xff,0xff,
    0xff,0x58,0x00,0x00,0x01,0xed,0xff,0xff,0xff,0xff,0xff,0xff,0xff,0xba,0x00,0x00,
    0x00,0x00,0x00,0x00,0x99,0xff,0xff,0xff,0xff,0xff,0xff,0xc0,0x00,0x00,0x00,0x00,
    0x9d,0xff,0xff,0xff,0xff,0xff,0xff,0xfc,0x3a,0x00,0x00,0x00,0x00,0x00,0x12,0xed,
    0xff,0xff,0xff,0xff,0xff,0xf1,0x24,0x00,0x00,0x00,0x00,0x24,0xfb,0xff,0xff,0xff,
    0xff,0xf9,0x64,0x00,0x00,0x00,0x00,0x00,0x00,0xa3,0xff,0xff,0xff,0xff,0xff,0xff,
    0x55,0x00,0x00,0x00,0x00,0x00,0x00,0x97,0xff,0xff,0xff,0xff,0xc7,0x12,0x00,0x00,
    0x00,0x00,0x08,0x98,0xff,0xff,0xff,0xff,0xff,0xff,0x72,0x00,0x00,0x00,0x00,0x00,
    0x00,0x00,0x08,0xc6,0xff,0xff,0xff,0xff,0xe3,0x94,0x64,0x5e,0x86,0xe6,0xff,0xff,
    0xff,0xff,0xff,0xfe,0x75,0x00,0x00,0x00,0x00,0x00,0x00,0x00,0x00,0x00,0x0a,0xae,
    0xff,0xff,0xff,0xff,0xff,0xff,0xff,0xff,0xff,0xff,0xff,0xff,0xff,0xf0,0x4e,0x00,
    0x00,0x00,0x00,0x00,0x00,0x00,0x00,0x00,0x00,0x00,0x00,0x55,0xd6,0xff,0xff,0xff,
    0xff,0xff,0xff,0xff,0xff,0xff,0xfe,0x9f,0x17,0x00,0x00,0x00,0x00,0x00,0x00,0x00,
    0x00,0x00,0x00,0x00,0x00,0x00,0x00,0x00,0x3c,0x83,0xbc,0xdf,0xf0,0xfa,0xe0,0xc0,
    0x77,0x1d,0x00,0x00,0x00,0x00,0x00,0x00,0x00,0x00,0x00,0x00,0x00,0x00,0x00,0x00,
    0x00,0x00,0x00,0x00,0x00,0x00,0x00,0x30,0x76,0xa2,0xce,0xe3,0xf1,0xfb,0xec,0xda,
    0xc8,0xb3,0x7f,0x42,0x0a,0x00,0x00,0x00,0x00,0x00,0x00,0x00,0x00,0x00,0x00,0x00,
    0x00,0x00,0x00,0x00,0x00,0x00,0x12,0x7c,0xe1,0xff,0xff,0xff,0xff,0xff,0xff,0xff,
    0xff,0xff,0xff,0xff,0xff,0xff,0xfa,0xae,0x3b,0x00,0x00,0x00,0x00,0x00,0x00,0x00,
    0x00,0x00,0x00,0x00,0x00,0x00,0x00,0x61,0xf3,0xff,0xff,0xff,0xff,0xff,0xff,0xdc,
    0xb8,0xa0,0xaa,0xc3,0xf3,0xff,0xff,0xff,0xff,0xff,0xff,0xc4,0x26,0x00,0x00,0x00,
    0x00,0x00,0x00,0x00,0x00,0x00,0x00,0x0b,0xa2,0xff,0xff,0xff,0xff,0xff,0xff,0x9c,
    0x2c,0x00,0x00,0x00,0x00,0x00,0x0a,0x5f,0xec,0xff,0xff,0xff,0xff,0xff,0xf4,0x5e,
    0x00,0x00,0x00,0x00,0x00,0x00,0x00,0x00,0x18,0xd8,0xff,0xff,0xff,0xff,0xff,0xfa,
    0x4d,0x00,0x00,0x00,0x00,0x00,0x00,0x00,0x00,0x00,0x1f,0xe8,0xff,0xff,0xff,0xff,
    0xff,0xfe,0x60,0x00,0x00,0x00,0x00,0x00,0x00,0x05,0xc3,0xff,0xff,0xff,0xff,0xff,
    0xff,0x64,0x00,0x00,0x00,0x00,0x00,0x00,0x00,0x00,0x00,0x00,0x00,0x94,0xff,0xff,
    0xff,0xff,0xff,0xff,0xfc,0x3f,0x00,0x00,0x00,0x00,0x00,0x93,0xff,0xff,0xff,0xff,
    0xff,0xff,0xcb,0x01,0x00,0x00,0x00,0x00,0x00,0x00,0x00,0x00,0x00,0x00,0x7b,0xfe,
    0xff,0xff,0xff,0xff,0xff,0xff,0xff,0xd8,0x07,0x00,0x00,0x00,0x46,0xff,0xff,0xff,
    0xff,0xff,0xff,0xff,0x64,0x00,0x00,0x00,0x00,0x00,0x00,0x00,0x00,0x00,0x00,0x5b,
    0xff,0xff,0xff,0xff,0xff,0xff,0xff,0xff,0xff,0xff,0x64,0x00,0x00,0x00,0xc5,0xff,
    0xff,0xff,0xff,0xff,0xff,0xff,0x1d,0x00,0x00,0x00,0x00,0x00,0x00,0x00,0x00,0x00,
    0x0a,0xef,0xff,0xff,0xff,0xff,0xff,0xff,0xff,0xff,0xff,0xff,0xcb,0x00,0x00,0x42,
    0xff,0xff,0xff,0xff,0xff,0xff,0xff,0xfb,0x02,0x00,0x00,0x00,0x00,0x00,0x00,0x00,
    0x00,0x00,0x60,0xff,0xff,0xff,0xff,0xff,0xff,0xff,0xff,0xff,0xff,0xff,0xfe,0x17,
    0x00,0xb0,0xff,0xff,0xff,0xff,0xff,0xff,0xff,0xe1,0x00,0x00,0x00,0x00,0x00,0x00,
    0x00,0x00,0x00,0x00,0x94,0xff,0xff,0xff,0xff,0xff,0xff,0xff,0xff,0xff,0xff,0xff,
    0xff,0x44,0x07,0xf4,0xff,0xff,0xff,0xff,0xff,0xff,0xff,0xca,0x00,0x00,0x00,0x00,
    0x00,0x00,0x00,0x00,0x00,0x00,0xad,0xff,0xff,0xff,0xff,0xff,0xff,0xff,0xff,0xff,
    0xff,0xff,0xff,0x4f,0x47,0xff,0xff,0xff,0xff,0xff,0xff,0xff,0xff,0xc7,0x00,0x00,
    0x00,0x00,0x00,0x00,0x00,0x00,0x00,0x00,0x8d,0xff,0xff,0xff,0xff,0xff,0xff,0xff,
    0xff,0xff,0xff,0xff,0xff,0x36,0x86,0xff,0xff,0xff,0xff,0xff,0xff,0xff,0xff,0xc7,
    0x00,0x00,0x00,0x00,0x00,0x00,0x00,0x00,0x00,0x00,0x44,0xff,0xff,0xff,0xff,0xff,
    0xff,0xff,0xff,0xff,0xff,0xff,0xf1,0x05,0xae,0xff,0xff,0xff,0xff,0xff,0xff,0xff,
    0xff,0xc7,0x00,0x00,0x00,0x00,0x00,0x00,0x00,0x00,0x00,0x00,0x06,0xde,0xff,0xff,
    0xff,0xff,0xff,0xff,0xff,0xff,0xff,0xff,0x7a,0x00,0xd6,0xff,0xff,0xff,0xff,0xff,
    0xff,0xff,0xff,0xc7,0x00,0x00,0x00,0x00,0x00,0x00,0x00,0x00,0x00,0x00,0x00,0x3a,
    0xfc,0xff,0xff,0xff,0xff,0xff,0xff,0xff,0xff,0xcd,0x04,0x00,0xed,0xff,0xff,0xff,
    0xff,0xff,0xff,0xff,0xff,0xc7,0x00,0x00,0x00,0x00,0x00,0x00,0x00,0x00,0x00,0x00,
    0x00,0x00,0x50,0xed,0xff,0xff,0xff,0xff,0xff,0xff,0xb8,0x1a,0x00,0x00,0xf9,0xff,
    0xff,0xff,0xff,0xff,0xff,0xff,0xff,0xc7,0x00,0x00,0x00,0x00,0x00,0x00,0x00,0x00,
    0x00,0x00,0x00,0x00,0x00,0x1c,0x89,0xd5,0xff,0xef,0xc3,0x61,0x00,0x00,0x00,0x00,
    0xfc,0xff,0xff,0xff,0xff,0xff,0xff,0xff,0xff,0xc7,0x00,0x00,0x00,0x00,0x00,0x00,
    0x00,0x00,0x00,0x00,0x00,0x00,0x00,0x00,0x00,0x00,0x00,0x00,0x00,0x00,0x00,0x00,
    0x00,0x00,0xf6,0xff,0xff,0xff,0xff,0xff,0xff,0xff,0xff,0xc7,0x00,0x00,0x00,0x00,
    0x00,0x00,0x00,0x00,0x00,0x00,0x00,0x00,0x00,0x00,0x00,0x00,0x00,0x00,0x00,0x00,
    0x00,0x00,0x00,0x00,0xf0,0xff,0xff,0xff,0xff,0xff,0xff,0xff,0xff,0xc7,0x00,0x00,
    0x00,0x00,0x00,0x00,0x00,0x00,0x00,0x00,0x00,0x00,0x00,0x00,0x00,0x00,0x00,0x00,
    0x00,0x00,0x00,0x00,0x00,0x00,0xe3,0xff,0xff,0xff,0xff,0xff,0xff,0xff,0xff,0xc7,
    0x00,0x00,0x00,0x00,0x00,0x00,0x00,0x00,0x00,0x00,0x00,0x00,0x00,0x00,0x00,0x00,
    0x00,0x00,0x00,0x00,0x00,0x00,0x00,0x00,0xc7,0xff,0xff,0xff,0xff,0xff,0xff,0xff,
    0xff,0xc7,0x00,0x00,0x00,0x00,0x00,0x00,0x00,0x00,0x00,0x00,0x00,0x00,0x00,0x00,
    0x00,0x00,0x00,0x00,0x00,0x00,0x00,0x00,0x00,0x00,0xab,0xff,0xff,0xff,0xff,0xff,
    0xff,0xff,0xff,0xc7,0x00,0x00,0x00,0x00,0x00,0x00,0x00,0x00,0x00,0x00,0x00,0x00,
    0x00,0x00,0x00,0x00,0x00,0x00,0x00,0x00,0x00,0x00,0x00,0x00,0x89,0xff,0xff,0xff,
    0xff,0xff,0xff,0xff,0xff,0xc7,0x00,0x00,0x00,0x00,0x00,0x00,0x00,0x00,0x00,0x00,
    0x00,0x00,0x00,0x00,0x00,0x00,0x00,0x00,0x00,0x00,0x33,0x34,0x00,0x00,0x4b,0xff,
    0xff,0xff,0xff,0xff,0xff,0xff,0xff,0xcd,0x00,0x00,0x00,0x00,0x00,0x00,0x00,0x00,
    0x00,0x00,0x00,0x00,0x00,0x00,0x00,0x00,0x00,0x00,0x00,0x12,0xfd,0xfa,0x01,0x00,
    0x0c,0xfb,0xff,0xff,0xff,0xff,0xff,0xff,0xff,0xdd,0x00,0x00,0x00,0x00,0x00,0x00,
    0x00,0x00,0x00,0x00,0x00,0x00,0x00,0x00,0x00,0x00,0x00,0x00,0x00,0x37,0xff,0xdf,
    0x00,0x00,0x00,0xc2,0xff,0xff,0xff,0xff,0xff,0xff,0xff,0xf4,0x02,0x00,0x00,0x00,
    0x00,0x00,0x00,0x00,0x00,0x00,0x00,0x00,0x00,0x00,0x00,0x00,0x00,0x00,0x00,0x65,
    0xff,0xbe,0x00,0x00,0x00,0x4f,0xff,0xff,0xff,0xff,0xff,0xff,0xff,0xff,0x2c,0x00,
    0x00,0x00,0x00,0x00,0x00,0x00,0x00,0x00,0x00,0x00,0x00,0x00,0x00,0x00,0x00,0x00,
    0x00,0xba,0xff,0x80,0x00,0x00,0x00,0x00,0xcd,0xff,0xff,0xff,0xff,0xff,0xff,0xff,
    0x75,0x00,0x00,0x00,0x00,0x00,0x00,0x00,0x00,0x00,0x00,0x00,0x00,0x00,0x00,0x00,
    0x00,0x00,0x29,0xfc,0xff,0x2a,0x00,0x00,0x00,0x00,0x46,0xfe,0xff,0xff,0xff,0xff,
    0xff,0xff,0xdf,0x03,0x00,0x00,0x00,0x00,0x00,0x00,0x00,0x00,0x00,0x00,0x00,0x00,
    0x00,0x00,0x00,0x01,0xbd,0xff,0xc4,0x00,0x00,0x00,0x00,0x00,0x00,0x71,0xff,0xff,
    0xff,0xff,0xff,0xff,0xff,0x80,0x00,0x00,0x00,0x00,0x00,0x00,0x00,0x00,0x00,0x00,
    0x00,0x00,0x00,0x00,0x00,0x8f,0xff,0xfd,0x31,0x00,0x00,0x00,0x00,0x00,0x00,0x00,
    0x86,0xff,0xff,0xff,0xff,0xff,0xff,0xfd,0x65,0x00,0x00,0x00,0x00,0x00,0x00,0x00,
    0x00,0x00,0x00,0x00,0x00,0x0c,0x9d,0xff,0xff,0x81,0x00,0x00,0x00,0x00,0x00,0x00,
    0x00,0x00,0x00,0x78,0xfa,0xff,0xff,0xff,0xff,0xff,0xff,0xa4,0x26,0x00,0x00,0x00,
    0x00,0x00,0x00,0x00,0x00,0x0b,0x68,0xdf,0xff,0xff,0x94,0x00,0x00,0x00,0x00,0x00,
    0x00,0x00,0x00,0x00,0x00,0x00,0x2f,0xb6,0xff,0xff,0xff,0xff,0xff,0xff,0xfd,0xc8,
    0x8a,0x67,0x55,0x53,0x64,0x80,0xb9,0xf3,0xff,0xff,0xf5,0x6a,0x00,0x00,0x00,0x00,
    0x00,0x00,0x00,0x00,0x00,0x00,0x00,0x00,0x00,0x00,0x33,0x92,0xe9,0xff,0xff,0xff,
    0xff,0xff,0xff,0xff,0xff,0xff,0xff,0xff,0xff,0xff,0xf7,0x9c,0x24,0x00,0x00,0x00,
    0x00,0x00,0x00,0x00,0x00,0x00,0x00,0x00,0x00,0x00,0x00,0x00,0x00,0x00,0x01,0x2b,
    0x65,0x95,0xb5,0xd5,0xe7,0xf1,0xfa,0xf8,0xe5,0xcf,0x9c,0x5f,0x14,0x00,0x00,0x00,
    0x00,0x00,0x00,0x00,0x00,0x00,0x00,0x00,0x00,0x00,0x00,0x00,0x00,0x00,0x00,0x00,
    0x00,0x00,0x00,0x00,0x00,0x4f,0x6b,0x64,0x0c,0x00,0x00,0x00,0x00,0x00,0x00,0x00,
    0x00,0x00,0x00,0x00,0x00,0x00,0x00,0x00,0x00,0x00,0x00,0x00,0x00,0x00,0x00,0x00,
    0x00,0x00,0x00,0x00,0x00,0x00,0x15,0xff,0xff,0xff,0x64,0x00,0x00,0x00,0x00,0x00,
    0x00,0x00,0x00,0x00,0x00,0x00,0x00,0x00,0x00,0x00,0x00,0x00,0x00,0x00,0x00,0x00,
    0x00,0x00,0x00,0x00,0x00,0x00,0x00,0x00,0x1b,0xff,0xff,0xff,0x6b,0x00,0x00,0x00,
    0x00,0x00,0x00,0x00,0x00,0x00,0x00,0x00,0x00,0x00,0x00,0x00,0x00,0x00,0x00,0x00,
    0x00,0x00,0x00,0x00,0x00,0x00,0x00,0x00,0x00,0x00,0x1b,0xff,0xff,0xff,0x6b,0x00,
    0x00,0x00,0x00,0x00,0x00,0x00,0x00,0x00,0x00,0x00,0x00,0x00,0x00,0x00,0x00,0x00,
    0x00,0x00,0x00,0x00,0x00,0x00,0x00,0x00,0x00,0x00,0x00,0x00,0x1b,0xff,0xff,0xff,
    0x6b,0x00,0x00,0x00,0x00,0x00,0x00,0x00,0x00,0x00,0x00,0x00,0x00,0x00,0x00,0x00,
    0x00,0x00,0x00,0x00,0x00,0x00,0x00,0x00,0x00,0x00,0x00,0x00,0x00,0x00,0x1b,0xff,
    0xff,0xff,0x6b,0x00,0x00,0x00,0x00,0x00,0x00,0x00,0x00,0x00,0x00,0x00,0x00,0x00,
    0x00,0x00,0x00,0x00,0x00,0x00,0x00,0x00,0x00,0x00,0x00,0x00,0x00,0x00,0x00,0x00,
    0x1b,0xff,0xff,0xff,0x6b,0x00,0x00,0x00,0x00,0x00,0x00,0x00,0x00,0x00,0x00,0x00,
    0x00,0x00,0x00,0x00,0x00,0x00,0x00,0x00,0x00,0x00,0x00,0x00,0x00,0x00,0x00,0x00,
    0x00,0x00,0x1b,0xff,0xff,0xff,0x6b,0x00,0x00,0x00,0x00,0x00,0x00,0x00,0x00,0x00,
    0x00,0x00,0x00,0x00,0x00,0x00,0x00,0x00,0x00,0x00,0x00,0x00,0x00,0x00,0x00,0x00,
    0x00,0x00,0x00,0x00,0x1b,0xff,0xff,0xff,0x6b,0x00,0x00,0x00,0x00,0x00,0x00,0x00,
    0x00,0x00,0x00,0x00,0x00,0x00,0x00,0x00,0x00,0x00,0x00,0x00,0x00,0x00,0x00,0x00,
    0x00,0x00,0x00,0x00,0x00,0x00,0x1b,0xff,0xff,0xff,0x6b,0x00,0x00,0x00,0x00,0x00,
    0x00,0x00,0x00,0x00,0x00,0x00,0x00,0x00,0x00,0x00,0x00,0x00,0x00,0x00,0x00,0x00,
    0x00,0x00,0x00,0x00,0x04,0x3e,0x84,0xb1,0xdd,0xff,0xff,0xff,0xfb,0xe3,0xca,0xb1,
    0x8d,0x4a,0x0b,0x00,0x00,0x00,0x00,0x00,0x00,0x00,0x00,0x00,0x00,0x00,0x00,0x00,
    0x00,0x00,0x00,0x00,0x0b,0x76,0xeb,0xff,0xff,0xff,0xff,0xff,0xff,0xff,0xff,0xff,
    0xff,0xff,0xff,0xff,0xf9,0xb8,0x41,0x00,0x00,0x00,0x00,0x00,0x00,0x00,0x00,0x00,
    0x00,0x00,0x00,0x00,0x06,0x73,0xea,0xff,0xff,0xff,0xff,0xff,0xfc,0xff,0xff,0xff,
    0xc1,0xb2,0xe5,0xff,0xff,0xff,0xff,0xff,0xff,0xc5,0x2c,0x00,0x00,0x00,0x00,0x00,
    0x00,0x00,0x00,0x00,0x00,0x0f,0xbf,0xff,0xff,0xff,0xff,0xff,0xf8,0x7d,0x30,0xff,
    0xff,0xff,0x6b,0x00,0x03,0x52,0xe6,0xff,0xff,0xff,0xff,0xff,0xf5,0x5f,0x00,0x00,
    0x00,0x00,0x00,0x00,0x00,0x00,0x1a,0xd1,0xff,0xff,0xff,0xff,0xff,0xf7,0x35,0x00,
    0x1b,0xff,0xff,0xff,0x6b,0x00,0x00,0x00,0x1c,0xe7,0xff,0xff,0xff,0xff,0xff,0xff,
    0x63,0x00,0x00,0x00,0x00,0x00,0x00,0x0b,0xda,0xff,0xff,0xff,0xff,0xff,0xff,0x64,
    0x00,0x00,0x1b,0xff,0xff,0xff,0x6b,0x00,0x00,0x00,0x00,0x9a,0xff,0xff,0xff,0xff,
    0xff,0xff,0xfb,0x3f,0x00,0x00,0x00,0x00,0x00,0x98,0xff,0xff,0xff,0xff,0xff,0xff,
    0xbe,0x00,0x00,0x00,0x1b,0xff,0xff,0xff,0x6b,0x00,0x00,0x00,0x89,0xff,0xff,0xff,
    0xff,0xff,0xff,0xff,0xff,0xd7,0x06,0x00,0x00,0x00,0x49,0xff,0xff,0xff,0xff,0xff,
    0xff,0xff,0x67,0x00,0x00,0x00,0x1b,0xff,0xff,0xff,0x6b,0x00,0x00,0x66,0xff,0xff,
    0xff,0xff,0xff,0xff,0xff,0xff,0xff,0xff,0x64,0x00,0x00,0x00,0xd2,0xff,0xff,0xff,
    0xff,0xff,0xff,0xff,0x18,0x00,0x00,0x00,0x1b,0xff,0xff,0xff,0x6b,0x00,0x0c,0xf2,
    0xff,0xff,0xff,0xff,0xff,0xff,0xff,0xff,0xff,0xff,0xcb,0x00,0x00,0x43,0xff,0xff,
    0xff,0xff,0xff,0xff,0xff,0xef,0x00,0x00,0x00,0x00,0x1b,0xff,0xff,0xff,0x6b,0x00,
    0x64,0xff,0xff,0xff,0xff,0xff,0xff,0xff,0xff,0xff,0xff,0xff,0xff,0x18,0x00,0xb2,
    0xff,0xff,0xff,0xff,0xff,0xff,0xff,0xda,0x00,0x00,0x00,0x00,0x1b,0xff,0xff,0xff,
    0x6b,0x00,0x96,0xff,0xff,0xff,0xff,0xff,0xff,0xff,0xff,0xff,0xff,0xff,0xff,0x45,
    0x09,0xf8,0xff,0xff,0xff,0xff,0xff,0xff,0xff,0xc9,0x00,0x00,0x00,0x00,0x1b,0xff,
    0xff,0xff,0x6b,0x00,0xad,0xff,0xff,0xff,0xff,0xff,0xff,0xff,0xff,0xff,0xff,0xff,
    0xff,0x4e,0x47,0xff,0xff,0xff,0xff,0xff,0xff,0xff,0xff,0xc7,0x00,0x00,0x00,0x00,
    0x1b,0xff,0xff,0xff,0x6b,0x00,0x8c,0xff,0xff,0xff,0xff,0xff,0xff,0xff,0xff,0xff,
    0xff,0xff,0xff,0x35,0x88,0xff,0xff,0xff,0xff,0xff,0xff,0xff,0xff,0xc7,0x00,0x00,
    0x00,0x00,0x1b,0xff,0xff,0xff,0x6b,0x00,0x41,0xff,0xff,0xff,0xff,0xff,0xff,0xff,
    0xff,0xff,0xff,0xff,0xf0,0x05,0xb1,0xff,0xff,0xff,0xff,0xff,0xff,0xff,0xff,0xc7,
    0x00,0x00,0x00,0x00,0x1b,0xff,0xff,0xff,0x6b,0x00,0x05,0xdb,0xff,0xff,0xff,0xff,
    0xff,0xff,0xff,0xff,0xff,0xff,0x77,0x00,0xd6,0xff,0xff,0xff,0xff,0xff,0xff,0xff,
    0xff,0xc7,0x00,0x00,0x00,0x00,0x1b,0xff,0xff,0xff,0x6b,0x00,0x00,0x34,0xfa,0xff,
    0xff,0xff,0xff,0xff,0xff,0xff,0xff,0xcc,0x03,0x00,0xef,0xff,0xff,0xff,0xff,0xff,
    0xff,0xff,0xff,0xc7,0x00,0x00,0x00,0x00,0x1b,0xff,0xff,0xff,0x6b,0x00,0x00,0x00,
    0x49,0xe9,0xff,0xff,0xff,0xff,0xff,0xff,0xb6,0x19,0x00,0x00,0xfa,0xff,0xff,0xff,
    0xff,0xff,0xff,0xff,0xff,0xc7,0x00,0x00,0x00,0x00,0x1b,0xff,0xff,0xff,0x6b,0x00,
    0x00,0x00,0x00,0x17,0x84,0xd0,0xff,0xef,0xc2,0x60,0x00,0x00,0x00,0x00,0xfd,0xff,
    0xff,0xff,0xff,0xff,0xff,0xff,0xff,0xc7,0x00,0x00,0x00,0x00,0x1b,0xff,0xff,0xff,
    0x6b,0x00,0x00,0x00,0x00,0x00,0x00,0x00,0x00,0x00,0x00,0x00,0x00,0x00,0x00,0x00,
    0xf8,0xff,0xff,0xff,0xff,0xff,0xff,0xff,0xff,0xc7,0x00,0x00,0x00,0x00,0x1b,0xff,
    0xff,0xff,0x6b,0x00,0x00,0x00,0x00,0x00,0x00,0x00,0x00,0x00,0x00,0x00,0x00,0x00,
    0x00,0x00,0xf2,0xff,0xff,0xff,0xff,0xff,0xff,0xff,0xff,0xc7,0x00,0x00,0x00,0x00,
    0x1b,0xff,0xff,0xff,0x6b,0x00,0x00,0x00,0x00,0x00,0x00,0x00,0x00,0x00,0x00,0x00,
    0x00,0x00,0x00,0x00,0xe3,0xff,0xff,0xff,0xff,0xff,0xff,0xff,0xff,0xc7,0x00,0x00,
    0x00,0x00,0x1b,0xff,0xff,0xff,0x6b,0x00,0x00,0x00,0x00,0x00,0x00,0x00,0x00,0x00,
    0x00,0x00,0x00,0x00,0x00,0x00,0xca,0xff,0xff,0xff,0xff,0xff,0xff,0xff,0xff,0xc7,
    0x00,0x00,0x00,0x00,0x1b,0xff,0xff,0xff,0x6b,0x00,0x00,0x00,0x00,0x00,0x00,0x00,
    0x00,0x00,0x00,0x00,0x00,0x00,0x00,0x00,0xb2,0xff,0xff,0xff,0xff,0xff,0xff,0xff,
    0xff,0xc7,0x00,0x00,0x00,0x00,0x1b,0xff,0xff,0xff,0x6b,0x00,0x00,0x00,0x00,0x00,
    0x00,0x00,0x00,0x00,0x00,0x00,0x00,0x00,0x00,0x00,0x88,0xff,0xff,0xff,0xff,0xff,
    0xff,0xff,0xff,0xc7,0x00,0x00,0x00,0x00,0x1b,0xff,0xff,0xff,0x6b,0x00,0x00,0x00,
    0x00,0x00,0x00,0x00,0x00,0x00,0x00,0x00,0x33,0x34,0x00,0x00,0x50,0xff,0xff,0xff,
    0xff,0xff,0xff,0xff,0xff,0xd0,0x00,0x00,0x00,0x00,0x1b,0xff,0xff,0xff,0x6b,0x00,
    0x00,0x00,0x00,0x00,0x00,0x00,0x00,0x00,0x00,0x12,0xfd,0xfa,0x01,0x00,0x17,0xff,
    0xff,0xff,0xff,0xff,0xff,0xff,0xff,0xe9,0x00,0x00,0x00,0x00,0x1b,0xff,0xff,0xff,
    0x6b,0x00,0x00,0x00,0x00,0x00,0x00,0x00,0x00,0x00,0x00,0x37,0xff,0xdf,0x00,0x00,
    0x00,0xc1,0xff,0xff,0xff,0xff,0xff,0xff,0xff,0xfe,0x04,0x00,0x00,0x00,0x1b,0xff,
    0xff,0xff,0x6b,0x00,0x00,0x00,0x00,0x00,0x00,0x00,0x00,0x00,0x00,0x65,0xff,0xbe,
    0x00,0x00,0x00,0x55,0xff,0xff,0xff,0xff,0xff,0xff,0xff,0xff,0x2a,0x00,0x00,0x00,
    0x1b,0xff,0xff,0xff,0x6b,0x00,0x00,0x00,0x00,0x00,0x00,0x00,0x00,0x00,0x00,0xba,
    0xff,0x80,0x00,0x00,0x00,0x04,0xe1,0xff,0xff,0xff,0xff,0xff,0xff,0xff,0x83,0x00,
    0x00,0x00,0x1b,0xff,0xff,0xff,0x6b,0x00,0x00,0x00,0x00,0x00,0x00,0x00,0x00,0x00,
    0x29,0xfc,0xff,0x2a,0x00,0x00,0x00,0x00,0x42,0xfd,0xff,0xff,0xff,0xff,0xff,0xff,
    0xe1,0x02,0x00,0x00,0x1b,0xff,0xff,0xff,0x6b,0x00,0x00,0x00,0x00,0x00,0x00,0x00,
    0x00,0x01,0xbd,0xff,0xc4,0x00,0x00,0x00,0x00,0x00,0x00,0x84,0xff,0xff,0xff,0xff,
    0xff,0xff,0xff,0x87,0x00,0x00,0x1b,0xff,0xff,0xff,0x6b,0x00,0x00,0x00,0x00,0x00,
    0x00,0x00,0x00,0x8f,0xff,0xfd,0x31,0x00,0x00,0x00,0x00,0x00,0x00,0x04,0x9c,0xff,
    0xff,0xff,0xff,0xff,0xff,0xff,0x61,0x00,0x1b,0xff,0xff,0xff,0x6b,0x00,0x00,0x00,
    0x00,0x00,0x00,0x0c,0x9d,0xff,0xff,0x81,0x00,0x00,0x00,0x00,0x00,0x00,0x00,0x00,
    0x00,0x67,0xf9,0xff,0xff,0xff,0xff,0xff,0xff,0xb3,0x46,0xff,0xff,0xff,0x6b,0x00,
    0x00,0x00,0x00,0x0b,0x68,0xdf,0xff,0xff,0x94,0x00,0x00,0x00,0x00,0x00,0x00,0x00,
    0x00,0x00,0x00,0x00,0x34,0xc1,0xff,0xff,0xff,0xff,0xff,0xff,0xff,0xff,0xff,0xff,
    0x97,0x53,0x64,0x80,0xb9,0xf3,0xff,0xff,0xf5,0x6a,0x00,0x00,0x00,0x00,0x00,0x00,
    0x00,0x00,0x00,0x00,0x00,0x00,0x00,0x00,0x3c,0x9c,0xee,0xff,0xff,0xff,0xff,0xff,
    0xff,0xff,0xff,0xff,0xff,0xff,0xff,0xff,0xf7,0x9c,0x24,0x00,0x00,0x00,0x00,0x00,
    0x00,0x00,0x00,0x00,0x00,0x00,0x00,0x00,0x00,0x00,0x00,0x00,0x02,0x32,0x6e,0x96,
    0xc2,0xff,0xff,0xff,0xff,0xf8,0xe5,0xcf,0x9c,0x5f,0x14,0x00,0x00,0x00,0x00,0x00,
    0x00,0x00,0x00,0x00,0x00,0x00,0x00,0x00,0x00,0x00,0x00,0x00,0x00,0x00,0x00,0x00,
    0x00,0x00,0x1b,0xff,0xff,0xff,0x6b,0x00,0x00,0x00,0x00,0x00,0x00,0x00,0x00,0x00,
    0x00,0x00,0x00,0x00,0x00,0x00,0x00,0x00,0x00,0x00,0x00,0x00,0x00,0x00,0x00,0x00,
    0x00,0x00,0x00,0x00,0x1b,0xff,0xff,0xff,0x6b,0x00,0x00,0x00,0x00,0x00,0x00,0x00,
    0x00,0x00,0x00,0x00,0x00,0x00,0x00,0x00,0x00,0x00,0x00,0x00,0x00,0x00,0x00,0x00,
    0x00,0x00,0x00,0x00,0x00,0x00,0x1b,0xff,0xff,0xff,0x6b,0x00,0x00,0x00,0x00,0x00,
    0x00,0x00,0x00,0x00,0x00,0x00,0x00,0x00,0x00,0x00,0x00,0x00,0x00,0x00,0x00,0x00,
    0x00,0x00,0x00,0x00,0x00,0x00,0x00,0x00,0x1b,0xff,0xff,0xff,0x6b,0x00,0x00,0x00,
    0x00,0x00,0x00,0x00,0x00,0x00,0x00,0x00,0x00,0x00,0x00,0x00,0x00,0x00,0x00,0x00,
    0x00,0x00,0x00,0x00,0x00,0x00,0x00,0x00,0x00,0x00,0x1b,0xff,0xff,0xff,0x6b,0x00,
    0x00,0x00,0x00,0x00,0x00,0x00,0x00,0x00,0x00,0x00,0x00,0x00,0x00,0x00,0x00,0x00,
    0x00,0x00,0x00,0x00,0x00,0x00,0x00,0x00,0x00,0x00,0x00,0x00,0x1b,0xff,0xff,0xff,
    0x6b,0x00,0x00,0x00,0x00,0x00,0x00,0x00,0x00,0x00,0x00,0x00,0x00,0x00,0x00,0x00,
    0x00,0x00,0x00,0x00,0x00,0x00,0x00,0x00,0x00,0x00,0x00,0x00,0x00,0x00,0x1b,0xff,
    0xff,0xff,0x6b,0x00,0x00,0x00,0x00,0x00,0x00,0x00,0x00,0x00,0x00,0x00,0x00,0x00,
    0x00,0x00,0x00,0x00,0x00,0x00,0x00,0x00,0x00,0x00,0x00,0x00,0x00,0x00,0x00,0x00,
    0x1a,0xff,0xff,0xff,0x6a,0x00,0x00,0x00,0x00,0x00,0x00,0x00,0x00,0x00,0x00,0x00,
    0x00,0x00,0x00,0x00,0x00,0x00,0x00,0x00,0x00,0x00,0x00,0x00,0x00,0x00,0x00,0x00,
    0x00,0x00,0x00,0x8a,0xa7,0xa0,0x1f,0x00,0x00,0x00,0x00,0x00,0x00,0x00,0x00,0x00,
    0x00,0x00,0x00,0x00,0x00,0x00,0x00,0x00,0x00,0x00,0x00,0x00,0x00,0x00,0x00,0x02,
    0x19,0x2a,0x3b,0x47,0x39,0x28,0x17,0x01,0x00,0x00,0x00,0x00,0x00,0x00,0x00,0x00,
    0x00,0x00,0x00,0x00,0x00,0x00,0x00,0x2a,0x82,0xbb,0xf2,0xff,0xff,0xff,0xff,0xff,
    0xff,0xff,0xed,0xb5,0x7b,0x20,0x00,0x00,0x00,0x00,0x00,0x00,0x00,0x00,0x00,0x00,
    0x3d,0xbd,0xff,0xff,0xff,0xff,0xff,0xff,0xff,0xff,0xff,0xff,0xff,0xff,0xff,0xff,
    0xfd,0xb0,0x2d,0x00,0x00,0x00,0x00,0x00,0x00,0x05,0x8c,0xfd,0xff,0xff,0xff,0xf4,
    0x8e,0x44,0x18,0x06,0x0d,0x33,0x9a,0xff,0xff,0xff,0xff,0xff,0xff,0xf9,0x76,0x00,
    0x00,0x00,0x00,0x01,0xa5,0xff,0xff,0xff,0xff,0xf1,0x2d,0x00,0x00,0x00,0x00,0x00,
    0x00,0x00,0x7b,0xff,0xff,0xff,0xff,0xff,0xff,0xff,0x84,0x00,0x00,0x00,0x7c,0xff,
    0xff,0xff,0xff,0xff,0x93,0x00,0x00,0x00,0x00,0x00,0x00,0x00,0x00,0x02,0xd2,0xff,
    0xff,0xff,0xff,0xff,0xff,0xff,0x57,0x00,0x1c,0xf5,0xff,0xff,0xff,0xff,0xff,0x6d,
    0x00,0x00,0x00,0x00,0x00,0x00,0x00,0x00,0x00,0x64,0xff,0xff,0xff,0xff,0xff,0xff,
    0xff,0xe2,0x09,0x7c,0xff,0xff,0xff,0xff,0xff,0xff,0x77,0x00,0x00,0x00,0x00,0x00,
    0x00,0x00,0x00,0x00,0x0a,0xf5,0xff,0xff,0xff,0xff,0xff,0xff,0xff,0x54,0xc8,0xff,
    0xff,0xff,0xff,0xff,0xff,0x9b,0x00,0x00,0x00,0x00,0x00,0x00,0x00,0x00,0x00,0x00,
    0xad,0xff,0xff,0xff,0xff,0xff,0xff,0xff,0x9f,0xeb,0xff,0xff,0xff,0xff,0xff,0xff,
    0xcd,0x00,0x00,0x00,0x00,0x00,0x00,0x00,0x00,0x00,0x00,0x5d,0xff,0xff,0xff,0xff,
    0xff,0xff,0xff,0xc1,0xf9,0xff,0xff,0xff,0xff,0xff,0xff,0xfd,0x0f,0x00,0x00,0x00,
    0x00,0x00,0x00,0x00,0x00,0x00,0x1c,0xff,0xff,0xff,0xff,0xff,0xff,0xff,0xd0,0xe4,
    0xff,0xff,0xff,0xff,0xff,0xff,0xff,0x50,0x00,0x00,0x00,0x00,0x00,0x00,0x00,0x00,
    0x00,0x00,0xdf,0xff,0xff,0xff,0xff,0xff,0xff,0xba,0xb5,0xff,0xff,0xff,0xff,0xff,
    0xff,0xff,0xa0,0x00,0x00,0x00,0x00,0x00,0x00,0x00,0x00,0x00,0x00,0xb4,0xff,0xff,
    0xff,0xff,0xff,0xff,0x8c,0x65,0xff,0xff,0xff,0xff,0xff,0xff,0xff,0xee,0x06,0x00,
    0x00,0x00,0x00,0x00,0x00,0x00,0x00,0x00,0x98,0xff,0xff,0xff,0xff,0xff,0xff,0x3e,
    0x08,0xe1,0xff,0xff,0xff,0xff,0xff,0xff,0xff,0x5b,0x00,0x00,0x00,0x00,0x00,0x00,
    0x00,0x00,0x00,0xa6,0xff,0xff,0xff,0xff,0xff,0xc2,0x00,0x00,0x4c,0xfd,0xff,0xff,
    0xff,0xff,0xff,0xff,0xd2,0x05,0x00,0x00,0x00,0x00,0x00,0x00,0x00,0x06,0xe5,0xff,
    0xff,0xff,0xff,0xf5,0x2f,0x00,0x00,0x00,0x65,0xfe,0xff,0xff,0xff,0xff,0xff,0xff,
    0x98,0x03,0x00,0x00,0x00,0x00,0x00,0x04,0xaf,0xff,0xff,0xff,0xff,0xfa,0x48,0x00,
    0x00,0x00,0x00,0x00,0x45,0xe3,0xff,0xff,0xff,0xff,0xff,0xff,0xd1,0x78,0x56,0x53,
    0x64,0x90,0xe4,0xff,0xff,0xff,0xff,0xd6,0x33,0x00,0x00,0x00,0x00,0x00,0x00,0x00,
    0x0f,0x75,0xde,0xff,0xff,0xff,0xff,0xff,0xff,0xff,0xff,0xff,0xff,0xff,0xff,0xff,
    0xd3,0x68,0x08,0x00,0x00,0x00,0x00,0x00,0x00,0x00,0x00,0x00,0x00,0x02,0x38,0x71,
    0xa9,0xcf,0xdf,0xf0,0xfb,0xee,0xde,0xcd,0xa4,0x6b,0x31,0x00,0x00,0x00,0x00,0x00,
    0x00,0x00,0x00,0x00,0x00,0x00,0x00,0x00,0x00,0x00,0x00,0x00,0x00,0x00,0x0f,0x2f,
    0x49,0x56,0x34,0x11,0x00,0x00,0x00,0x00,0x00,0x00,0x00,0x00,0x00,0x00,0x00,0x00,
    0x00,0x00,0x00,0x22,0x7d,0xc5,0xfc,0xff,0xff,0xff,0xff,0xff,0xe0,0x6a,0x06,0x00,
    0x00,0x00,0x00,0x00,0x00,0x00,0x00,0x00,0x00,0x2e,0xa6,0xfc,0xff,0xff,0xff,0xff,
    0xff,0xff,0xff,0xff,0xff,0xff,0xe2,0x3c,0x00,0x00,0x00,0x00,0x00,0x00,0x00,0x08,
    0x89,0xfc,0xff,0xff,0xff,0xff,0xff,0xff,0xff,0xff,0xff,0xff,0xff,0xff,0xff,0xf4,
    0x2a,0x00,0x00,0x00,0x00,0x00,0x26,0xd7,0xff,0xff,0xff,0xff,0xff,0xff,0xff,0xff,
    0xea,0x95,0x44,0x16,0x14,0x64,0xf3,0xff,0xbd,0x00,0x00,0x00,0x00,0x31,0xe9,0xff,
    0xff,0xff,0xff,0xff,0xff,0xff,0xcc,0x58,0x04,0x00,0x00,0x00,0x00,0x00,0x6d,0xff,
    0xfe,0x1e,0x00,0x00,0x29,0xf0,0xff,0xff,0xff,0xff,0xff,0xff,0xcd,0x45,0x00,0x00,
    0x00,0x00,0x00,0x00,0x00,0x00,0x2d,0xff,0xff,0x4c,0x00,0x09,0xd3,0xff,0xff,0xff,
    0xff,0xff,0xe3,0x5a,0x01,0x00,0x00,0x00,0x00,0x00,0x00,0x00,0x00,0x00,0x59,0xff,
    0xff,0x59,0x00,0x8f,0xff,0xff,0xff,0xff,0xfe,0x98,0x0e,0x00,0x00,0x00,0x00,0x00,
    0x00,0x00,0x00,0x00,0x00,0x17,0xe0,0xff,0xff,0x36,0x12,0xf5,0xff,0xff,0xff,0xec,
    0x45,0x00,0x00,0x00,0x00,0x00,0x00,0x00,0x00,0x00,0x00,0x00,0x0d,0xcb,0xff,0xff,
    0xfe,0x10,0x78,0xff,0xff,0xff,0xd1,0x20,0x00,0x00,0x00,0x00,0x00,0x00,0x00,0x00,
    0x00,0x00,0x00,0x25,0xd5,0xff,0xff,0xff,0xb4,0x00,0xb9,0xff,0xff,0xd9,0x13,0x00,
    0x00,0x00,0x00,0x00,0x00,0x00,0x00,0x00,0x00,0x00,0x56,0xf0,0xff,0xff,0xff,0xff,
    0x47,0x00,0xdf,0xff,0xf4,0x22,0x00,0x00,0x00,0x00,0x00,0x00,0x00,0x00,0x00,0x00,
    0x1b,0xb1,0xff,0xff,0xff,0xff,0xff,0xb7,0x01,0x00,0xf4,0xff,0x9d,0x00,0x00,0x00,
    0x00,0x00,0x00,0x00,0x00,0x00,0x0c,0x7e,0xf3,0xff,0xff,0xff,0xff,0xff,0xea,0x17,
    0x00,0x00,0xcb,0xff,0x9e,0x00,0x00,0x00,0x00,0x00,0x00,0x00,0x0c,0x70,0xe8,0xff,
    0xff,0xff,0xff,0xff,0xff,0xf2,0x3c,0x00,0x00,0x00,0x99,0xff,0xf4,0x26,0x00,0x00,
    0x00,0x00,0x2a,0x8b,0xf0,0xff,0xff,0xff,0xff,0xff,0xff,0xff,0xef,0x37,0x00,0x00,
    0x00,0x00,0x2f,0xfd,0xff,0xed,0x91,0x6c,0x8f,0xd1,0xff,0xff,0xff,0xff,0xff,0xff,
    0xff,0xff,0xff,0xca,0x27,0x00,0x00,0x00,0x00,0x00,0x00,0x78,0xff,0xff,0xff,0xff,
    0xff,0xff,0xff,0xff,0xff,0xff,0xff,0xff,0xff,0xf5,0x7e,0x04,0x00,0x00,0x00,0x00,
    0x00,0x00,0x00,0x00,0x65,0xf2,0xff,0xff,0xff,0xff,0xff,0xff,0xff,0xff,0xff,0xee,
    0x83,0x14,0x00,0x00,0x00,0x00,0x00,0x00,0x00,0x00,0x00,0x00,0x00,0x11,0x71,0xb6,
    0xe2,0xf5,0xf5,0xdb,0xc1,0x8a,0x41,0x05,0x00,0x00,0x00,0x00,0x00,0x00,0x00,0x00,
    0x00,0x00,0x00,0x00,0x00,0x00,0x00,0x00,0x00,0x00,0x00,0x00,0x00,0x00,0x00,0x00,
    0x02,0x0a,0x00,0x00,0x00,0x00,0x00,0x00,0x00,0x00,0x00,0x00,0x00,0x00,0x00,0x00,
    0x00,0x00,0x00,0x00,0x31,0x7a,0xc0,0xe3,0xfb,0xff,0xe9,0xc5,0x95,0x23,0x00,0x00,
    0x00,0x00,0x00,0x00,0x00,0x00,0x00,0x00,0x00,0x04,0x5c,0xd2,0xff,0xff,0xff,0xff,
    0xff,0xff,0xff,0xff,0xff,0xfb,0x9f,0x14,0x00,0x00,0x00,0x00,0x00,0x00,0x00,0x00,
    0x43,0xdd,0xff,0xff,0xff,0xff,0xff,0xff,0xff,0xff,0xff,0xff,0xff,0xff,0xff,0xd4,
    0x0f,0x00,0x00,0x00,0x00,0x00,0x09,0x98,0xfe,0xff,0xff,0xff,0xff,0xff,0xff,0xff,
    0xff,0xff,0xff,0xff,0xff,0xff,0xff,0xff,0x9a,0x00,0x00,0x00,0x00,0x0f,0xc2,0xff,
    0xff,0xff,0xff,0xff,0xff,0xff,0xff,0xff,0xff,0xff,0xff,0xff,0xff,0xff,0xff,0xff,
    0xf8,0x10,0x00,0x00,0x10,0xd1,0xff,0xff,0xff,0xff,0xff,0xff,0xff,0xff,0xff,0xff,
    0xff,0xff,0xff,0xff,0xff,0xff,0xff,0xff,0xff,0x46,0x00,0x00,0xaf,0xff,0xff,0xff,
    0xff,0xff,0xff,0xff,0xff,0xff,0xff,0xff,0xff,0xff,0xff,0xff,0xff,0xff,0xff,0xff,
    0xff,0x5b,0x00,0x6d,0xff,0xff,0xff,0xff,0xff,0xff,0xff,0xff,0xff,0xff,0xff,0xff,
    0xff,0xff,0xff,0xff,0xff,0xff,0xff,0xff,0xff,0x3e,0x08,0xea,0xff,0xff,0xff,0xff,
    0xff,0xff,0xff,0xff,0xff,0xff,0xff,0xff,0xff,0xff,0xff,0xff,0xff,0xff,0xff,0xff,
    0xff,0x17,0x66,0xff,0xff,0xff,0xff,0xff,0xff,0xff,0xff,0xff,0xff,0xff,0xff,0xff,
    0xff,0xff,0xff,0xff,0xff,0xff,0xff,0xff,0xc5,0x00,0xb4,0xff,0xff,0xff,0xff,0xff,
    0xff,0xff,0xff,0xff,0xff,0xff,0xff,0xff,0xff,0xff,0xff,0xff,0xff,0xff,0xff,0xff,
    0x56,0x00,0xdb,0xff,0xff,0xff,0xff,0xff,0xff,0xff,0xff,0xff,0xff,0xff,0xff,0xff,
    0xff,0xff,0xff,0xff,0xff,0xff,0xff,0xc9,0x04,0x00,0xf5,0xff,0xff,0xff,0xff,0xff,
    0xff,0xff,0xff,0xff,0xff,0xff,0xff,0xff,0xff,0xff,0xff,0xff,0xff,0xff,0xf1,0x22,
    0x00,0x00,0xcd,0xff,0xff,0xff,0xff,0xff,0xff,0xff,0xff,0xff,0xff,0xff,0xff,0xff,
    0xff,0xff,0xff,0xff,0xff,0xf8,0x4b,0x00,0x00,0x00,0x9b,0xff,0xff,0xff,0xff,0xff,
    0xff,0xff,0xff,0xff,0xff,0xff,0xff,0xff,0xff,0xff,0xff,0xff,0xf4,0x43,0x00,0x00,
    0x00,0x00,0x32,0xfe,0xff,0xff,0xff,0xff,0xff,0xff,0xff,0xff,0xff,0xff,0xff,0xff,
    0xff,0xff,0xff,0xd3,0x30,0x00,0x00,0x00,0x00,0x00,0x00,0x7a,0xff,0xff,0xff,0xff,
    0xff,0xff,0xff,0xff,0xff,0xff,0xff,0xff,0xff,0xf7,0x86,0x06,0x00,0x00,0x00,0x00,
    0x00,0x00,0x00,0x00,0x66,0xf2,0xff,0xff,0xff,0xff,0xff,0xff,0xff,0xff,0xff,0xf0,
    0x88,0x18,0x00,0x00,0x00,0x00,0x00,0x00,0x00,0x00,0x00,0x00,0x00,0x11,0x71,0xb6,
    0xe2,0xf5,0xf5,0xdc,0xc2,0x8c,0x43,0x06,0x00,0x00,0x00,0x00,0x00,0x00,0x00,0x00,
    0x00,0x00,0x00,0x00,0x02,0x22,0x07,0x00,0x00,0x00,0x00,0x73,0xf3,0xff,0xfa,0x92,
    0x08,0x00,0x64,0xff,0xff,0xff,0xff,0xff,0x92,0x00,0xd2,0xff,0xff,0xff,0xff,0xff,
    0xfa,0x07,0xf3,0xff,0xff,0xff,0xff,0xff,0xff,0x22,0xc7,0xff,0xff,0xff,0xff,0xff,
    0xf3,0x02,0x46,0xff,0xff,0xff,0xff,0xff,0x73,0x00,0x00,0x46,0xc7,0xf3,0xd2,0x64,
    0x00,0x00,0x55,0x49,0x00,0x00,0x00,0x00,0x00,0x00,0x00,0x00,0x00,0x00,0x00,0x00,
    0x00,0x00,0x00,0x00,0x00,0x00,0x00,0xf8,0xe9,0x00,0x00,0x00,0x00,0x00,0x00,0x00,
    0x00,0x00,0x00,0x00,0x00,0x00,0x00,0x00,0x00,0x00,0x00,0x00,0xff,0xff,0x2b,0x00,
    0x00,0x00,0x00,0x00,0x00,0x00,0x00,0x00,0x00,0x00,0x00,0x00,0x00,0x00,0x00,0x00,
    0x00,0xff,0xff,0x6e,0x00,0x00,0x00,0x00,0x00,0x00,0x00,0x00,0x00,0x00,0x00,0x00,
    0x00,0x00,0x00,0x00,0x00,0x00,0xff,0xff,0xc2,0x00,0x00,0x00,0x00,0x00,0x00,0x00,
    0x00,0x00,0x00,0x00,0x00,0x00,0x00,0x00,0x00,0x00,0x00,0xff,0xff,0xff,0x25,0x00,
    0x00,0x00,0x00,0x00,0x00,0x00,0x00,0x00,0x00,0x00,0x00,0x00,0x00,0x00,0x00,0x00,
    0xff,0xff,0xff,0x88,0x00,0x00,0x00,0x00,0x00,0x00,0x00,0x00,0x00,0x00,0x00,0x00,
    0x00,0x00,0x00,0x00,0x00,0xff,0xff,0xff,0xee,0x0c,0x00,0x00,0x00,0x00,0x00,0x00,
    0x00,0x00,0x00,0x00,0x00,0x00,0x00,0x00,0x00,0x00,0xff,0xff,0xff,0xff,0x70,0x00,
    0x00,0x00,0x00,0x00,0x00,0x00,0x00,0x00,0x00,0x00,0x00,0x00,0x00,0x00,0x00,0xff,
    0xff,0xff,0xff,0xe4,0x0a,0x00,0x00,0x00,0x00,0x00,0x00,0x00,0x00,0x00,0x00,0x00,
    0x00,0x00,0x00,0x00,0xff,0xff,0xff,0xff,0xff,0x80,0x00,0x00,0x00,0x00,0x00,0x00,
    0x00,0x00,0x00,0x00,0x00,0x00,0x00,0x00,0x00,0xff,0xff,0xff,0xff,0xff,0xf6,0x1d,
    0x00,0x00,0x00,0x00,0x00,0x00,0x00,0x00,0x00,0x00,0x00,0x00,0x00,0x00,0xff,0xff,
    0xff,0xff,0xff,0xff,0xad,0x00,0x00,0x00,0x00,0x00,0x00,0x00,0x00,0x00,0x00,0x00,
    0x00,0x00,0x00,0xff,0xff,0xff,0xff,0xff,0xff,0xff,0x58,0x00,0x00,0x00,0x00,0x00,
    0x00,0x00,0x00,0x00,0x00,0x00,0x00,0x00,0xff,0xff,0xff,0xff,0xff,0xff,0xff,0xef,
    0x1d,0x00,0x00,0x00,0x00,0x00,0x00,0x00,0x00,0x00,0x00,0x00,0x00,0xff,0xff,0xff,
    0xff,0xff,0xff,0xff,0xff,0xc1,0x03,0x00,0x00,0x00,0x00,0x00,0x00,0x00,0x00,0x00,
    0x00,0x00,0xff,0xff,0xff,0xff,0xff,0xff,0xff,0xff,0xff,0x81,0x00,0x00,0x00,0x00,
    0x00,0x00,0x00,0x00,0x00,0x00,0x00,0xfc,0xff,0xff,0xff,0xff,0xff,0xff,0xff,0xff,
    0xfd,0x40,0x00,0x00,0x00,0x00,0x00,0x00,0x00,0x00,0x00,0x00,0x57,0xcf,0xff,0xff,
    0xff,0xff,0xff,0xff,0xff,0xff,0xe5,0x15,0x00,0x00,0x00,0x00,0x00,0x00,0x00,0x00,
    0x00,0x00,0x00,0x49,0xcf,0xff,0xff,0xff,0xff,0xff,0xff,0xff,0xb6,0x01,0x00,0x00,
    0x00,0x00,0x00,0x00,0x00,0x00,0x00,0x00,0x00,0x03,0x74,0xf6,0xff,0xff,0xff,0xff,
    0xff,0xff,0x75,0x00,0x00,0x00,0x00,0x00,0x00,0x00,0x00,0x00,0x00,0x00,0x00,0x00,
    0x2e,0xda,0xff,0xff,0xff,0xff,0xff,0xfa,0x37,0x00,0x00,0x00,0x00,0x00,0x00,0x00,
    0x00,0x00,0x00,0x00,0x00,0x00,0x0d,0xba,0xff,0xff,0xff,0xff,0xff,0xdf,0x10,0x00,
    0x00,0x00,0x00,0x00,0x00,0x00,0x00,0x00,0x00,0x00,0x00,0x00,0x06,0xa7,0xff,0xff,
    0xff,0xff,0xff,0xa8,0x00,0x00,0x00,0x00,0x00,0x00,0x00,0x00,0x00,0x00,0x00,0x00,
    0x00,0x00,0x02,0xa7,0xff,0xff,0xff,0xff,0xff,0x54,0x00,0x00,0x00,0x00,0x00,0x00,
    0x00,0x00,0x00,0x00,0x00,0x00,0x00,0x00,0x05,0xb5,0xff,0xff,0xff,0xff,0xeb,0x13,
    0x00,0x00,0x00,0x00,0x00,0x00,0x00,0x00,0x00,0x00,0x00,0x00,0x00,0x00,0x0a,0xd2,
    0xff,0xff,0xff,0xff,0x99,0x00,0x00,0x00,0x00,0x00,0x00,0x00,0x00,0x00,0x00,0x00,
    0x00,0x00,0x00,0x00,0x24,0xf0,0xff,0xff,0xff,0xfc,0x29,0x00,0x00,0x00,0x00,0x00,
    0x00,0x00,0x00,0x00,0x00,0x00,0x00,0x00,0x00,0x00,0x51,0xff,0xff,0xff,0xff,0xab,
    0x00,0x00,0x00,0x00,0x00,0x00,0x00,0x00,0x00,0x00,0x00,0x00,0x00,0x00,0x00,0x00,
    0xa6,0xff,0xff,0xff,0xfd,0x23,0x00,0x00,0x00,0x00,0x00,0x00,0x00,0x00,0x00,0x00,
    0x00,0x00,0x00,0x00,0x00,0x15,0xec,0xff,0xff,0xff,0x8e,0x00,0x00,0x00,0x00,0x00,
    0x00,0x00,0x00,0x00,0x00,0x00,0x00,0x00,0x00,0x00,0x00,0x5f,0xff,0xff,0xff,0xee,
    0x05,0x00,0x00,0x00,0x00,0x00,0x00,0x00,0x00,0x00,0x00,0x00,0x00,0x00,0x00,0x00,
    0x01,0xca,0xff,0xff,0xff,0x49,0x00,0x00,0x00,0x00,0x00,0x00,0x00,0x00,0x00,0x00,
    0x00,0x00,0x00,0x00,0x00,0x00,0x40,0xff,0xff,0xff,0x9f,0x00,0x00,0x00,0x00,0x00,
    0x00,0x00,0x00,0x00,0x00,0x00,0x00,0x00,0x00,0x00,0x00,0x00,0xc9,0xff,0xff,0xe3,
    0x00,0x00,0x00,0x00,0x00,0x00,0x00,0x00,0x00,0x00,0x00,0x00,0x00,0x00,0x00,0x00,
    0x00,0x56,0xff,0xff,0xff,0x1c,0x00,0x00,0x00,0x00,0x00,0x00,0x00,0x00,0x00,0x00,
    0x00,0x00,0x00,0x00,0x00,0x00,0x0d,0xfa,0xff,0xff,0x56,0x00,0x00,0x00,0x00,0x00,
    0x00,0x00,0x00,0x00,0x00,0x00,0x00,0x00,0x00,0x00,0x00,0x00,0xbf,0xff,0xff,0x7f,
    0x00,0x00,0x00,0x00,0x00,0x00,0x00,0x00,0x00,0x00,0x00,0x00,0x00,0x00,0x00,0x00,
    0x00,0x7a,0xff,0xff,0x9a,0x00,0x00,0x00,0x00,0x00,0x00,0x00,0x00,0x00,0x00,0x00,
    0x00,0x00,0x00,0x00,0x00,0x00,0x50,0xff,0xff,0xb5,0x00,0x00,0x00,0x00,0x00,0x00,
    0x00,0x00,0x00,0x00,0x00,0x00,0x00,0x00,0x00,0x00,0x00,0x2f,0xff,0xff,0xc7,0x00,
    0x00,0x00,0x00,0x00,0x00,0x00,0x00,0x00,0x00,0x00,0x00,0x00,0x00,0x00,0x00,0x00,
    0x21,0xff,0xff,0xbc,0x00,0x00,0x00,0x00,0x00,0x00,0x00,0x00,0x00,0x00,0x00,0x00,
    0x00,0x00,0x00,0x00,0x00,0x17,0xff,0xff,0xaf,0x00,0x00,0x00,0x00,0x00,0x00,0x00,
    0x00,0x00,0x00,0x00,0x00,0x00,0x00,0x00,0x00,0x00,0x22,0xff,0xff,0xa3,0x00,0x00,
    0x00,0x00,0x00,0x00,0x00,0x00,0x00,0x00,0x00,0x00,0x00,0x00,0x00,0x00,0x00,0x32,
    0xff,0xff,0x96,0x00,0x00,0x00,0x00,0x00,0x00,0x00,0x00,0x00,0x00,0x00,0x00,0x00,
    0x00,0x00,0x00,0x00,0x42,0xff,0xff,0x82,0x00,0x00,0x00,0x00,0x00,0x00,0x00,0x00,
    0x00,0x00,0x00,0x00,0x00,0x00,0x00,0x00,0x00,0x55,0xff,0xff,0x5a,0x00,0x00,0x00,
    0x00,0x00,0x00,0x00,0x00,0x00,0x00,0x00,0x00,0x00,0x00,0x00,0x00,0x00,0x7d,0xff,
    0xff,0x32,0x00,0x00,0x00,0x00,0x00,0x00,0x00,0x00,0x00,0x00,0x00,0x00,0x00,0x00,
    0x00,0x00,0x00,0xa9,0xff,0xfe,0x0b,0x00,0x00,0x00,0x00,0x00,0x00,0x00,0x00,0x00,
    0x00,0x00,0x00,0x00,0x00,0x00,0x00,0x00,0xd5,0xff,0xe0,0x00,0x00,0x00,0x00,0x00,
    0x00,0x00,0x00,0x00,0x00,0x00,0x00,0x00,0x00,0x00,0x00,0x00,0x09,0xfb,0xff,0xab,
    0x00,0x00,0x00,0x00,0x00,0x00,0x00,0x00,0x00,0x00,0x00,0x00,0x00,0x00,0x00,0x00,
    0x00,0x44,0xff,0xff,0x60,0x00,0x00,0x00,0x00,0x00,0x00,0x00,0x00,0x00,0x00,0x00,
    0x00,0x00,0x00,0x00,0x00,0x00,0x86,0xff,0xfe,0x18,0x00,0x00,0x00,0x00,0x00,0x00,
    0x00,0x00,0x00,0x00,0x00,0x00,0x00,0x00,0x00,0x00,0x00,0xc9,0xff,0xcb,0x00,0x00,
    0x00,0x00,0x00,0x00,0x00,0x00,0x00,0x00,0x00,0x00,0x00,0x00,0x00,0x00,0x00,0x12,
    0xfc,0xff,0x80,0x00,0x00,0x00,0x00,0x00,0x00,0x00,0x00,0x00,0x00,0x00,0x00,0x00,
    0x00,0x00,0x00,0x00,0x61,0xff,0xfb,0x1f,0x00,0x00,0x00,0x00,0x00,0x00,0x00,0x00,
    0x00,0x00,0x00,0x00,0x00,0x00,0x00,0x00,0x00,0xb5,0xff,0xa4,0x00,0x00,0x00,0x00,
    0x00,0x00,0x00,0x00,0x00,0x00,0x00,0x00,0x00,0x00,0x00,0x00,0x00,0x10,0xf9,0xff,
    0x2f,0x00,0x00,0x00,0x00,0x00,0x00,0x00,0x00,0x00,0x00,0x00,0x00,0x00,0x00,0x00,
    0x00,0x00,0x57,0xff,0xb8,0x00,0x00,0x00,0x00,0x00,0x00,0x00,0x00,0x00,0x00,0x00,
    0x00,0x00,0x00,0x00,0x00,0x00,0x00,0x71,0xf6,0x34,0x00,0x00,0x00,0x00,0x00,0x00,
    0x00,0x00,0x00,0x00,0x00,0x00,0x00,0x00,0x00,0x00,0x00,0x00,0x01,0x0a,0x00,0x00,
    0x00,0x00,0x00,0x00,0x00,0x00,0x00,0x00,0x00,0x00,0x00,0x00,0x00,0x00,0x00,0x00,
    0x00,0x00,0x87,0x56,0x00,0x00,0x00,0x00,0x00,0x00,0x00,0x00,0x00,0x00,0x00,0x00,
    0x00,0x00,0x00,0x00,0x00,0x00,0x00,0x00,0x01,0xf3,0xf9,0x1e,0x00,0x00,0x00,0x00,
    0x00,0x00,0x00,0x00,0x00,0x00,0x00,0x00,0x00,0x00,0x00,0x00,0x00,0x00,0x00,0x00,
    0xa7,0xff,0x95,0x00,0x00,0x00,0x00,0x00,0x00,0x00,0x00,0x00,0x00,0x00,0x00,0x00,
    0x00,0x00,0x00,0x00,0x00,0x00,0x00,0x40,0xff,0xf8,0x1a,0x00,0x00,0x00,0x00,0x00,
    0x00,0x00,0x00,0x00,0x00,0x00,0x00,0x00,0x00,0x00,0x00,0x00,0x00,0x00,0x00,0xd8,
    0xff,0x90,0x00,0x00,0x00,0x00,0x00,0x00,0x00,0x00,0x00,0x00,0x00,0x00,0x00,0x00,
    0x00,0x00,0x00,0x00,0x00,0x00,0x71,0xff,0xf6,0x17,0x00,0x00,0x00,0x00,0x00,0x00,
    0x00,0x00,0x00,0x00,0x00,0x00,0x00,0x00,0x00,0x00,0x00,0x00,0x00,0x12,0xf8,0xff,
    0x7d,0x00,0x00,0x00,0x00,0x00,0x00,0x00,0x00,0x00,0x00,0x00,0x00,0x00,0x00,0x00,
    0x00,0x00,0x00,0x00,0x00,0xb4,0xff,0xd8,0x00,0x00,0x00,0x00,0x00,0x00,0x00,0x00,
    0x00,0x00,0x00,0x00,0x00,0x00,0x00,0x00,0x00,0x00,0x00,0x00,0x61,0xff,0xff,0x32,
    0x00,0x00,0x00,0x00,0x00,0x00,0x00,0x00,0x00,0x00,0x00,0x00,0x00,0x00,0x00,0x00,
    0x00,0x00,0x00,0x12,0xfb,0xff,0x8c,0x00,0x00,0x00,0x00,0x00,0x00,0x00,0x00,0x00,
    0x00,0x00,0x00,0x00,0x00,0x00,0x00,0x00,0x00,0x00,0x00,0xbe,0xff,0xe5,0x01,0x00,
    0x00,0x00,0x00,0x00,0x00,0x00,0x00,0x00,0x00,0x00,0x00,0x00,0x00,0x00,0x00,0x00,
    0x00,0x00,0x87,0xff,0xff,0x25,0x00,0x00,0x00,0x00,0x00,0x00,0x00,0x00,0x00,0x00,
    0x00,0x00,0x00,0x00,0x00,0x00,0x00,0x00,0x00,0x54,0xff,0xff,0x59,0x00,0x00,0x00,
    0x00,0x00,0x00,0x00,0x00,0x00,0x00,0x00,0x00,0x00,0x00,0x00,0x00,0x00,0x00,0x00,
    0x21,0xff,0xff,0x8e,0x00,0x00,0x00,0x00,0x00,0x00,0x00,0x00,0x00,0x00,0x00,0x00,
    0x00,0x00,0x00,0x00,0x00,0x00,0x00,0x00,0xfb,0xff,0xc2,0x00,0x00,0x00,0x00,0x00,
    0x00,0x00,0x00,0x00,0x00,0x00,0x00,0x00,0x00,0x00,0x00,0x00,0x00,0x00,0x00,0xec,
    0xff,0xef,0x00,0x00,0x00,0x00,0x00,0x00,0x00,0x00,0x00,0x00,0x00,0x00,0x00,0x00,
    0x00,0x00,0x00,0x00,0x00,0x00,0xdc,0xff,0xfe,0x03,0x00,0x00,0x00,0x00,0x00,0x00,
    0x00,0x00,0x00,0x00,0x00,0x00,0x00,0x00,0x00,0x00,0x00,0x00,0x00,0xcd,0xff,0xff,
    0x11,0x00,0x00,0x00,0x00,0x00,0x00,0x00,0x00,0x00,0x00,0x00,0x00,0x00,0x00,0x00,
    0x00,0x00,0x00,0x00,0xd0,0xff,0xff,0x21,0x00,0x00,0x00,0x00,0x00,0x00,0x00,0x00,
    0x00,0x00,0x00,0x00,0x00,0x00,0x00,0x00,0x00,0x00,0x00,0xdb,0xff,0xff,0x31,0x00,
    0x00,0x00,0x00,0x00,0x00,0x00,0x00,0x00,0x00,0x00,0x00,0x00,0x00,0x00,0x00,0x00,
    0x00,0x00,0xf3,0xff,0xff,0x32,0x00,0x00,0x00,0x00,0x00,0x00,0x00,0x00,0x00,0x00,
    0x00,0x00,0x00,0x00,0x00,0x00,0x00,0x00,0x18,0xff,0xff,0xff,0x1b,0x00,0x00,0x00,
    0x00,0x00,0x00,0x00,0x00,0x00,0x00,0x00,0x00,0x00,0x00,0x00,0x00,0x00,0x00,0x54,
    0xff,0xff,0xff,0x06,0x00,0x00,0x00,0x00,0x00,0x00,0x00,0x00,0x00,0x00,0x00,0x00,
    0x00,0x00,0x00,0x00,0x00,0x00,0x9c,0xff,0xff,0xef,0x00,0x00,0x00,0x00,0x00,0x00,
    0x00,0x00,0x00,0x00,0x00,0x00,0x00,0x00,0x00,0x00,0x00,0x00,0x00,0xe3,0xff,0xff,
    0xd5,0x00,0x00,0x00,0x00,0x00,0x00,0x00,0x00,0x00,0x00,0x00,0x00,0x00,0x00,0x00,
    0x00,0x00,0x00,0x49,0xff,0xff,0xff,0x96,0x00,0x00,0x00,0x00,0x00,0x00,0x00,0x00,
    0x00,0x00,0x00,0x00,0x00,0x00,0x00,0x00,0x00,0x00,0xc0,0xff,0xff,0xff,0x4f,0x00,
    0x00,0x00,0x00,0x00,0x00,0x00,0x00,0x00,0x00,0x00,0x00,0x00,0x00,0x00,0x00,0x00,
    0x3e,0xff,0xff,0xff,0xfb,0x0e,0x00,0x00,0x00,0x00,0x00,0x00,0x00,0x00,0x00,0x00,
    0x00,0x00,0x00,0x00,0x00,0x00,0x02,0xcf,0xff,0xff,0xff,0xc0,0x00,0x00,0x00,0x00,
    0x00,0x00,0x00,0x00,0x00,0x00,0x00,0x00,0x00,0x00,0x00,0x00,0x00,0x6f,0xff,0xff,
    0xff,0xff,0x52,0x00,0x00,0x00,0x00,0x00,0x00,0x00,0x00,0x00,0x00,0x00,0x00,0x00,
    0x00,0x00,0x00,0x23,0xf5,0xff,0xff,0xff,0xd8,0x02,0x00,0x00,0x00,0x00,0x00,0x00,
    0x00,0x00,0x00,0x00,0x00,0x00,0x00,0x00,0x00,0x01,0xc1,0xff,0xff,0xff,0xff,0x62,
    0x00,0x00,0x00,0x00,0x00,0x00,0x00,0x00,0x00,0x00,0x00,0x00,0x00,0x00,0x00,0x00,
    0x89,0xff,0xff,0xff,0xff,0xdf,0x06,0x00,0x00,0x00,0x00,0x00,0x00,0x00,0x00,0x00,
    0x00,0x00,0x00,0x00,0x00,0x00,0x61,0xff,0xff,0xff,0xff,0xff,0x48,0x00,0x00,0x00,
    0x00,0x00,0x00,0x00,0x00,0x00,0x00,0x00,0x00,0x00,0x00,0x00,0x49,0xfa,0xff,0xff,
    0xff,0xff,0xa6,0x00,0x00,0x00,0x00,0x00,0x00,0x00,0x00,0x00,0x00,0x00,0x00,0x00,
    0x00,0x00,0x4f,0xf9,0xff,0xff,0xff,0xff,0xee,0x17,0x00,0x00,0x00,0x00,0x00,0x00,
    0x00,0x00,0x00,0x00,0x00,0x00,0x00,0x00,0x5e,0xfb,0xff,0xff,0xff,0xff,0xff,0x58,
    0x00,0x00,0x00,0x00,0x00,0x00,0x00,0x00,0x00,0x00,0x00,0x00,0x00,0x03,0x8e,0xff,
    0xff,0xff,0xff,0xff,0xff,0x8c,0x00,0x00,0x00,0x00,0x00,0x00,0x00,0x00,0x00,0x00,
    0x00,0x00,0x00,0x22,0xc3,0xff,0xff,0xff,0xff,0xff,0xff,0xbd,0x03,0x00,0x00,0x00,
    0x00,0x00,0x00,0x00,0x00,0x00,0x00,0x00,0x03,0x6c,0xf4,0xff,0xff,0xff,0xff,0xff,
    0xff,0xe0,0x14,0x00,0x00,0x00,0x00,0x00,0x00,0x00,0x00,0x00,0x00,0x00,0x48,0xd3,
    0xff,0xff,0xff,0xff,0xff,0xff,0xff,0xed,0x28,0x00,0x00,0x00,0x00,0x00,0x00,0x00,
    0x00,0x00,0x09,0x5c,0xcc,0xff,0xff,0xff,0xff,0xff,0xff,0xff,0xff,0xf6,0x39,0x00,
    0x00,0x00,0x00,0x00,0x00,0x00,0x00,0x00,0x00,0xd9,0xff,0xff,0xff,0xff,0xff,0xff,
    0xff,0xff,0xff,0xfc,0x4d,0x00,0x00,0x00,0x00,0x00,0x00,0x00,0x00,0x00,0x00,0x00,
    0xff,0xff,0xff,0xff,0xff,0xff,0xff,0xff,0xff,0xff,0x66,0x00,0x00,0x00,0x00,0x00,
    0x00,0x00,0x00,0x00,0x00,0x00,0x00,0xff,0xff,0xff,0xff,0xff,0xff,0xff,0xff,0xff,
    0x85,0x00,0x00,0x00,0x00,0x00,0x00,0x00,0x00,0x00,0x00,0x00,0x00,0x00,0xff,0xff,
    0xff,0xff,0xff,0xff,0xff,0xff,0xa5,0x01,0x00,0x00,0x00,0x00,0x00,0x00,0x00,0x00,
    0x00,0x00,0x00,0x00,0x00,0xff,0xff,0xff,0xff,0xff,0xff,0xff,0xd2,0x07,0x00,0x00,
    0x00,0x00,0x00,0x00,0x00,0x00,0x00,0x00,0x00,0x00,0x00,0x00,0xff,0xff,0xff,0xff,
    0xff,0xff,0xf7,0x2c,0x00,0x00,0x00,0x00,0x00,0x00,0x00,0x00,0x00,0x00,0x00,0x00,
    0x00,0x00,0x00,0xff,0xff,0xff,0xff,0xff,0xff,0x6c,0x00,0x00,0x00,0x00,0x00,0x00,
    0x00,0x00,0x00,0x00,0x00,0x00,0x00,0x00,0x00,0x00,0xff,0xff,0xff,0xff,0xff,0xbf,
    0x00,0x00,0x00,0x00,0x00,0x00,0x00,0x00,0x00,0x00,0x00,0x00,0x00,0x00,0x00,0x00,
    0x00,0xff,0xff,0xff,0xff,0xfe,0x31,0x00,0x00,0x00,0x00,0x00,0x00,0x00,0x00,0x00,
    0x00,0x00,0x00,0x00,0x00,0x00,0x00,0x00,0xff,0xff,0xff,0xff,0xa0,0x00,0x00,0x00,
    0x00,0x00,0x00,0x00,0x00,0x00,0x00,0x00,0x00,0x00,0x00,0x00,0x00,0x00,0x00,0xff,
    0xff,0xff,0xfb,0x1f,0x00,0x00,0x00,0x00,0x00,0x00,0x00,0x00,0x00,0x00,0x00,0x00,
    0x00,0x00,0x00,0x00,0x00,0x00,0xff,0xff,0xff,0xa7,0x00,0x00,0x00,0x00,0x00,0x00,
    0x00,0x00,0x00,0x00,0x00,0x00,0x00,0x00,0x00,0x00,0x00,0x00,0x00,0xff,0xff,0xff,
    0x38,0x00,0x00,0x00,0x00,0x00,0x00,0x00,0x00,0x00,0x00,0x00,0x00,0x00,0x00,0x00,
    0x00,0x00,0x00,0x00,0xff,0xff,0xda,0x00,0x00,0x00,0x00,0x00,0x00,0x00,0x00,0x00,
    0x00,0x00,0x00,0x00,0x00,0x00,0x00,0x00,0x00,0x00,0x00,0xff,0xff,0x8b,0x00,0x00,
    0x00,0x00,0x00,0x00,0x00,0x00,0x00,0x00,0x00,0x00,0x00,0x00,0x00,0x00,0x00,0x00,
    0x00,0x00,0xff,0xff,0x46,0x00,0x00,0x00,0x00,0x00,0x00,0x00,0x00,0x00,0x00,0x00,
    0x00,0x00,0x00,0x00,0x00,0x00,0x00,0x00,0x00,0xff,0xfa,0x0a,0x00,0x00,0x00,0x00,
    0x00,0x00,0x00,0x00,0x00,0x00,0x00,0x00,0x00,0x00,0x00,0x00,0x00,0x00,0x00,0x00,
    0xbf,0xa6,0x00,0x00,0x00,0x00,0x00,0x00,0x00,0x00,0x00,0x00,0x00,0x00,0x00,0x00,
    0x00,0x00,0x00,0x00,0x00,0x00,0x00,0xa3,0xaf,0x01,0x00,0x00,0x00,0x00,0x00,0x00,
    0x00,0x00,0x00,0x00,0x00,0x00,0x00,0x00,0x00,0x00,0x00,0x00,0xff,0xff,0x37,0x00,
    0x00,0x00,0x00,0x00,0x00,0x00,0x00,0x00,0x00,0x00,0x00,0x00,0x00,0x00,0x00,0x00,
    0x00,0xff,0xff,0x84,0x00,0x00,0x00,0x00,0x00,0x00,0x00,0x00,0x00,0x00,0x00,0x00,
    0x00,0x00,0x00,0x00,0x00,0x00,0xff,0xff,0xd6,0x00,0x00,0x00,0x00,0x00,0x00,0x00,
    0x00,0x00,0x00,0x00,0x00,0x00,0x00,0x00,0x00,0x00,0x00,0xff,0xff,0xff,0x2c,0x00,
    0x00,0x00,0x00,0x00,0x00,0x00,0x00,0x00,0x00,0x00,0x00,0x00,0x00,0x00,0x00,0x00,
    0xff,0xff,0xff,0x8a,0x00,0x00,0x00,0x00,0x00,0x00,0x00,0x00,0x00,0x00,0x00,0x00,
    0x00,0x00,0x00,0x00,0x00,0xff,0xff,0xff,0xea,0x06,0x00,0x00,0x00,0x00,0x00,0x00,
    0x00,0x00,0x00,0x00,0x00,0x00,0x00,0x00,0x00,0x00,0xff,0xff,0xff,0xff,0x57,0x00,
    0x00,0x00,0x00,0x00,0x00,0x00,0x00,0x00,0x00,0x00,0x00,0x00,0x00,0x00,0x00,0xff,
    0xff,0xff,0xff,0xbe,0x00,0x00,0x00,0x00,0x00,0x00,0x00,0x00,0x00,0x00,0x00,0x00,
    0x00,0x00,0x00,0x00,0xff,0xff,0xff,0xff,0xff,0x3b,0x00,0x00,0x00,0x00,0x00,0x00,
    0x00,0x00,0x00,0x00,0x00,0x00,0x00,0x00,0x00,0xff,0xff,0xff,0xff,0xff,0xc6,0x00,
    0x00,0x00,0x00,0x00,0x00,0x00,0x00,0x00,0x00,0x00,0x00,0x00,0x00,0x00,0xff,0xff,
    0xff,0xff,0xff,0xff,0x53,0x00,0x00,0x00,0x00,0x00,0x00,0x00,0x00,0x00,0x00,0x00,
    0x00,0x00,0x00,0xff,0xff,0xff,0xff,0xff,0xff,0xdd,0x0c,0x00,0x00,0x00,0x00,0x00,
    0x00,0x00,0x00,0x00,0x00,0x00,0x00,0x00,0xff,0xff,0xff,0xff,0xff,0xff,0xff,0xa4,
    0x00,0x00,0x00,0x00,0x00,0x00,0x00,0x00,0x00,0x00,0x00,0x00,0x00,0xff,0xff,0xff,
    0xff,0xff,0xff,0xff,0xff,0x63,0x00,0x00,0x00,0x00,0x00,0x00,0x00,0x00,0x00,0x00,
    0x00,0x00,0xff,0xff,0xff,0xff,0xff,0xff,0xff,0xff,0xf6,0x31,0x00,0x00,0x00,0x00,
    0x00,0x00,0x00,0x00,0x00,0x00,0x00,0xff,0xff,0xff,0xff,0xff,0xff,0xff,0xff,0xff,
    0xe2,0x17,0x00,0x00,0x00,0x00,0x00,0x00,0x00,0x00,0x00,0x00,0xff,0xff,0xff,0xff,
    0xff,0xff,0xff,0xff,0xff,0xff,0xc6,0x07,0x00,0x00,0x00,0x00,0x00,0x00,0x00,0x00,
    0x00,0xff,0xff,0xb7,0x51,0x9a,0xf4,0xff,0xff,0xff,0xff,0xff,0xa1,0x00,0x00,0x00,
    0x00,0x00,0x00,0x00,0x00,0x00,0xff,0xff,0xcb,0x00,0x00,0x16,0xa3,0xff,0xff,0xff,
    0xff,0xff,0x73,0x00,0x00,0x00,0x00,0x00,0x00,0x00,0x00,0xff,0xff,0xfe,0x1e,0x00,
    0x00,0x00,0x58,0xf4,0xff,0xff,0xff,0xfc,0x48,0x00,0x00,0x00,0x00,0x00,0x00,0x00,
    0xff,0xff,0xff,0x88,0x00,0x00,0x00,0x00,0x32,0xed,0xff,0xff,0xff,0xef,0x26,0x00,
    0x00,0x00,0x00,0x00,0x00,0xff,0xff,0xff,0xf5,0x1a,0x00,0x00,0x00,0x00,0x2f,0xeb,
    0xff,0xff,0xff,0xd8,0x0f,0x00,0x00,0x00,0x00,0x00,0xff,0xff,0xff,0xff,0xb4,0x00,
    0x00,0x00,0x00,0x00,0x2b,0xe9,0xff,0xff,0xff,0xb7,0x02,0x00,0x00,0x00,0x00,0xff,
    0xff,0xff,0xff,0xff,0x6b,0x00,0x00,0x00,0x00,0x00,0x37,0xf7,0xff,0xff,0xff,0x88,
    0x00,0x00,0x00,0x00,0xff,0xff,0xff,0xff,0xff,0xfb,0x4a,0x00,0x00,0x00,0x00,0x00,
    0x59,0xff,0xff,0xff,0xfd,0x36,0x00,0x00,0x00,0xff,0xff,0xff,0xff,0xff,0xff,0xf5,
    0x39,0x00,0x00,0x00,0x00,0x00,0x87,0xff,0xff,0xff,0xd1,0x04,0x00,0x00,0xff,0xff,
    0xff,0xff,0xff,0xff,0xff,0xf0,0x34,0x00,0x00,0x00,0x00,0x05,0xd2,0xff,0xff,0xff,
    0x61,0x00,0x00,0xdc,0xff,0xff,0xff,0xff,0xff,0xff,0xff,0xee,0x31,0x00,0x00,0x00,
    0x00,0x33,0xfb,0xff,0xff,0xcd,0x00,0x00,0x07,0x64,0xe0,0xff,0xff,0xff,0xff,0xff,
    0xff,0xec,0x2b,0x00,0x00,0x00,0x00,0x99,0xff,0xff,0xff,0x36,0x00,0x00,0x00,0x08,
    0x85,0xfc,0xff,0xff,0xff,0xff,0xff,0xe6,0x23,0x00,0x00,0x00,0x28,0xfe,0xff,0xff,
    0x79,0x00,0x00,0x00,0x00,0x00,0x38,0xe2,0xff,0xff,0xff,0xff,0xff,0xdf,0x17,0x00,
    0x00,0x00,0xbb,0xff,0xff,0xb5,0x00,0x00,0x00,0x00,0x00,0x00,0x13,0xbf,0xff,0xff,
    0xff,0xff,0xff,0xc8,0x08,0x00,0x00,0x76,0xff,0xff,0xe5,0x00,0x00,0x00,0x00,0x00,
    0x00,0x00,0x06,0xa6,0xff,0xff,0xff,0xff,0xff,0xa9,0x01,0x00,0x3a,0xff,0xff,0xf8,
    0x00,0x00,0x00,0x00,0x00,0x00,0x00,0x00,0x02,0x9e,0xff,0xff,0xff,0xff,0xff,0x83,
    0x00,0x1b,0xff,0xff,0xff,0x0b,0x00,0x00,0x00,0x00,0x00,0x00,0x00,0x00,0x02,0xa1,
    0xff,0xff,0xff,0xff,0xff,0x4d,0x0a,0xff,0xff,0xff,0x0d,0x00,0x00,0x00,0x00,0x00,
    0x00,0x00,0x00,0x00,0x04,0xbb,0xff,0xff,0xff,0xff,0xe8,0x1f,0xff,0xff,0xff,0x02,
    0x00,0x00,0x00,0x00,0x00,0x00,0x00,0x00,0x00,0x00,0x0f,0xd6,0xff,0xff,0xff,0xff,
    0xae,0xff,0xff,0xf3,0x00,0x00,0x00,0x00,0x00,0x00,0x00,0x00,0x00,0x00,0x00,0x00,
    0x2c,0xf6,0xff,0xff,0xff,0xff,0xff,0xff,0xd3,0x00,0x00,0x00,0x00,0x00,0x00,0x00,
    0x00,0x00,0x00,0x00,0x00,0x00,0x67,0xff,0xff,0xff,0xff,0xff,0xff,0xb1,0x00,0x00,
    0x00,0x00,0x00,0x00,0x00,0x00,0x00,0x00,0x00,0x00,0x00,0x00,0xc1,0xff,0xff,0xff,
    0xff,0xff,0x7d,0x00,0x00,0x00,0x00,0x00,0x00,0x00,0x00,0x00,0x00,0x00,0x00,0x00,
    0x00,0x2f,0xfc,0xff,0xff,0xff,0xff,0x42,0x00,0x00,0x00,0x00,0x00,0x00,0x00,0x00,
    0x00,0x00,0x00,0x00,0x00,0x00,0x00,0x9c,0xff,0xff,0xff,0xfb,0x0b,0x00,0x00,0x00,
    0x00,0x00,0x00,0x00,0x00,0x00,0x00,0x00,0x00,0x00,0x00,0x00,0x2f,0xff,0xff,0xff,
    0xcc,0x00,0x00,0x00,0x00,0x00,0x00,0x00,0x00,0x00,0x00,0x00,0x00,0x00,0x00,0x00,
    0x00,0x00,0xc7,0xff,0xff,0xc9,0x00,0x00,0x00,0x00,0x00,0x00,0x00,0x00,0x00,0x00,
    0x00,0x00,0x00,0x00,0x00,0x00,0x00,0x81,0xff,0xff,0xe4,0x00,0x00,0x00,0x00,0x00,
    0x00,0x00,0x00,0x00,0x00,0x00,0x00,0x00,0x00,0x00,0x00,0x00,0x47,0xff,0xff,0xfb,
    0x00,0x00,0x00,0x00,0x00,0x00,0x00,0x00,0x00,0x00,0x00,0x00,0x00,0x00,0x00,0x00,
    0x00,0x2b,0xff,0xff,0xff,0x04,0x00,0x00,0x00,0x00,0x00,0x00,0x00,0x00,0x00,0x00,
    0x00,0x00,0x00,0x00,0x00,0x00,0x1c,0xff,0xff,0xff,0x0d,0x00,0x00,0x00,0x00,0x00,
    0x00,0x00,0x00,0x00,0x00,0x00,0x00,0x00,0x00,0x00,0x00,0x26,0xff,0xff,0xff,0x0a,
    0x00,0x00,0x00,0x00,0x00,0x00,0x00,0x00,0x00,0x00,0x00,0x00,0x00,0x00,0x00,0x00,
    0x36,0xff,0xff,0xef,0x00,0x00,0x00,0x00,0x00,0x00,0x00,0x00,0x00,0x00,0x00,0x00,
    0x00,0x00,0x00,0x00,0x00,0x49,0xff,0xff,0xd3,0x00,0x00,0x00,0x00,0x00,0x00,0x00,
    0x00,0x00,0x00,0x00,0x00,0x00,0x00,0x00,0x00,0x00,0x6a,0xff,0xff,0xa8,0x00,0x00,
    0x00,0x00,0x00,0x00,0x00,0x00,0x00,0x00,0x00,0x00,0x00,0x00,0x00,0x00,0x00,0x91,
    0xff,0xff,0x5f,0x00,0x00,0x00,0x00,0x00,0x00,0x00,0x00,0x00,0x00,0x00,0x00,0x00,
    0x00,0x00,0x00,0x00,0xd0,0xff,0xfe,0x18,0x00,0x00,0x00,0x00,0x00,0x00,0x00,0x00,
    0x00,0x00,0x00,0x00,0x00,0x00,0x00,0x00,0x14,0xfe,0xff,0xb6,0x00,0x00,0x00,0x00,
    0x00,0x00,0x00,0x00,0x00,0x00,0x00,0x00,0x00,0x00,0x00,0x00,0x00,0x55,0xff,0xff,
    0x47,0x00,0x00,0x00,0x00,0x00,0x00,0x00,0x00,0x00,0x00,0x00,0x00,0x00,0x00,0x00,
    0x00,0x00,0x98,0xff,0xce,0x01,0x00,0x00,0x00,0x00,0x00,0x00,0x00,0x00,0x00,0x00,
    0x00,0x00,0x00,0x00,0x00,0x00,0x00,0xd9,0xff,0x40,0x00,0x00,0x00,0x00,0x00,0x00,
    0x00,0x00,0x00,0x00,0x00,0x00,0x00,0x00,0x00,0x00,0x00,0x00,0xe7,0x9a,0x00,0x00,
    0x00,0x00,0x00,0x00,0x00,0x00,0x00,0x00,0x00,0x00,0x00,0x00,0x00,0x00,0x00,0x00,
    0x00,0x0a,0x00,0x00,0x00,0x00,0x00,0x00,0x00,0x00,0x00,0x00,0x00,0x00,0x00,0x00,
    0x00,0x00,0x00,0x00,0x00,0x00,0x50,0x6c,0x17,0x00,0x00,0x00,0x00,0x00,0x00,0x00,
    0x00,0x00,0x00,0x00,0x00,0x00,0x00,0x00,0x00,0x00,0x00,0x00,0x00,0xa7,0xff,0xe4,
    0x28,0x00,0x00,0x00,0x00,0x00,0x00,0x00,0x00,0x00,0x00,0x00,0x00,0x00,0x00,0x00,
    0x00,0x00,0x00,0x00,0x04,0xb9,0xff,0xea,0x2a,0x00,0x00,0x00,0x00,0x00,0x00,0x00,
    0x00,0x00,0x00,0x00,0x00,0x00,0x00,0x00,0x00,0x00,0x00,0x00,0x0d,0xd0,0xff,0xd5,
    0x09,0x00,0x00,0x00,0x00,0x00,0x00,0x00,0x00,0x00,0x00,0x00,0x00,0x00,0x00,0x00,
    0x00,0x00,0x00,0x00,0x2a,0xf9,0xff,0x98,0x00,0x00,0x00,0x00,0x00,0x00,0x00,0x00,
    0x00,0x00,0x00,0x00,0x00,0x00,0x00,0x00,0x00,0x00,0x00,0x00,0x7f,0xff,0xff,0x38,
    0x00,0x00,0x00,0x00,0x00,0x00,0x00,0x00,0x00,0x00,0x00,0x00,0x00,0x00,0x00,0x00,
    0x00,0x00,0x00,0x0a,0xf3,0xff,0xa6,0x00,0x00,0x00,0x00,0x00,0x00,0x00,0x00,0x00,
    0x00,0x00,0x00,0x00,0x00,0x00,0x00,0x00,0x00,0x00,0x00,0xa3,0xff,0xfa,0x1a,0x00,
    0x00,0x00,0x00,0x00,0x00,0x00,0x00,0x00,0x00,0x00,0x00,0x00,0x00,0x00,0x00,0x00,
    0x00,0x00,0x4e,0xff,0xff,0x7a,0x00,0x00,0x00,0x00,0x00,0x00,0x00,0x00,0x00,0x00,
    0x00,0x00,0x00,0x00,0x00,0x00,0x00,0x00,0x00,0x29,0xff,0xff,0xb5,0x00,0x00,0x00,
    0x00,0x00,0x00,0x00,0x00,0x00,0x00,0x00,0x00,0x00,0x00,0x00,0x00,0x00,0x00,0x00,
    0x0e,0xff,0xff,0xe4,0x00,0x00,0x00,0x00,0x00,0x00,0x00,0x00,0x00,0x00,0x00,0x00,
    0x00,0x00,0x00,0x00,0x00,0x00,0x00,0x00,0xf4,0xff,0xf8,0x00,0x00,0x00,0x00,0x00,
    0x00,0x00,0x00,0x00,0x00,0x00,0x00,0x00,0x00,0x00,0x00,0x00,0x00,0x00,0x06,0xfd,
    0xff,0xff,0x04,0x00,0x00,0x00,0x00,0x00,0x00,0x00,0x00,0x00,0x00,0x00,0x00,0x00,
    0x00,0x00,0x00,0x00,0x00,0x26,0xff,0xff,0xfa,0x00,0x00,0x00,0x00,0x00,0x00,0x00,
    0x00,0x00,0x00,0x00,0x00,0x00,0x00,0x00,0x00,0x00,0x00,0x00,0x4f,0xff,0xff,0xec,
    0x00,0x00,0x00,0x00,0x00,0x00,0x00,0x00,0x00,0x00,0x00,0x00,0x00,0x00,0x00,0x00,
    0x00,0x00,0x00,0xb0,0xff,0xff,0xc5,0x00,0x00,0x00,0x00,0x00,0x00,0x00,0x00,0x00,
    0x00,0x00,0x00,0x00,0x00,0x00,0x00,0x00,0x00,0x1f,0xfd,0xff,0xff,0xa1,0x00,0x00,
    0x00,0x00,0x00,0x00,0x00,0x00,0x00,0x00,0x00,0x00,0x00,0x00,0x00,0x00,0x00,0x00,
    0xb0,0xff,0xff,0xff,0xb8,0x00,0x00,0x00,0x00,0x00,0x00,0x00,0x00,0x00,0x00,0x00,
    0x00,0x00,0x00,0x00,0x00,0x00,0x6c,0xff,0xff,0xff,0xff,0xd7,0x00,0x00,0x00,0x00,
    0x00,0x00,0x00,0x00,0x00,0x00,0x00,0x00,0x00,0x00,0x00,0x00,0x43,0xf8,0xff,0xff,
    0xff,0xff,0xf6,0x00,0x00,0x00,0x00,0x00,0x00,0x00,0x00,0x00,0x00,0x00,0x00,0x00,
    0x00,0x00,0x44,0xf6,0xff,0xff,0xff,0xff,0xff,0xff,0x12,0x00,0x00,0x00,0x00,0x00,
    0x00,0x00,0x00,0x00,0x00,0x00,0x00,0x00,0x51,0xf6,0xff,0xff,0xff,0xff,0xf9,0xff,
    0xff,0x1e,0x00,0x00,0x00,0x00,0x00,0x00,0x00,0x00,0x00,0x00,0x00,0x02,0x84,0xfe,
    0xff,0xff,0xff,0xff,0xb3,0xdb,0xff,0xff,0x29,0x00,0x00,0x00,0x00,0x00,0x00,0x00,
    0x00,0x00,0x00,0x1c,0xba,0xff,0xff,0xff,0xff,0xff,0xe2,0x17,0xf2,0xff,0xff,0x34,
    0x00,0x00,0x00,0x00,0x00,0x00,0x00,0x00,0x01,0x67,0xf1,0xff,0xff,0xff,0xff,0xff,
    0xf0,0x31,0x0a,0xff,0xff,0xff,0x32,0x00,0x00,0x00,0x00,0x00,0x00,0x00,0x3b,0xc5,
    0xff,0xff,0xff,0xff,0xff,0xff,0xf1,0x36,0x00,0x25,0xff,0xff,0xff,0x1a,0x00,0x00,
    0x00,0x00,0x00,0x33,0xb0,0xff,0xff,0xff,0xff,0xff,0xff,0xff,0xf2,0x38,0x00,0x00,
    0x5f,0xff,0xff,0xfe,0x04,0x00,0x00,0x0c,0x59,0xc4,0xff,0xff,0xff,0xff,0xff,0xff,
    0xff,0xff,0xe5,0x34,0x00,0x00,0x00,0xa0,0xff,0xff,0xe9,0x00,0x20,0xb7,0xf9,0xff,
    0xff,0xff,0xff,0xff,0xff,0xff,0xff,0xff,0xca,0x1a,0x00,0x00,0x00,0x00,0xe2,0xff,
    0xff,0xd0,0x00,0xae,0xff,0xff,0xff,0xff,0xff,0xff,0xff,0xff,0xff,0xff,0xa5,0x08,
    0x00,0x00,0x00,0x00,0x3d,0xff,0xff,0xff,0x94,0x00,0xfb,0xff,0xff,0xff,0xff,0xff,
    0xff,0xff,0xff,0xfe,0x7a,0x00,0x00,0x00,0x00,0x00,0x00,0xb4,0xff,0xff,0xff,0x47,
    0x00,0xff,0xff,0xff,0xff,0xff,0xff,0xff,0xff,0xf3,0x4f,0x00,0x00,0x00,0x00,0x00,
    0x00,0x2b,0xfe,0xff,0xff,0xf4,0x07,0x00,0xff,0xff,0xff,0xff,0xff,0xff,0xff,0xdf,
    0x2d,0x00,0x00,0x00,0x00,0x00,0x00,0x03,0xc3,0xff,0xff,0xff,0xad,0x00,0x00,0xff,
    0xff,0xff,0xff,0xff,0xff,0xc6,0x15,0x00,0x00,0x00,0x00,0x00,0x00,0x00,0x84,0xff,
    0xff,0xff,0xff,0x3b,0x00,0x00,0xff,0xff,0xff,0xff,0xff,0xc6,0x0c,0x00,0x00,0x00,
    0x00,0x00,0x00,0x00,0x50,0xfd,0xff,0xff,0xff,0xb5,0x00,0x00,0x00,0xff,0xff,0xff,
    0xff,0xeb,0x1a,0x00,0x00,0x00,0x00,0x00,0x00,0x00,0x60,0xfb,0xff,0xff,0xff,0xfe,
    0x32,0x00,0x00,0x00,0xff,0xff,0xff,0xff,0x4c,0x00,0x00,0x00,0x00,0x00,0x00,0x03,
    0x7c,0xff,0xff,0xff,0xff,0xff,0x99,0x00,0x00,0x00,0x00,0xff,0xff,0xff,0xc0,0x00,
    0x00,0x00,0x00,0x00,0x00,0x31,0xcc,0xff,0xff,0xff,0xff,0xff,0xd4,0x09,0x00,0x00,
    0x00,0x00,0xff,0xff,0xff,0x50,0x00,0x00,0x00,0x00,0x22,0x94,0xfc,0xff,0xff,0xff,
    0xff,0xff,0xf5,0x2a,0x00,0x00,0x00,0x00,0x00,0xff,0xff,0xf4,0x07,0x00,0x01,0x3d,
    0xac,0xfd,0xff,0xff,0xff,0xff,0xff,0xff,0xfb,0x4f,0x00,0x00,0x00,0x00,0x00,0x00,
    0xff,0xff,0xc1,0x43,0x94,0xe4,0xff,0xff,0xff,0xff,0xff,0xff,0xff,0xff,0xfd,0x58,
    0x00,0x00,0x00,0x00,0x00,0x00,0x00,0xff,0xff,0xff,0xff,0xff,0xff,0xff,0xff,0xff,
    0xff,0xff,0xff,0xff,0xfc,0x60,0x00,0x00,0x00,0x00,0x00,0x00,0x00,0x00,0xff,0xff,
    0xff,0xff,0xff,0xff,0xff,0xff,0xff,0xff,0xff,0xff,0xf5,0x4b,0x00,0x00,0x00,0x00,
    0x00,0x00,0x00,0x00,0x00,0xff,0xff,0xff,0xff,0xff,0xff,0xff,0xff,0xff,0xff,0xff,
    0xe8,0x36,0x00,0x00,0x00,0x00,0x00,0x00,0x00,0x00,0x00,0x00,0xff,0xff,0xff,0xff,
    0xff,0xff,0xff,0xff,0xff,0xff,0xcd,0x1d,0x00,0x00,0x00,0x00,0x00,0x00,0x00,0x00,
    0x00,0x00,0x00,0xff,0xff,0xff,0xff,0xff,0xff,0xff,0xff,0xff,0xaf,0x0a,0x00,0x00,
    0x00,0x00,0x00,0x00,0x00,0x00,0x00,0x00,0x00,0x00,0xff,0xff,0xff,0xff,0xff,0xff,
    0xff,0xff,0x92,0x02,0x00,0x00,0x00,0x00,0x00,0x00,0x00,0x00,0x00,0x00,0x00,0x00,
    0x00,0xff,0xff,0xff,0xff,0xff,0xff,0xff,0x8c,0x00,0x00,0x00,0x00,0x00,0x00,0x00,
    0x00,0x00,0x00,0x00,0x00,0x00,0x00,0x00,0xff,0xff,0xff,0xff,0xff,0xff,0x8e,0x00,
    0x00,0x00,0x00,0x00,0x00,0x00,0x00,0x00,0x00,0x00,0x00,0x00,0x00,0x00,0x00,0xff,
    0xff,0xff,0xff,0xff,0xbd,0x02,0x00,0x00,0x00,0x00,0x00,0x00,0x00,0x00,0x00,0x00,
    0x00,0x00,0x00,0x00,0x00,0x00,0xff,0xff,0xff,0xff,0xea,0x19,0x00,0x00,0x00,0x00,
    0x00,0x00,0x00,0x00,0x00,0x00,0x00,0x00,0x00,0x00,0x00,0x00,0x00,0xff,0xff,0xff,
    0xff,0x5f,0x00,0x00,0x00,0x00,0x00,0x00,0x00,0x00,0x00,0x00,0x00,0x00,0x00,0x00,
    0x00,0x00,0x00,0x00,0xff,0xff,0xff,0xdd,0x03,0x00,0x00,0x00,0x00,0x00,0x00,0x00,
    0x00,0x00,0x00,0x00,0x00,0x00,0x00,0x00,0x00,0x00,0x00,0xff,0xff,0xff,0x7b,0x00,
    0x00,0x00,0x00,0x00,0x00,0x00,0x00,0x00,0x00,0x00,0x00,0x00,0x00,0x00,0x00,0x00,
    0x00,0x00,0xff,0xff,0xff,0x23,0x00,0x00,0x00,0x00,0x00,0x00,0x00,0x00,0x00,0x00,
    0x00,0x00,0x00,0x00,0x00,0x00,0x00,0x00,0x00,0xff,0xff,0xdd,0x00,0x00,0x00,0x00,
    0x00,0x00,0x00,0x00,0x00,0x00,0x00,0x00,0x00,0x00,0x00,0x00,0x00,0x00,0x00,0x00,
    0xff,0xff,0x9c,0x00,0x00,0x00,0x00,0x00,0x00,0x00,0x00,0x00,0x00,0x00,0x00,0x00,
    0x00,0x00,0x00,0x00,0x00,0x00,0x00,0xff,0xff,0x6c,0x00,0x00,0x00,0x00,0x00,0x00,
    0x00,0x00,0x00,0x00,0x00,0x00,0x00,0x00,0x00,0x00,0x00,0x00,0x00,0x00,0xff,0xff,
    0x3e,0x00,0x00,0x00,0x00,0x00,0x00,0x00,0x00,0x00,0x00,0x00,0x00,0x00,0x00,0x00,
    0x00,0x00,0x00,0x00,0x00,0xc4,0xdc,0x07,0x00,0x00,0x00,0x00,0x00,0x00,0x00,0x00,
    0x00,0x00,0x00,0x00,0x00,0x00,0x00,0x00,0x00,0x00,0x00,0x00,0x03,0x08,0x00,0x00,
    0x00,0x00,0x00,0x00,0x00,0x00,0x00,0x00,0x00,0x00,0x00,0x00,0x00,0x00,0x00,0x00,
    0x00,0x00,0x00,0xa3,0xaf,0x01,0x00,0x00,0x00,0x00,0x00,0x00,0x00,0x00,0x00,0x00,
    0x00,0x00,0x00,0x00,0x00,0x00,0x00,0x00,0xff,0xff,0x37,0x00,0x00,0x00,0x00,0x00,
    0x00,0x00,0x00,0x00,0x00,0x00,0x00,0x00,0x00,0x00,0x00,0x00,0x00,0xff,0xff,0x84,
    0x00,0x00,0x00,0x00,0x00,0x00,0x00,0x00,0x00,0x00,0x00,0x00,0x00,0x00,0x00,0x00,
    0x00,0x00,0xff,0xff,0xd4,0x00,0x00,0x00,0x00,0x00,0x00,0x00,0x00,0x00,0x00,0x00,
    0x00,0x00,0x00,0x00,0x00,0x00,0x00,0xff,0xff,0xff,0x2b,0x00,0x00,0x00,0x00,0x00,
    0x00,0x00,0x00,0x00,0x00,0x00,0x00,0x00,0x00,0x00,0x00,0x00,0xff,0xff,0xff,0x86,
    0x00,0x00,0x00,0x00,0x00,0x00,0x00,0x00,0x00,0x00,0x00,0x00,0x00,0x00,0x00,0x00,
    0x00,0xff,0xff,0xff,0xe7,0x04,0x00,0x00,0x00,0x00,0x00,0x00,0x00,0x00,0x00,0x00,
    0x00,0x00,0x00,0x00,0x00,0x00,0xff,0xff,0xff,0xff,0x52,0x00,0x00,0x00,0x00,0x00,
    0x00,0x00,0x00,0x00,0x00,0x00,0x00,0x00,0x00,0x00,0x00,0xff,0xff,0xff,0xff,0xb8,
    0x00,0x00,0x00,0x00,0x00,0x00,0x00,0x00,0x00,0x00,0x00,0x00,0x00,0x00,0x00,0x00,
    0xff,0xff,0xff,0xff,0xfe,0x32,0x00,0x00,0x00,0x00,0x00,0x00,0x00,0x00,0x00,0x00,
    0x00,0x00,0x00,0x00,0x00,0xff,0xff,0xff,0xff,0xff,0xbc,0x00,0x00,0x00,0x00,0x00,
    0x00,0x00,0x00,0x00,0x00,0x00,0x00,0x00,0x00,0x00,0xff,0xff,0xff,0xff,0xff,0xff,
    0x47,0x00,0x00,0x00,0x00,0x00,0x00,0x00,0x00,0x00,0x00,0x00,0x00,0x00,0x00,0xff,
    0xff,0xff,0xff,0xff,0xff,0xd3,0x06,0x00,0x00,0x00,0x00,0x00,0x00,0x00,0x00,0x00,
    0x00,0x00,0x00,0x00,0xff,0xff,0xff,0xff,0xff,0xff,0xff,0x90,0x00,0x00,0x00,0x00,
    0x00,0x00,0x00,0x00,0x00,0x00,0x00,0x00,0x00,0xff,0xff,0xff,0xff,0xff,0xff,0xff,
    0xff,0x4f,0x00,0x00,0x00,0x00,0x00,0x00,0x00,0x00,0x00,0x00,0x00,0x00,0xff,0xff,
    0xff,0xff,0xff,0xff,0xff,0xff,0xed,0x20,0x00,0x00,0x00,0x00,0x00,0x00,0x00,0x00,
    0x00,0x00,0x00,0xff,0xff,0xff,0xff,0xff,0xff,0xff,0xff,0xff,0xd1,0x0b,0x00,0x00,
    0x00,0x00,0x00,0x00,0x00,0x00,0x00,0x00,0xff,0xff,0xff,0xff,0xff,0xff,0xff,0xff,
    0xff,0xff,0xad,0x01,0x00,0x00,0x00,0x00,0x00,0x00,0x00,0x00,0x00,0xff,0xff,0xc2,
    0x7c,0xca,0xff,0xff,0xff,0xff,0xff,0xff,0x81,0x00,0x00,0x00,0x00,0x00,0x00,0x00,
    0x00,0x00,0xff,0xff,0xdb,0x00,0x00,0x3c,0xd2,0xff,0xff,0xff,0xff,0xfe,0x51,0x00,
    0x00,0x00,0x00,0x00,0x00,0x00,0x00,0xff,0xff,0xff,0x27,0x00,0x00,0x04,0x8c,0xff,
    0xff,0xff,0xff,0xf3,0x2c,0x00,0x00,0x00,0x00,0x00,0x00,0x00,0xff,0xff,0xff,0x96,
    0x00,0x00,0x00,0x00,0x5c,0xfc,0xff,0xff,0xff,0xdd,0x12,0x00,0x00,0x00,0x00,0x00,
    0x00,0xff,0xff,0xff,0xf9,0x1f,0x00,0x00,0x00,0x00,0x54,0xfb,0xff,0xff,0xff,0xbb,
    0x03,0x00,0x00,0x00,0x00,0x00,0xff,0xff,0xff,0xff,0xa9,0x00,0x00,0x00,0x00,0x00,
    0x50,0xf9,0xff,0xff,0xff,0x8e,0x00,0x00,0x00,0x00,0x00,0xff,0xff,0xff,0xff,0xff,
    0x65,0x00,0x00,0x00,0x00,0x00,0x5b,0xff,0xff,0xff,0xff,0x5e,0x00,0x00,0x00,0x00,
    0xff,0xff,0xff,0xff,0xff,0xf8,0x3c,0x00,0x00,0x00,0x00,0x00,0x86,0xff,0xff,0xff,
    0xf2,0x1c,0x00,0x00,0x00,0xff,0xff,0xff,0xff,0xff,0xff,0xec,0x27,0x00,0x00,0x00,
    0x00,0x01,0xb0,0xff,0xff,0xff,0xb1,0x00,0x00,0x00,0xff,0xff,0xff,0xff,0xff,0xff,
    0xff,0xe2,0x1e,0x00,0x00,0x00,0x00,0x14,0xea,0xff,0xff,0xff,0x46,0x00,0x00,0xff,
    0xff,0xff,0xff,0xff,0xff,0xff,0xff,0xda,0x17,0x00,0x00,0x00,0x00,0x58,0xff,0xff,
    0xff,0xb3,0x00,0x00,0xff,0xff,0xff,0xff,0xff,0xff,0xff,0xff,0xff,0xd2,0x11,0x00,
    0x00,0x00,0x00,0xbb,0xff,0xff,0xfd,0x20,0x00,0xff,0xff,0xff,0xff,0xff,0xff,0xff,
    0xff,0xff,0xff,0xc8,0x0d,0x00,0x00,0x00,0x47,0xff,0xff,0xff,0x6a,0x00,0xff,0xff,
    0x9e,0x1f,0x64,0xcc,0xff,0xff,0xff,0xff,0xff,0xc0,0x09,0x00,0x00,0x01,0xd7,0xff,
    0xff,0xa5,0x00,0xff,0xff,0xcf,0x00,0x00,0x02,0x6c,0xf3,0xff,0xff,0xff,0xff,0xb6,
    0x06,0x00,0x00,0x89,0xff,0xff,0xdc,0x00,0xff,0xff,0xff,0x24,0x00,0x00,0x00,0x1d,
    0xba,0xff,0xff,0xff,0xff,0xab,0x01,0x00,0x4d,0xff,0xff,0xf2,0x00,0xff,0xff,0xff,
    0x92,0x00,0x00,0x00,0x00,0x04,0xa2,0xff,0xff,0xff,0xff,0x89,0x00,0x22,0xff,0xff,
    0xff,0x05,0xff,0xff,0xff,0xf9,0x20,0x00,0x00,0x00,0x00,0x01,0x8f,0xff,0xff,0xff,
    0xff,0x63,0x11,0xff,0xff,0xff,0x0f,0xff,0xff,0xff,0xff,0xbd,0x01,0x00,0x00,0x00,
    0x00,0x00,0x8b,0xff,0xff,0xff,0xfa,0x4c,0xff,0xff,0xfe,0x02,0xff,0xff,0xff,0xff,
    0xff,0x75,0x00,0x00,0x00,0x00,0x00,0x01,0xad,0xff,0xff,0xff,0xf2,0xff,0xff,0xf2,
    0x00,0xff,0xff,0xff,0xff,0xff,0xfd,0x52,0x00,0x00,0x00,0x00,0x00,0x09,0xca,0xff,
    0xff,0xff,0xff,0xff,0xe2,0x00,0xff,0xff,0xff,0xff,0xff,0xff,0xf7,0x3e,0x00,0x00,
    0x00,0x00,0x00,0x23,0xf6,0xff,0xff,0xff,0xff,0xbd,0x00,0xff,0xff,0xff,0xff,0xff,
    0xff,0xff,0xf2,0x36,0x00,0x00,0x00,0x00,0x00,0x75,0xff,0xff,0xff,0xff,0x92,0x00,
    0xda,0xff,0xff,0xff,0xff,0xff,0xff,0xff,0xee,0x30,0x00,0x00,0x00,0x00,0x03,0xd1,
    0xff,0xff,0xff,0x66,0x00,0x07,0x64,0xe0,0xff,0xff,0xff,0xff,0xff,0xff,0xea,0x28,
    0x00,0x00,0x00,0x00,0x5b,0xff,0xff,0xff,0x61,0x00,0x00,0x00,0x08,0x87,0xfc,0xff,
    0xff,0xff,0xff,0xff,0xe3,0x1f,0x00,0x00,0x00,0x05,0xe6,0xff,0xff,0x99,0x00,0x00,
    0x00,0x00,0x00,0x3a,0xe4,0xff,0xff,0xff,0xff,0xff,0xda,0x13,0x00,0x00,0x00,0x94,
    0xff,0xff,0xd1,0x00,0x00,0x00,0x00,0x00,0x00,0x16,0xc4,0xff,0xff,0xff,0xff,0xff,
    0xc2,0x06,0x00,0x00,0x58,0xff,0xff,0xee,0x00,0x00,0x00,0x00,0x00,0x00,0x00,0x08,
    0xad,0xff,0xff,0xff,0xff,0xff,0xa0,0x00,0x00,0x27,0xff,0xff,0xfe,0x03,0x00,0x00,
    0x00,0x00,0x00,0x00,0x00,0x03,0xa6,0xff,0xff,0xff,0xff,0xff,0x79,0x00,0x13,0xff,
    0xff,0xff,0x0e,0x00,0x00,0x00,0x00,0x00,0x00,0x00,0x00,0x03,0xaa,0xff,0xff,0xff,
    0xff,0xfe,0x47,0x08,0xff,0xff,0xfc,0x01,0x00,0x00,0x00,0x00,0x00,0x00,0x00,0x00,
    0x00,0x07,0xc4,0xff,0xff,0xff,0xff,0xe6,0x23,0xff,0xff,0xe8,0x00,0x00,0x00,0x00,
    0x00,0x00,0x00,0x00,0x00,0x00,0x00,0x14,0xde,0xff,0xff,0xff,0xff,0xae,0xff,0xff,
    0xd3,0x00,0x00,0x00,0x00,0x00,0x00,0x00,0x00,0x00,0x00,0x00,0x00,0x35,0xfa,0xff,
    0xff,0xff,0xff,0xff,0xff,0xbf,0x00,0x00,0x00,0x00,0x00,0x00,0x00,0x00,0x00,0x00,
    0x00,0x00,0x00,0x75,0xff,0xff,0xff,0xff,0xff,0xff,0xa6,0x00,0x00,0x00,0x00,0x00,
    0x00,0x00,0x00,0x00,0x00,0x00,0x00,0x00,0x02,0xcb,0xff,0xff,0xff,0xff,0xff,0x73,
    0x00,0x00,0x00,0x00,0x00,0x00,0x00,0x00,0x00,0x00,0x00,0x00,0x00,0x00,0x39,0xfe,
    0xff,0xff,0xff,0xff,0x3c,0x00,0x00,0x00,0x00,0x00,0x00,0x00,0x00,0x00,0x00,0x00,
    0x00,0x00,0x00,0x00,0xa6,0xff,0xff,0xff,0xfb,0x09,0x00,0x00,0x00,0x00,0x00,0x00,
    0x00,0x00,0x00,0x00,0x00,0x00,0x00,0x00,0x00,0x37,0xff,0xff,0xff,0xce,0x00,0x00,
    0x00,0x00,0x00,0x00,0x00,0x00,0x00,0x00,0x00,0x00,0x00,0x00,0x00,0x00,0x00,0xce,
    0xff,0xff,0xc7,0x00,0x00,0x00,0x00,0x00,0x00,0x00,0x00,0x00,0x00,0x00,0x00,0x00,
    0x00,0x00,0x00,0x00,0x86,0xff,0xff,0xe2,0x00,0x00,0x00,0x00,0x00,0x00,0x00,0x00,
    0x00,0x00,0x00,0x00,0x00,0x00,0x00,0x00,0x00,0x4b,0xff,0xff,0xfa,0x00,0x00,0x00,
    0x00,0x00,0x00,0x00,0x00,0x00,0x00,0x00,0x00,0x00,0x00,0x00,0x00,0x00,0x2c,0xff,
    0xff,0xff,0x04,0x00,0x00,0x00,0x00,0x00,0x00,0x00,0x00,0x00,0x00,0x00,0x00,0x00,
    0x00,0x00,0x00,0x1d,0xff,0xff,0xff,0x0c,0x00,0x00,0x00,0x00,0x00,0x00,0x00,0x00,
    0x00,0x00,0x00,0x00,0x00,0x00,0x00,0x00,0x25,0xff,0xff,0xff,0x0b,0x00,0x00,0x00,
    0x00,0x00,0x00,0x00,0x00,0x00,0x00,0x00,0x00,0x00,0x00,0x00,0x00,0x35,0xff,0xff,
    0xf0,0x00,0x00,0x00,0x00,0x00,0x00,0x00,0x00,0x00,0x00,0x00,0x00,0x00,0x00,0x00,
    0x00,0x00,0x47,0xff,0xff,0xd5,0x00,0x00,0x00,0x00,0x00,0x00,0x00,0x00,0x00,0x00,
    0x00,0x00,0x00,0x00,0x00,0x00,0x00,0x68,0xff,0xff,0xac,0x00,0x00,0x00,0x00,0x00,
    0x00,0x00,0x00,0x00,0x00,0x00,0x00,0x00,0x00,0x00,0x00,0x00,0x8e,0xff,0xff,0x64,
    0x00,0x00,0x00,0x00,0x00,0x00,0x00,0x00,0x00,0x00,0x00,0x00,0x00,0x00,0x00,0x00,
    0x00,0xcb,0xff,0xff,0x1c,0x00,0x00,0x00,0x00,0x00,0x00,0x00,0x00,0x00,0x00,0x00,
    0x00,0x00,0x00,0x00,0x00,0x10,0xfd,0xff,0xbd,0x00,0x00,0x00,0x00,0x00,0x00,0x00,
    0x00,0x00,0x00,0x00,0x00,0x00,0x00,0x00,0x00,0x00,0x50,0xff,0xff,0x4e,0x00,0x00,
    0x00,0x00,0x00,0x00,0x00,0x00,0x00,0x00,0x00,0x00,0x00,0x00,0x00,0x00,0x00,0x93,
    0xff,0xd5,0x02,0x00,0x00,0x00,0x00,0x00,0x00,0x00,0x00,0x00,0x00,0x00,0x00,0x00,
    0x00,0x00,0x00,0x00,0xd4,0xff,0x48,0x00,0x00,0x00,0x00,0x00,0x00,0x00,0x00,0x00,
    0x00,0x00,0x00,0x00,0x00,0x00,0x00,0x00,0x00,0xed,0xaa,0x00,0x00,0x00,0x00,0x00,
    0x00,0x00,0x00,0x00,0x00,0x00,0x00,0x00,0x00,0x00,0x00,0x00,0x00,0x00,0x15,0x01,
    0x00,0x00,0x00,0x00,0x00,0x00,0x00,0x00,0x00,0x00,0x00,0x00,0x00,0x00,0x00,0x00,
    0x00,0x00,0x00,0x78,0x92,0x2d,0x00,0x00,0x00,0x00,0x00,0x00,0x00,0x00,0x00,0x00,
    0x00,0x00,0x00,0x00,0x00,0x00,0x00,0x00,0x00,0x00,0x82,0xff,0xf2,0x3f,0x00,0x00,
    0x00,0x00,0x00,0x00,0x00,0x00,0x00,0x00,0x00,0x00,0x00,0x00,0x00,0x00,0x00,0x00,
    0x00,0x00,0x9a,0xff,0xf6,0x3e,0x00,0x00,0x00,0x00,0x00,0x00,0x00,0x00,0x00,0x00,
    0x00,0x00,0x00,0x00,0x00,0x00,0x00,0x00,0x00,0x04,0xba,0xff,0xe5,0x13,0x00,0x00,
    0x00,0x00,0x00,0x00,0x00,0x00,0x00,0x00,0x00,0x00,0x00,0x00,0x00,0x00,0x00,0x00,
    0x00,0x1b,0xf1,0xff,0xb2,0x00,0x00,0x00,0x00,0x00,0x00,0x00,0x00,0x00,0x00,0x00,
    0x00,0x00,0x00,0x00,0x00,0x00,0x00,0x00,0x00,0x68,0xff,0xff,0x49,0x00,0x00,0x00,
    0x00,0x00,0x00,0x00,0x00,0x00,0x00,0x00,0x00,0x00,0x00,0x00,0x00,0x00,0x00,0x00,
    0x05,0xec,0xff,0xb6,0x00,0x00,0x00,0x00,0x00,0x00,0x00,0x00,0x00,0x00,0x00,0x00,
    0x00,0x00,0x00,0x00,0x00,0x00,0x00,0x00,0x96,0xff,0xfe,0x26,0x00,0x00,0x00,0x00,
    0x00,0x00,0x00,0x00,0x00,0x00,0x00,0x00,0x00,0x00,0x00,0x00,0x00,0x00,0x00,0x45,
    0xff,0xff,0x84,0x00,0x00,0x00,0x00,0x00,0x00,0x00,0x00,0x00,0x00,0x00,0x00,0x00,
    0x00,0x00,0x00,0x00,0x00,0x00,0x25,0xff,0xff,0xbd,0x00,0x00,0x00,0x00,0x00,0x00,
    0x00,0x00,0x00,0x00,0x00,0x00,0x00,0x00,0x00,0x00,0x00,0x00,0x00,0x0a,0xff,0xff,
    0xe7,0x00,0x00,0x00,0x00,0x00,0x00,0x00,0x00,0x00,0x00,0x00,0x00,0x00,0x00,0x00,
    0x00,0x00,0x00,0x00,0x00,0xf2,0xff,0xfa,0x00,0x00,0x00,0x00,0x00,0x00,0x00,0x00,
    0x00,0x00,0x00,0x00,0x00,0x00,0x00,0x00,0x00,0x00,0x00,0x02,0xfd,0xff,0xfe,0x02,
    0x00,0x00,0x00,0x00,0x00,0x00,0x00,0x00,0x00,0x00,0x00,0x00,0x00,0x00,0x00,0x00,
    0x00,0x00,0x1a,0xff,0xff,0xef,0x00,0x00,0x00,0x00,0x00,0x00,0x00,0x00,0x00,0x00,
    0x00,0x00,0x00,0x00,0x00,0x00,0x00,0x00,0x00,0x5a,0xff,0xff,0xdd,0x00,0x00,0x00,
    0x00,0x00,0x00,0x00,0x00,0x00,0x00,0x00,0x00,0x00,0x00,0x00,0x00,0x00,0x00,0x00,
    0xae,0xff,0xff,0xbe,0x00,0x00,0x00,0x00,0x00,0x00,0x00,0x00,0x00,0x00,0x00,0x00,
    0x00,0x00,0x00,0x00,0x00,0x00,0x2d,0xfe,0xff,0xff,0x84,0x00,0x00,0x00,0x00,0x00,
    0x00,0x00,0x00,0x00,0x00,0x00,0x00,0x00,0x00,0x00,0x00,0x00,0x03,0xc3,0xff,0xff,
    0xff,0x4d,0x00,0x00,0x00,0x00,0x00,0x00,0x00,0x00,0x00,0x00,0x00,0x00,0x00,0x00,
    0x00,0x00,0x00,0x87,0xff,0xff,0xff,0xff,0x5d,0x00,0x00,0x00,0x00,0x00,0x00,0x00,
    0x00,0x00,0x00,0x00,0x00,0x00,0x00,0x00,0x00,0x6f,0xff,0xff,0xff,0xff,0xff,0x8a,
    0x00,0x00,0x00,0x00,0x00,0x00,0x00,0x00,0x00,0x00,0x00,0x00,0x00,0x00,0x00,0x67,
    0xff,0xff,0xff,0xff,0xff,0xff,0xb7,0x00,0x00,0x00,0x00,0x00,0x00,0x00,0x00,0x00,
    0x00,0x00,0x00,0x00,0x00,0x80,0xff,0xff,0xff,0xff,0xff,0xff,0xff,0xd8,0x00,0x00,
    0x00,0x00,0x00,0x00,0x00,0x00,0x00,0x00,0x00,0x00,0x0d,0xa6,0xff,0xff,0xff,0xff,
    0xff,0xe7,0xf1,0xff,0xe8,0x00,0x00,0x00,0x00,0x00,0x00,0x00,0x00,0x00,0x00,0x00,
    0x43,0xe0,0xff,0xff,0xff,0xff,0xff,0xfb,0x47,0xe1,0xff,0xf9,0x00,0x00,0x00,0x00,
    0x00,0x00,0x00,0x00,0x00,0x0c,0x96,0xfe,0xff,0xff,0xff,0xff,0xff,0xfe,0x5d,0x00,
    0xf8,0xff,0xff,0x06,0x00,0x00,0x00,0x00,0x00,0x00,0x03,0x58,0xdf,0xff,0xff,0xff,
    0xff,0xff,0xff,0xfc,0x65,0x00,0x16,0xff,0xff,0xff,0x05,0x00,0x00,0x00,0x00,0x05,
    0x60,0xda,0xff,0xff,0xff,0xff,0xff,0xff,0xff,0xf2,0x49,0x00,0x00,0x33,0xff,0xff,
    0xe6,0x00,0x00,0x00,0x22,0x7c,0xe0,0xff,0xff,0xff,0xff,0xff,0xff,0xff,0xff,0xdf,
    0x2e,0x00,0x00,0x00,0x75,0xff,0xff,0xc2,0x00,0x31,0xd8,0xff,0xff,0xff,0xff,0xff,
    0xff,0xff,0xff,0xff,0xff,0xbb,0x13,0x00,0x00,0x00,0x00,0xd2,0xff,0xff,0x9e,0x00,
    0xbf,0xff,0xff,0xff,0xff,0xff,0xff,0xff,0xff,0xff,0xff,0x8b,0x03,0x00,0x00,0x00,
    0x00,0x2f,0xff,0xff,0xff,0x8d,0x00,0xfe,0xff,0xff,0xff,0xff,0xff,0xff,0xff,0xff,
    0xf7,0x5b,0x00,0x00,0x00,0x00,0x00,0x00,0xb6,0xff,0xff,0xff,0xa9,0x00,0xff,0xff,
    0xff,0xff,0xff,0xff,0xff,0xff,0xe4,0x34,0x00,0x00,0x00,0x00,0x00,0x00,0x5a,0xff,
    0xff,0xff,0xff,0xc9,0x00,0xff,0xff,0xff,0xff,0xff,0xff,0xff,0xcd,0x18,0x00,0x00,
    0x00,0x00,0x00,0x00,0x1d,0xea,0xff,0xff,0xff,0xff,0xe8,0x00,0xff,0xff,0xff,0xff,
    0xff,0xff,0xbb,0x0c,0x00,0x00,0x00,0x00,0x00,0x00,0x18,0xda,0xff,0xff,0xff,0xff,
    0xff,0xff,0x07,0xff,0xff,0xff,0xff,0xff,0xc4,0x0a,0x00,0x00,0x00,0x00,0x00,0x00,
    0x16,0xd3,0xff,0xff,0xff,0xff,0xff,0xff,0xff,0x14,0xff,0xff,0xff,0xff,0xe9,0x19,
    0x00,0x00,0x00,0x00,0x00,0x00,0x39,0xe3,0xff,0xff,0xff,0xff,0xfb,0xec,0xff,0xff,
    0x20,0xff,0xff,0xff,0xff,0x48,0x00,0x00,0x00,0x00,0x00,0x02,0x70,0xfa,0xff,0xff,
    0xff,0xff,0xff,0x78,0xd7,0xff,0xff,0x2c,0xff,0xff,0xff,0xbb,0x00,0x00,0x00,0x00,
    0x00,0x36,0xcb,0xff,0xff,0xff,0xff,0xff,0xff,0xbd,0x02,0xe7,0xff,0xff,0x37,0xff,
    0xff,0xff,0x46,0x00,0x00,0x00,0x2b,0xa1,0xfe,0xff,0xff,0xff,0xff,0xff,0xff,0xcd,
    0x14,0x00,0xf6,0xff,0xff,0x27,0xff,0xff,0xee,0x04,0x00,0x45,0xb7,0xff,0xff,0xff,
    0xff,0xff,0xff,0xff,0xff,0xc3,0x0f,0x00,0x16,0xff,0xff,0xff,0x0f,0xff,0xff,0xc0,
    0x60,0xd2,0xff,0xff,0xff,0xff,0xff,0xff,0xff,0xff,0xff,0xb9,0x0a,0x00,0x00,0x4b,
    0xff,0xff,0xf7,0x00,0xff,0xff,0xff,0xff,0xff,0xff,0xff,0xff,0xff,0xff,0xff,0xff,
    0xff,0x99,0x06,0x00,0x00,0x00,0x80,0xff,0xff,0xde,0x00,0xff,0xff,0xff,0xff,0xff,
    0xff,0xff,0xff,0xff,0xff,0xff,0xf8,0x63,0x00,0x00,0x00,0x00,0x00,0xd3,0xff,0xff,
    0xba,0x00,0xff,0xff,0xff,0xff,0xff,0xff,0xff,0xff,0xff,0xff,0xe2,0x35,0x00,0x00,
    0x00,0x00,0x00,0x3d,0xff,0xff,0xff,0x70,0x00,0xff,0xff,0xff,0xff,0xff,0xff,0xff,
    0xff,0xff,0xc3,0x16,0x00,0x00,0x00,0x00,0x00,0x00,0xb6,0xff,0xff,0xff,0x24,0x00,
    0xff,0xff,0xff,0xff,0xff,0xff,0xff,0xff,0x9a,0x05,0x00,0x00,0x00,0x00,0x00,0x00,
    0x5c,0xff,0xff,0xff,0xd7,0x00,0x00,0xff,0xff,0xff,0xff,0xff,0xff,0xfd,0x6c,0x00,
    0x00,0x00,0x00,0x00,0x00,0x00,0x2a,0xef,0xff,0xff,0xff,0x7e,0x00,0x00,0xff,0xff,
    0xff,0xff,0xff,0xfc,0x5b,0x00,0x00,0x00,0x00,0x00,0x00,0x00,0x1e,0xe3,0xff,0xff,
    0xff,0xed,0x0f,0x00,0x00,0xff,0xff,0xff,0xff,0xff,0x67,0x00,0x00,0x00,0x00,0x00,
    0x00,0x00,0x26,0xdd,0xff,0xff,0xff,0xff,0x77,0x00,0x00,0x00,0xff,0xff,0xff,0xff,
    0x9e,0x00,0x00,0x00,0x00,0x00,0x00,0x00,0x3d,0xec,0xff,0xff,0xff,0xff,0xe6,0x0a,
    0x00,0x00,0x00,0xff,0xff,0xff,0xf5,0x18,0x00,0x00,0x00,0x00,0x00,0x04,0x80,0xfc,
    0xff,0xff,0xff,0xff,0xfd,0x43,0x00,0x00,0x00,0x00,0xff,0xff,0xff,0x88,0x00,0x00,
    0x00,0x00,0x00,0x43,0xd3,0xff,0xff,0xff,0xff,0xff,0xff,0x83,0x00,0x00,0x00,0x00,
    0x00,0xff,0xff,0xff,0x1f,0x00,0x00,0x03,0x52,0xc1,0xff,0xff,0xff,0xff,0xff,0xff,
    0xff,0xbd,0x03,0x00,0x00,0x00,0x00,0x00,0xff,0xff,0xd0,0x00,0x26,0x79,0xe0,0xff,
    0xff,0xff,0xff,0xff,0xff,0xff,0xff,0xc8,0x0c,0x00,0x00,0x00,0x00,0x00,0x00,0xff,
    0xff,0xd7,0xd5,0xff,0xff,0xff,0xff,0xff,0xff,0xff,0xff,0xff,0xff,0xcf,0x10,0x00,
    0x00,0x00,0x00,0x00,0x00,0x00,0xff,0xff,0xff,0xff,0xff,0xff,0xff,0xff,0xff,0xff,
    0xff,0xff,0xff,0xc2,0x11,0x00,0x00,0x00,0x00,0x00,0x00,0x00,0x00,0xff,0xff,0xff,
    0xff,0xff,0xff,0xff,0xff,0xff,0xff,0xff,0xff,0xa9,0x07,0x00,0x00,0x00,0x00,0x00,
    0x00,0x00,0x00,0x00,0xff,0xff,0xff,0xff,0xff,0xff,0xff,0xff,0xff,0xff,0xfe,0x82,
    0x01,0x00,0x00,0x00,0x00,0x00,0x00,0x00,0x00,0x00,0x00,0xff,0xff,0xff,0xff,0xff,
    0xff,0xff,0xff,0xff,0xf5,0x54,0x00,0x00,0x00,0x00,0x00,0x00,0x00,0x00,0x00,0x00,
    0x00,0x00,0xff,0xff,0xff,0xff,0xff,0xff,0xff,0xff,0xe7,0x34,0x00,0x00,0x00,0x00,
    0x00,0x00,0x00,0x00,0x00,0x00,0x00,0x00,0x00,0xff,0xff,0xff,0xff,0xff,0xff,0xff,
    0xe0,0x20,0x00,0x00,0x00,0x00,0x00,0x00,0x00,0x00,0x00,0x00,0x00,0x00,0x00,0x00,
    0xff,0xff,0xff,0xff,0xff,0xff,0xe0,0x20,0x00,0x00,0x00,0x00,0x00,0x00,0x00,0x00,
    0x00,0x00,0x00,0x00,0x00,0x00,0x00,0xff,0xff,0xff,0xff,0xff,0xf2,0x25,0x00,0x00,
    0x00,0x00,0x00,0x00,0x00,0x00,0x00,0x00,0x00,0x00,0x00,0x00,0x00,0x00,0xff,0xff,
    0xff,0xff,0xff,0x5b,0x00,0x00,0x00,0x00,0x00,0x00,0x00,0x00,0x00,0x00,0x00,0x00,
    0x00,0x00,0x00,0x00,0x00,0xff,0xff,0xff,0xff,0xa5,0x00,0x00,0x00,0x00,0x00,0x00,
    0x00,0x00,0x00,0x00,0x00,0x00,0x00,0x00,0x00,0x00,0x00,0x00,0xff,0xff,0xff,0xfa,
    0x20,0x00,0x00,0x00,0x00,0x00,0x00,0x00,0x00,0x00,0x00,0x00,0x00,0x00,0x00,0x00,
    0x00,0x00,0x00,0xff,0xff,0xff,0xa9,0x00,0x00,0x00,0x00,0x00,0x00,0x00,0x00,0x00,
    0x00,0x00,0x00,0x00,0x00,0x00,0x00,0x00,0x00,0x00,0xff,0xff,0xff,0x4b,0x00,0x00,
    0x00,0x00,0x00,0x00,0x00,0x00,0x00,0x00,0x00,0x00,0x00,0x00,0x00,0x00,0x00,0x00,
    0x00,0xff,0xff,0xf7,0x08,0x00,0x00,0x00,0x00,0x00,0x00,0x00,0x00,0x00,0x00,0x00,
    0x00,0x00,0x00,0x00,0x00,0x00,0x00,0x00,0xff,0xff,0xbb,0x00,0x00,0x00,0x00,0x00,
    0x00,0x00,0x00,0x00,0x00,0x00,0x00,0x00,0x00,0x00,0x00,0x00,0x00,0x00,0x00,0xff,
    0xff,0x83,0x00,0x00,0x00,0x00,0x00,0x00,0x00,0x00,0x00,0x00,0x00,0x00,0x00,0x00,
    0x00,0x00,0x00,0x00,0x00,0x00,0xff,0xff,0x56,0x00,0x00,0x00,0x00,0x00,0x00,0x00,
    0x00,0x00,0x00,0x00,0x00,0x00,0x00,0x00,0x00,0x00,0x00,0x00,0x00,0xf5,0xfe,0x22,
    0x00,0x00,0x00,0x00,0x00,0x00,0x00,0x00,0x00,0x00,0x00,0x00,0x00,0x00,0x00,0x00,
    0x00,0x00,0x00,0x00,0x5a,0x72,0x00,0x00,0x00,0x00,0x00,0x00,0x00,0x00,0x00,0x00,
    0x00,0x00,0x00,0x00,0x00,0x00,0x00,0x00,0x00,0x00,0x00,0xb1,0xfa,0x91,0x00,0x00,
    0x00,0x00,0x00,0x00,0x00,0x00,0x00,0x00,0x00,0x00,0xfe,0xff,0xdd,0x00,0x00,0x00,
    0x00,0x00,0x00,0x00,0x00,0x00,0x00,0x00,0x00,0xfc,0xff,0xda,0x00,0x00,0x00,0x00,
    0x00,0x00,0x00,0x00,0x00,0x00,0x00,0x00,0xfa,0xff,0xd7,0x00,0x00,0x00,0x00,0x00,
    0x00,0x00,0x00,0x00,0x00,0x00,0x00,0xf8,0xff,0xd3,0x00,0x00,0x00,0x00,0x00,0x00,
    0x00,0x00,0x00,0x00,0x00,0x00,0xf6,0xff,0xd0,0x00,0x00,0x00,0x00,0x00,0x00,0x00,
    0x00,0x00,0x00,0x00,0x00,0xf4,0xff,0xcd,0x00,0x00,0x00,0x00,0x00,0x00,0x00,0x00,
    0x00,0x00,0x00,0x00,0xf2,0xff,0xca,0x00,0x00,0x00,0x00,0x00,0x00,0x00,0x00,0x00,
    0x00,0x00,0x00,0xf0,0xff,0xc6,0x00,0x00,0x00,0x00,0x00,0x00,0x00,0x00,0x00,0x00,
    0x00,0x00,0xee,0xff,0xc3,0x00,0x00,0x00,0x00,0x00,0x00,0x00,0x00,0x00,0x00,0x00,
    0x00,0xeb,0xff,0xc0,0x00,0x00,0x00,0x00,0x00,0x00,0x00,0x00,0x00,0x00,0x00,0x00,
    0xe9,0xff,0xbc,0x00,0x00,0x00,0x00,0x00,0x00,0x00,0x00,0x00,0x00,0x00,0x00,0xe7,
    0xff,0xb9,0x00,0x00,0x00,0x00,0x00,0x00,0x00,0x00,0x00,0x00,0x00,0x00,0xe5,0xff,
    0xb6,0x00,0x00,0x00,0x00,0x00,0x00,0x00,0x00,0x00,0x00,0x00,0x00,0xe3,0xff,0xb3,
    0x00,0x00,0x00,0x00,0x00,0x00,0x00,0x00,0x00,0x00,0x00,0x00,0xe1,0xff,0xaf,0x00,
    0x00,0x00,0x00,0x00,0x00,0x00,0x00,0x00,0x00,0x00,0x00,0xdf,0xff,0xac,0x00,0x00,
    0x00,0x00,0x00,0x00,0x00,0x00,0x00,0x00,0x00,0x00,0xdd,0xff,0xa9,0x00,0x00,0x00,
    0x00,0x00,0x00,0x00,0x00,0x00,0x00,0x00,0x00,0xda,0xff,0xa5,0x00,0x00,0x00,0x00,
    0x00,0x00,0x00,0x00,0x00,0x00,0x00,0x00,0xd8,0xff,0xa2,0x00,0x00,0x00,0x00,0x00,
    0x00,0x00,0x00,0x00,0x00,0x00,0x00,0xd6,0xff,0x9f,0x00,0x00,0x00,0x00,0x00,0x00,
    0x00,0x00,0x00,0x00,0x00,0x00,0xd4,0xff,0x9c,0x00,0x00,0x01,0x30,0x57,0x7a,0x6b,
    0x36,0x00,0x00,0x00,0x00,0xd2,0xff,0x98,0x00,0x5e,0xd5,0xff,0xff,0xff,0xff,0xff,
    0xbf,0x11,0x00,0x00,0xd0,0xff,0x9f,0xaf,0xff,0xff,0xff,0xff,0xff,0xff,0xff,0xff,
    0xd7,0x19,0x00,0xce,0xff,0xfd,0xff,0xff,0xff,0xff,0xff,0xff,0xff,0xff,0xff,0xff,
    0x91,0x00,0xcc,0xff,0xff,0xfd,0x91,0x38,0x0e,0x38,0xb7,0xff,0xff,0xff,0xff,0xf4,
    0x11,0xc9,0xff,0xfe,0x53,0x00,0x00,0x00,0x00,0x0c,0xe9,0xff,0xff,0xff,0xff,0x53,
    0xc7,0xff,0xb2,0x00,0x00,0x00,0x00,0x00,0x00,0xa5,0xff,0xff,0xff,0xff,0x72,0xc5,
    0xff,0x90,0x00,0x00,0x00,0x00,0x00,0x00,0x87,0xff,0xff,0xff,0xff,0x91,0xc3,0xff,
    0x8c,0x00,0x00,0x00,0x00,0x00,0x00,0x80,0xff,0xff,0xff,0xff,0x86,0xc1,0xff,0x88,
    0x00,0x00,0x00,0x00,0x00,0x00,0x8d,0xff,0xff,0xff,0xff,0x6a,0xbf,0xff,0x85,0x00,
    0x00,0x00,0x00,0x00,0x00,0x9f,0xff,0xff,0xff,0xff,0x47,0xbd,0xff,0x81,0x00,0x00,
    0x00,0x00,0x00,0x00,0xcb,0xff,0xff,0xff,0xf3,0x08,0xbb,0xff,0x7d,0x00,0x00,0x00,
    0x00,0x00,0x0e,0xfa,0xff,0xff,0xff,0xa8,0x00,0xb8,0xff,0x7a,0x00,0x00,0x00,0x00,
    0x00,0x77,0xff,0xff,0xff,0xff,0x3d,0x00,0xb6,0xff,0x76,0x00,0x00,0x00,0x00,0x08,
    0xe8,0xff,0xff,0xff,0xb3,0x00,0x00,0xb4,0xff,0x72,0x00,0x00,0x00,0x00,0x71,0xff,
    0xff,0xff,0xf7,0x2a,0x00,0x00,0xb2,0xff,0x6f,0x00,0x00,0x00,0x3d,0xf9,0xff,0xff,
    0xff,0x66,0x00,0x00,0x00,0xb0,0xff,0x6b,0x00,0x00,0x24,0xec,0xff,0xff,0xff,0xa0,
    0x00,0x00,0x00,0x00,0xae,0xff,0x67,0x00,0x22,0xdb,0xff,0xff,0xff,0x98,0x02,0x00,
    0x00,0x00,0x00,0xac,0xff,0x63,0x38,0xea,0xff,0xff,0xff,0x86,0x00,0x00,0x00,0x00,
    0x00,0x00,0xaa,0xff,0xae,0xf7,0xff,0xff,0xfe,0x72,0x00,0x00,0x00,0x00,0x00,0x00,
    0x00,0xa7,0xff,0xff,0xff,0xff,0xef,0x57,0x00,0x00,0x00,0x00,0x00,0x00,0x00,0x00,
    0xa5,0xff,0xff,0xff,0xb6,0x1b,0x00,0x00,0x00,0x00,0x00,0x00,0x00,0x00,0x00,0x8c,
    0xff,0xd7,0x4d,0x00,0x00,0x00,0x00,0x00,0x00,0x00,0x00,0x00,0x00,0x00,0x09,0x3c,
    0x04,0x00,0x00,0x00,0x00,0x00,0x00,0x00,0x00,0x00,0x00,0x00,0x00,0xa7,0xa7,0x02,
    0x00,0x00,0x00,0x00,0x00,0x00,0x00,0x00,0x00,0x00,0xff,0xff,0x03,0x00,0x00,0x00,
    0x00,0x00,0x00,0x00,0x00,0x00,0x00,0xff,0xff,0x03,0x00,0x00,0x00,0x00,0x00,0x00,
    0x00,0x00,0x00,0x00,0xff,0xff,0x03,0x00,0x00,0x00,0x00,0x00,0x00,0x00,0x00,0x00,
    0x00,0xff,0xff,0x03,0x00,0x00,0x00,0x00,0x00,0x00,0x00,0x00,0x00,0x00,0xff,0xff,
    0x03,0x00,0x00,0x00,0x00,0x00,0x00,0x00,0x00,0x00,0x00,0xff,0xff,0x03,0x00,0x00,
    0x00,0x00,0x00,0x00,0x00,0x00,0x00,0x00,0xff,0xff,0x03,0x00,0x00,0x00,0x00,0x00,
    0x00,0x00,0x00,0x00,0x00,0xff,0xff,0x03,0x00,0x00,0x00,0x00,0x00,0x00,0x00,0x00,
    0x00,0x00,0xff,0xff,0x03,0x00,0x00,0x00,0x00,0x00,0x00,0x00,0x00,0x00,0x00,0xff,
    0xff,0x03,0x00,0x00,0x00,0x00,0x00,0x00,0x22,0x69,0x8b,0x05,0xff,0xff,0x03,0x00,
    0x00,0x0b,0x4b,0x93,0xda,0xff,0xff,0xff,0x47,0xff,0xff,0x32,0x75,0xbc,0xf9,0xff,
    0xff,0xff,0xff,0xff,0xff,0x4f,0xff,0xff,0xff,0xff,0xff,0xff,0xff,0xff,0xff,0xff,
    0xff,0xff,0x4f,0xff,0xff,0xff,0xff,0xff,0xff,0xff,0xff,0xff,0xff,0xff,0xff,0x4f,
    0xff,0xff,0xff,0xff,0xff,0xff,0xff,0xff,0xff,0xff,0xff,0xff,0x4f,0xff,0xff,0xff,
    0xff,0xff,0xff,0xff,0xff,0xfe,0xcb,0xdb,0xff,0x4f,0xff,0xff,0xff,0xff,0xff,0xeb,
    0xa5,0x5c,0x15,0x00,0xa3,0xff,0x4f,0xff,0xff,0xc9,0x80,0x37,0x02,0x00,0x00,0x00,
    0x00,0xa3,0xff,0x4f,0xff,0xff,0x03,0x00,0x00,0x00,0x00,0x00,0x00,0x00,0xa3,0xff,
    0x4f,0xff,0xff,0x03,0x00,0x00,0x00,0x00,0x00,0x00,0x00,0xa3,0xff,0x4f,0xff,0xff,
    0x03,0x00,0x00,0x00,0x00,0x00,0x00,0x00,0xa3,0xff,0x4f,0xff,0xff,0x03,0x00,0x00,
    0x00,0x00,0x00,0x00,0x00,0xa3,0xff,0x4f,0xff,0xff,0x03,0x00,0x00,0x00,0x00,0x00,
    0x00,0x00,0xa3,0xff,0x4f,0xff,0xff,0x03,0x00,0x00,0x00,0x00,0x00,0x00,0x00,0xa3,
    0xff,0x4f,0xff,0xff,0x03,0x00,0x00,0x00,0x00,0x00,0x00,0x00,0xa3,0xff,0x4f,0xff,
    0xff,0x03,0x00,0x00,0x00,0x00,0x00,0x00,0x00,0xa3,0xff,0x4f,0xff,0xff,0x03,0x00,
    0x00,0x00,0x00,0x00,0x00,0x00,0xa3,0xff,0x4f,0xff,0xff,0x03,0x00,0x00,0x00,0x00,
    0x00,0x10,0x52,0xd3,0xff,0x4f,0xff,0xff,0x03,0x00,0x03,0x38,0x7f,0xc5,0xfc,0xff,
    0xff,0xff,0x4f,0xff,0xff,0x68,0xab,0xef,0xff,0xff,0xff,0xff,0xff,0xff,0xff,0x4f,
    0xff,0xff,0xff,0xff,0xff,0xff,0xff,0xff,0xff,0xff,0xff,0xff,0x4f,0xff,0xff,0xff,
    0xff,0xff,0xff,0xff,0xff,0xff,0xff,0xff,0xff,0x4f,0xff,0xff,0xff,0xff,0xff,0xff,
    0xff,0xff,0xff,0xff,0xff,0xff,0x4f,0xff,0xff,0xff,0xff,0xff,0xff,0xff,0xff,0xea,
    0xa5,0xce,0xff,0x4f,0xff,0xff,0xff,0xff,0xfa,0xc1,0x7a,0x33,0x01,0x00,0xa3,0xff,
    0x4f,0xaa,0xda,0x96,0x4f,0x0d,0x00,0x00,0x00,0x00,0x00,0xa3,0xff,0x4f,0x00,0x00,
    0x00,0x00,0x00,0x00,0x00,0x00,0x00,0x00,0xa3,0xff,0x4f,0x00,0x00,0x00,0x00,0x00,
    0x00,0x00,0x00,0x00,0x00,0xa3,0xff,0x4f,0x00,0x00,0x00,0x00,0x00,0x00,0x00,0x00,
    0x00,0x00,0xa3,0xff,0x4f,0x00,0x00,0x00,0x00,0x00,0x00,0x00,0x00,0x00,0x00,0xa3,
    0xff,0x4f,0x00,0x00,0x00,0x00,0x00,0x00,0x00,0x00,0x00,0x00,0xa3,0xff,0x4f,0x00,
    0x00,0x00,0x00,0x00,0x00,0x00,0x00,0x00,0x00,0xa3,0xff,0x4f,0x00,0x00,0x00,0x00,
    0x00,0x00,0x00,0x00,0x00,0x00,0xa3,0xff,0x4f,0x00,0x00,0x00,0x00,0x00,0x00,0x00,
    0x00,0x00,0x00,0xa3,0xff,0x4f,0x00,0x00,0x00,0x00,0x00,0x00,0x00,0x00,0x00,0x00,
    0xa3,0xff,0x4f,0x00,0x00,0x00,0x00,0x00,0x00,0x00,0x00,0x00,0x00,0xa3,0xff,0x4f,
    0x00,0x00,0x00,0x00,0x00,0x00,0x00,0x00,0x00,0x00,0x00,0x00,0xc0,0xc3,0x06,0x00,
    0x00,0x00,0x00,0x00,0x00,0x00,0x00,0x00,0x00,0x00,0x00,0x00,0x00,0x00,0xfb,0xff,
    0x07,0x00,0x00,0x00,0x00,0x00,0x00,0x30,0x77,0x49,0x00,0x00,0x00,0x00,0x00,0x00,
    0xfb,0xff,0x07,0x00,0x00,0x00,0x00,0x00,0x00,0x67,0xff,0x9b,0x00,0x00,0x00,0x00,
    0x00,0x00,0xfb,0xff,0x07,0x00,0x00,0x00,0x00,0x00,0x00,0x67,0xff,0x9b,0x00,0x00,
    0x00,0x00,0x00,0x00,0xfb,0xff,0x07,0x00,0x00,0x00,0x00,0x00,0x00,0x67,0xff,0x9b,
    0x00,0x00,0x00,0x00,0x00,0x00,0xfb,0xff,0x07,0x00,0x00,0x00,0x00,0x00,0x00,0x67,
    0xff,0x9b,0x00,0x00,0x00,0x00,0x00,0x00,0xfb,0xff,0x07,0x00,0x00,0x00,0x00,0x00,
    0x00,0x67,0xff,0x9b,0x00,0x00,0x00,0x00,0x00,0x00,0xfb,0xff,0x07,0x00,0x00,0x00,
    0x00,0x00,0x00,0x67,0xff,0x9b,0x00,0x00,0x00,0x00,0x00,0x00,0xfb,0xff,0x07,0x00,
    0x00,0x00,0x00,0x00,0x00,0x67,0xff,0x9b,0x00,0x00,0x00,0x00,0x00,0x00,0xfb,0xff,
    0x07,0x00,0x00,0x00,0x00,0x00,0x00,0x67,0xff,0x9b,0x00,0x00,0x00,0x00,0x00,0x00,
    0xfb,0xff,0x2c,0x5a,0x7c,0x18,0x00,0x00,0x00,0x67,0xff,0x9b,0x00,0x00,0x00,0x19,
    0x4c,0x80,0xfe,0xff,0xff,0xff,0xff,0x84,0x00,0x00,0x00,0x67,0xff,0xbf,0x7d,0xb1,
    0xe4,0xff,0xff,0xff,0xff,0xff,0xff,0xff,0xff,0x8f,0x23,0x71,0xa5,0xe3,0xff,0xff,
    0xff,0xff,0xff,0xff,0xff,0xff,0xff,0xff,0xff,0xff,0xff,0x8f,0xe8,0xff,0xff,0xff,
    0xff,0xff,0xff,0xff,0xff,0xff,0xff,0xff,0xff,0xff,0xff,0xff,0xff,0x8f,0xff,0xff,
    0xff,0xff,0xff,0xff,0xff,0xff,0xff,0xff,0xff,0xff,0xff,0xff,0xff,0xff,0xff,0x8c,
    0xff,0xff,0xff,0xff,0xff,0xff,0xff,0xff,0xff,0xff,0xff,0xff,0xff,0xff,0xff,0xf2,
    0xc1,0x2c,0xff,0xff,0xff,0xff,0xff,0xff,0xff,0xff,0xff,0xea,0xb6,0x82,0xfd,0xff,
    0x28,0x01,0x00,0x00,0xff,0xff,0xff,0xff,0xff,0xde,0x85,0x52,0x1e,0x00,0x00,0x00,
    0xfb,0xff,0x07,0x00,0x00,0x00,0x94,0xcb,0x97,0xa8,0xff,0x9b,0x00,0x00,0x00,0x00,
    0x00,0x00,0xfb,0xff,0x07,0x00,0x00,0x00,0x00,0x00,0x00,0x67,0xff,0x9b,0x00,0x00,
    0x00,0x00,0x00,0x00,0xfb,0xff,0x07,0x00,0x00,0x00,0x00,0x00,0x00,0x67,0xff,0x9b,
    0x00,0x00,0x00,0x00,0x00,0x00,0xfb,0xff,0x07,0x00,0x00,0x00,0x00,0x00,0x00,0x67,
    0xff,0x9b,0x00,0x00,0x00,0x00,0x00,0x00,0xfb,0xff,0x07,0x00,0x00,0x00,0x00,0x00,
    0x00,0x67,0xff,0x9b,0x00,0x00,0x00,0x00,0x00,0x00,0xfb,0xff,0x07,0x00,0x00,0x00,
    0x00,0x00,0x00,0x67,0xff,0x9b,0x00,0x00,0x00,0x00,0x00,0x00,0xfb,0xff,0x07,0x00,
    0x00,0x00,0x00,0x00,0x00,0x67,0xff,0x9b,0x00,0x00,0x00,0x00,0x00,0x00,0xfb,0xff,
    0x07,0x00,0x00,0x00,0x00,0x00,0x00,0x67,0xff,0x9b,0x00,0x00,0x00,0x00,0x00,0x00,
    0xfb,0xff,0x07,0x00,0x00,0x00,0x00,0x00,0x00,0x67,0xff,0x9b,0x00,0x00,0x00,0x00,
    0x00,0x00,0xfb,0xff,0x07,0x00,0x00,0x00,0x00,0x00,0x00,0x67,0xff,0x9b,0x00,0x00,
    0x00,0x00,0x00,0x00,0xfb,0xff,0x2c,0x5a,0x7c,0x18,0x00,0x00,0x00,0x67,0xff,0x9b,
    0x00,0x00,0x03,0x2d,0x64,0x9b,0xfe,0xff,0xff,0xff,0xff,0x84,0x00,0x00,0x00,0x67,
    0xff,0xc2,0x88,0xbf,0xf3,0xff,0xff,0xff,0xff,0xff,0xff,0xff,0xff,0x8f,0x23,0x71,
    0xa5,0xe3,0xff,0xff,0xff,0xff,0xff,0xff,0xff,0xff,0xff,0xff,0xff,0xff,0xff,0x8f,
    0xe8,0xff,0xff,0xff,0xff,0xff,0xff,0xff,0xff,0xff,0xff,0xff,0xff,0xff,0xff,0xff,
    0xff,0x8f,0xff,0xff,0xff,0xff,0xff,0xff,0xff,0xff,0xff,0xff,0xff,0xff,0xff,0xff,
    0xff,0xff,0xff,0x8c,0xff,0xff,0xff,0xff,0xff,0xff,0xff,0xff,0xff,0xff,0xff,0xff,
    0xff,0xff,0xff,0xf2,0xc1,0x2c,0xff,0xff,0xff,0xff,0xff,0xff,0xff,0xff,0xff,0xff,
    0xf4,0xc2,0xfe,0xff,0x28,0x01,0x00,0x00,0xff,0xff,0xff,0xff,0xff,0xf7,0xc5,0x92,
    0x5e,0x2a,0x02,0x00,0xfb,0xff,0x07,0x00,0x00,0x00,0x9b,0xd3,0x9f,0xad,0xff,0x9b,
    0x00,0x00,0x00,0x00,0x00,0x00,0xfb,0xff,0x07,0x00,0x00,0x00,0x00,0x00,0x00,0x67,
    0xff,0x9b,0x00,0x00,0x00,0x00,0x00,0x00,0xfb,0xff,0x07,0x00,0x00,0x00,0x00,0x00,
    0x00,0x67,0xff,0x9b,0x00,0x00,0x00,0x00,0x00,0x00,0xfb,0xff,0x07,0x00,0x00,0x00,
    0x00,0x00,0x00,0x67,0xff,0x9b,0x00,0x00,0x00,0x00,0x00,0x00,0xfb,0xff,0x07,0x00,
    0x00,0x00,0x00,0x00,0x00,0x67,0xff,0x9b,0x00,0x00,0x00,0x00,0x00,0x00,0xfb,0xff,
    0x07,0x00,0x00,0x00,0x00,0x00,0x00,0x67,0xff,0x9b,0x00,0x00,0x00,0x00,0x00,0x00,
    0xfb,0xff,0x07,0x00,0x00,0x00,0x00,0x00,0x00,0x67,0xff,0x9b,0x00,0x00,0x00,0x00,
    0x00,0x00,0xfb,0xff,0x07,0x00,0x00,0x00,0x00,0x00,0x00,0x67,0xff,0x9b,0x00,0x00,
    0x00,0x00,0x00,0x00,0xfb,0xff,0x07,0x00,0x00,0x00,0x00,0x00,0x00,0x67,0xff,0x9b,
    0x00,0x00,0x00,0x00,0x00,0x00,0xcc,0xcf,0x06,0x00,0x00,0x00,0x00,0x00,0x00,0x67,
    0xff,0x9b,0x00,0x00,0x00,0x00,0x00,0x00,0x00,0x00,0x00,0x00,0x00,0x00,0x00,0x00,
    0x00,0x67,0xff,0x9b,0x00,0x00,0x00,0x00,0x00,0x00,0x00,0x00,0x00,0x00,0x00,0x00,
    0x00,0x00,0x00,0x0b,0x1b,0x11,0x00,0x00,0x00,0x00,0x00,0x00,0x00,0x00,0x00,0x00,
    0x00,0x00,0x13,0x3f,0x3f,0x3f,0x3f,0x23,0x00,0x00,0x00,0x00,0x00,0x00,0x00,0x00,
    0x31,0x3f,0x3f,0x3f,0x3d,0x08,0xe3,0xff,0xff,0xff,0xff,0xfd,0x18,0x00,0x00,0x00,
    0x00,0x00,0x00,0x5a,0xff,0xff,0xff,0xff,0xff,0xae,0xff,0xff,0xff,0xff,0xff,0xff,
    0x2f,0x00,0x00,0x00,0x00,0x00,0x00,0x77,0xff,0xff,0xff,0xff,0xff,0xcb,0xff,0xff,
    0xff,0xff,0xff,0xff,0x2f,0x00,0x00,0x00,0x00,0x00,0x00,0x77,0xff,0xff,0xff,0xff,
    0xff,0xcb,0xff,0xff,0xff,0xff,0xff,0xff,0x2f,0x00,0x00,0x00,0x00,0x00,0x00,0x77,
    0xff,0xff,0xff,0xff,0xff,0xcb,0xff,0xff,0xff,0xff,0xff,0xff,0x45,0x00,0x00,0x00,
    0x00,0x00,0x00,0x78,0xff,0xff,0xff,0xff,0xff,0xcb,0xb7,0xff,0xff,0xff,0xff,0xff,
    0xe6,0x20,0x00,0x00,0x00,0x00,0x1e,0xdf,0xff,0xff,0xff,0xff,0xfd,0x84,0x00,0x00,
    0x00,0x00,0x05,0xb8,0xff,0xd9,0x14,0x00,0x00,0x1c,0xdd,0xff,0x83,0x00,0x00,0x00,
    0x00,0x00,0x00,0x00,0x00,0x00,0x00,0x0c,0xcb,0xff,0xc8,0x0a,0x1a,0xda,0xff,0x9e,
    0x00,0x00,0x00,0x00,0x00,0x00,0x00,0x00,0x00,0x00,0x00,0x00,0x16,0xdc,0xff,0xbb,
    0xd8,0xff,0xb4,0x04,0x00,0x00,0x00,0x00,0x00,0x00,0x00,0x00,0x00,0x00,0x00,0x00,
    0x00,0x23,0xe9,0xff,0xff,0xc8,0x0a,0x00,0x00,0x00,0x00,0x00,0x00,0x00,0x00,0x00,
    0x00,0x00,0x00,0x00,0x00,0x1d,0xe2,0xff,0xff,0xb4,0x05,0x00,0x00,0x00,0x00,0x00,
    0x00,0x00,0x00,0x00,0x00,0x00,0x00,0x00,0x19,0xda,0xff,0xe1,0xf3,0xff,0xad,0x04,
    0x00,0x00,0x00,0x00,0x00,0x00,0x00,0x00,0x00,0x00,0x00,0x15,0xd5,0xff,0xd7,0x1a,
    0x3b,0xf2,0xff,0xa9,0x03,0x00,0x00,0x00,0x00,0x00,0x0c,0x2f,0x2f,0x2f,0x34,0xd0,
    0xff,0xd4,0x17,0x00,0x00,0x3a,0xf2,0xff,0xa6,0x2f,0x2f,0x2f,0x2d,0x04,0xe1,0xff,
    0xff,0xff,0xff,0xff,0xd0,0x14,0x00,0x00,0x00,0x00,0x38,0xf1,0xff,0xff,0xff,0xff,
    0xff,0xab,0xff,0xff,0xff,0xff,0xff,0xff,0x34,0x00,0x00,0x00,0x00,0x00,0x00,0x7c,
    0xff,0xff,0xff,0xff,0xff,0xcb,0xff,0xff,0xff,0xff,0xff,0xff,0x2f,0x00,0x00,0x00,
    0x00,0x00,0x00,0x77,0xff,0xff,0xff,0xff,0xff,0xcb,0xff,0xff,0xff,0xff,0xff,0xff,
    0x2f,0x00,0x00,0x00,0x00,0x00,0x00,0x77,0xff,0xff,0xff,0xff,0xff,0xcb,0xff,0xff,
    0xff,0xff,0xff,0xff,0x2f,0x00,0x00,0x00,0x00,0x00,0x00,0x77,0xff,0xff,0xff,0xff,
    0xff,0xcb,0xb7,0xff,0xff,0xff,0xff,0xe1,0x0c,0x00,0x00,0x00,0x00,0x00,0x00,0x3d,
    0xf1,0xff,0xff,0xff,0xfd,0x84,0xb1,0xfa,0x91,0x00,0x00,0x00,0x00,0x00,0x00,0x00,
    0x00,0x00,0x9a,0xfb,0xa8,0x00,0x00,0x00,0x00,0x00,0x00,0x00,0x00,0x00,0x00,0x00,
    0x00,0xfe,0xff,0xdd,0x00,0x00,0x00,0x00,0x00,0x00,0x00,0x00,0x00,0xe6,0xff,0xf5,
    0x00,0x00,0x00,0x00,0x00,0x00,0x00,0x00,0x00,0x00,0x00,0x00,0xfc,0xff,0xda,0x00,
    0x00,0x00,0x00,0x00,0x00,0x00,0x00,0x00,0xe4,0xff,0xf2,0x00,0x00,0x00,0x00,0x00,
    0x00,0x00,0x00,0x00,0x00,0x00,0x00,0xfa,0xff,0xd7,0x00,0x00,0x00,0x00,0x00,0x00,
    0x00,0x00,0x00,0xe1,0xff,0xef,0x00,0x00,0x00,0x00,0x00,0x00,0x00,0x00,0x00,0x00,
    0x00,0x00,0xf8,0xff,0xd3,0x00,0x00,0x00,0x00,0x00,0x00,0x00,0x00,0x00,0xdf,0xff,
    0xec,0x00,0x00,0x00,0x00,0x00,0x00,0x00,0x00,0x00,0x00,0x00,0x00,0xf6,0xff,0xd0,
    0x00,0x00,0x00,0x00,0x00,0x00,0x00,0x00,0x00,0xdc,0xff,0xe9,0x00,0x00,0x00,0x00,
    0x00,0x00,0x00,0x00,0x00,0x00,0x00,0x00,0xf4,0xff,0xcd,0x00,0x00,0x00,0x00,0x00,
    0x00,0x00,0x00,0x00,0xda,0xff,0xe6,0x00,0x00,0x00,0x00,0x00,0x00,0x00,0x00,0x00,
    0x00,0x00,0x00,0xf2,0xff,0xca,0x00,0x00,0x00,0x00,0x00,0x00,0x00,0x00,0x00,0xd7,
    0xff,0xe3,0x00,0x00,0x00,0x00,0x00,0x00,0x00,0x00,0x00,0x00,0x00,0x00,0xf0,0xff,
    0xc6,0x00,0x00,0x00,0x00,0x00,0x00,0x00,0x00,0x00,0xd4,0xff,0xe0,0x00,0x00,0x00,
    0x00,0x00,0x00,0x00,0x00,0x00,0x00,0x00,0x00,0xee,0xff,0xc3,0x00,0x00,0x00,0x00,
    0x00,0x00,0x00,0x00,0x00,0xd2,0xff,0xdc,0x00,0x00,0x00,0x00,0x00,0x00,0x00,0x00,
    0x00,0x00,0x00,0x00,0xeb,0xff,0xc0,0x00,0x00,0x00,0x00,0x00,0x00,0x00,0x00,0x00,
    0xcf,0xff,0xd9,0x00,0x00,0x00,0x00,0x00,0x00,0x00,0x00,0x00,0x00,0x00,0x00,0xe9,
    0xff,0xbc,0x00,0x00,0x00,0x00,0x00,0x00,0x00,0x00,0x00,0xcd,0xff,0xd6,0x00,0x00,
    0x00,0x00,0x00,0x00,0x00,0x00,0x00,0x00,0x00,0x00,0xe7,0xff,0xb9,0x00,0x00,0x00,
    0x00,0x00,0x00,0x00,0x00,0x00,0xca,0xff,0xd3,0x00,0x00,0x00,0x00,0x00,0x00,0x00,
    0x00,0x00,0x00,0x00,0x00,0xe5,0xff,0xb6,0x00,0x00,0x00,0x00,0x00,0x00,0x00,0x00,
    0x00,0xc8,0xff,0xd0,0x00,0x00,0x00,0x00,0x00,0x00,0x00,0x00,0x00,0x00,0x00,0x00,
    0xe3,0xff,0xb3,0x00,0x00,0x00,0x00,0x00,0x00,0x00,0x00,0x00,0xc5,0xff,0xcd,0x00,
    0x00,0x00,0x00,0x00,0x00,0x00,0x00,0x00,0x00,0x00,0x00,0xe1,0xff,0xaf,0x00,0x00,
    0x00,0x00,0x00,0x00,0x00,0x00,0x00,0xc2,0xff,0xca,0x00,0x00,0x00,0x00,0x00,0x00,
    0x00,0x00,0x00,0x00,0x00,0x00,0xdf,0xff,0xac,0x00,0x00,0x00,0x00,0x00,0x00,0x00,
    0x00,0x00,0xc0,0xff,0xc7,0x00,0x00,0x00,0x00,0x00,0x00,0x00,0x00,0x00,0x00,0x00,
    0x00,0xdd,0xff,0xa9,0x00,0x00,0x00,0x00,0x00,0x00,0x00,0x00,0x00,0xbd,0xff,0xc3,
    0x00,0x00,0x00,0x00,0x00,0x00,0x00,0x00,0x00,0x00,0x00,0x00,0xda,0xff,0xa5,0x00,
    0x00,0x00,0x00,0x00,0x00,0x00,0x00,0x00,0xbb,0xff,0xc0,0x00,0x00,0x00,0x00,0x00,
    0x00,0x00,0x00,0x00,0x00,0x00,0x00,0xd8,0xff,0xa2,0x00,0x00,0x00,0x00,0x00,0x00,
    0x00,0x00,0x00,0xb8,0xff,0xbd,0x00,0x00,0x00,0x00,0x00,0x00,0x00,0x00,0x00,0x00,
    0x00,0x00,0xd6,0xff,0x9f,0x00,0x00,0x00,0x00,0x00,0x00,0x00,0x00,0x00,0xb5,0xff,
    0xba,0x00,0x00,0x00,0x00,0x00,0x00,0x00,0x00,0x00,0x00,0x00,0x00,0xd4,0xff,0x9c,
    0x00,0x00,0x01,0x30,0x57,0x79,0x5e,0x31,0x00,0xb3,0xff,0xb7,0x00,0x00,0x00,0x2e,
    0x56,0x79,0x6d,0x3e,0x02,0x00,0x00,0x00,0xd2,0xff,0x98,0x00,0x5e,0xd5,0xff,0xff,
    0xff,0xff,0xff,0xbe,0xcf,0xff,0xb4,0x00,0x59,0xd1,0xff,0xff,0xff,0xff,0xff,0xd0,
    0x1d,0x00,0x00,0xd0,0xff,0x9f,0xaf,0xff,0xff,0xff,0xff,0xff,0xff,0xff,0xff,0xff,
    0xff,0xb8,0xa9,0xff,0xff,0xff,0xff,0xff,0xff,0xff,0xff,0xe6,0x2a,0x00,0xce,0xff,
    0xfd,0xff,0xff,0xff,0xff,0xff,0xff,0xff,0xff,0xff,0xff,0xff,0xff,0xff,0xff,0xff,
    0xff,0xff,0xff,0xff,0xff,0xff,0xff,0xaf,0x00,0xcc,0xff,0xff,0xfd,0x91,0x38,0x0e,
    0x38,0xb7,0xff,0xff,0xff,0xff,0xff,0xff,0xff,0xa0,0x3d,0x10,0x31,0xa8,0xff,0xff,
    0xff,0xff,0xfe,0x27,0xc9,0xff,0xfe,0x53,0x00,0x00,0x00,0x00,0x0c,0xe9,0xff,0xff,
    0xff,0xff,0xff,0x6b,0x00,0x00,0x00,0x00,0x05,0xd8,0xff,0xff,0xff,0xff,0x6d,0xc7,
    0xff,0xb2,0x00,0x00,0x00,0x00,0x00,0x00,0xa5,0xff,0xff,0xff,0xff,0xcd,0x00,0x00,
    0x00,0x00,0x00,0x00,0x8d,0xff,0xff,0xff,0xff,0x8d,0xc5,0xff,0x90,0x00,0x00,0x00,
    0x00,0x00,0x00,0x87,0xff,0xff,0xff,0xff,0xac,0x00,0x00,0x00,0x00,0x00,0x00,0x6f,
    0xff,0xff,0xff,0xff,0xab,0xc3,0xff,0x8c,0x00,0x00,0x00,0x00,0x00,0x00,0x80,0xff,
    0xff,0xff,0xff,0xa8,0x00,0x00,0x00,0x00,0x00,0x00,0x68,0xff,0xff,0xff,0xff,0x9c,
    0xc1,0xff,0x88,0x00,0x00,0x00,0x00,0x00,0x00,0x8d,0xff,0xff,0xff,0xff,0xa4,0x00,
    0x00,0x00,0x00,0x00,0x00,0x75,0xff,0xff,0xff,0xff,0x80,0xbf,0xff,0x85,0x00,0x00,
    0x00,0x00,0x00,0x00,0x9f,0xff,0xff,0xff,0xff,0xa0,0x00,0x00,0x00,0x00,0x00,0x00,
    0x87,0xff,0xff,0xff,0xff,0x5b,0xbd,0xff,0x81,0x00,0x00,0x00,0x00,0x00,0x00,0xcb,
    0xff,0xff,0xff,0xff,0x9c,0x00,0x00,0x00,0x00,0x00,0x00,0xb3,0xff,0xff,0xff,0xfb,
    0x12,0xbb,0xff,0x7d,0x00,0x00,0x00,0x00,0x00,0x0e,0xfa,0xff,0xff,0xff,0xff,0x98,
    0x00,0x00,0x00,0x00,0x00,0x04,0xeb,0xff,0xff,0xff,0xba,0x00,0xb8,0xff,0x7a,0x00,
    0x00,0x00,0x00,0x00,0x77,0xff,0xff,0xff,0xff,0xff,0x94,0x00,0x00,0x00,0x00,0x00,
    0x5f,0xff,0xff,0xff,0xff,0x49,0x00,0xb6,0xff,0x76,0x00,0x00,0x00,0x00,0x08,0xe8,
    0xff,0xff,0xff,0xff,0xff,0x90,0x00,0x00,0x00,0x00,0x02,0xd7,0xff,0xff,0xff,0xc1,
    0x00,0x00,0xb4,0xff,0x72,0x00,0x00,0x00,0x00,0x71,0xff,0xff,0xff,0xee,0xbf,0xff,
    0x8c,0x00,0x00,0x00,0x00,0x59,0xff,0xff,0xff,0xf9,0x32,0x00,0x00,0xb2,0xff,0x6f,
    0x00,0x00,0x00,0x3d,0xf9,0xff,0xff,0xfe,0x4a,0x9c,0xff,0x88,0x00,0x00,0x00,0x2c,
    0xf1,0xff,0xff,0xff,0x70,0x00,0x00,0x00,0xb0,0xff,0x6b,0x00,0x00,0x24,0xec,0xff,
    0xff,0xff,0x80,0x00,0x9a,0xff,0x84,0x00,0x00,0x17,0xe0,0xff,0xff,0xff,0xa6,0x00,
    0x00,0x00,0x00,0xae,0xff,0x67,0x00,0x22,0xdb,0xff,0xff,0xff,0x90,0x00,0x00,0x97,
    0xff,0x80,0x00,0x17,0xce,0xff,0xff,0xff,0x9a,0x02,0x00,0x00,0x00,0x00,0xac,0xff,
    0x63,0x38,0xea,0xff,0xff,0xff,0x89,0x00,0x00,0x00,0x95,0xff,0x7c,0x2a,0xe0,0xff,
    0xff,0xff,0x88,0x00,0x00,0x00,0x00,0x00,0x00,0xaa,0xff,0xae,0xf7,0xff,0xff,0xfb,
    0x73,0x00,0x00,0x00,0x00,0x93,0xff,0xb5,0xf0,0xff,0xff,0xff,0x75,0x00,0x00,0x00,
    0x00,0x00,0x00,0x00,0xa7,0xff,0xff,0xff,0xff,0xe1,0x39,0x00,0x00,0x00,0x00,0x00,
    0x90,0xff,0xff,0xff,0xff,0xed,0x56,0x00,0x00,0x00,0x00,0x00,0x00,0x00,0x00,0xa5,
    0xff,0xff,0xfe,0xa0,0x12,0x00,0x00,0x00,0x00,0x00,0x00,0x8e,0xff,0xff,0xff,0xb2,
    0x19,0x00,0x00,0x00,0x00,0x00,0x00,0x00,0x00,0x00,0x8c,0xff,0xc4,0x34,0x00,0x00,
    0x00,0x00,0x00,0x00,0x00,0x00,0x74,0xff,0xd2,0x46,0x00,0x00,0x00,0x00,0x00,0x00,
    0x00,0x00,0x00,0x00,0x00,0x09,0x35,0x00,0x00,0x00,0x00,0x00,0x00,0x00,0x00,0x00,
    0x00,0x05,0x37,0x02,0x00,0x00,0x00,0x00,0x00,0x00,0x00,0x00,0x00,0x00,0x00,0x00,
    0x9f,0xc5,0x76,0x27,0x00,0x00,0x00,0x00,0x00,0x00,0x00,0x00,0x00,0x00,0x00,0x00,
    0x00,0x00,0x00,0x00,0x00,0x00,0x00,0x00,0x00,0x00,0xff,0xff,0xff,0xff,0xd8,0x89,
    0x39,0x02,0x00,0x00,0x00,0x00,0x00,0x00,0x00,0x00,0x00,0x00,0x00,0x00,0x00,0x00,
    0x00,0x00,0x00,0x00,0xfc,0xff,0xff,0xff,0xff,0xff,0xff,0xe8,0x9b,0x4c,0x08,0x00,
    0x00,0x00,0x00,0x00,0x00,0x00,0x00,0x00,0x00,0x00,0x00,0x00,0x00,0x00,0x7a,0xeb,
    0xff,0xff,0xff,0xff,0xff,0xff,0xff,0xff,0xf4,0xad,0x5e,0x13,0x00,0x00,0x00,0x00,
    0x00,0x00,0x00,0x00,0x00,0x00,0x00,0x00,0x00,0x03,0x3f,0x8f,0xdf,0xff,0xff,0xff,
    0xff,0xff,0xff,0xff,0xff,0xfc,0xc0,0x71,0x22,0x00,0x00,0x00,0x00,0x00,0x00,0x00,
    0x00,0x00,0x00,0x00,0x00,0x00,0x00,0x2f,0x7f,0xd0,0xff,0xff,0xff,0xff,0xff,0xff,
    0xff,0xff,0xff,0xd2,0x83,0x34,0x01,0x00,0x00,0x00,0x00,0x00,0x00,0x00,0x00,0x00,
    0x00,0x00,0x00,0x00,0x20,0x70,0xc0,0xfc,0xff,0xff,0xff,0xff,0xff,0xff,0xff,0xff,
    0xe3,0x95,0x46,0x06,0x00,0x00,0x00,0x00,0x00,0x00,0x00,0x00,0x00,0x00,0x00,0x00,
    0x00,0x14,0x61,0xb1,0xf6,0xff,0xff,0xff,0xff,0xff,0xff,0xff,0xff,0xf1,0xa8,0x3e,
    0x00,0x00,0x00,0x00,0x00,0x00,0x00,0x00,0x00,0x00,0x00,0x00,0x00,0x00,0x11,0x9a,
    0xfe,0xff,0xff,0xff,0xff,0xff,0xff,0xff,0xff,0xe3,0x00,0x00,0x00,0x00,0x00,0x00,
    0x00,0x00,0x00,0x00,0x00,0x0c,0x54,0xa6,0xf1,0xff,0xff,0xff,0xff,0xff,0xff,0xff,
    0xff,0xfc,0xc1,0x4e,0x00,0x00,0x00,0x00,0x00,0x00,0x00,0x00,0x13,0x60,0xb2,0xf7,
    0xff,0xff,0xff,0xff,0xff,0xff,0xff,0xff,0xf4,0xae,0x5f,0x13,0x00,0x00,0x00,0x00,
    0x00,0x00,0x00,0x1d,0x6d,0xbe,0xfc,0xff,0xff,0xff,0xff,0xff,0xff,0xff,0xff,0xe9,
    0x9c,0x4d,0x08,0x00,0x00,0x00,0x00,0x00,0x00,0x00,0x28,0x79,0xca,0xff,0xff,0xff,
    0xff,0xff,0xff,0xff,0xff,0xff,0xd9,0x8a,0x3a,0x02,0x00,0x00,0x00,0x00,0x00,0x00,
    0x00,0x00,0x65,0xd7,0xff,0xff,0xff,0xff,0xff,0xff,0xff,0xff,0xfe,0xc6,0x77,0x28,
    0x00,0x00,0x00,0x00,0x00,0x00,0x00,0x00,0x00,0x00,0x00,0x00,0xfa,0xff,0xff,0xff,
    0xff,0xff,0xff,0xf7,0xb4,0x65,0x17,0x00,0x00,0x00,0x00,0x00,0x00,0x00,0x00,0x00,
    0x00,0x00,0x00,0x00,0x00,0x00,0xff,0xff,0xff,0xff,0xed,0xa2,0x52,0x0b,0x00,0x00,
    0x00,0x00,0x00,0x00,0x00,0x00,0x00,0x00,0x00,0x00,0x00,0x00,0x00,0x00,0x00,0x00,
    0xb7,0xde,0x8f,0x40,0x03,0x00,0x00,0x00,0x00,0x00,0x00,0x00,0x00,0x00,0x00,0x00,
    0x00,0x00,0x00,0x00,0x00,0x00,0x00,0x00,0x00,0x00,0x9f,0xc5,0x76,0x27,0x00,0x00,
    0x00,0x00,0x00,0x00,0x00,0x00,0x00,0x00,0x00,0x00,0x00,0x00,0x00,0x00,0x00,0x00,
    0x00,0x00,0x00,0x00,0xff,0xff,0xff,0xff,0xd8,0x89,0x39,0x02,0x00,0x00,0x00,0x00,
    0x00,0x00,0x00,0x00,0x00,0x00,0x00,0x00,0x00,0x00,0x00,0x00,0x00,0x00,0xfc,0xff,
    0xff,0xff,0xff,0xff,0xff,0xe8,0x9b,0x4c,0x08,0x00,0x00,0x00,0x00,0x00,0x00,0x00,
    0x00,0x00,0x00,0x00,0x00,0x00,0x00,0x00,0x7a,0xeb,0xff,0xff,0xff,0xff,0xff,0xff,
    0xff,0xff,0xf4,0xad,0x5e,0x13,0x00,0x00,0x00,0x00,0x00,0x00,0x00,0x00,0x00,0x00,
    0x00,0x00,0x00,0x03,0x3f,0x8f,0xdf,0xff,0xff,0xff,0xff,0xff,0xff,0xff,0xff,0xfc,
    0xc0,0x71,0x22,0x00,0x00,0x00,0x00,0x00,0x00,0x00,0x00,0x00,0x00,0x00,0x00,0x00,
    0x00,0x2f,0x7f,0xd0,0xff,0xff,0xff,0xff,0xff,0xff,0xff,0xff,0xff,0xd2,0x83,0x34,
    0x01,0x00,0x00,0x00,0x00,0x00,0x00,0x00,0x00,0x00,0x00,0x00,0x00,0x00,0x20,0x70,
    0xc0,0xfc,0xff,0xff,0xff,0xff,0xff,0xff,0xff,0xff,0xe3,0x95,0x46,0x06,0x00,0x00,
    0x00,0x00,0x00,0x00,0x00,0x00,0x00,0x00,0x00,0x00,0x00,0x14,0x61,0xb1,0xf6,0xff,
    0xff,0xff,0xff,0xff,0xff,0xff,0xff,0xf1,0xa8,0x3e,0x00,0x00,0x00,0x00,0x00,0x00,
    0x00,0x00,0x00,0x00,0x00,0x00,0x00,0x00,0x11,0x9a,0xfe,0xff,0xff,0xff,0xff,0xff,
    0xff,0xff,0xff,0xe3,0x00,0x00,0x00,0x00,0x00,0x00,0x00,0x00,0x00,0x00,0x00,0x0c,
    0x54,0xa6,0xf1,0xff,0xff,0xff,0xff,0xff,0xff,0xff,0xff,0xfc,0xc1,0x4e,0x00,0x00,
    0x00,0x00,0x00,0x00,0x00,0x00,0x13,0x60,0xb2,0xf7,0xff,0xff,0xff,0xff,0xff,0xff,
    0xff,0xff,0xf4,0xae,0x5f,0x13,0x00,0x00,0x00,0x00,0x00,0x00,0x00,0x1d,0x6d,0xbe,
    0xfc,0xff,0xff,0xff,0xff,0xff,0xff,0xff,0xff,0xe9,0x9c,0x4d,0x08,0x00,0x00,0x00,
    0x00,0x00,0x00,0x00,0x28,0x79,0xca,0xff,0xff,0xff,0xff,0xff,0xff,0xff,0xff,0xff,
    0xd9,0x8a,0x3a,0x02,0x00,0x00,0x00,0x00,0x00,0x00,0x00,0x00,0x65,0xd7,0xff,0xff,
    0xff,0xff,0xff,0xff,0xff,0xff,0xfe,0xc6,0x77,0x28,0x00,0x00,0x00,0x00,0x00,0x00,
    0x00,0x00,0x00,0x00,0x00,0x00,0xfa,0xff,0xff,0xff,0xff,0xff,0xff,0xf7,0xb4,0x65,
    0x17,0x00,0x00,0x00,0x00,0x00,0x00,0x00,0x00,0x00,0x00,0x00,0x00,0x00,0x00,0x00,
    0xff,0xff,0xff,0xff,0xed,0xa2,0x52,0x0b,0x00,0x00,0x00,0x00,0x00,0x00,0x00,0x00,
    0x00,0x00,0x00,0x00,0x00,0x00,0x00,0x00,0x00,0x00,0xb7,0xde,0x8f,0x40,0x03,0x00,
    0x00,0x00,0x00,0x00,0x00,0x00,0x00,0x00,0x00,0x00,0x00,0x00,0x00,0x00,0x00,0x00,
    0x00,0x00,0x00,0x00,0x00,0x00,0x3a,0x8a,0x76,0x10,0x00,0x00,0x5e,0xfd,0xff,0xff,
    0xe1,0x12,0x00,0xe2,0xff,0xff,0xff,0xff,0x79,0x01,0xf5,0xff,0xff,0xff,0xff,0x8e,
    0x00,0xa9,0xff,0xff,0xff,0xff,0x41,0x00,0x13,0xa3,0xef,0xdc,0x64,0x00,0x00,0x00,
    0x3a,0x8a,0x76,0x10,0x00,0x00,0x5e,0xfd,0xff,0xff,0xe1,0x12,0x00,0xe2,0xff,0xff,
    0xff,0xff,0x79,0x01,0xf5,0xff,0xff,0xff,0xff,0x8e,0x00,0xa9,0xff,0xff,0xff,0xff,
    0x41,0x00,0x14,0xa9,0xf2,0xe1,0x67,0x00,0x1c,0x4b,0x4b,0x4b,0x4b,0x4b,0x4b,0x4b,
    0x4b,0x4b,0x4b,0x4b,0x4b,0x4b,0x4b,0x4b,0x4b,0x4b,0x4b,0x4b,0x4b,0x48,0x0b,0xe7,
    0xff,0xff,0xff,0xff,0xff,0xff,0xff,0xff,0xff,0xff,0xff,0xff,0xff,0xff,0xff,0xff,
    0xff,0xff,0xff,0xff,0xff,0xa5,0xff,0xff,0xff,0xff,0xff,0xff,0xff,0xff,0xff,0xff,
    0xff,0xff,0xff,0xff,0xff,0xff,0xff,0xff,0xff,0xff,0xff,0xff,0xbf,0xb7,0xff,0xff,
    0xff,0xff,0xff,0xff,0xff,0xff,0xff,0xff,0xff,0xff,0xff,0xff,0xff,0xff,0xff,0xff,
    0xff,0xff,0xfc,0x79,0x1c,0x4b,0x4b,0x4b,0x4b,0x4b,0x4b,0x4b,0x4b,0x4b,0x4b,0x4b,
    0x4b,0x4b,0x4b,0x4b,0x4b,0x4b,0x4b,0x4b,0x4b,0x48,0x0b,0xe7,0xff,0xff,0xff,0xff,
    0xff,0xff,0xff,0xff,0xff,0xff,0xff,0xff,0xff,0xff,0xff,0xff,0xff,0xff,0xff,0xff,
    0xff,0xa5,0xff,0xff,0xff,0xff,0xff,0xff,0xff,0xff,0xff,0xff,0xff,0xff,0xff,0xff,
    0xff,0xff,0xff,0xff,0xff,0xff,0xff,0xff,0xbf,0xb7,0xff,0xff,0xff,0xff,0xff,0xff,
    0xff,0xff,0xff,0xff,0xff,0xff,0xff,0xff,0xff,0xff,0xff,0xff,0xff,0xff,0xfc,0x79,
    0x00,0x00,0x00,0x00,0x00,0x00,0x00,0x00,0x00,0x00,0x00,0x00,0x00,0x00,0x00,0x00,
    0x13,0x57,0x87,0xac,0xbb,0xca,0xd4,0xc7,0xb8,0xa7,0x7d,0x4a,0x0a,0x00,0x00,0x00,
    0x00,0x00,0x00,0x00,0x00,0x00,0x00,0x00,0x00,0x00,0x00,0x00,0x00,0x00,0x00,0x00,
    0x00,0x00,0x00,0x00,0x00,0x00,0x00,0x00,0x00,0x00,0x04,0x58,0xc1,0xfc,0xff,0xff,
    0xff,0xff,0xff,0xff,0xff,0xff,0xff,0xff,0xff,0xf7,0xb0,0x43,0x00,0x00,0x00,0x00,
    0x00,0x00,0x00,0x00,0x00,0x00,0x00,0x00,0x00,0x00,0x00,0x00,0x00,0x00,0x00,0x00,
    0x00,0x00,0x00,0x00,0x00,0x00,0x5b,0xe3,0xff,0xff,0xff,0xff,0xff,0xff,0xff,0xff,
    0xff,0xff,0xff,0xff,0xff,0xff,0xff,0xff,0xff,0xd0,0x40,0x00,0x00,0x00,0x00,0x00,
    0x00,0x00,0x00,0x00,0x00,0x00,0x00,0x00,0x00,0x00,0x00,0x00,0x00,0x00,0x00,0x00,
    0x00,0x26,0xc1,0xff,0xff,0xff,0xff,0xff,0xff,0xff,0xff,0xff,0xff,0xff,0xff,0xff,
    0xff,0xff,0xff,0xff,0xff,0xff,0xff,0xff,0xa7,0x13,0x00,0x00,0x00,0x00,0x00,0x00,
    0x00,0x00,0x00,0x00,0x00,0x00,0x00,0x00,0x00,0x00,0x00,0x00,0x00,0x51,0xf1,0xff,
    0xff,0xff,0xff,0xff,0xff,0xff,0xff,0xff,0xff,0xff,0xff,0xff,0xff,0xff,0xff,0xff,
    0xff,0xff,0xff,0xff,0xff,0xff,0xe1,0x35,0x00,0x00,0x00,0x00,0x00,0x00,0x00,0x00,
    0x00,0x00,0x00,0x00,0x00,0x00,0x00,0x00,0x00,0x83,0xff,0xff,0xff,0xff,0xff,0xff,
    0xff,0xff,0xff,0xff,0xff,0xff,0xff,0xff,0xff,0xff,0xff,0xff,0xff,0xff,0xff,0xff,
    0xff,0xff,0xff,0xff,0xf8,0x5f,0x00,0x00,0x00,0x00,0x00,0x00,0x00,0x00,0x00,0x00,
    0x00,0x00,0x00,0x00,0x00,0x8f,0xff,0xff,0xff,0xff,0xff,0xff,0xff,0xff,0xff,0xff,
    0xff,0xff,0xff,0xff,0xff,0xff,0xff,0xff,0xff,0xff,0xff,0xff,0xff,0xff,0xff,0xff,
    0xff,0xff,0xfe,0x68,0x00,0x00,0x00,0x00,0x00,0x00,0x00,0x00,0x00,0x00,0x00,0x00,
    0x01,0x94,0xff,0xff,0xff,0xff,0xff,0xff,0xff,0xff,0xff,0xff,0xff,0xff,0xff,0xff,
    0xff,0xff,0xff,0xff,0xff,0xff,0xff,0xff,0xff,0xff,0xff,0xff,0xff,0xff,0xff,0xff,
    0xff,0x6d,0x00,0x00,0x00,0x00,0x00,0x00,0x00,0x00,0x00,0x00,0x00,0x77,0xff,0xff,
    0xff,0xff,0xff,0xff,0xff,0xff,0xff,0xfa,0xbb,0x81,0x4f,0x2b,0x11,0x04,0x00,0x06,
    0x16,0x33,0x59,0x8d,0xcb,0xff,0xff,0xff,0xff,0xff,0xff,0xff,0xff,0xff,0xfe,0x50,
    0x00,0x00,0x00,0x00,0x00,0x00,0x00,0x00,0x00,0x3c,0xfc,0xff,0xff,0xff,0xff,0xff,
    0xff,0xff,0xcd,0x5e,0x0f,0x00,0x00,0x00,0x00,0x00,0x00,0x00,0x00,0x00,0x00,0x00,
    0x00,0x00,0x1d,0x75,0xe2,0xff,0xff,0xff,0xff,0xff,0xff,0xff,0xf1,0x21,0x00,0x00,
    0x00,0x00,0x00,0x00,0x00,0x04,0xd5,0xff,0xff,0xff,0xff,0xff,0xff,0xd3,0x43,0x00,
    0x00,0x00,0x00,0x00,0x00,0x00,0x00,0x00,0x00,0x00,0x00,0x00,0x00,0x00,0x00,0x00,
    0x00,0x04,0x61,0xea,0xff,0xff,0xff,0xff,0xff,0xff,0xb2,0x00,0x00,0x00,0x00,0x00,
    0x00,0x00,0x6e,0xff,0xff,0xff,0xff,0xff,0xfb,0x7a,0x05,0x00,0x00,0x00,0x00,0x00,
    0x00,0x00,0x00,0x00,0x00,0x00,0x00,0x00,0x00,0x00,0x00,0x00,0x00,0x00,0x00,0x00,
    0x12,0xa2,0xff,0xff,0xff,0xff,0xff,0xff,0x46,0x00,0x00,0x00,0x00,0x00,0x03,0xe0,
    0xff,0xff,0xff,0xff,0xf1,0x46,0x00,0x00,0x00,0x00,0x00,0x00,0x00,0x00,0x00,0x00,
    0x00,0x00,0x00,0x00,0x00,0x00,0x00,0x00,0x00,0x00,0x00,0x00,0x00,0x00,0x00,0x72,
    0xfd,0xff,0xff,0xff,0xff,0xba,0x00,0x00,0x00,0x00,0x00,0x54,0xff,0xff,0xff,0xff,
    0xec,0x2d,0x00,0x00,0x00,0x00,0x00,0x00,0x00,0x00,0x00,0x00,0x00,0x00,0x00,0x00,
    0x00,0x00,0x00,0x00,0x00,0x00,0x00,0x00,0x00,0x00,0x00,0x00,0x00,0x55,0xfd,0xff,
    0xff,0xff,0xff,0x2a,0x00,0x00,0x00,0x00,0xc4,0xff,0xff,0xff,0xf9,0x3e,0x00,0x00,
    0x00,0x00,0x00,0x00,0x00,0x00,0x00,0x00,0x00,0x00,0x00,0x00,0x00,0x00,0x00,0x00,
    0x00,0x00,0x00,0x00,0x00,0x00,0x00,0x00,0x00,0x00,0x00,0x71,0xff,0xff,0xff,0xff,
    0x98,0x00,0x00,0x00,0x34,0xff,0xff,0xff,0xff,0x60,0x00,0x00,0x00,0x00,0x00,0x00,
    0x00,0x00,0x00,0x00,0x00,0x00,0x00,0x00,0x00,0x00,0x00,0x00,0x00,0x00,0x00,0x00,
    0x00,0x00,0x00,0x00,0x00,0x00,0x00,0x00,0x00,0x9a,0xff,0xff,0xff,0xf5,0x11,0x00,
    0x00,0x8a,0xff,0xff,0xff,0xac,0x00,0x00,0x00,0x00,0x00,0x00,0x00,0x00,0x00,0x00,
    0x00,0x00,0x00,0x00,0x00,0x00,0x00,0x00,0x00,0x00,0x00,0x00,0x00,0x00,0x00,0x00,
    0x00,0x00,0x00,0x00,0x00,0x00,0x09,0xde,0xff,0xff,0xff,0x59,0x00,0x00,0xd3,0xff,
    0xff,0xf2,0x1b,0x00,0x00,0x00,0x00,0x00,0x00,0x00,0x00,0x00,0x00,0x00,0x00,0x00,
    0x09,0x7d,0xbd,0xde,0xb1,0x62,0x00,0x00,0x00,0x00,0x00,0x00,0x00,0x00,0x00,0x00,
    0x00,0x00,0x00,0x00,0x47,0xff,0xff,0xff,0xa0,0x00,0x1c,0xff,0xff,0xff,0x7e,0x00,
    0x00,0x00,0x00,0x00,0x00,0x00,0x00,0x00,0x00,0x00,0x00,0x00,0x22,0xd9,0xff,0xff,
    0xff,0xff,0xff,0xba,0x08,0x00,0x00,0x00,0x00,0x00,0x00,0x00,0x00,0x00,0x00,0x00,
    0x00,0x00,0xb8,0xff,0xff,0xe7,0x01,0x65,0xff,0xff,0xf3,0x12,0x00,0x00,0x00,0x00,
    0x00,0x00,0x00,0x00,0x00,0x00,0x00,0x00,0x02,0xc3,0xff,0xff,0xff,0xff,0xff,0xff,
    0xff,0x8c,0x00,0x00,0x00,0x00,0x00,0x00,0x00,0x00,0x00,0x00,0x00,0x00,0x00,0x40,
    0xff,0xff,0xff,0x2f,0xa2,0xff,0xff,0x96,0x00,0x00,0x00,0x00,0x00,0x00,0x00,0x00,
    0x00,0x00,0x00,0x00,0x00,0x43,0xff,0xff,0xff,0xff,0xff,0xff,0xff,0xff,0xfd,0x0d,
    0x00,0x00,0x00,0x00,0x00,0x00,0x00,0x00,0x00,0x00,0x00,0x00,0x00,0xd2,0xff,0xff,
    0x6a,0xcd,0xff,0xff,0x39,0x00,0x00,0x00,0x00,0x00,0x00,0x00,0x00,0x00,0x00,0x00,
    0x00,0x00,0x77,0xff,0xff,0xff,0xff,0xff,0xff,0xff,0xff,0xff,0x3e,0x00,0x00,0x00,
    0x00,0x00,0x00,0x00,0x00,0x00,0x00,0x00,0x00,0x00,0x75,0xff,0xff,0x95,0xec,0xff,
    0xe3,0x00,0x00,0x00,0x00,0x00,0x00,0x00,0x00,0x00,0x00,0x00,0x00,0x00,0x00,0x76,
    0xff,0xff,0xff,0xff,0xff,0xff,0xff,0xff,0xff,0x44,0x00,0x00,0x00,0x00,0x00,0x00,
    0x00,0x00,0x00,0x00,0x00,0x00,0x00,0x1f,0xff,0xff,0xb3,0xfa,0xff,0x94,0x00,0x00,
    0x00,0x00,0x00,0x00,0x00,0x00,0x00,0x00,0x00,0x00,0x00,0x00,0x44,0xff,0xff,0xff,
    0xff,0xff,0xff,0xff,0xff,0xfe,0x10,0x00,0x00,0x00,0x00,0x00,0x00,0x00,0x00,0x00,
    0x00,0x00,0x00,0x00,0x00,0xd0,0xff,0xc2,0xe3,0xff,0x3e,0x00,0x00,0x00,0x00,0x00,
    0x00,0x00,0x00,0x00,0x00,0x00,0x00,0x00,0x00,0x03,0xca,0xff,0xff,0xff,0xff,0xff,
    0xff,0xff,0x9b,0x00,0x00,0x00,0x00,0x00,0x00,0x00,0x00,0x00,0x00,0x00,0x00,0x00,
    0x00,0x00,0x7a,0xff,0xb8,0x9d,0xb1,0x00,0x00,0x00,0x00,0x00,0x00,0x00,0x00,0x00,
    0x00,0x00,0x00,0x00,0x00,0x00,0x00,0x29,0xe4,0xff,0xff,0xff,0xff,0xff,0xcb,0x0d,
    0x00,0x00,0x00,0x00,0x00,0x00,0x00,0x00,0x00,0x00,0x00,0x00,0x00,0x00,0x00,0x12,
    0xd9,0x69,0x00,0x00,0x00,0x00,0x00,0x00,0x00,0x00,0x00,0x00,0x00,0x00,0x00,0x00,
    0x00,0x00,0x00,0x00,0x00,0x10,0x91,0xd2,0xf2,0xc7,0x77,0x04,0x00,0x00,0x00,0x00,
    0x00,0x00,0x00,0x00,0x00,0x00,0x00,0x00,0x00,0x00,0x00,0x00,0x00,0x00,0x00,0x00,
    0x00,0x00,0x00,0x00,0x00,0x00,0x00,0x00,0x00,0x00,0x00,0x00,0x00,0x00,0x00,0x00,
    0x00,0x00,0x09,0x7d,0xbd,0xde,0xb1,0x62,0x00,0x00,0x00,0x00,0x00,0x00,0x00,0x00,
    0x00,0x00,0x00,0x00,0x00,0x00,0x00,0x00,0x00,0x00,0x00,0x00,0x9d,0xb1,0x00,0x00,
    0x00,0x00,0x00,0x00,0x00,0x00,0x00,0x00,0x00,0x00,0x00,0x00,0x00,0x00,0x22,0xd9,
    0xff,0xff,0xff,0xff,0xff,0xba,0x08,0x00,0x00,0x00,0x00,0x00,0x00,0x00,0x00,0x00,
    0x00,0x00,0x00,0x00,0x00,0x00,0x13,0xd9,0x66,0xe3,0xff,0x40,0x00,0x00,0x00,0x00,
    0x00,0x00,0x00,0x00,0x00,0x00,0x00,0x00,0x00,0x00,0x02,0xc3,0xff,0xff,0xff,0xff,
    0xff,0xff,0xff,0x8c,0x00,0x00,0x00,0x00,0x00,0x00,0x00,0x00,0x00,0x00,0x00,0x00,
    0x00,0x00,0x00,0x7d,0xff,0xa9,0xfa,0xff,0x97,0x00,0x00,0x00,0x00,0x00,0x00,0x00,
    0x00,0x00,0x00,0x00,0x00,0x00,0x00,0x43,0xff,0xff,0xff,0xff,0xff,0xff,0xff,0xff,
    0xfd,0x0d,0x00,0x00,0x00,0x00,0x00,0x00,0x00,0x00,0x00,0x00,0x00,0x00,0x00,0x00,
    0xd3,0xff,0xc1,0xeb,0xff,0xe6,0x02,0x00,0x00,0x00,0x00,0x00,0x00,0x00,0x00,0x00,
    0x00,0x00,0x00,0x00,0x77,0xff,0xff,0xff,0xff,0xff,0xff,0xff,0xff,0xff,0x3e,0x00,
    0x00,0x00,0x00,0x00,0x00,0x00,0x00,0x00,0x00,0x00,0x00,0x00,0x24,0xff,0xff,0xb3,
    0xca,0xff,0xff,0x42,0x00,0x00,0x00,0x00,0x00,0x00,0x00,0x00,0x00,0x00,0x00,0x00,
    0x00,0x7c,0xff,0xff,0xff,0xff,0xff,0xff,0xff,0xff,0xff,0x44,0x00,0x00,0x00,0x00,
    0x00,0x00,0x00,0x00,0x00,0x00,0x00,0x00,0x00,0x7e,0xff,0xff,0x91,0x9c,0xff,0xff,
    0xa2,0x00,0x00,0x00,0x00,0x00,0x00,0x00,0x00,0x00,0x00,0x00,0x00,0x00,0x48,0xff,
    0xff,0xff,0xff,0xff,0xff,0xff,0xff,0xfe,0x10,0x00,0x00,0x00,0x00,0x00,0x00,0x00,
    0x00,0x00,0x00,0x00,0x00,0x01,0xdc,0xff,0xff,0x65,0x59,0xff,0xff,0xfa,0x1d,0x00,
    0x00,0x00,0x00,0x00,0x00,0x00,0x00,0x00,0x00,0x00,0x00,0x05,0xcf,0xff,0xff,0xff,
    0xff,0xff,0xff,0xff,0x9b,0x00,0x00,0x00,0x00,0x00,0x00,0x00,0x00,0x00,0x00,0x00,
    0x00,0x00,0x53,0xff,0xff,0xff,0x24,0x10,0xfb,0xff,0xff,0x96,0x00,0x00,0x00,0x00,
    0x00,0x00,0x00,0x00,0x00,0x00,0x00,0x00,0x00,0x2c,0xe6,0xff,0xff,0xff,0xff,0xff,
    0xcb,0x0d,0x00,0x00,0x00,0x00,0x00,0x00,0x00,0x00,0x00,0x00,0x00,0x00,0x01,0xce,
    0xff,0xff,0xd9,0x00,0x00,0xc0,0xff,0xff,0xfc,0x34,0x00,0x00,0x00,0x00,0x00,0x00,
    0x00,0x00,0x00,0x00,0x00,0x00,0x00,0x12,0x92,0xd2,0xf2,0xc7,0x77,0x04,0x00,0x00,
    0x00,0x00,0x00,0x00,0x00,0x00,0x00,0x00,0x00,0x00,0x00,0x6b,0xff,0xff,0xff,0x8e,
    0x00,0x00,0x73,0xff,0xff,0xff,0xd2,0x05,0x00,0x00,0x00,0x00,0x00,0x00,0x00,0x00,
    0x00,0x00,0x00,0x00,0x00,0x00,0x00,0x00,0x00,0x00,0x00,0x00,0x00,0x00,0x00,0x00,
    0x00,0x00,0x00,0x00,0x00,0x00,0x00,0x1f,0xf3,0xff,0xff,0xff,0x43,0x00,0x00,0x15,
    0xf6,0xff,0xff,0xff,0xa1,0x00,0x00,0x00,0x00,0x00,0x00,0x00,0x00,0x00,0x00,0x00,
    0x00,0x00,0x00,0x00,0x00,0x00,0x00,0x00,0x00,0x00,0x00,0x00,0x00,0x00,0x00,0x00,
    0x00,0x00,0x00,0x0d,0xcf,0xff,0xff,0xff,0xdc,0x02,0x00,0x00,0x00,0x94,0xff,0xff,
    0xff,0xff,0x85,0x00,0x00,0x00,0x00,0x00,0x00,0x00,0x00,0x00,0x00,0x00,0x00,0x00,
    0x00,0x00,0x00,0x00,0x00,0x00,0x00,0x00,0x00,0x00,0x00,0x00,0x00,0x00,0x00,0x04,
    0xb9,0xff,0xff,0xff,0xff,0x68,0x00,0x00,0x00,0x00,0x21,0xfc,0xff,0xff,0xff,0xff,
    0x8a,0x03,0x00,0x00,0x00,0x00,0x00,0x00,0x00,0x00,0x00,0x00,0x00,0x00,0x00,0x00,
    0x00,0x00,0x00,0x00,0x00,0x00,0x00,0x00,0x00,0x00,0x00,0x10,0xb5,0xff,0xff,0xff,
    0xff,0xea,0x08,0x00,0x00,0x00,0x00,0x00,0xa6,0xff,0xff,0xff,0xff,0xff,0xba,0x16,
    0x00,0x00,0x00,0x00,0x00,0x00,0x00,0x00,0x00,0x00,0x00,0x00,0x00,0x00,0x00,0x00,
    0x00,0x00,0x00,0x00,0x00,0x00,0x00,0x2e,0xda,0xff,0xff,0xff,0xff,0xff,0x7c,0x00,
    0x00,0x00,0x00,0x00,0x00,0x20,0xf4,0xff,0xff,0xff,0xff,0xff,0xf0,0x71,0x05,0x00,
    0x00,0x00,0x00,0x00,0x00,0x00,0x00,0x00,0x00,0x00,0x00,0x00,0x00,0x00,0x00,0x00,
    0x00,0x00,0x12,0x92,0xfb,0xff,0xff,0xff,0xff,0xff,0xe1,0x0c,0x00,0x00,0x00,0x00,
    0x00,0x00,0x00,0x6e,0xff,0xff,0xff,0xff,0xff,0xff,0xff,0xe3,0x7b,0x18,0x00,0x00,
    0x00,0x00,0x00,0x00,0x00,0x00,0x00,0x00,0x00,0x00,0x00,0x00,0x00,0x2b,0x93,0xf2,
    0xff,0xff,0xff,0xff,0xff,0xff,0xfe,0x48,0x00,0x00,0x00,0x00,0x00,0x00,0x00,0x00,
    0x00,0xa5,0xff,0xff,0xff,0xff,0xff,0xff,0xff,0xff,0xfd,0xc8,0x81,0x4b,0x1d,0x02,
    0x00,0x00,0x00,0x00,0x00,0x06,0x26,0x57,0x90,0xd9,0xff,0xff,0xff,0xff,0xff,0xff,
    0xff,0xff,0xff,0x7d,0x00,0x00,0x00,0x00,0x00,0x00,0x00,0x00,0x00,0x00,0x07,0xb9,
    0xff,0xff,0xff,0xff,0xff,0xff,0xff,0xff,0xff,0xff,0xff,0xff,0xfb,0xe7,0xda,0xd8,
    0xdc,0xeb,0xfe,0xff,0xff,0xff,0xff,0xff,0xff,0xff,0xff,0xff,0xff,0xff,0xff,0x98,
    0x00,0x00,0x00,0x00,0x00,0x00,0x00,0x00,0x00,0x00,0x00,0x00,0x08,0xb6,0xff,0xff,
    0xff,0xff,0xff,0xff,0xff,0xff,0xff,0xff,0xff,0xff,0xff,0xff,0xff,0xff,0xff,0xff,
    0xff,0xff,0xff,0xff,0xff,0xff,0xff,0xff,0xff,0xff,0xff,0x93,0x01,0x00,0x00,0x00,
    0x00,0x00,0x00,0x00,0x00,0x00,0x00,0x00,0x00,0x00,0x06,0xae,0xff,0xff,0xff,0xff,
    0xff,0xff,0xff,0xff,0xff,0xff,0xff,0xff,0xff,0xff,0xff,0xff,0xff,0xff,0xff,0xff,
    0xff,0xff,0xff,0xff,0xff,0xff,0xff,0x8b,0x00,0x00,0x00,0x00,0x00,0x00,0x00,0x00,
    0x00,0x00,0x00,0x00,0x00,0x00,0x00,0x00,0x01,0x7d,0xfd,0xff,0xff,0xff,0xff,0xff,
    0xff,0xff,0xff,0xff,0xff,0xff,0xff,0xff,0xff,0xff,0xff,0xff,0xff,0xff,0xff,0xff,
    0xff,0xff,0xf5,0x5c,0x00,0x00,0x00,0x00,0x00,0x00,0x00,0x00,0x00,0x00,0x00,0x00,
    0x00,0x00,0x00,0x00,0x00,0x00,0x00,0x46,0xe3,0xff,0xff,0xff,0xff,0xff,0xff,0xff,
    0xff,0xff,0xff,0xff,0xff,0xff,0xff,0xff,0xff,0xff,0xff,0xff,0xff,0xff,0xd0,0x2d,
    0x00,0x00,0x00,0x00,0x00,0x00,0x00,0x00,0x00,0x00,0x00,0x00,0x00,0x00,0x00,0x00,
    0x00,0x00,0x00,0x00,0x00,0x0b,0x88,0xf9,0xff,0xff,0xff,0xff,0xff,0xff,0xff,0xff,
    0xff,0xff,0xff,0xff,0xff,0xff,0xff,0xff,0xff,0xef,0x6d,0x03,0x00,0x00,0x00,0x00,
    0x00,0x00,0x00,0x00,0x00,0x00,0x00,0x00,0x00,0x00,0x00,0x00,0x00,0x00,0x00,0x00,
    0x00,0x00,0x00,0x00,0x1a,0x84,0xe9,0xff,0xff,0xff,0xff,0xff,0xff,0xff,0xff,0xff,
    0xff,0xff,0xff,0xff,0xda,0x6e,0x0d,0x00,0x00,0x00,0x00,0x00,0x00,0x00,0x00,0x00,
    0x00,0x00,0x00,0x00,0x00,0x00,0x00,0x00,0x00,0x00,0x00,0x00,0x00,0x00,0x00,0x00,
    0x00,0x00,0x00,0x02,0x3b,0x81,0xb2,0xd6,0xe5,0xf3,0xfc,0xf0,0xe1,0xd0,0xa7,0x75,
    0x2b,0x00,0x00,0x00,0x00,0x00,0x00,0x00,0x00,0x00,0x00,0x00,0x00,0x00,0x00,0x00,
    0x00,0x81,0xc7,0xc7,0xc7,0xc7,0xc7,0xc7,0xc7,0xc7,0xc7,0xc7,0xc7,0xc7,0xc7,0xc7,
    0xc7,0xc7,0xc7,0xc7,0xc7,0xc7,0xc7,0xb4,0x1a,0xfd,0xff,0xff,0xff,0xff,0xff,0xff,
    0xff,0xff,0xff,0xff,0xff,0xff,0xff,0xff,0xff,0xff,0xff,0xff,0xff,0xff,0xff,0xff,
    0x61,0xff,0xff,0xff,0xff,0xff,0xff,0xff,0xff,0xff,0xff,0xff,0xff,0xff,0xff,0xff,
    0xff,0xff,0xff,0xff,0xff,0xff,0xff,0xff,0x63,0xff,0xff,0xff,0xff,0xff,0xff,0xff,
    0xff,0xff,0xff,0xff,0xff,0xff,0xff,0xff,0xff,0xff,0xff,0xff,0xff,0xff,0xff,0xff,
    0x63,0xff,0xff,0xff,0xff,0xff,0xff,0xff,0xff,0xff,0xff,0xff,0xff,0xff,0xff,0xff,
    0xff,0xff,0xff,0xff,0xff,0xff,0xff,0xff,0x63,0xff,0xff,0xff,0xff,0xff,0xff,0xff,
    0xff,0xff,0xff,0xff,0xff,0xff,0xff,0xff,0xff,0xff,0xff,0xff,0xff,0xff,0xff,0xff,
    0x63,0xff,0xff,0xff,0xff,0xff,0xff,0xff,0xff,0xff,0xff,0xff,0xff,0xff,0xff,0xff,
    0xff,0xff,0xff,0xff,0xff,0xff,0xff,0xff,0x63,0xff,0xff,0xff,0xff,0xff,0xff,0xff,
    0xff,0xff,0xff,0xff,0xff,0xff,0xff,0xff,0xff,0xff,0xff,0xff,0xff,0xff,0xff,0xff,
    0x63,0xff,0xff,0xff,0xff,0xff,0xff,0xff,0xff,0xff,0xff,0xff,0xff,0xff,0xff,0xff,
    0xff,0xff,0xff,0xff,0xff,0xff,0xff,0xff,0x63,0xb7,0xff,0xff,0xff,0xff,0xff,0xff,
    0xff,0xff,0xff,0xff,0xff,0xff,0xff,0xff,0xff,0xff,0xff,0xff,0xff,0xff,0xff,0xed,
    0x2d,0xb6,0xc7,0xc7,0xc7,0xc7,0xc7,0xc7,0xc7,0xc7,0xc7,0xc7,0xc7,0xc7,0xc7,0xc7,
    0xc7,0xc7,0xc7,0xc7,0xc7,0xc7,0xc7,0xc6,0x3e,0xff,0xff,0xff,0xff,0xff,0xff,0xff,
    0xff,0xff,0xff,0xff,0xff,0xff,0xff,0xff,0xff,0xff,0xff,0xff,0xff,0xff,0xff,0xff,
    0x63,0xff,0xff,0xff,0xff,0xff,0xff,0xff,0xff,0xff,0xff,0xff,0xff,0xff,0xff,0xff,
    0xff,0xff,0xff,0xff,0xff,0xff,0xff,0xff,0x63,0xff,0xff,0xff,0xff,0xff,0xff,0xff,
    0xff,0xff,0xff,0xff,0xff,0xff,0xff,0xff,0xff,0xff,0xff,0xff,0xff,0xff,0xff,0xff,
    0x63,0xff,0xff,0xff,0xff,0xff,0xff,0xff,0xff,0xff,0xff,0xff,0xff,0xff,0xff,0xff,
    0xff,0xff,0xff,0xff,0xff,0xff,0xff,0xff,0x63,0xff,0xff,0xff,0xff,0xff,0xff,0xff,
    0xff,0xff,0xff,0xff,0xff,0xff,0xff,0xff,0xff,0xff,0xff,0xff,0xff,0xff,0xff,0xff,
    0x63,0xff,0xff,0xff,0xff,0xff,0xff,0xff,0xff,0xff,0xff,0xff,0xff,0xff,0xff,0xff,
    0xff,0xff,0xff,0xff,0xff,0xff,0xff,0xff,0x63,0xff,0xff,0xff,0xff,0xff,0xff,0xff,
    0xff,0xff,0xff,0xff,0xff,0xff,0xff,0xff,0xff,0xff,0xff,0xff,0xff,0xff,0xff,0xff,
    0x63,0xff,0xff,0xff,0xff,0xff,0xff,0xff,0xff,0xff,0xff,0xff,0xff,0xff,0xff,0xff,
    0xff,0xff,0xff,0xff,0xff,0xff,0xff,0xff,0x63,0xee,0xff,0xff,0xff,0xff,0xff,0xff,
    0xff,0xff,0xff,0xff,0xff,0xff,0xff,0xff,0xff,0xff,0xff,0xff,0xff,0xff,0xff,0xfe,
    0x54,0x00,0x08,0x97,0x3f,0x00,0x00,0x00,0x00,0x00,0x00,0x00,0x00,0x00,0x00,0x00,
    0x00,0x00,0x00,0x21,0xff,0xeb,0x1b,0x00,0x00,0x00,0x00,0x00,0x00,0x00,0x00,0x00,
    0x00,0x00,0x00,0x00,0x00,0x9e,0xff,0xc1,0x03,0x00,0x00,0x00,0x00,0x00,0x00,0x00,
    0x00,0x00,0x00,0x00,0x00,0x00,0x0a,0xd6,0xff,0x81,0x00,0x00,0x00,0x00,0x00,0x00,
    0x00,0x00,0x00,0x00,0x00,0x00,0x00,0x00,0x2d,0xf7,0xfd,0x41,0x00,0x00,0x00,0x00,
    0x00,0x00,0x00,0x00,0x00,0x00,0x00,0x00,0x00,0x00,0x68,0xff,0xe6,0x15,0x00,0x00,
    0x00,0x00,0x00,0x00,0x00,0x00,0x00,0x00,0x00,0x00,0x00,0x00,0xab,0xff,0xb7,0x01,
    0x00,0x00,0x00,0x00,0x00,0x00,0x00,0x00,0x00,0x00,0x00,0x00,0x00,0x0f,0xdf,0xff,
    0x75,0x00,0x00,0x00,0x00,0x00,0x00,0x00,0x00,0x00,0x00,0x00,0x00,0x00,0x00,0x37,
    0xfa,0xfa,0x37,0x00,0x00,0x00,0x00,0x00,0x00,0x00,0x00,0x00,0x00,0x00,0x00,0x00,
    0x00,0x8a,0xff,0xdf,0x10,0x00,0x00,0x00,0x00,0x00,0x00,0x00,0x00,0x00,0x00,0x00,
    0x00,0x00,0x5f,0xff,0xff,0xac,0x00,0x00,0x00,0x00,0x00,0x00,0x00,0x00,0x00,0x00,
    0x00,0x00,0x01,0xc0,0xff,0xff,0xff,0x6a,0x00,0x00,0x00,0x00,0x00,0x00,0x00,0x00,
    0x00,0x00,0x00,0x6b,0xff,0xff,0xff,0xff,0xf7,0x2f,0x00,0x00,0x00,0x00,0x00,0x00,
    0x00,0x00,0x00,0x20,0xf3,0xff,0xff,0xff,0xff,0xff,0xd8,0x0b,0x00,0x00,0x00,0x00,
    0x00,0x00,0x00,0x01,0xbd,0xff,0xff,0xff,0xff,0xff,0xff,0xff,0xa1,0x00,0x00,0x00,
    0x00,0x00,0x00,0x00,0x68,0xff,0xff,0xff,0xff,0xff,0xff,0xff,0xff,0xff,0x5e,0x00,
    0x00,0x00,0x00,0x00,0x1f,0xf3,0xff,0xff,0xff,0xff,0xff,0xff,0xff,0xff,0xff,0xf4,
    0x1c,0x00,0x00,0x00,0x00,0xbb,0xff,0xff,0xff,0xff,0xff,0xff,0xff,0xff,0xff,0xff,
    0xff,0x50,0x00,0x00,0x00,0x66,0xff,0xff,0xff,0xff,0xff,0xff,0xff,0xff,0xff,0xff,
    0xff,0xec,0x13,0x00,0x00,0x1e,0xf2,0xff,0xff,0xff,0xff,0xff,0xff,0xff,0xff,0xff,
    0xff,0xff,0x58,0x00,0x00,0x00,0xb9,0xff,0xff,0xff,0xff,0xff,0xff,0xff,0xff,0xff,
    0xff,0xff,0xaf,0x00,0x00,0x00,0x64,0xff,0xff,0xff,0xff,0xff,0xff,0xff,0xff,0xff,
    0xff,0xff,0xed,0x18,0x00,0x00,0x00,0xe0,0xff,0xff,0xff,0xff,0xff,0xff,0xff,0xff,
    0xff,0xff,0xff,0x5b,0x00,0x00,0x00,0x00,0xd9,0xff,0xff,0xff,0xff,0xff,0xff,0xff,
    0xff,0xff,0xff,0xb2,0x00,0x00,0x00,0x00,0x00,0x41,0xfb,0xff,0xff,0xff,0xff,0xff,
    0xff,0xff,0xff,0xee,0x19,0x00,0x00,0x00,0x00,0x00,0x00,0x6c,0xff,0xff,0xff,0xff,
    0xff,0xff,0xff,0xff,0x5e,0x00,0x00,0x00,0x00,0x00,0x00,0x00,0x00,0x9b,0xff,0xff,
    0xff,0xff,0xff,0xff,0xb4,0x00,0x00,0x00,0x00,0x00,0x00,0x00,0x00,0x00,0x06,0xc5,
    0xff,0xff,0xff,0xff,0xf0,0x1b,0x00,0x00,0x00,0x00,0x00,0x00,0x00,0x00,0x00,0x00,
    0x17,0xe3,0xff,0xff,0xff,0x61,0x00,0x00,0x00,0x00,0x00,0x00,0x00,0x00,0x00,0x00,
    0x00,0x00,0x33,0xf7,0xff,0xd2,0x00,0x00,0x00,0x00,0x00,0x00,0x00,0x00,0x00,0x00,
    0x00,0x00,0x00,0x00,0x5b,0xff,0xe5,0x11,0x00,0x00,0x00,0x00,0x00,0x00,0x00,0x00,
    0x00,0x00,0x00,0x00,0x00,0x00,0x89,0xff,0xba,0x03,0x00,0x00,0x00,0x00,0x00,0x00,
    0x00,0x00,0x00,0x00,0x00,0x00,0x00,0x02,0xb7,0xff,0x8c,0x00,0x00,0x00,0x00,0x00,
    0x00,0x00,0x00,0x00,0x00,0x00,0x10,0x4a,0x61,0x63,0xf0,0xff,0x5b,0x00,0x00,0x00,
    0x00,0x00,0x00,0x00,0x00,0x07,0x8b,0xfa,0xff,0xff,0xff,0xff,0xff,0xf7,0x33,0x00,
    0x00,0x00,0x00,0x00,0x00,0x1c,0xd2,0xff,0xff,0xff,0xff,0xff,0xff,0xff,0xff,0xe2,
    0x16,0x00,0x00,0x00,0x00,0x00,0xb5,0xff,0xff,0xff,0xff,0xff,0xff,0xff,0xff,0xff,
    0xff,0xc3,0x05,0x00,0x00,0x00,0x59,0xff,0xff,0xff,0xff,0xff,0xff,0xff,0xff,0xff,
    0xff,0xff,0xff,0x98,0x00,0x00,0x00,0xbc,0xff,0xff,0xff,0xff,0xff,0xff,0xff,0xff,
    0xff,0xff,0xff,0xff,0xff,0x67,0x00,0x00,0xec,0xff,0xff,0xff,0xff,0xff,0xff,0xff,
    0xff,0xff,0xff,0xff,0xff,0xff,0xfa,0x3c,0x00,0xf7,0xff,0xff,0xff,0xff,0xff,0xff,
    0xf9,0x7c,0x2a,0x0c,0x36,0xa1,0xfe,0xff,0xe8,0x1d,0xda,0xff,0xff,0xff,0xff,0xff,
    0xfe,0x42,0x00,0x00,0x00,0x00,0x00,0x3e,0xd8,0xff,0xbc,0x7f,0xff,0xff,0xff,0xff,
    0xff,0xa2,0x00,0x00,0x00,0x00,0x00,0x00,0x00,0x07,0x73,0x57,0x0f,0xe3,0xff,0xff,
    0xff,0xff,0x5f,0x00,0x00,0x00,0x00,0x00,0x00,0x00,0x00,0x00,0x00,0x00,0x40,0xfd,
    0xff,0xff,0xff,0x4d,0x00,0x00,0x00,0x00,0x00,0x00,0x00,0x00,0x00,0x00,0x00,0x00,
    0x80,0xff,0xff,0xff,0x75,0x00,0x00,0x00,0x00,0x00,0x00,0x00,0x00,0x00,0x00,0x00,
    0x00,0x02,0xbc,0xff,0xff,0xc9,0x00,0x00,0x00,0x00,0x00,0x00,0x00,0x00,0x00,0x00,
    0x00,0x00,0x00,0x16,0xe5,0xff,0xff,0x51,0x00,0x00,0x00,0x00,0x00,0x00,0x00,0x00,
    0x00,0x00,0x00,0x00,0x00,0x3d,0xfb,0xff,0xd9,0x04,0x00,0x00,0x00,0x00,0x00,0x00,
    0x00,0x00,0x00,0x00,0x00,0x00,0x00,0x74,0xff,0xff,0x6b,0x00,0x00,0x00,0x00,0x00,
    0x00,0x00,0x00,0x00,0x00,0x00,0x00,0x00,0x00,0xac,0xff,0xea,0x0f,0x00,0x00,0x00,
    0x00,0x00,0x00,0x00,0x00,0x00,0x00,0x00,0x00,0x00,0x0d,0xd7,0xff,0x68,0x00,0x00,
    0x00,0x00,0x00,0x00,0x00,0x00,0x00,0x00,0x00,0x00,0x00,0x00,0x23,0x99,0x1f,0x00,
    0x00,0x00,0x00,0x00,0x00,0x00,0x00,0x00,0x00,0x00,0x00,0x00,0x00,0x00,0x00,0x00,
    0x00,0x00,0x00,0x00,0x00,0x00,0x00,0x00,0x27,0x15,0x00,0x00,0x10,0x74,0xa8,0xb9,
    0x85,0x2d,0x00,0x00,0x00,0x00,0x00,0x00,0x00,0x00,0x00,0x28,0xf7,0xc5,0x00,0x40,
    0xe4,0xff,0xff,0xff,0xff,0xf9,0x77,0x00,0x00,0x00,0x00,0x00,0x00,0x00,0x01,0xbf,
    0xff,0xa2,0x19,0xed,0xff,0xff,0xff,0xff,0xff,0xff,0xff,0x52,0x00,0x00,0x00,0x00,
    0x00,0x00,0x68,0xff,0xff,0x51,0x9a,0xff,0xff,0xff,0xff,0xff,0xff,0xff,0xff,0xe5,
    0x00,0x00,0x00,0x00,0x00,0x2b,0xf3,0xff,0xf6,0x0a,0xd5,0xff,0xff,0xff,0xff,0xff,
    0xff,0xff,0xff,0xff,0x20,0x00,0x00,0x00,0x0f,0xda,0xff,0xff,0xae,0x00,0xf6,0xff,
    0xff,0xff,0xff,0xff,0xff,0xff,0xff,0xff,0x3d,0x00,0x00,0x0c,0xbd,0xff,0xff,0xff,
    0x5d,0x00,0xd6,0xff,0xff,0xff,0xff,0xff,0xff,0xff,0xff,0xff,0x13,0x00,0x13,0xc9,
    0xff,0xed,0xff,0xfb,0x11,0x00,0x7c,0xff,0xff,0xff,0xff,0xff,0xff,0xff,0xff,0xc1,
    0x00,0x3c,0xd9,0xff,0xdf,0x74,0xff,0xbb,0x00,0x00,0x05,0xb5,0xff,0xff,0xff,0xff,
    0xff,0xff,0xff,0x8e,0xb3,0xff,0xff,0xc7,0x1c,0xa4,0xff,0x69,0x00,0x00,0x00,0x09,
    0xa9,0xfe,0xff,0xff,0xff,0xff,0xff,0xff,0xff,0xf4,0x7d,0x03,0x06,0xf0,0xfe,0x1a,
    0x00,0x00,0x00,0x00,0x00,0x27,0x93,0xc6,0xe8,0xf5,0xd7,0xb7,0x69,0x0e,0x00,0x00,
    0x48,0xff,0xc7,0x00,0x00,0x00,0x00,0x00,0x00,0x00,0x00,0x00,0x00,0x00,0x00,0x00,
    0x00,0x00,0x00,0x00,0x9a,0xff,0x76,0x00,0x00,0x00,0x00,0x00,0x00,0x00,0x00,0x00,
    0x00,0x00,0x00,0x00,0x00,0x00,0x00,0x02,0xe9,0xff,0x25,0x00,0x00,0x00,0x00,0x00,
    0x00,0x00,0x00,0x00,0x00,0x00,0x00,0x00,0x00,0x00,0x00,0x3e,0xff,0xd3,0x00,0x00,
    0x00,0x00,0x00,0x00,0x00,0x00,0x00,0x00,0x00,0x00,0x00,0x00,0x00,0x00,0x00,0x91,
    0xff,0x82,0x00,0x00,0x00,0x00,0x00,0x00,0x00,0x00,0x00,0x00,0x00,0x00,0x00,0x00,
    0x00,0x00,0x00,0xe2,0xff,0x31,0x00,0x00,0x00,0x00,0x00,0x00,0x00,0x00,0x00,0x00,
    0x00,0x00,0x00,0x00,0x00,0x00,0x35,0xff,0xdf,0x00,0x00,0x00,0x00,0x00,0x00,0x00,
    0x00,0x00,0x00,0x00,0x00,0x00,0x00,0x00,0x00,0x00,0x87,0xff,0x8e,0x00,0x00,0x00,
    0x00,0x00,0x00,0x00,0x00,0x00,0x00,0x00,0x00,0x00,0x00,0x00,0x00,0x00,0xd9,0xff,
    0x3d,0x00,0x00,0x00,0x00,0x00,0x00,0x00,0x00,0x00,0x00,0x00,0x00,0x00,0x00,0x00,
    0x00,0x2b,0xff,0xe9,0x02,0x00,0x00,0x00,0x00,0x00,0x00,0x00,0x00,0x00,0x00,0x00,
    0x00,0x00,0x00,0x00,0x00,0x7d,0xff,0x9a,0x00,0x00,0x00,0x00,0x00,0x00,0x00,0x00,
    0x00,0x00,0x00,0x00,0x00,0x00,0x00,0x00,0x00,0xcf,0xff,0x49,0x00,0x00,0x00,0x00,
    0x00,0x00,0x00,0x00,0x00,0x00,0x00,0x00,0x00,0x00,0x00,0x00,0x22,0xff,0xf1,0x06,
    0x00,0x00,0x00,0x00,0x00,0x00,0x00,0x00,0x00,0x00,0x00,0x00,0x00,0x00,0x00,0x00,
    0x74,0xff,0xa7,0x00,0x00,0x00,0x00,0x00,0x00,0x00,0x00,0x00,0x00,0x00,0x00,0x00,
    0x00,0x00,0x00,0x00,0xc6,0xff,0x55,0x00,0x00,0x00,0x00,0x00,0x00,0x00,0x00,0x00,
    0x00,0x00,0x00,0x00,0x00,0x00,0x00,0x1a,0xfe,0xf8,0x0c,0x00,0x00,0x00,0x00,0x00,
    0x00,0x00,0x00,0x00,0x00,0x00,0x00,0x00,0x00,0x00,0x00,0x6a,0xff,0xb3,0x00,0x00,
    0x00,0x00,0x00,0x00,0x00,0x00,0x00,0x00,0x00,0x00,0x00,0x00,0x00,0x00,0x00,0xbc,
    0xff,0x61,0x00,0x00,0x00,0x00,0x00,0x00,0x00,0x00,0x00,0x00,0x00,0x00,0x00,0x00,
    0x00,0x00,0x12,0xfb,0xfc,0x14,0x00,0x00,0x00,0x00,0x00,0x00,0x00,0x00,0x00,0x00,
    0x00,0x00,0x00,0x00,0x00,0x00,0x60,0xff,0xbf,0x00,0x00,0x00,0x00,0x00,0x00,0x00,
    0x00,0x00,0x00,0x00,0x00,0x00,0x00,0x00,0x00,0x00,0xb2,0xff,0x6e,0x00,0x00,0x00,
    0x00,0x00,0x00,0x00,0x00,0x00,0x00,0x00,0x00,0x00,0x00,0x00,0x00,0x0c,0xf8,0xff,
    0x1e,0x00,0x00,0x00,0x00,0x00,0x00,0x00,0x00,0x00,0x00,0x00,0x00,0x00,0x00,0x00,
    0x00,0x0b,0x63,0x8d,0x00,0x00,0x00,0x00,0x00,0x00,0x00,0x00,0x00,0x00,0x00,0x00,
    0x00,0x00,0x00,0x00,0x00,0x00,0x00,0x00,0x00,0x00,0x00,0x00,0x00,0x00,0x00,0x00,
    0x00,0x00,0x00,0x00,0x00,0x21,0x08,0x00,0x00,0x00,0x00,0x00,0x00,0x00,0x02,0x4c,
    0x8d,0xa5,0x75,0x25,0x00,0x00,0x00,0x00,0x00,0x00,0x00,0x00,0x00,0x44,0xfd,0xa8,
    0x00,0x00,0x00,0x00,0x00,0x00,0x17,0xbb,0xff,0xff,0xff,0xff,0xf8,0x80,0x00,0x00,
    0x00,0x00,0x00,0x00,0x00,0x04,0xd5,0xff,0x91,0x00,0x00,0x00,0x00,0x00,0x01,0xc2,
    0xff,0xff,0xff,0xff,0xff,0xff,0xff,0x71,0x00,0x00,0x00,0x00,0x00,0x00,0x6d,0xff,
    0xff,0x48,0x00,0x00,0x00,0x00,0x00,0x5a,0xff,0xff,0xff,0xff,0xff,0xff,0xff,0xff,
    0xfa,0x14,0x00,0x00,0x00,0x00,0x28,0xf2,0xff,0xf6,0x09,0x00,0x00,0x00,0x00,0x00,
    0x9f,0xff,0xff,0xff,0xff,0xff,0xff,0xff,0xff,0xff,0x4c,0x00,0x00,0x00,0x0d,0xd6,
    0xff,0xff,0xb6,0x00,0x00,0x00,0x00,0x00,0x00,0xc8,0xff,0xff,0xff,0xff,0xff,0xff,
    0xff,0xff,0xff,0x6a,0x00,0x00,0x08,0xb2,0xff,0xff,0xff,0x6e,0x00,0x00,0x00,0x00,
    0x00,0x00,0xaf,0xff,0xff,0xff,0xff,0xff,0xff,0xff,0xff,0xff,0x44,0x00,0x15,0xc6,
    0xff,0xda,0xf8,0xff,0x25,0x00,0x00,0x00,0x00,0x00,0x00,0x61,0xff,0xff,0xff,0xff,
    0xff,0xff,0xff,0xff,0xe5,0x0d,0x4d,0xde,0xff,0xe4,0x55,0xff,0xdd,0x00,0x00,0x00,
    0x00,0x00,0x00,0x00,0x05,0xb0,0xff,0xff,0xff,0xff,0xff,0xff,0xff,0xbd,0xd9,0xff,
    0xff,0xcd,0x24,0x80,0xff,0x94,0x00,0x00,0x00,0x00,0x00,0x00,0x00,0x00,0x04,0xa0,
    0xff,0xff,0xff,0xff,0xff,0xff,0xff,0xff,0xf4,0x8a,0x06,0x00,0xcb,0xff,0x4b,0x00,
    0x00,0x00,0x00,0x00,0x00,0x00,0x00,0x00,0x00,0x24,0x86,0xc7,0xe2,0xf7,0xdb,0xb3,
    0x71,0x10,0x00,0x00,0x17,0xfe,0xf8,0x0a,0x00,0x00,0x00,0x00,0x00,0x00,0x00,0x00,
    0x00,0x00,0x00,0x00,0x00,0x00,0x00,0x00,0x00,0x00,0x00,0x00,0x00,0x61,0xff,0xba,
    0x00,0x00,0x00,0x00,0x00,0x00,0x00,0x00,0x00,0x00,0x00,0x00,0x00,0x00,0x00,0x00,
    0x00,0x00,0x00,0x00,0x00,0x00,0xac,0xff,0x71,0x00,0x00,0x00,0x00,0x00,0x00,0x00,
    0x00,0x00,0x00,0x00,0x00,0x00,0x00,0x00,0x00,0x00,0x00,0x00,0x00,0x00,0x05,0xf1,
    0xff,0x28,0x00,0x00,0x00,0x00,0x00,0x00,0x00,0x00,0x00,0x00,0x00,0x00,0x00,0x00,
    0x00,0x00,0x00,0x00,0x00,0x00,0x00,0x41,0xff,0xe0,0x00,0x00,0x00,0x00,0x00,0x00,
    0x00,0x00,0x00,0x00,0x00,0x00,0x00,0x00,0x00,0x00,0x00,0x00,0x00,0x00,0x00,0x00,
    0x8c,0xff,0x97,0x00,0x00,0x00,0x00,0x00,0x00,0x00,0x00,0x00,0x00,0x00,0x00,0x00,
    0x00,0x00,0x00,0x00,0x00,0x00,0x00,0x00,0x00,0xd7,0xff,0x4e,0x00,0x00,0x00,0x00,
    0x00,0x00,0x00,0x00,0x0b,0x15,0x00,0x00,0x00,0x00,0x00,0x00,0x00,0x00,0x00,0x00,
    0x00,0x29,0xff,0xf9,0x0c,0x00,0x00,0x00,0x00,0x00,0x00,0x56,0xd3,0xfd,0xff,0xe8,
    0x92,0x11,0x00,0x00,0x00,0x00,0x00,0x00,0x00,0x00,0x97,0xff,0xbd,0x00,0x00,0x00,
    0x00,0x00,0x00,0x8f,0xff,0xff,0xff,0xff,0xff,0xff,0xe8,0x1d,0x00,0x00,0x00,0x00,
    0x00,0x00,0x2c,0xfb,0xff,0x74,0x00,0x00,0x00,0x00,0x00,0x45,0xff,0xff,0xff,0xff,
    0xff,0xff,0xff,0xff,0xc7,0x00,0x00,0x00,0x00,0x00,0x0f,0xd7,0xff,0xff,0x2c,0x00,
    0x00,0x00,0x00,0x00,0xab,0xff,0xff,0xff,0xff,0xff,0xff,0xff,0xff,0xff,0x1e,0x00,
    0x00,0x00,0x03,0xb7,0xff,0xff,0xe3,0x00,0x00,0x00,0x00,0x00,0x00,0xdd,0xff,0xff,
    0xff,0xff,0xff,0xff,0xff,0xff,0xff,0x4e,0x00,0x00,0x04,0x9b,0xff,0xff,0xff,0x9a,
    0x00,0x00,0x00,0x00,0x00,0x00,0xd2,0xff,0xff,0xff,0xff,0xff,0xff,0xff,0xff,0xff,
    0x2c,0x00,0x13,0xbd,0xff,0xe1,0xff,0xff,0x52,0x00,0x00,0x00,0x00,0x00,0x00,0x8c,
    0xff,0xff,0xff,0xff,0xff,0xff,0xff,0xff,0xdb,0x04,0x3e,0xde,0xff,0xe1,0x60,0xff,
    0xfb,0x0e,0x00,0x00,0x00,0x00,0x00,0x00,0x12,0xe3,0xff,0xff,0xff,0xff,0xff,0xff,
    0xff,0xa2,0xb7,0xff,0xff,0xc8,0x20,0x88,0xff,0xc0,0x00,0x00,0x00,0x00,0x00,0x00,
    0x00,0x00,0x20,0xca,0xff,0xff,0xff,0xff,0xff,0xff,0xff,0xff,0xf0,0x7f,0x04,0x00,
    0xcf,0xff,0x78,0x00,0x00,0x00,0x00,0x00,0x00,0x00,0x00,0x00,0x00,0x46,0x96,0xd7,
    0xee,0xf8,0xd7,0xae,0x67,0x0b,0x00,0x00,0x16,0xfe,0xff,0x2f,0x00,0x00,0x00,0x00,
    0x00,0x00,0x00,0x00,0x00,0x00,0x00,0x00,0x00,0x00,0x00,0x00,0x00,0x00,0x00,0x00,
    0x00,0x5c,0xff,0xe6,0x00,0x00,0x00,0x00,0x00,0x00,0x00,0x00,0x00,0x00,0x00,0x00,
    0x00,0x00,0x00,0x00,0x00,0x00,0x00,0x00,0x00,0x00,0xa3,0xff,0x9e,0x00,0x00,0x00,
    0x00,0x00,0x00,0x00,0x00,0x00,0x00,0x00,0x00,0x00,0x00,0x00,0x00,0x00,0x00,0x00,
    0x00,0x00,0x01,0xe8,0xff,0x55,0x00,0x00,0x00,0x00,0x00,0x00,0x00,0x00,0x00,0x00,
    0x00,0x00,0x00,0x00,0x00,0x00,0x00,0x00,0x00,0x00,0x00,0x30,0xff,0xfc,0x10,0x00,
    0x00,0x00,0x00,0x00,0x00,0x00,0x00,0x00,0x00,0x00,0x00,0x00,0x00,0x00,0x00,0x00,
    0x00,0x00,0x00,0x00,0x77,0xff,0xc4,0x00,0x00,0x00,0x00,0x00,0x00,0x00,0x00,0x00,
    0x00,0x00,0x00,0x00,0x00,0x00,0x00,0x00,0x00,0x00,0x00,0x00,0x00,0xbd,0xff,0x7b,
    0x00,0x00,0x00,0x00,0x00,0x00,0x00,0x00,0x00,0x00,0x00,0x00,0x00,0x00,0x00,0x00,
    0x00,0x00,0x00,0x00,0x00,0x0b,0xf9,0xff,0x32,0x00,0x00,0x00,0x00,0x00,0x00,0x00,
    0x00,0x00,0x00,0x00,0x00,0x00,0x00,0x00,0x00,0x00,0x00,0x00,0x00,0x00,0x4b,0xff,
    0xe9,0x01,0x00,0x00,0x00,0x00,0x00,0x00,0x00,0x00,0x00,0x00,0x00,0x00,0x00,0x00,
    0x00,0x00,0x00,0x00,0x00,0x00,0x00,0x91,0xff,0xa1,0x00,0x00,0x00,0x00,0x00,0x00,
    0x00,0x00,0x00,0x00,0x00,0x00,0x00,0x00,0x00,0x00,0x00,0x00,0x00,0x00,0x00,0x00,
    0xd8,0xff,0x59,0x00,0x00,0x00,0x00,0x00,0x00,0x00,0x00,0x00,0x00,0x00,0x00,0x00,
    0x00,0x00,0x00,0x00,0x00,0x00,0x00,0x00,0x1f,0xff,0xfd,0x13,0x00,0x00,0x00,0x00,
    0x00,0x00,0x00,0x00,0x00,0x00,0x00,0x00,0x00,0x00,0x00,0x00,0x00,0x00,0x00,0x00,
    0x00,0x66,0xff,0xc7,0x00,0x00,0x00,0x00,0x00,0x00,0x00,0x00,0x00,0x00,0x00,0x00,
    0x00,0x00,0x00,0x00,0x00,0x00,0x00,0x00,0x00,0x00,0xac,0xff,0x7f,0x00,0x00,0x00,
    0x00,0x00,0x00,0x00,0x00,0x00,0x00,0x00,0x00,0x00,0x00,0x00,0x00,0x00,0x00,0x00,
    0x00,0x00,0x03,0xef,0xff,0x36,0x00,0x00,0x00,0x00,0x00,0x00,0x00,0x00,0x00,0x00,
    0x00,0x00,0x00,0x00,0x00,0x00,0x00,0x00,0x00,0x00,0x00,0x3a,0xff,0xeb,0x02,0x00,
    0x00,0x00,0x00,0x00,0x00,0x00,0x00,0x00,0x00,0x00,0x00,0x00,0x00,0x00,0x00,0x00,
    0x00,0x00,0x00,0x00,0x80,0xff,0xa5,0x00,0x00,0x00,0x00,0x00,0x00,0x00,0x00,0x00,
    0x00,0x00,0x00,0x00,0x00,0x00,0x00,0x00,0x00,0x00,0x00,0x00,0x00,0xc7,0xff,0x5c,
    0x00,0x00,0x00,0x00,0x00,0x00,0x00,0x00,0x00,0x00,0x00,0x00,0x00,0x00,0x00,0x00,
    0x00,0x00,0x00,0x00,0x00,0x11,0xfc,0xfe,0x15,0x00,0x00,0x00,0x00,0x00,0x00,0x00,
    0x00,0x00,0x00,0x00,0x00,0x00,0x00,0x00,0x00,0x00,0x00,0x00,0x00,0x00,0x54,0xff,
    0xcb,0x00,0x00,0x00,0x00,0x00,0x00,0x00,0x00,0x00,0x00,0x00,0x00,0x00,0x00,0x00,
    0x00,0x00,0x00,0x00,0x00,0x00,0x00,0x9b,0xff,0x82,0x00,0x00,0x00,0x00,0x00,0x00,
    0x00,0x00,0x00,0x00,0x00,0x00,0x00,0x00,0x00,0x00,0x00,0x00,0x00,0x00,0x00,0x00,
    0xe1,0xff,0x39,0x00,0x00,0x00,0x00,0x00,0x00,0x00,0x00,0x00,0x00,0x00,0x00,0x00,
    0x00,0x00,0x00,0x00,0x00,0x00,0x00,0x00,0x28,0xff,0xee,0x03,0x00,0x00,0x00,0x00,
    0x00,0x00,0x00,0x00,0x00,0x00,0x00,0x00,0x00,0x00,0x00,0x00,0x00,0x00,0x00,0x00,
    0x00,0x03,0x36,0x51,0x00,0x00,0x00,0x00,0x00,0x00,0x00,0x00,0x00,0x00,0x00,0x00,
    0x00,0x00,0x00,0x00,0x00,0x00,0x00,0x00,0x00,0x00,0x00,0x00,0x00,0x00,0x00,0x00,
    0x00,0x00,0x00,0x00,0x00,0x00,0x00,0x00,0x00,0x00,0x00,0x00,0x00,0x05,0x00,0x00,
    0x00,0x00,0x00,0x00,0x00,0x00,0x00,0x00,0x00,0x00,0x07,0x57,0x89,0x94,0x63,0x15,
    0x00,0x00,0x00,0x00,0x00,0x00,0x00,0x00,0x00,0xb3,0xe6,0x0b,0x00,0x00,0x00,0x00,
    0x00,0x00,0x00,0x00,0x00,0x00,0x35,0xd7,0xff,0xff,0xff,0xff,0xec,0x57,0x00,0x00,
    0x00,0x00,0x00,0x00,0x00,0x52,0xff,0xf6,0x06,0x00,0x00,0x00,0x00,0x00,0x00,0x00,
    0x00,0x00,0x17,0xeb,0xff,0xff,0xff,0xff,0xff,0xff,0xfb,0x35,0x00,0x00,0x00,0x00,
    0x00,0x06,0xdc,0xff,0xbe,0x00,0x00,0x00,0x00,0x00,0x00,0x00,0x00,0x00,0x00,0xa0,
    0xff,0xff,0xff,0xff,0xff,0xff,0xff,0xff,0xc3,0x00,0x00,0x00,0x00,0x00,0x8f,0xff,
    0xff,0x7f,0x00,0x00,0x00,0x00,0x00,0x00,0x00,0x00,0x00,0x00,0xdf,0xff,0xff,0xff,
    0xff,0xff,0xff,0xff,0xff,0xf7,0x05,0x00,0x00,0x00,0x58,0xff,0xff,0xff,0x40,0x00,
    0x00,0x00,0x00,0x00,0x00,0x00,0x00,0x00,0x0a,0xff,0xff,0xff,0xff,0xff,0xff,0xff,
    0xff,0xff,0xff,0x19,0x00,0x00,0x3a,0xf4,0xff,0xff,0xf9,0x09,0x00,0x00,0x00,0x00,
    0x00,0x00,0x00,0x00,0x00,0x00,0xf6,0xff,0xff,0xff,0xff,0xff,0xff,0xff,0xff,0xfb,
    0x02,0x00,0x50,0xf6,0xff,0xa0,0xff,0xc3,0x00,0x00,0x00,0x00,0x00,0x00,0x00,0x00,
    0x00,0x00,0x00,0xaf,0xff,0xff,0xff,0xff,0xff,0xff,0xff,0xff,0xb1,0x04,0x78,0xfd,
    0xff,0x84,0x7d,0xff,0x85,0x00,0x00,0x00,0x00,0x00,0x00,0x00,0x00,0x00,0x00,0x00,
    0x1f,0xe4,0xff,0xff,0xff,0xff,0xff,0xff,0xff,0xa1,0xd9,0xff,0xf9,0x6a,0x00,0xbc,
    0xff,0x46,0x00,0x00,0x00,0x00,0x00,0x00,0x00,0x00,0x00,0x00,0x00,0x00,0x2b,0xd7,
    0xff,0xff,0xff,0xff,0xff,0xff,0xff,0xff,0xbf,0x36,0x00,0x05,0xf5,0xfb,0x0c,0x00,
    0x00,0x00,0x00,0x00,0x00,0x00,0x00,0x00,0x00,0x00,0x00,0x00,0x01,0x4e,0xa8,0xd3,
    0xf8,0xeb,0xbe,0x8d,0x37,0x00,0x00,0x00,0x3b,0xff,0xc9,0x00,0x00,0x00,0x00,0x00,
    0x00,0x00,0x00,0x00,0x00,0x00,0x00,0x00,0x00,0x00,0x00,0x00,0x00,0x00,0x00,0x00,
    0x00,0x00,0x00,0x00,0x00,0x7a,0xff,0x8a,0x00,0x00,0x00,0x00,0x00,0x00,0x00,0x00,
    0x00,0x00,0x00,0x00,0x00,0x00,0x00,0x00,0x00,0x00,0x00,0x00,0x00,0x00,0x00,0x00,
    0x00,0x00,0xb9,0xff,0x4c,0x00,0x00,0x00,0x00,0x00,0x00,0x00,0x00,0x00,0x00,0x00,
    0x00,0x00,0x00,0x00,0x00,0x00,0x00,0x00,0x00,0x00,0x00,0x00,0x00,0x00,0x04,0xf3,
    0xfd,0x10,0x00,0x00,0x00,0x00,0x00,0x00,0x00,0x00,0x00,0x00,0x00,0x00,0x00,0x00,
    0x00,0x00,0x00,0x00,0x00,0x00,0x00,0x00,0x00,0x00,0x00,0x37,0xff,0xce,0x00,0x00,
    0x00,0x00,0x00,0x00,0x00,0x00,0x00,0x00,0x00,0x00,0x00,0x00,0x00,0x00,0x00,0x00,
    0x00,0x00,0x00,0x00,0x00,0x00,0x00,0x00,0x76,0xff,0x90,0x00,0x00,0x00,0x00,0x00,
    0x00,0x00,0x00,0x00,0x00,0x00,0x00,0x00,0x00,0x00,0x00,0x00,0x00,0x00,0x00,0x00,
    0x00,0x00,0x00,0x00,0x00,0xb5,0xff,0x51,0x00,0x00,0x00,0x00,0x00,0x00,0x00,0x00,
    0x00,0x00,0x00,0x00,0x00,0x00,0x00,0x00,0x00,0x00,0x00,0x00,0x00,0x00,0x00,0x00,
    0x00,0x0f,0xf3,0xfe,0x14,0x00,0x00,0x00,0x00,0x00,0x00,0x00,0x00,0x00,0x00,0x00,
    0x00,0x21,0x44,0x20,0x01,0x00,0x00,0x00,0x00,0x00,0x00,0x00,0x00,0x00,0x7d,0xff,
    0xd4,0x00,0x00,0x00,0x00,0x00,0x00,0x00,0x00,0x00,0x00,0x00,0x4e,0xe3,0xff,0xff,
    0xff,0xe2,0x59,0x00,0x00,0x00,0x00,0x00,0x00,0x00,0x0d,0xed,0xff,0x95,0x00,0x00,
    0x00,0x00,0x00,0x00,0x00,0x00,0x00,0x00,0x67,0xff,0xff,0xff,0xff,0xff,0xff,0xff,
    0x76,0x00,0x00,0x00,0x00,0x00,0x00,0x8b,0xff,0xff,0x57,0x00,0x00,0x00,0x00,0x00,
    0x00,0x00,0x00,0x00,0x1d,0xf4,0xff,0xff,0xff,0xff,0xff,0xff,0xff,0xfb,0x29,0x00,
    0x00,0x00,0x00,0x3c,0xfd,0xff,0xff,0x19,0x00,0x00,0x00,0x00,0x00,0x00,0x00,0x00,
    0x00,0x62,0xff,0xff,0xff,0xff,0xff,0xff,0xff,0xff,0xff,0x6a,0x00,0x00,0x00,0x0b,
    0xdc,0xff,0xff,0xda,0x00,0x00,0x00,0x00,0x00,0x00,0x00,0x00,0x00,0x00,0x8f,0xff,
    0xff,0xff,0xff,0xff,0xff,0xff,0xff,0xff,0x91,0x00,0x00,0x0a,0xbc,0xff,0xff,0xff,
    0x9b,0x00,0x00,0x00,0x00,0x00,0x00,0x00,0x00,0x00,0x00,0x80,0xff,0xff,0xff,0xff,
    0xff,0xff,0xff,0xff,0xff,0x76,0x00,0x0c,0xc0,0xff,0xf1,0xdd,0xff,0x5c,0x00,0x00,
    0x00,0x00,0x00,0x00,0x00,0x00,0x00,0x00,0x32,0xff,0xff,0xff,0xff,0xff,0xff,0xff,
    0xff,0xfe,0x2f,0x2b,0xca,0xff,0xfa,0x4e,0xf6,0xff,0x1e,0x00,0x00,0x00,0x00,0x00,
    0x00,0x00,0x00,0x00,0x00,0x00,0x80,0xff,0xff,0xff,0xff,0xff,0xff,0xff,0xd8,0xa7,
    0xfa,0xff,0xed,0x43,0x3b,0xff,0xdf,0x00,0x00,0x00,0x00,0x00,0x00,0x00,0x00,0x00,
    0x00,0x00,0x00,0x00,0x8b,0xfb,0xff,0xff,0xff,0xff,0xff,0xff,0xff,0xfb,0xa2,0x17,
    0x00,0x7a,0xff,0xa0,0x00,0x00,0x00,0x00,0x00,0x00,0x00,0x00,0x00,0x00,0x00,0x00,
    0x00,0x00,0x23,0x96,0xc9,0xf1,0xf2,0xdc,0xb6,0x72,0x1e,0x00,0x00,0x00,0xb9,0xff,
    0x62,0x00,0x00,0x00,0x00,0x00,0x00,0x00,0x00,0x00,0x00,0x00,0x00,0x00,0x00,0x00,
    0x00,0x00,0x00,0x00,0x00,0x00,0x00,0x00,0x00,0x00,0x04,0xf3,0xff,0x23,0x00,0x00,
    0x00,0x00,0x00,0x00,0x00,0x00,0x00,0x00,0x00,0x00,0x00,0x00,0x00,0x00,0x00,0x00,
    0x00,0x00,0x00,0x00,0x00,0x00,0x00,0x37,0xff,0xe5,0x00,0x00,0x00,0x00,0x00,0x00,
    0x00,0x00,0x00,0x00,0x00,0x00,0x00,0x00,0x00,0x00,0x00,0x00,0x00,0x00,0x00,0x00,
    0x00,0x00,0x00,0x00,0x76,0xff,0xa6,0x00,0x00,0x00,0x00,0x00,0x00,0x00,0x00,0x00,
    0x00,0x00,0x00,0x00,0x00,0x00,0x00,0x00,0x00,0x00,0x00,0x00,0x00,0x00,0x00,0x00,
    0x00,0xb5,0xff,0x67,0x00,0x00,0x00,0x00,0x00,0x00,0x00,0x00,0x00,0x00,0x00,0x00,
    0x00,0x00,0x00,0x00,0x00,0x00,0x00,0x00,0x00,0x00,0x00,0x00,0x00,0x03,0xf1,0xff,
    0x29,0x00,0x00,0x00,0x00,0x00,0x00,0x00,0x00,0x00,0x00,0x00,0x00,0x00,0x00,0x00,
    0x00,0x00,0x00,0x00,0x00,0x00,0x00,0x00,0x00,0x00,0x33,0xff,0xea,0x00,0x00,0x00,
    0x00,0x00,0x00,0x00,0x00,0x00,0x00,0x00,0x00,0x00,0x00,0x00,0x00,0x00,0x00,0x00,
    0x00,0x00,0x00,0x00,0x00,0x00,0x00,0x96,0xff,0xac,0x00,0x00,0x00,0x00,0x00,0x00,
    0x00,0x00,0x00,0x00,0x00,0x02,0x43,0x75,0x81,0x55,0x11,0x00,0x00,0x00,0x00,0x00,
    0x00,0x00,0x00,0x18,0xf7,0xff,0x6d,0x00,0x00,0x00,0x00,0x00,0x00,0x00,0x00,0x00,
    0x00,0x27,0xc7,0xff,0xff,0xff,0xff,0xec,0x60,0x00,0x00,0x00,0x00,0x00,0x00,0x00,
    0x8b,0xff,0xff,0x2e,0x00,0x00,0x00,0x00,0x00,0x00,0x00,0x00,0x00,0x0e,0xe1,0xff,
    0xff,0xff,0xff,0xff,0xff,0xfe,0x49,0x00,0x00,0x00,0x00,0x00,0x28,0xf8,0xff,0xee,
    0x02,0x00,0x00,0x00,0x00,0x00,0x00,0x00,0x00,0x00,0x8d,0xff,0xff,0xff,0xff,0xff,
    0xff,0xff,0xff,0xdb,0x00,0x00,0x00,0x00,0x01,0xc3,0xff,0xff,0xb1,0x00,0x00,0x00,
    0x00,0x00,0x00,0x00,0x00,0x00,0x00,0xce,0xff,0xff,0xff,0xff,0xff,0xff,0xff,0xff,
    0xff,0x14,0x00,0x00,0x00,0x6d,0xff,0xff,0xff,0x73,0x00,0x00,0x00,0x00,0x00,0x00,
    0x00,0x00,0x00,0x00,0xf6,0xff,0xff,0xff,0xff,0xff,0xff,0xff,0xff,0xff,0x2c,0x00,
    0x00,0x53,0xfb,0xff,0xff,0xff,0x34,0x00,0x00,0x00,0x00,0x00,0x00,0x00,0x00,0x00,
    0x00,0xe2,0xff,0xff,0xff,0xff,0xff,0xff,0xff,0xff,0xff,0x10,0x00,0x4e,0xfa,0xff,
    0x9e,0xff,0xf2,0x03,0x00,0x00,0x00,0x00,0x00,0x00,0x00,0x00,0x00,0x00,0x98,0xff,
    0xff,0xff,0xff,0xff,0xff,0xff,0xff,0xc3,0x04,0x79,0xf9,0xff,0x99,0x68,0xff,0xb7,
    0x00,0x00,0x00,0x00,0x00,0x00,0x00,0x00,0x00,0x00,0x00,0x14,0xdb,0xff,0xff,0xff,
    0xff,0xff,0xff,0xff,0xb9,0xe0,0xff,0xfd,0x81,0x02,0xa5,0xff,0x78,0x00,0x00,0x00,
    0x00,0x00,0x00,0x00,0x00,0x00,0x00,0x00,0x00,0x24,0xd5,0xff,0xff,0xff,0xff,0xff,
    0xff,0xff,0xff,0xd6,0x47,0x00,0x00,0xe3,0xff,0x3a,0x00,0x00,0x00,0x00,0x00,0x00,
    0x00,0x00,0x00,0x00,0x00,0x00,0x00,0x01,0x4e,0xad,0xd0,0xf0,0xee,0xcb,0xa4,0x47,
    0x01,0x00,0x00,0x21,0xff,0xf5,0x05,0x00,0x00,0x00,0x00,0x00,0x00,0x00,0x00,0x00,
    0x00,0x00,0x00,0x00,0x00,0x00,0x00,0x00,0x00,0x00,0x00,0x00,0x00,0x00,0x00,0x00,
    0x5f,0xff,0xbc,0x00,0x00,0x00,0x00,0x00,0x00,0x00,0x00,0x00,0x00,0x00,0x00,0x00,
    0x00,0x00,0x00,0x00,0x00,0x00,0x00,0x00,0x00,0x00,0x00,0x00,0x00,0x9d,0xff,0x7e,
    0x00,0x00,0x00,0x00,0x00,0x00,0x00,0x00,0x00,0x00,0x00,0x00,0x00,0x00,0x00,0x00,
    0x00,0x00,0x00,0x00,0x00,0x00,0x00,0x00,0x00,0x00,0xdb,0xff,0x3f,0x00,0x00,0x00,
    0x00,0x00,0x00,0x00,0x00,0x00,0x00,0x00,0x00,0x00,0x00,0x00,0x00,0x00,0x00,0x00,
    0x00,0x00,0x00,0x00,0x00,0x00,0x19,0xff,0xf8,0x08,0x00,0x00,0x00,0x00,0x00,0x00,
    0x00,0x00,0x00,0x00,0x00,0x00,0x00,0x00,0x00,0x00,0x00,0x00,0x00,0x00,0x00,0x00,
    0x00,0x00,0x00,0x57,0xff,0xc2,0x00,0x00,0x00,0x00,0x00,0x00,0x00,0x00,0x00,0x00,
    0x00,0x00,0x00,0x00,0x00,0x00,0x00,0x00,0x00,0x00,0x00,0x00,0x00,0x00,0x00,0x00,
    0x95,0xff,0x83,0x00,0x00,0x00,0x00,0x00,0x00,0x00,0x00,0x00,0x00,0x00,0x00,0x00,
    0x00,0x00,0x00,0x00,0x00,0x00,0x00,0x00,0x00,0x00,0x00,0x00,0x00,0xd3,0xff,0x45,
    0x00,0x00,0x00,0x00,0x00,0x00,0x00,0x00,0x00,0x00,0x00,0x00,0x00,0x00,0x00,0x00,
    0x00,0x00,0x00,0x00,0x00,0x00,0x00,0x00,0x00,0x13,0xfe,0xfb,0x0b,0x00,0x00,0x00,
    0x00,0x00,0x00,0x00,0x00,0x00,0x00,0x00,0x00,0x00,0x00,0x00,0x00,0x00,0x00,0x00,
    0x00,0x00,0x00,0x00,0x00,0x00,0x4f,0xff,0xc7,0x00,0x00,0x00,0x00,0x00,0x00,0x00,
    0x00,0x00,0x00,0x00,0x00,0x00,0x00,0x00,0x00,0x00,0x00,0x00,0x00,0x00,0x00,0x00,
    0x00,0x00,0x00,0x8d,0xff,0x89,0x00,0x00,0x00,0x00,0x00,0x00,0x00,0x00,0x00,0x00,
    0x00,0x00,0x00,0x00,0x00,0x00,0x00,0x00,0x00,0x00,0x00,0x00,0x00,0x00,0x00,0x00,
    0xcb,0xff,0x4a,0x00,0x00,0x00,0x00,0x00,0x00,0x00,0x00,0x00,0x00,0x00,0x00,0x00,
    0x00,0x00,0x00,0x00,0x00,0x00,0x00,0x00,0x00,0x00,0x00,0x00,0x0d,0xfc,0xfd,0x0f,
    0x00,0x00,0x00,0x00,0x00,0x00,0x00,0x00,0x00,0x00,0x00,0x00,0x00,0x00,0x00,0x00,
    0x00,0x00,0x00,0x00,0x00,0x00,0x00,0x00,0x00,0x47,0xff,0xcd,0x00,0x00,0x00,0x00,
    0x00,0x00,0x00,0x00,0x00,0x00,0x00,0x00,0x00,0x00,0x00,0x00,0x00,0x00,0x00,0x00,
    0x00,0x00,0x00,0x00,0x00,0x00,0x85,0xff,0x8e,0x00,0x00,0x00,0x00,0x00,0x00,0x00,
    0x00,0x00,0x00,0x00,0x00,0x00,0x00,0x00,0x00,0x00,0x00,0x00,0x00,0x00,0x00,0x00,
    0x00,0x00,0x00,0xc3,0xff,0x50,0x00,0x00,0x00,0x00,0x00,0x00,0x00,0x00,0x00,0x00,
    0x00,0x00,0x00,0x00,0x00,0x00,0x00,0x00,0x00,0x00,0x00,0x00,0x00,0x00,0x00,0x08,
    0xf8,0xfe,0x13,0x00,0x00,0x00,0x00,0x00,0x00,0x00,0x00,0x00,0x00,0x00,0x00,0x00,
    0x00,0x00,0x00,0x00,0x00,0x00,0x00,0x00,0x00,0x00,0x00,0x00,0x3f,0xff,0xd3,0x00,
    0x00,0x00,0x00,0x00,0x00,0x00,0x00,0x00,0x00,0x00,0x00,0x00,0x00,0x00,0x00,0x00,
    0x00,0x00,0x00,0x00,0x00,0x00,0x00,0x00,0x00,0x7d,0xff,0x94,0x00,0x00,0x00,0x00,
    0x00,0x00,0x00,0x00,0x00,0x00,0x00,0x00,0x00,0x00,0x00,0x00,0x00,0x00,0x00,0x00,
    0x00,0x00,0x00,0x00,0x00,0x00,0xbb,0xff,0x55,0x00,0x00,0x00,0x00,0x00,0x00,0x00,
    0x00,0x00,0x00,0x00,0x00,0x00,0x00,0x00,0x00,0x00,0x00,0x00,0x00,0x00,0x00,0x00,
    0x00,0x00,0x04,0xf4,0xff,0x18,0x00,0x00,0x00,0x00,0x00,0x00,0x00,0x00,0x00,0x00,
    0x00,0x00,0x00,0x00,0x00,0x00,0x00,0x00,0x00,0x00,0x00,0x00,0x00,0x00,0x00,0x37,
    0xff,0xd8,0x00,0x00,0x00,0x00,0x00,0x00,0x00,0x00,0x00,0x00,0x00,0x00,0x00,0x00,
    0x00,0x00,0x00,0x00,0x00,0x00,0x00,0x00,0x00,0x00,0x00,0x00,0x75,0xff,0x9a,0x00,
    0x00,0x00,0x00,0x00,0x00,0x00,0x00,0x00,0x00,0x00,0x00,0x00,0x00,0x00,0x00,0x00,
    0x00,0x00,0x00,0x00,0x00,0x00,0x00,0x00,0x00,0x09,0x3e,0x2b,0x00,0x00,0x00,0x00,
    0x00,0x00,0x00,0x00,0x00,0x00,0x00,0x00,0x00,0x00,0x00,0x00,0x00,
};

static const lv_font_fmt_txt_glyph_dsc_t glyph_dsc[] = {
    {.bitmap_index = 0, .adv_w = 0, .box_w = 0, .box_h = 0, .ofs_x = 0, .ofs_y = 0},
    {.bitmap_index = 0, .adv_w = 144, .box_w = 0, .box_h = 0, .ofs_x = 0, .ofs_y = 0},
    {.bitmap_index = 0, .adv_w = 288, .box_w = 0, .box_h = 0, .ofs_x = 0, .ofs_y = 0},
    {.bitmap_index = 0, .adv_w = 120, .box_w = 8, .box_h = 8, .ofs_x = 0, .ofs_y = -4},
    {.bitmap_index = 64, .adv_w = 737, .box_w = 47, .box_h = 129, .ofs_x = 0, .ofs_y = -81},
    {.bitmap_index = 6127, .adv_w = 722, .box_w = 46, .box_h = 71, .ofs_x = 0, .ofs_y = -36},
    {.bitmap_index = 9393, .adv_w = 764, .box_w = 48, .box_h = 62, .ofs_x = 0, .ofs_y = -18},
    {.bitmap_index = 12369, .adv_w = 465, .box_w = 27, .box_h = 36, .ofs_x = 1, .ofs_y = -18},
    {.bitmap_index = 13341, .adv_w = 404, .box_w = 24, .box_h = 35, .ofs_x = 1, .ofs_y = -18},
    {.bitmap_index = 14181, .adv_w = 452, .box_w = 27, .box_h = 35, .ofs_x = 1, .ofs_y = -18},
    {.bitmap_index = 15126, .adv_w = 437, .box_w = 26, .box_h = 36, .ofs_x = 1, .ofs_y = -18},
    {.bitmap_index = 16062, .adv_w = 526, .box_w = 31, .box_h = 36, .ofs_x = 1, .ofs_y = -18},
    {.bitmap_index = 17178, .adv_w = 434, .box_w = 26, .box_h = 36, .ofs_x = 1, .ofs_y = -18},
    {.bitmap_index = 18114, .adv_w = 463, .box_w = 27, .box_h = 36, .ofs_x = 1, .ofs_y = -18},
    {.bitmap_index = 19086, .adv_w = 439, .box_w = 26, .box_h = 37, .ofs_x = 1, .ofs_y = -18},
    {.bitmap_index = 20048, .adv_w = 470, .box_w = 28, .box_h = 36, .ofs_x = 1, .ofs_y = -18},
    {.bitmap_index = 21056, .adv_w = 463, .box_w = 27, .box_h = 36, .ofs_x = 1, .ofs_y = -18},
    {.bitmap_index = 22028, .adv_w = 533, .box_w = 34, .box_h = 37, .ofs_x = 0, .ofs_y = -19},
    {.bitmap_index = 23286, .adv_w = 533, .box_w = 34, .box_h = 56, .ofs_x = 0, .ofs_y = -29},
    {.bitmap_index = 25190, .adv_w = 430, .box_w = 27, .box_h = 20, .ofs_x = 0, .ofs_y = -10},
    {.bitmap_index = 25730, .adv_w = 374, .box_w = 24, .box_h = 20, .ofs_x = 0, .ofs_y = -10},
    {.bitmap_index = 26210, .adv_w = 374, .box_w = 24, .box_h = 20, .ofs_x = 0, .ofs_y = -10},
    {.bitmap_index = 26690, .adv_w = 115, .box_w = 8, .box_h = 8, .ofs_x = 0, .ofs_y = -4},
    {.bitmap_index = 26754, .adv_w = 333, .box_w = 21, .box_h = 61, .ofs_x = 0, .ofs_y = -60},
    {.bitmap_index = 28035, .adv_w = 356, .box_w = 23, .box_h = 60, .ofs_x = 0, .ofs_y = -1},
    {.bitmap_index = 29415, .adv_w = 323, .box_w = 21, .box_h = 61, .ofs_x = 0, .ofs_y = -60},
    {.bitmap_index = 30696, .adv_w = 356, .box_w = 23, .box_h = 61, .ofs_x = 0, .ofs_y = -3},
    {.bitmap_index = 32099, .adv_w = 321, .box_w = 21, .box_h = 74, .ofs_x = 0, .ofs_y = -60},
    {.bitmap_index = 33653, .adv_w = 356, .box_w = 23, .box_h = 74, .ofs_x = 0, .ofs_y = -16},
    {.bitmap_index = 35355, .adv_w = 244, .box_w = 15, .box_h = 46, .ofs_x = 0, .ofs_y = -33},
    {.bitmap_index = 36045, .adv_w = 197, .box_w = 13, .box_h = 47, .ofs_x = 0, .ofs_y = -24},
    {.bitmap_index = 36656, .adv_w = 281, .box_w = 18, .box_h = 49, .ofs_x = 0, .ofs_y = -24},
    {.bitmap_index = 37538, .adv_w = 317, .box_w = 20, .box_h = 21, .ofs_x = 0, .ofs_y = -11},
    {.bitmap_index = 37958, .adv_w = 427, .box_w = 27, .box_h = 46, .ofs_x = 0, .ofs_y = -33},
    {.bitmap_index = 39200, .adv_w = 415, .box_w = 26, .box_h = 17, .ofs_x = 0, .ofs_y = -17},
    {.bitmap_index = 39642, .adv_w = 415, .box_w = 26, .box_h = 17, .ofs_x = 0, .ofs_y = 0},
    {.bitmap_index = 40084, .adv_w = 90, .box_w = 7, .box_h = 6, .ofs_x = -1, .ofs_y = -6},
    {.bitmap_index = 40126, .adv_w = 90, .box_w = 7, .box_h = 6, .ofs_x = -1, .ofs_y = 0},
    {.bitmap_index = 40168, .adv_w = 364, .box_w = 23, .box_h = 4, .ofs_x = 0, .ofs_y = -4},
    {.bitmap_index = 40260, .adv_w = 364, .box_w = 23, .box_h = 4, .ofs_x = 0, .ofs_y = -1},
    {.bitmap_index = 40352, .adv_w = 717, .box_w = 45, .box_h = 27, .ofs_x = 0, .ofs_y = -27},
    {.bitmap_index = 41567, .adv_w = 717, .box_w = 45, .box_h = 26, .ofs_x = 0, .ofs_y = 0},
    {.bitmap_index = 42737, .adv_w = 374, .box_w = 24, .box_h = 10, .ofs_x = 0, .ofs_y = -1},
    {.bitmap_index = 42977, .adv_w = 374, .box_w = 24, .box_h = 10, .ofs_x = 0, .ofs_y = -10},
    {.bitmap_index = 43217, .adv_w = 271, .box_w = 17, .box_h = 53, .ofs_x = 0, .ofs_y = -29},
    {.bitmap_index = 44118, .adv_w = 318, .box_w = 20, .box_h = 34, .ofs_x = 0, .ofs_y = -15},
    {.bitmap_index = 44798, .adv_w = 396, .box_w = 25, .box_h = 52, .ofs_x = 0, .ofs_y = -15},
    {.bitmap_index = 46098, .adv_w = 450, .box_w = 29, .box_h = 71, .ofs_x = 0, .ofs_y = -34}
};

static const uint16_t unicode_list_0[] = {
    0x0000,0x000d,0xe024,0xe030,0xe03c,0xe042,0xe060,0xe061,0xe062,0xe063,
    0xe064,0xe065,0xe066,0xe067,0xe068,0xe069,0xe06a,0xe06b,0xe082,0xe083,
    0xe084,0xe1c7,0xe220,0xe221,0xe222,0xe223,0xe224,0xe225,0xe240,0xe241,
    0xe242,0xe243,0xe244,0xe480,0xe481,0xe482,0xe483,0xe484,0xe485,0xe4a0,
    0xe4a1,0xe4c3,0xe4c4,0xe4c5,0xe4c6,0xe4c7,0xe4c8,
};

static const lv_font_fmt_txt_cmap_t cmaps[] = {
    {
        .range_start = 32, .range_length = 58569, .glyph_id_start = 1,
        .unicode_list = unicode_list_0, .glyph_id_ofs_list = NULL,
        .list_length = 47, .type = LV_FONT_FMT_TXT_CMAP_SPARSE_TINY
    }
};

#if LVGL_VERSION_MAJOR == 8
static lv_font_fmt_txt_glyph_cache_t cache;
#endif

#if LVGL_VERSION_MAJOR >= 8
static const lv_font_fmt_txt_dsc_t font_dsc = {
#else
static lv_font_fmt_txt_dsc_t font_dsc = {
#endif
    .glyph_bitmap = glyph_bitmap,
    .glyph_dsc = glyph_dsc,
    .cmaps = cmaps,
    .kern_dsc = NULL,
    .kern_scale = 0,
    .cmap_num = 1,
    .bpp = 8,
    .kern_classes = 0,
    .bitmap_format = 0,
    .stride = 0,
#if LVGL_VERSION_MAJOR == 8
    .cache = &cache
#endif
};

#if LVGL_VERSION_MAJOR >= 8
const lv_font_t lv_font_LelandSMuFL_72 = {
#else
lv_font_t lv_font_LelandSMuFL_72 = {
#endif
    .get_glyph_dsc = lv_font_get_glyph_dsc_fmt_txt,
    .get_glyph_bitmap = lv_font_get_bitmap_fmt_txt,
    .line_height = 159,
    .base_line = 60,
    .subpx = LV_FONT_SUBPX_NONE,
    .underline_position = -7,
    .underline_thickness = 5,
    .dsc = &font_dsc,
    .fallback = NULL,
    .user_data = NULL,
};

#endif /* LV_FONT_LELANDSMUFL_72 */
