#include "lvgl.h"

#ifndef LV_FONT_LELANDSMUFL_90
#define LV_FONT_LELANDSMUFL_90 1
#endif
#if LV_FONT_LELANDSMUFL_90

static LV_ATTRIBUTE_LARGE_CONST const uint8_t glyph_bitmap[] = {
    0x00,0x00,0x00,0x00,0x00,0x00,0x00,0x00,0x00,0x00,0x00,0x00,0x00,0x00,0x00,0x00,
    0x00,0x00,0x00,0x00,0x00,0x00,0x00,0x00,0x00,0x00,0x00,0x00,0x00,0x00,0x00,0x00,
    0x00,0x00,0x00,0x00,0x00,0x01,0x00,0x00,0x00,0x00,0x00,0x00,0x00,0x00,0x00,0x00,
    0x00,0x00,0x00,0x00,0x00,0x00,0x00,0x00,0x00,0x00,0x00,0x00,0x00,0x00,0x00,0x00,
    0x00,0x00,0x00,0x00,0x00,0x00,0x00,0x00,0x00,0x00,0x00,0x00,0x00,0x00,0x00,0x00,
    0x00,0x00,0x00,0x00,0x00,0x00,0x00,0x00,0x00,0x00,0x00,0x00,0x00,0x0e,0x7f,0xea,
    0xe5,0x51,0x00,0x00,0x00,0x00,0x00,0x00,0x00,0x00,0x00,0x00,0x00,0x00,0x00,0x00,
    0x00,0x00,0x00,0x00,0x00,0x00,0x00,0x00,0x00,0x00,0x00,0x00,0x00,0x00,0x00,0x00,
    0x00,0x00,0x00,0x00,0x00,0x00,0x00,0x00,0x00,0x00,0x00,0x00,0x00,0x00,0x00,0x00,
    0x00,0x00,0x00,0x00,0x00,0x00,0x3b,0xe2,0xff,0xff,0xff,0xfc,0x5b,0x00,0x00,0x00,
    0x00,0x00,0x00,0x00,0x00,0x00,0x00,0x00,0x00,0x00,0x00,0x00,0x00,0x00,0x00,0x00,
    0x00,0x00,0x00,0x00,0x00,0x00,0x00,0x00,0x00,0x00,0x00,0x00,0x00,0x00,0x00,0x00,
    0x00,0x00,0x00,0x00,0x00,0x00,0x00,0x00,0x00,0x00,0x00,0x00,0x00,0x00,0x00,0x67,
    0xfb,0xff,0xff,0xff,0xff,0xff,0xfd,0x3f,0x00,0x00,0x00,0x00,0x00,0x00,0x00,0x00,
    0x00,0x00,0x00,0x00,0x00,0x00,0x00,0x00,0x00,0x00,0x00,0x00,0x00,0x00,0x00,0x00,
    0x00,0x00,0x00,0x00,0x00,0x00,0x00,0x00,0x00,0x00,0x00,0x00,0x00,0x00,0x00,0x00,
    0x00,0x00,0x00,0x00,0x00,0x00,0x00,0x00,0x65,0xfe,0xff,0xff,0xff,0xff,0xff,0xff,
    0xff,0xe1,0x0f,0x00,0x00,0x00,0x00,0x00,0x00,0x00,0x00,0x00,0x00,0x00,0x00,0x00,
    0x00,0x00,0x00,0x00,0x00,0x00,0x00,0x00,0x00,0x00,0x00,0x00,0x00,0x00,0x00,0x00,
    0x00,0x00,0x00,0x00,0x00,0x00,0x00,0x00,0x00,0x00,0x00,0x00,0x00,0x00,0x00,0x00,
    0x00,0x5a,0xfe,0xff,0xff,0xff,0xff,0xff,0xff,0xff,0xff,0xff,0x9f,0x00,0x00,0x00,
    0x00,0x00,0x00,0x00,0x00,0x00,0x00,0x00,0x00,0x00,0x00,0x00,0x00,0x00,0x00,0x00,
    0x00,0x00,0x00,0x00,0x00,0x00,0x00,0x00,0x00,0x00,0x00,0x00,0x00,0x00,0x00,0x00,
    0x00,0x00,0x00,0x00,0x00,0x00,0x00,0x00,0x00,0x00,0x25,0xf4,0xff,0xff,0xff,0xff,
    0xff,0xff,0xff,0xff,0xff,0xff,0xfe,0x30,0x00,0x00,0x00,0x00,0x00,0x00,0x00,0x00,
    0x00,0x00,0x00,0x00,0x00,0x00,0x00,0x00,0x00,0x00,0x00,0x00,0x00,0x00,0x00,0x00,
    0x00,0x00,0x00,0x00,0x00,0x00,0x00,0x00,0x00,0x00,0x00,0x00,0x00,0x00,0x00,0x00,
    0x00,0x00,0x00,0x04,0xca,0xff,0xff,0xff,0xff,0xff,0xff,0xff,0xff,0xff,0xff,0xff,
    0xff,0xb6,0x00,0x00,0x00,0x00,0x00,0x00,0x00,0x00,0x00,0x00,0x00,0x00,0x00,0x00,
    0x00,0x00,0x00,0x00,0x00,0x00,0x00,0x00,0x00,0x00,0x00,0x00,0x00,0x00,0x00,0x00,
    0x00,0x00,0x00,0x00,0x00,0x00,0x00,0x00,0x00,0x00,0x00,0x00,0x00,0x7a,0xff,0xff,
    0xff,0xff,0xff,0xff,0xff,0xff,0xff,0xff,0xff,0xff,0xff,0xff,0x3e,0x00,0x00,0x00,
    0x00,0x00,0x00,0x00,0x00,0x00,0x00,0x00,0x00,0x00,0x00,0x00,0x00,0x00,0x00,0x00,
    0x00,0x00,0x00,0x00,0x00,0x00,0x00,0x00,0x00,0x00,0x00,0x00,0x00,0x00,0x00,0x00,
    0x00,0x00,0x00,0x00,0x00,0x00,0x11,0xef,0xff,0xff,0xff,0xff,0xff,0xff,0xff,0xff,
    0xff,0xff,0xff,0xff,0xff,0xff,0xb1,0x00,0x00,0x00,0x00,0x00,0x00,0x00,0x00,0x00,
    0x00,0x00,0x00,0x00,0x00,0x00,0x00,0x00,0x00,0x00,0x00,0x00,0x00,0x00,0x00,0x00,
    0x00,0x00,0x00,0x00,0x00,0x00,0x00,0x00,0x00,0x00,0x00,0x00,0x00,0x00,0x00,0x00,
    0x86,0xff,0xff,0xff,0xff,0xff,0xff,0xff,0xff,0xff,0xff,0xff,0xff,0xff,0xff,0xff,
    0xfd,0x1d,0x00,0x00,0x00,0x00,0x00,0x00,0x00,0x00,0x00,0x00,0x00,0x00,0x00,0x00,
    0x00,0x00,0x00,0x00,0x00,0x00,0x00,0x00,0x00,0x00,0x00,0x00,0x00,0x00,0x00,0x00,
    0x00,0x00,0x00,0x00,0x00,0x00,0x00,0x00,0x00,0x10,0xf4,0xff,0xff,0xff,0xff,0xff,
    0xff,0xff,0xff,0xff,0xff,0xff,0xff,0xff,0xff,0xff,0xff,0x7c,0x00,0x00,0x00,0x00,
    0x00,0x00,0x00,0x00,0x00,0x00,0x00,0x00,0x00,0x00,0x00,0x00,0x00,0x00,0x00,0x00,
    0x00,0x00,0x00,0x00,0x00,0x00,0x00,0x00,0x00,0x00,0x00,0x00,0x00,0x00,0x00,0x00,
    0x00,0x00,0x00,0x6a,0xff,0xff,0xff,0xff,0xff,0xff,0xff,0xff,0xff,0xff,0xff,0xff,
    0xff,0xff,0xff,0xff,0xff,0xd6,0x00,0x00,0x00,0x00,0x00,0x00,0x00,0x00,0x00,0x00,
    0x00,0x00,0x00,0x00,0x00,0x00,0x00,0x00,0x00,0x00,0x00,0x00,0x00,0x00,0x00,0x00,
    0x00,0x00,0x00,0x00,0x00,0x00,0x00,0x00,0x00,0x00,0x00,0x00,0x00,0xcc,0xff,0xff,
    0xff,0xff,0xff,0xff,0xff,0xff,0xff,0xff,0xff,0xff,0xff,0xff,0xff,0xff,0xff,0xff,
    0x2b,0x00,0x00,0x00,0x00,0x00,0x00,0x00,0x00,0x00,0x00,0x00,0x00,0x00,0x00,0x00,
    0x00,0x00,0x00,0x00,0x00,0x00,0x00,0x00,0x00,0x00,0x00,0x00,0x00,0x00,0x00,0x00,
    0x00,0x00,0x00,0x00,0x00,0x00,0x2e,0xff,0xff,0xff,0xff,0xff,0xff,0xff,0xff,0xff,
    0xff,0x9e,0x3e,0x14,0xab,0xff,0xff,0xff,0xff,0xff,0x78,0x00,0x00,0x00,0x00,0x00,
    0x00,0x00,0x00,0x00,0x00,0x00,0x00,0x00,0x00,0x00,0x00,0x00,0x00,0x00,0x00,0x00,
    0x00,0x00,0x00,0x00,0x00,0x00,0x00,0x00,0x00,0x00,0x00,0x00,0x00,0x00,0x00,0x00,
    0x7e,0xff,0xff,0xff,0xff,0xff,0xff,0xff,0xff,0xf4,0x4c,0x00,0x00,0x00,0x0e,0xe6,
    0xff,0xff,0xff,0xff,0xc3,0x00,0x00,0x00,0x00,0x00,0x00,0x00,0x00,0x00,0x00,0x00,
    0x00,0x00,0x00,0x00,0x00,0x00,0x00,0x00,0x00,0x00,0x00,0x00,0x00,0x00,0x00,0x00,
    0x00,0x00,0x00,0x00,0x00,0x00,0x00,0x00,0x00,0x00,0xc6,0xff,0xff,0xff,0xff,0xff,
    0xff,0xff,0xfa,0x47,0x00,0x00,0x00,0x00,0x00,0x75,0xff,0xff,0xff,0xff,0xf9,0x06,
    0x00,0x00,0x00,0x00,0x00,0x00,0x00,0x00,0x00,0x00,0x00,0x00,0x00,0x00,0x00,0x00,
    0x00,0x00,0x00,0x00,0x00,0x00,0x00,0x00,0x00,0x00,0x00,0x00,0x00,0x00,0x00,0x00,
    0x00,0x00,0x00,0x12,0xfc,0xff,0xff,0xff,0xff,0xff,0xff,0xff,0x68,0x00,0x00,0x00,
    0x00,0x00,0x00,0x17,0xfd,0xff,0xff,0xff,0xff,0x32,0x00,0x00,0x00,0x00,0x00,0x00,
    0x00,0x00,0x00,0x00,0x00,0x00,0x00,0x00,0x00,0x00,0x00,0x00,0x00,0x00,0x00,0x00,
    0x00,0x00,0x00,0x00,0x00,0x00,0x00,0x00,0x00,0x00,0x00,0x00,0x00,0x4f,0xff,0xff,
    0xff,0xff,0xff,0xff,0xff,0xb7,0x00,0x00,0x00,0x00,0x00,0x00,0x00,0x00,0xc6,0xff,
    0xff,0xff,0xff,0x65,0x00,0x00,0x00,0x00,0x00,0x00,0x00,0x00,0x00,0x00,0x00,0x00,
    0x00,0x00,0x00,0x00,0x00,0x00,0x00,0x00,0x00,0x00,0x00,0x00,0x00,0x00,0x00,0x00,
    0x00,0x00,0x00,0x00,0x00,0x00,0x00,0x7b,0xff,0xff,0xff,0xff,0xff,0xff,0xf9,0x1e,
    0x00,0x00,0x00,0x00,0x00,0x00,0x00,0x00,0x8a,0xff,0xff,0xff,0xff,0x99,0x00,0x00,
    0x00,0x00,0x00,0x00,0x00,0x00,0x00,0x00,0x00,0x00,0x00,0x00,0x00,0x00,0x00,0x00,
    0x00,0x00,0x00,0x00,0x00,0x00,0x00,0x00,0x00,0x00,0x00,0x00,0x00,0x00,0x00,0x00,
    0x00,0xa7,0xff,0xff,0xff,0xff,0xff,0xff,0x95,0x00,0x00,0x00,0x00,0x00,0x00,0x00,
    0x00,0x00,0x59,0xff,0xff,0xff,0xff,0xcd,0x00,0x00,0x00,0x00,0x00,0x00,0x00,0x00,
    0x00,0x00,0x00,0x00,0x00,0x00,0x00,0x00,0x00,0x00,0x00,0x00,0x00,0x00,0x00,0x00,
    0x00,0x00,0x00,0x00,0x00,0x00,0x00,0x00,0x00,0x00,0x00,0xd3,0xff,0xff,0xff,0xff,
    0xff,0xf8,0x1c,0x00,0x00,0x00,0x00,0x00,0x00,0x00,0x00,0x00,0x40,0xff,0xff,0xff,
    0xff,0xee,0x00,0x00,0x00,0x00,0x00,0x00,0x00,0x00,0x00,0x00,0x00,0x00,0x00,0x00,
    0x00,0x00,0x00,0x00,0x00,0x00,0x00,0x00,0x00,0x00,0x00,0x00,0x00,0x00,0x00,0x00,
    0x00,0x00,0x00,0x00,0x05,0xfa,0xff,0xff,0xff,0xff,0xff,0x94,0x00,0x00,0x00,0x00,
    0x00,0x00,0x00,0x00,0x00,0x00,0x2b,0xff,0xff,0xff,0xff,0xfe,0x02,0x00,0x00,0x00,
    0x00,0x00,0x00,0x00,0x00,0x00,0x00,0x00,0x00,0x00,0x00,0x00,0x00,0x00,0x00,0x00,
    0x00,0x00,0x00,0x00,0x00,0x00,0x00,0x00,0x00,0x00,0x00,0x00,0x00,0x00,0x2a,0xff,
    0xff,0xff,0xff,0xff,0xfb,0x1c,0x00,0x00,0x00,0x00,0x00,0x00,0x00,0x00,0x00,0x00,
    0x15,0xff,0xff,0xff,0xff,0xff,0x13,0x00,0x00,0x00,0x00,0x00,0x00,0x00,0x00,0x00,
    0x00,0x00,0x00,0x00,0x00,0x00,0x00,0x00,0x00,0x00,0x00,0x00,0x00,0x00,0x00,0x00,
    0x00,0x00,0x00,0x00,0x00,0x00,0x00,0x00,0x56,0xff,0xff,0xff,0xff,0xff,0xb3,0x00,
    0x00,0x00,0x00,0x00,0x00,0x00,0x00,0x00,0x00,0x00,0x02,0xff,0xff,0xff,0xff,0xff,
    0x25,0x00,0x00,0x00,0x00,0x00,0x00,0x00,0x00,0x00,0x00,0x00,0x00,0x00,0x00,0x00,
    0x00,0x00,0x00,0x00,0x00,0x00,0x00,0x00,0x00,0x00,0x00,0x00,0x00,0x00,0x00,0x00,
    0x00,0x00,0x7a,0xff,0xff,0xff,0xff,0xff,0x57,0x00,0x00,0x00,0x00,0x00,0x00,0x00,
    0x00,0x00,0x00,0x00,0x0f,0xff,0xff,0xff,0xff,0xff,0x37,0x00,0x00,0x00,0x00,0x00,
    0x00,0x00,0x00,0x00,0x00,0x00,0x00,0x00,0x00,0x00,0x00,0x00,0x00,0x00,0x00,0x00,
    0x00,0x00,0x00,0x00,0x00,0x00,0x00,0x00,0x00,0x00,0x00,0x00,0x90,0xff,0xff,0xff,
    0xff,0xfb,0x10,0x00,0x00,0x00,0x00,0x00,0x00,0x00,0x00,0x00,0x00,0x00,0x27,0xff,
    0xff,0xff,0xff,0xff,0x49,0x00,0x00,0x00,0x00,0x00,0x00,0x00,0x00,0x00,0x00,0x00,
    0x00,0x00,0x00,0x00,0x00,0x00,0x00,0x00,0x00,0x00,0x00,0x00,0x00,0x00,0x00,0x00,
    0x00,0x00,0x00,0x00,0x00,0x00,0xa4,0xff,0xff,0xff,0xff,0xce,0x00,0x00,0x00,0x00,
    0x00,0x00,0x00,0x00,0x00,0x00,0x00,0x00,0x3e,0xff,0xff,0xff,0xff,0xff,0x44,0x00,
    0x00,0x00,0x00,0x00,0x00,0x00,0x00,0x00,0x00,0x00,0x00,0x00,0x00,0x00,0x00,0x00,
    0x00,0x00,0x00,0x00,0x00,0x00,0x00,0x00,0x00,0x00,0x00,0x00,0x00,0x00,0x00,0x00,
    0xb7,0xff,0xff,0xff,0xff,0xa1,0x00,0x00,0x00,0x00,0x00,0x00,0x00,0x00,0x00,0x00,
    0x00,0x00,0x68,0xff,0xff,0xff,0xff,0xff,0x35,0x00,0x00,0x00,0x00,0x00,0x00,0x00,
    0x00,0x00,0x00,0x00,0x00,0x00,0x00,0x00,0x00,0x00,0x00,0x00,0x00,0x00,0x00,0x00,
    0x00,0x00,0x00,0x00,0x00,0x00,0x00,0x00,0x00,0x00,0xbf,0xff,0xff,0xff,0xff,0x74,
    0x00,0x00,0x00,0x00,0x00,0x00,0x00,0x00,0x00,0x00,0x00,0x00,0xad,0xff,0xff,0xff,
    0xff,0xff,0x27,0x00,0x00,0x00,0x00,0x00,0x00,0x00,0x00,0x00,0x00,0x00,0x00,0x00,
    0x00,0x00,0x00,0x00,0x00,0x00,0x00,0x00,0x00,0x00,0x00,0x00,0x00,0x00,0x00,0x00,
    0x00,0x00,0x00,0x00,0xc6,0xff,0xff,0xff,0xff,0x47,0x00,0x00,0x00,0x00,0x00,0x00,
    0x00,0x00,0x00,0x00,0x00,0x03,0xef,0xff,0xff,0xff,0xff,0xff,0x18,0x00,0x00,0x00,
    0x00,0x00,0x00,0x00,0x00,0x00,0x00,0x00,0x00,0x00,0x00,0x00,0x00,0x00,0x00,0x00,
    0x00,0x00,0x00,0x00,0x00,0x00,0x00,0x00,0x00,0x00,0x00,0x00,0x00,0x00,0xca,0xff,
    0xff,0xff,0xff,0x1f,0x00,0x00,0x00,0x00,0x00,0x00,0x00,0x00,0x00,0x00,0x00,0x43,
    0xff,0xff,0xff,0xff,0xff,0xff,0x09,0x00,0x00,0x00,0x00,0x00,0x00,0x00,0x00,0x00,
    0x00,0x00,0x00,0x00,0x00,0x00,0x00,0x00,0x00,0x00,0x00,0x00,0x00,0x00,0x00,0x00,
    0x00,0x00,0x00,0x00,0x00,0x00,0x00,0x00,0xc5,0xff,0xff,0xff,0xff,0x0e,0x00,0x00,
    0x00,0x00,0x00,0x00,0x00,0x00,0x00,0x00,0x00,0xb2,0xff,0xff,0xff,0xff,0xff,0xeb,
    0x00,0x00,0x00,0x00,0x00,0x00,0x00,0x00,0x00,0x00,0x00,0x00,0x00,0x00,0x00,0x00,
    0x00,0x00,0x00,0x00,0x00,0x00,0x00,0x00,0x00,0x00,0x00,0x00,0x00,0x00,0x00,0x00,
    0x00,0x00,0xbe,0xff,0xff,0xff,0xff,0x02,0x00,0x00,0x00,0x00,0x00,0x00,0x00,0x00,
    0x00,0x00,0x25,0xfe,0xff,0xff,0xff,0xff,0xff,0xbe,0x00,0x00,0x00,0x00,0x00,0x00,
    0x00,0x00,0x00,0x00,0x00,0x00,0x00,0x00,0x00,0x00,0x00,0x00,0x00,0x00,0x00,0x00,
    0x00,0x00,0x00,0x00,0x00,0x00,0x00,0x00,0x00,0x00,0x00,0x00,0xb8,0xff,0xff,0xff,
    0xf5,0x00,0x00,0x00,0x00,0x00,0x00,0x00,0x00,0x00,0x00,0x00,0x9e,0xff,0xff,0xff,
    0xff,0xff,0xff,0x90,0x00,0x00,0x00,0x00,0x00,0x00,0x00,0x00,0x00,0x00,0x00,0x00,
    0x00,0x00,0x00,0x00,0x00,0x00,0x00,0x00,0x00,0x00,0x00,0x00,0x00,0x00,0x00,0x00,
    0x00,0x00,0x00,0x00,0x00,0x00,0xab,0xff,0xff,0xff,0xe9,0x00,0x00,0x00,0x00,0x00,
    0x00,0x00,0x00,0x00,0x00,0x37,0xfe,0xff,0xff,0xff,0xff,0xff,0xff,0x63,0x00,0x00,
    0x00,0x00,0x00,0x00,0x00,0x00,0x00,0x00,0x00,0x00,0x00,0x00,0x00,0x00,0x00,0x00,
    0x00,0x00,0x00,0x00,0x00,0x00,0x00,0x00,0x00,0x00,0x00,0x00,0x00,0x00,0x00,0x00,
    0x97,0xff,0xff,0xff,0xe3,0x00,0x00,0x00,0x00,0x00,0x00,0x00,0x00,0x00,0x02,0xcd,
    0xff,0xff,0xff,0xff,0xff,0xff,0xff,0x36,0x00,0x00,0x00,0x00,0x00,0x00,0x00,0x00,
    0x00,0x00,0x00,0x00,0x00,0x00,0x00,0x00,0x00,0x00,0x00,0x00,0x00,0x00,0x00,0x00,
    0x00,0x00,0x00,0x00,0x00,0x00,0x00,0x00,0x00,0x00,0x83,0xff,0xff,0xff,0xef,0x00,
    0x00,0x00,0x00,0x00,0x00,0x00,0x00,0x00,0x7a,0xff,0xff,0xff,0xff,0xff,0xff,0xff,
    0xf2,0x06,0x00,0x00,0x00,0x00,0x00,0x00,0x00,0x00,0x00,0x00,0x00,0x00,0x00,0x00,
    0x00,0x00,0x00,0x00,0x00,0x00,0x00,0x00,0x00,0x00,0x00,0x00,0x00,0x00,0x00,0x00,
    0x00,0x00,0x00,0x00,0x6e,0xff,0xff,0xff,0xfc,0x00,0x00,0x00,0x00,0x00,0x00,0x00,
    0x00,0x48,0xfd,0xff,0xff,0xff,0xff,0xff,0xff,0xff,0xab,0x00,0x00,0x00,0x00,0x00,
    0x00,0x00,0x00,0x00,0x00,0x00,0x00,0x00,0x00,0x00,0x00,0x00,0x00,0x00,0x00,0x00,
    0x00,0x00,0x00,0x00,0x00,0x00,0x00,0x00,0x00,0x00,0x00,0x00,0x00,0x00,0x57,0xff,
    0xff,0xff,0xff,0x0a,0x00,0x00,0x00,0x00,0x00,0x00,0x23,0xee,0xff,0xff,0xff,0xff,
    0xff,0xff,0xff,0xff,0x5e,0x00,0x00,0x00,0x00,0x00,0x00,0x00,0x00,0x00,0x00,0x00,
    0x00,0x00,0x00,0x00,0x00,0x00,0x00,0x00,0x00,0x00,0x00,0x00,0x00,0x00,0x00,0x00,
    0x00,0x00,0x00,0x00,0x00,0x00,0x00,0x00,0x3a,0xff,0xff,0xff,0xff,0x17,0x00,0x00,
    0x00,0x00,0x00,0x0c,0xd4,0xff,0xff,0xff,0xff,0xff,0xff,0xff,0xff,0xfd,0x15,0x00,
    0x00,0x00,0x00,0x00,0x00,0x00,0x00,0x00,0x00,0x00,0x00,0x00,0x00,0x00,0x00,0x00,
    0x00,0x00,0x00,0x00,0x00,0x00,0x00,0x00,0x00,0x00,0x00,0x00,0x00,0x00,0x00,0x00,
    0x00,0x00,0x1d,0xff,0xff,0xff,0xff,0x26,0x00,0x00,0x00,0x00,0x00,0xac,0xff,0xff,
    0xff,0xff,0xff,0xff,0xff,0xff,0xff,0xc4,0x00,0x00,0x00,0x00,0x00,0x00,0x00,0x00,
    0x00,0x00,0x00,0x00,0x00,0x00,0x00,0x00,0x00,0x00,0x00,0x00,0x00,0x00,0x00,0x00,
    0x00,0x00,0x00,0x00,0x00,0x00,0x00,0x00,0x00,0x00,0x00,0x00,0x02,0xfa,0xff,0xff,
    0xff,0x3f,0x00,0x00,0x00,0x00,0x80,0xff,0xff,0xff,0xff,0xff,0xff,0xff,0xff,0xff,
    0xff,0x5e,0x00,0x00,0x00,0x00,0x00,0x00,0x00,0x00,0x00,0x00,0x00,0x00,0x00,0x00,
    0x00,0x00,0x00,0x00,0x00,0x00,0x00,0x00,0x00,0x00,0x00,0x00,0x00,0x00,0x00,0x00,
    0x00,0x00,0x00,0x00,0x00,0x00,0x00,0xdc,0xff,0xff,0xff,0x60,0x00,0x00,0x00,0x73,
    0xff,0xff,0xff,0xff,0xff,0xff,0xff,0xff,0xff,0xff,0xeb,0x07,0x00,0x00,0x00,0x00,
    0x00,0x00,0x00,0x00,0x00,0x00,0x00,0x00,0x00,0x00,0x00,0x00,0x00,0x00,0x00,0x00,
    0x00,0x00,0x00,0x00,0x00,0x00,0x00,0x00,0x00,0x00,0x00,0x00,0x00,0x00,0x00,0x00,
    0x00,0xb9,0xff,0xff,0xff,0x82,0x00,0x00,0x6c,0xff,0xff,0xff,0xff,0xff,0xff,0xff,
    0xff,0xff,0xff,0xff,0x86,0x00,0x00,0x00,0x00,0x00,0x00,0x00,0x00,0x00,0x00,0x00,
    0x00,0x00,0x00,0x00,0x00,0x00,0x00,0x00,0x00,0x00,0x00,0x00,0x00,0x00,0x00,0x00,
    0x00,0x00,0x00,0x00,0x00,0x00,0x00,0x00,0x00,0x00,0x00,0x95,0xff,0xff,0xff,0xa3,
    0x00,0x65,0xfe,0xff,0xff,0xff,0xff,0xff,0xff,0xff,0xff,0xff,0xff,0xfc,0x1e,0x00,
    0x00,0x00,0x00,0x00,0x00,0x00,0x00,0x00,0x00,0x00,0x00,0x00,0x00,0x00,0x00,0x00,
    0x00,0x00,0x00,0x00,0x00,0x00,0x00,0x00,0x00,0x00,0x00,0x00,0x00,0x00,0x00,0x00,
    0x00,0x00,0x00,0x00,0x00,0x71,0xff,0xff,0xff,0xc5,0x5f,0xfe,0xff,0xff,0xff,0xff,
    0xff,0xff,0xff,0xff,0xff,0xff,0xff,0xa3,0x00,0x00,0x00,0x00,0x00,0x00,0x00,0x00,
    0x00,0x00,0x00,0x00,0x00,0x00,0x00,0x00,0x00,0x00,0x00,0x00,0x00,0x00,0x00,0x00,
    0x00,0x00,0x00,0x00,0x00,0x00,0x00,0x00,0x00,0x00,0x00,0x00,0x00,0x00,0x00,0x4d,
    0xff,0xff,0xff,0xf7,0xfd,0xff,0xff,0xff,0xff,0xff,0xff,0xff,0xff,0xff,0xff,0xff,
    0xf8,0x1f,0x00,0x00,0x00,0x00,0x00,0x00,0x00,0x00,0x00,0x00,0x00,0x00,0x00,0x00,
    0x00,0x00,0x00,0x00,0x00,0x00,0x00,0x00,0x00,0x00,0x00,0x00,0x00,0x00,0x00,0x00,
    0x00,0x00,0x00,0x00,0x00,0x00,0x00,0x00,0x00,0x27,0xff,0xff,0xff,0xff,0xff,0xff,
    0xff,0xff,0xff,0xff,0xff,0xff,0xff,0xff,0xff,0xff,0x8a,0x00,0x00,0x00,0x00,0x00,
    0x00,0x00,0x00,0x00,0x00,0x00,0x00,0x00,0x00,0x00,0x00,0x00,0x00,0x00,0x00,0x00,
    0x00,0x00,0x00,0x00,0x00,0x00,0x00,0x00,0x00,0x00,0x00,0x00,0x00,0x00,0x00,0x00,
    0x00,0x00,0x00,0x05,0xfb,0xff,0xff,0xff,0xff,0xff,0xff,0xff,0xff,0xff,0xff,0xff,
    0xff,0xff,0xff,0xee,0x11,0x00,0x00,0x00,0x00,0x00,0x00,0x00,0x00,0x00,0x00,0x00,
    0x00,0x00,0x00,0x00,0x00,0x00,0x00,0x00,0x00,0x00,0x00,0x00,0x00,0x00,0x00,0x00,
    0x00,0x00,0x00,0x00,0x00,0x00,0x00,0x00,0x00,0x00,0x00,0x00,0x00,0x00,0xe2,0xff,
    0xff,0xff,0xff,0xff,0xff,0xff,0xff,0xff,0xff,0xff,0xff,0xff,0xff,0x6e,0x00,0x00,
    0x00,0x00,0x00,0x00,0x00,0x00,0x00,0x00,0x00,0x00,0x00,0x00,0x00,0x00,0x00,0x00,
    0x00,0x00,0x00,0x00,0x00,0x00,0x00,0x00,0x00,0x00,0x00,0x00,0x00,0x00,0x00,0x00,
    0x00,0x00,0x00,0x00,0x00,0x00,0x00,0x8a,0xff,0xff,0xff,0xff,0xff,0xff,0xff,0xff,
    0xff,0xff,0xff,0xff,0xff,0xff,0xc4,0x02,0x00,0x00,0x00,0x00,0x00,0x00,0x00,0x00,
    0x00,0x00,0x00,0x00,0x00,0x00,0x00,0x00,0x00,0x00,0x00,0x00,0x00,0x00,0x00,0x00,
    0x00,0x00,0x00,0x00,0x00,0x00,0x00,0x00,0x00,0x00,0x00,0x00,0x00,0x00,0x00,0x00,
    0x8b,0xff,0xff,0xff,0xff,0xff,0xff,0xff,0xff,0xff,0xff,0xff,0xff,0xff,0xff,0xf5,
    0x24,0x00,0x00,0x00,0x00,0x00,0x00,0x00,0x00,0x00,0x00,0x00,0x00,0x00,0x00,0x00,
    0x00,0x00,0x00,0x00,0x00,0x00,0x00,0x00,0x00,0x00,0x00,0x00,0x00,0x00,0x00,0x00,
    0x00,0x00,0x00,0x00,0x00,0x00,0x00,0x00,0x00,0x8e,0xff,0xff,0xff,0xff,0xff,0xff,
    0xff,0xff,0xff,0xff,0xff,0xff,0xff,0xff,0xff,0x6f,0x00,0x00,0x00,0x00,0x00,0x00,
    0x00,0x00,0x00,0x00,0x00,0x00,0x00,0x00,0x00,0x00,0x00,0x00,0x00,0x00,0x00,0x00,
    0x00,0x00,0x00,0x00,0x00,0x00,0x00,0x00,0x00,0x00,0x00,0x00,0x00,0x00,0x00,0x00,
    0x00,0x01,0x96,0xff,0xff,0xff,0xff,0xff,0xff,0xff,0xff,0xff,0xff,0xff,0xff,0xff,
    0xff,0xff,0xbe,0x01,0x00,0x00,0x00,0x00,0x00,0x00,0x00,0x00,0x00,0x00,0x00,0x00,
    0x00,0x00,0x00,0x00,0x00,0x00,0x00,0x00,0x00,0x00,0x00,0x00,0x00,0x00,0x00,0x00,
    0x00,0x00,0x00,0x00,0x00,0x00,0x00,0x00,0x00,0x00,0x04,0x9f,0xff,0xff,0xff,0xff,
    0xff,0xff,0xff,0xff,0xff,0xff,0xff,0xff,0xff,0xff,0xff,0xe4,0x17,0x00,0x00,0x00,
    0x00,0x00,0x00,0x00,0x00,0x00,0x00,0x00,0x00,0x00,0x00,0x00,0x00,0x00,0x00,0x00,
    0x00,0x00,0x00,0x00,0x00,0x00,0x00,0x00,0x00,0x00,0x00,0x00,0x00,0x00,0x00,0x00,
    0x00,0x00,0x00,0x0a,0xb4,0xff,0xff,0xff,0xff,0xff,0xff,0xff,0xff,0xff,0xff,0xff,
    0xff,0xff,0xff,0xff,0xf9,0x37,0x00,0x00,0x00,0x00,0x00,0x00,0x00,0x00,0x00,0x00,
    0x00,0x00,0x00,0x00,0x00,0x00,0x00,0x00,0x00,0x00,0x00,0x00,0x00,0x00,0x00,0x00,
    0x00,0x00,0x00,0x00,0x00,0x00,0x00,0x00,0x00,0x00,0x00,0x00,0x10,0xc7,0xff,0xff,
    0xff,0xff,0xff,0xff,0xff,0xff,0xff,0xff,0xff,0xff,0xff,0xff,0xff,0xff,0x66,0x00,
    0x00,0x00,0x00,0x00,0x00,0x00,0x00,0x00,0x00,0x00,0x00,0x00,0x00,0x00,0x00,0x00,
    0x00,0x00,0x00,0x00,0x00,0x00,0x00,0x00,0x00,0x00,0x00,0x00,0x00,0x00,0x00,0x00,
    0x00,0x00,0x00,0x00,0x00,0x16,0xd0,0xff,0xff,0xff,0xff,0xff,0xff,0xff,0xff,0xff,
    0xff,0xff,0xff,0xff,0xff,0xff,0xff,0x99,0x00,0x00,0x00,0x00,0x00,0x00,0x00,0x00,
    0x00,0x00,0x00,0x00,0x00,0x00,0x00,0x00,0x00,0x00,0x00,0x00,0x00,0x00,0x00,0x00,
    0x00,0x00,0x00,0x00,0x00,0x00,0x00,0x00,0x00,0x00,0x00,0x00,0x00,0x00,0x1c,0xd8,
    0xff,0xff,0xff,0xff,0xff,0xff,0xff,0xff,0xff,0xff,0xff,0xff,0xff,0xff,0xff,0xff,
    0xb2,0x03,0x00,0x00,0x00,0x00,0x00,0x00,0x00,0x00,0x00,0x00,0x00,0x00,0x00,0x00,
    0x00,0x00,0x00,0x00,0x00,0x00,0x00,0x00,0x00,0x00,0x00,0x00,0x00,0x00,0x00,0x00,
    0x00,0x00,0x00,0x00,0x00,0x00,0x00,0x1d,0xde,0xff,0xff,0xff,0xff,0xff,0xff,0xff,
    0xff,0xff,0xff,0xff,0xff,0xff,0xff,0xff,0xff,0xc5,0x09,0x00,0x00,0x00,0x00,0x00,
    0x00,0x00,0x00,0x00,0x00,0x00,0x00,0x00,0x00,0x00,0x00,0x00,0x00,0x00,0x00,0x00,
    0x00,0x00,0x00,0x00,0x00,0x00,0x00,0x00,0x00,0x00,0x00,0x00,0x00,0x00,0x00,0x00,
    0x1b,0xdc,0xff,0xff,0xff,0xff,0xff,0xff,0xff,0xff,0xff,0xff,0xff,0xff,0xff,0xff,
    0xff,0xff,0xd5,0x12,0x00,0x00,0x00,0x00,0x00,0x00,0x00,0x00,0x00,0x00,0x00,0x00,
    0x00,0x00,0x00,0x00,0x00,0x00,0x00,0x00,0x00,0x00,0x00,0x00,0x00,0x00,0x00,0x00,
    0x00,0x00,0x00,0x00,0x00,0x00,0x00,0x00,0x00,0x19,0xd9,0xff,0xff,0xff,0xff,0xff,
    0xff,0xff,0xff,0xff,0xff,0xff,0xff,0xff,0xff,0xff,0xff,0xff,0x47,0x00,0x00,0x00,
    0x00,0x00,0x00,0x00,0x00,0x00,0x00,0x00,0x00,0x00,0x00,0x00,0x00,0x00,0x00,0x00,
    0x00,0x00,0x00,0x00,0x00,0x00,0x00,0x00,0x00,0x00,0x00,0x00,0x00,0x00,0x00,0x00,
    0x00,0x00,0x14,0xd7,0xff,0xff,0xff,0xff,0xff,0xff,0xff,0xff,0xff,0xff,0xff,0xff,
    0xff,0xff,0xff,0xff,0xff,0xff,0x66,0x00,0x00,0x00,0x00,0x00,0x00,0x00,0x00,0x00,
    0x00,0x00,0x00,0x00,0x00,0x00,0x00,0x00,0x00,0x00,0x00,0x00,0x00,0x00,0x00,0x00,
    0x00,0x00,0x00,0x00,0x00,0x00,0x00,0x00,0x00,0x00,0x00,0x08,0xc6,0xff,0xff,0xff,
    0xff,0xff,0xff,0xff,0xff,0xff,0xff,0xff,0xff,0xff,0xff,0xff,0xff,0xff,0xff,0xff,
    0x91,0x00,0x00,0x00,0x00,0x00,0x00,0x00,0x00,0x00,0x00,0x00,0x00,0x00,0x00,0x00,
    0x00,0x00,0x00,0x00,0x00,0x00,0x00,0x00,0x00,0x00,0x00,0x00,0x00,0x00,0x00,0x00,
    0x00,0x00,0x00,0x00,0x01,0xab,0xff,0xff,0xff,0xff,0xff,0xff,0xff,0xff,0xff,0xff,
    0xff,0xff,0xff,0xff,0xff,0xff,0xff,0xff,0xff,0xff,0xbb,0x00,0x00,0x00,0x00,0x00,
    0x00,0x00,0x00,0x00,0x00,0x00,0x00,0x00,0x00,0x00,0x00,0x00,0x00,0x00,0x00,0x00,
    0x00,0x00,0x00,0x00,0x00,0x00,0x00,0x00,0x00,0x00,0x00,0x00,0x00,0x00,0x8b,0xff,
    0xff,0xff,0xff,0xff,0xff,0xff,0xff,0xff,0xff,0xff,0xff,0xff,0xff,0xff,0xff,0xfb,
    0x97,0xff,0xff,0xff,0xe5,0x00,0x00,0x00,0x00,0x00,0x00,0x00,0x00,0x00,0x00,0x00,
    0x00,0x00,0x00,0x00,0x00,0x00,0x00,0x00,0x00,0x00,0x00,0x00,0x00,0x00,0x00,0x00,
    0x00,0x00,0x00,0x00,0x00,0x00,0x00,0x61,0xff,0xff,0xff,0xff,0xff,0xff,0xff,0xff,
    0xff,0xff,0xff,0xff,0xff,0xff,0xff,0xff,0xf6,0x4a,0x15,0xff,0xff,0xff,0xff,0x11,
    0x00,0x00,0x00,0x00,0x00,0x00,0x00,0x00,0x00,0x00,0x00,0x00,0x00,0x00,0x00,0x00,
    0x00,0x00,0x00,0x00,0x00,0x00,0x00,0x00,0x00,0x00,0x00,0x00,0x00,0x00,0x00,0x00,
    0x27,0xf4,0xff,0xff,0xff,0xff,0xff,0xff,0xff,0xff,0xff,0xff,0xff,0xff,0xff,0xff,
    0xff,0xee,0x3b,0x00,0x00,0xec,0xff,0xff,0xff,0x3a,0x00,0x00,0x00,0x00,0x00,0x00,
    0x00,0x00,0x00,0x00,0x00,0x00,0x00,0x00,0x00,0x00,0x00,0x00,0x00,0x00,0x00,0x00,
    0x00,0x00,0x00,0x00,0x00,0x00,0x00,0x00,0x00,0x07,0xcf,0xff,0xff,0xff,0xff,0xff,
    0xff,0xff,0xff,0xff,0xff,0xff,0xff,0xff,0xff,0xff,0xe6,0x2d,0x00,0x00,0x00,0xc3,
    0xff,0xff,0xff,0x64,0x00,0x00,0x00,0x00,0x00,0x00,0x00,0x00,0x00,0x00,0x00,0x00,
    0x00,0x00,0x00,0x00,0x00,0x00,0x00,0x00,0x00,0x00,0x00,0x00,0x00,0x00,0x00,0x00,
    0x00,0x00,0x00,0x90,0xff,0xff,0xff,0xff,0xff,0xff,0xff,0xff,0xff,0xff,0xff,0xff,
    0xff,0xff,0xff,0xdb,0x20,0x00,0x00,0x00,0x00,0x9a,0xff,0xff,0xff,0x8f,0x00,0x00,
    0x00,0x00,0x00,0x00,0x00,0x00,0x00,0x00,0x00,0x00,0x00,0x00,0x00,0x00,0x00,0x00,
    0x00,0x00,0x00,0x00,0x00,0x00,0x00,0x00,0x00,0x00,0x00,0x00,0x46,0xfe,0xff,0xff,
    0xff,0xff,0xff,0xff,0xff,0xff,0xff,0xff,0xff,0xff,0xff,0xff,0xcf,0x17,0x00,0x00,
    0x00,0x00,0x00,0x71,0xff,0xff,0xff,0xba,0x00,0x00,0x00,0x00,0x00,0x00,0x00,0x00,
    0x00,0x00,0x00,0x00,0x00,0x00,0x00,0x00,0x00,0x00,0x00,0x00,0x00,0x00,0x00,0x00,
    0x00,0x00,0x00,0x00,0x00,0x04,0xd7,0xff,0xff,0xff,0xff,0xff,0xff,0xff,0xff,0xff,
    0xff,0xff,0xff,0xff,0xff,0xc2,0x0f,0x00,0x00,0x00,0x00,0x00,0x00,0x48,0xff,0xff,
    0xff,0xe5,0x00,0x00,0x00,0x00,0x00,0x00,0x00,0x00,0x00,0x00,0x00,0x00,0x00,0x00,
    0x00,0x00,0x00,0x00,0x00,0x00,0x00,0x00,0x00,0x00,0x00,0x00,0x00,0x00,0x00,0x6e,
    0xff,0xff,0xff,0xff,0xff,0xff,0xff,0xff,0xff,0xff,0xff,0xff,0xff,0xff,0xc4,0x0b,
    0x00,0x00,0x00,0x00,0x00,0x00,0x00,0x1e,0xff,0xff,0xff,0xff,0x11,0x00,0x00,0x00,
    0x00,0x00,0x00,0x00,0x00,0x00,0x00,0x00,0x00,0x00,0x00,0x00,0x00,0x00,0x00,0x00,
    0x00,0x00,0x00,0x00,0x00,0x00,0x00,0x00,0x12,0xed,0xff,0xff,0xff,0xff,0xff,0xff,
    0xff,0xff,0xff,0xff,0xff,0xff,0xff,0xcc,0x0e,0x00,0x00,0x00,0x00,0x00,0x00,0x00,
    0x00,0x01,0xf4,0xff,0xff,0xff,0x3c,0x00,0x00,0x00,0x00,0x00,0x00,0x00,0x00,0x00,
    0x00,0x00,0x00,0x00,0x00,0x00,0x00,0x00,0x00,0x00,0x00,0x00,0x00,0x00,0x00,0x00,
    0x00,0x00,0x92,0xff,0xff,0xff,0xff,0xff,0xff,0xff,0xff,0xff,0xff,0xff,0xff,0xff,
    0xd3,0x12,0x00,0x00,0x00,0x00,0x00,0x00,0x00,0x00,0x00,0x00,0xcc,0xff,0xff,0xff,
    0x67,0x00,0x00,0x00,0x00,0x00,0x00,0x00,0x00,0x00,0x00,0x00,0x00,0x00,0x00,0x00,
    0x00,0x00,0x00,0x00,0x00,0x00,0x00,0x00,0x00,0x00,0x00,0x1c,0xfb,0xff,0xff,0xff,
    0xff,0xff,0xff,0xff,0xff,0xff,0xff,0xff,0xff,0xe8,0x1e,0x00,0x00,0x00,0x00,0x00,
    0x00,0x00,0x00,0x00,0x00,0x00,0xa3,0xff,0xff,0xff,0x92,0x00,0x00,0x00,0x00,0x00,
    0x00,0x00,0x00,0x00,0x00,0x00,0x00,0x00,0x00,0x00,0x00,0x00,0x00,0x00,0x00,0x00,
    0x00,0x00,0x00,0x00,0x00,0x80,0xff,0xff,0xff,0xff,0xff,0xff,0xff,0xff,0xff,0xff,
    0xff,0xff,0xf9,0x3a,0x00,0x00,0x00,0x00,0x00,0x00,0x00,0x00,0x00,0x00,0x00,0x00,
    0x7a,0xff,0xff,0xff,0xbd,0x00,0x00,0x00,0x00,0x00,0x00,0x00,0x00,0x00,0x00,0x00,
    0x00,0x00,0x00,0x00,0x00,0x00,0x00,0x00,0x00,0x00,0x00,0x00,0x00,0x00,0x03,0xe4,
    0xff,0xff,0xff,0xff,0xff,0xff,0xff,0xff,0xff,0xff,0xff,0xff,0x61,0x00,0x00,0x00,
    0x00,0x00,0x00,0x00,0x00,0x00,0x00,0x00,0x00,0x00,0x50,0xff,0xff,0xff,0xff,0xf0,
    0xd9,0xc2,0xab,0x90,0x4f,0x0c,0x00,0x00,0x00,0x00,0x00,0x00,0x00,0x00,0x00,0x00,
    0x00,0x00,0x00,0x00,0x00,0x00,0x00,0x00,0x4f,0xff,0xff,0xff,0xff,0xff,0xff,0xff,
    0xff,0xff,0xff,0xff,0xff,0x9d,0x00,0x00,0x00,0x00,0x00,0x00,0x00,0x00,0x00,0x00,
    0x00,0x00,0x19,0x7b,0xe1,0xff,0xff,0xff,0xff,0xff,0xff,0xff,0xff,0xff,0xff,0xfa,
    0xbe,0x75,0x16,0x00,0x00,0x00,0x00,0x00,0x00,0x00,0x00,0x00,0x00,0x00,0x00,0x00,
    0x00,0x00,0xb7,0xff,0xff,0xff,0xff,0xff,0xff,0xff,0xff,0xff,0xff,0xff,0xde,0x0d,
    0x00,0x00,0x00,0x00,0x00,0x00,0x00,0x00,0x00,0x00,0x10,0x98,0xfb,0xff,0xff,0xff,
    0xff,0xff,0xff,0xff,0xff,0xff,0xff,0xff,0xff,0xff,0xff,0xff,0xf4,0x88,0x13,0x00,
    0x00,0x00,0x00,0x00,0x00,0x00,0x00,0x00,0x00,0x00,0x00,0x1b,0xfd,0xff,0xff,0xff,
    0xff,0xff,0xff,0xff,0xff,0xff,0xff,0xfd,0x3d,0x00,0x00,0x00,0x00,0x00,0x00,0x00,
    0x00,0x00,0x00,0x52,0xe6,0xff,0xff,0xff,0xff,0xff,0xff,0xff,0xff,0xff,0xff,0xff,
    0xff,0xff,0xff,0xff,0xff,0xff,0xff,0xff,0xf1,0x80,0x05,0x00,0x00,0x00,0x00,0x00,
    0x00,0x00,0x00,0x00,0x00,0x5b,0xff,0xff,0xff,0xff,0xff,0xff,0xff,0xff,0xff,0xff,
    0xff,0x8e,0x00,0x00,0x00,0x00,0x00,0x00,0x00,0x00,0x00,0x00,0x82,0xff,0xff,0xff,
    0xff,0xff,0xff,0xff,0xff,0xff,0xff,0xff,0xff,0xff,0xff,0xff,0xff,0xff,0xff,0xff,
    0xff,0xff,0xff,0xff,0xc3,0x17,0x00,0x00,0x00,0x00,0x00,0x00,0x00,0x00,0x00,0x98,
    0xff,0xff,0xff,0xff,0xff,0xff,0xff,0xff,0xff,0xff,0xed,0x10,0x00,0x00,0x00,0x00,
    0x00,0x00,0x00,0x00,0x03,0x9a,0xff,0xff,0xff,0xff,0xff,0xff,0xff,0xff,0xff,0xff,
    0xff,0xff,0xff,0xff,0xff,0xff,0xff,0xff,0xff,0xff,0xff,0xff,0xff,0xff,0xff,0xe3,
    0x35,0x00,0x00,0x00,0x00,0x00,0x00,0x00,0x00,0xd5,0xff,0xff,0xff,0xff,0xff,0xff,
    0xff,0xff,0xff,0xff,0x6f,0x00,0x00,0x00,0x00,0x00,0x00,0x00,0x00,0x00,0x93,0xff,
    0xff,0xff,0xff,0xff,0xff,0xff,0xff,0xff,0xff,0xff,0xff,0xff,0xff,0xff,0xff,0xff,
    0xff,0xff,0xff,0xff,0xff,0xff,0xff,0xff,0xff,0xff,0xf7,0x46,0x00,0x00,0x00,0x00,
    0x00,0x00,0x14,0xfe,0xff,0xff,0xff,0xff,0xff,0xff,0xff,0xff,0xff,0xdc,0x06,0x00,
    0x00,0x00,0x00,0x00,0x00,0x00,0x00,0x61,0xff,0xff,0xff,0xff,0xff,0xff,0xff,0xff,
    0xff,0xff,0xff,0xff,0xff,0xff,0xff,0xff,0xff,0xff,0xff,0xff,0xff,0xff,0xff,0xff,
    0xff,0xff,0xff,0xff,0xff,0xef,0x25,0x00,0x00,0x00,0x00,0x00,0x50,0xff,0xff,0xff,
    0xff,0xff,0xff,0xff,0xff,0xff,0xff,0x65,0x00,0x00,0x00,0x00,0x00,0x00,0x00,0x00,
    0x30,0xf8,0xff,0xff,0xff,0xff,0xff,0xff,0xff,0xff,0xff,0xff,0xff,0xff,0xff,0xff,
    0xff,0xff,0xff,0xff,0xff,0xff,0xff,0xff,0xff,0xff,0xff,0xff,0xff,0xff,0xff,0xff,
    0xd5,0x0d,0x00,0x00,0x00,0x00,0x83,0xff,0xff,0xff,0xff,0xff,0xff,0xff,0xff,0xff,
    0xf1,0x0b,0x00,0x00,0x00,0x00,0x00,0x00,0x00,0x01,0xc5,0xff,0xff,0xff,0xff,0xff,
    0xff,0xff,0xff,0xff,0xff,0xff,0xff,0xff,0xff,0xff,0xff,0xff,0xff,0xff,0xff,0xff,
    0xff,0xff,0xff,0xff,0xff,0xff,0xff,0xff,0xff,0xff,0xff,0xaf,0x00,0x00,0x00,0x00,
    0x98,0xff,0xff,0xff,0xff,0xff,0xff,0xff,0xff,0xff,0x94,0x00,0x00,0x00,0x00,0x00,
    0x00,0x00,0x00,0x5c,0xff,0xff,0xff,0xff,0xff,0xff,0xff,0xff,0xff,0xff,0xff,0xff,
    0xff,0xff,0xff,0xff,0xff,0xff,0xff,0xff,0xff,0xff,0xff,0xff,0xff,0xff,0xff,0xff,
    0xff,0xff,0xff,0xff,0xff,0xff,0x44,0x00,0x00,0x00,0xac,0xff,0xff,0xff,0xff,0xff,
    0xff,0xff,0xff,0xff,0x2d,0x00,0x00,0x00,0x00,0x00,0x00,0x00,0x03,0xe2,0xff,0xff,
    0xff,0xff,0xff,0xff,0xff,0xff,0xff,0xff,0xff,0xff,0xff,0xff,0xff,0xff,0xe6,0xc7,
    0xdd,0xf5,0xff,0xff,0xff,0xff,0xff,0xff,0xff,0xff,0xff,0xff,0xff,0xff,0xff,0xff,
    0xc8,0x00,0x00,0x00,0xc0,0xff,0xff,0xff,0xff,0xff,0xff,0xff,0xff,0xe0,0x00,0x00,
    0x00,0x00,0x00,0x00,0x00,0x00,0x4e,0xff,0xff,0xff,0xff,0xff,0xff,0xff,0xff,0xff,
    0xff,0xff,0xe8,0x94,0x8f,0xff,0xff,0xff,0xc0,0x00,0x00,0x03,0x37,0x7d,0xd3,0xff,
    0xff,0xff,0xff,0xff,0xff,0xff,0xff,0xff,0xff,0xff,0xff,0x4c,0x00,0x00,0xd4,0xff,
    0xff,0xff,0xff,0xff,0xff,0xff,0xff,0x9f,0x00,0x00,0x00,0x00,0x00,0x00,0x00,0x00,
    0xb5,0xff,0xff,0xff,0xff,0xff,0xff,0xff,0xff,0xff,0xeb,0x6c,0x07,0x00,0x33,0xff,
    0xff,0xff,0xea,0x00,0x00,0x00,0x00,0x00,0x01,0x51,0xd0,0xff,0xff,0xff,0xff,0xff,
    0xff,0xff,0xff,0xff,0xff,0xcc,0x00,0x00,0xe8,0xff,0xff,0xff,0xff,0xff,0xff,0xff,
    0xff,0x5f,0x00,0x00,0x00,0x00,0x00,0x00,0x00,0x12,0xfd,0xff,0xff,0xff,0xff,0xff,
    0xff,0xff,0xff,0xd4,0x21,0x00,0x00,0x00,0x09,0xfc,0xff,0xff,0xff,0x14,0x00,0x00,
    0x00,0x00,0x00,0x00,0x05,0x90,0xff,0xff,0xff,0xff,0xff,0xff,0xff,0xff,0xff,0xff,
    0x20,0x00,0xfa,0xff,0xff,0xff,0xff,0xff,0xff,0xff,0xff,0x21,0x00,0x00,0x00,0x00,
    0x00,0x00,0x00,0x4e,0xff,0xff,0xff,0xff,0xff,0xff,0xff,0xff,0xb6,0x0e,0x00,0x00,
    0x00,0x00,0x00,0xd8,0xff,0xff,0xff,0x3e,0x00,0x00,0x00,0x00,0x00,0x00,0x00,0x00,
    0x5e,0xfe,0xff,0xff,0xff,0xff,0xff,0xff,0xff,0xff,0x68,0x00,0xf5,0xff,0xff,0xff,
    0xff,0xff,0xff,0xff,0xfd,0x02,0x00,0x00,0x00,0x00,0x00,0x00,0x00,0x8b,0xff,0xff,
    0xff,0xff,0xff,0xff,0xff,0xb4,0x03,0x00,0x00,0x00,0x00,0x00,0x00,0xab,0xff,0xff,
    0xff,0x69,0x00,0x00,0x00,0x00,0x00,0x00,0x00,0x00,0x00,0x79,0xff,0xff,0xff,0xff,
    0xff,0xff,0xff,0xff,0xb1,0x00,0xe8,0xff,0xff,0xff,0xff,0xff,0xff,0xff,0xe9,0x00,
    0x00,0x00,0x00,0x00,0x00,0x00,0x00,0xc0,0xff,0xff,0xff,0xff,0xff,0xff,0xe7,0x14,
    0x00,0x00,0x00,0x00,0x00,0x00,0x00,0x7e,0xff,0xff,0xff,0x94,0x00,0x00,0x00,0x00,
    0x00,0x00,0x00,0x00,0x00,0x00,0xaf,0xff,0xff,0xff,0xff,0xff,0xff,0xff,0xf3,0x06,
    0xda,0xff,0xff,0xff,0xff,0xff,0xff,0xff,0xd3,0x00,0x00,0x00,0x00,0x00,0x00,0x00,
    0x00,0xd7,0xff,0xff,0xff,0xff,0xff,0xff,0x6b,0x00,0x00,0x00,0x00,0x00,0x00,0x00,
    0x00,0x51,0xff,0xff,0xff,0xbf,0x00,0x00,0x00,0x00,0x00,0x00,0x00,0x00,0x00,0x00,
    0x24,0xfb,0xff,0xff,0xff,0xff,0xff,0xff,0xff,0x2f,0xba,0xff,0xff,0xff,0xff,0xff,
    0xff,0xff,0xbf,0x00,0x00,0x00,0x00,0x00,0x00,0x00,0x00,0xeb,0xff,0xff,0xff,0xff,
    0xff,0xed,0x08,0x00,0x00,0x00,0x00,0x00,0x00,0x00,0x00,0x23,0xff,0xff,0xff,0xeb,
    0x00,0x00,0x00,0x00,0x00,0x00,0x00,0x00,0x00,0x00,0x00,0x98,0xff,0xff,0xff,0xff,
    0xff,0xff,0xff,0x45,0x90,0xff,0xff,0xff,0xff,0xff,0xff,0xff,0xc9,0x00,0x00,0x00,
    0x00,0x00,0x00,0x00,0x00,0xfa,0xff,0xff,0xff,0xff,0xff,0xa5,0x00,0x00,0x00,0x00,
    0x00,0x00,0x00,0x00,0x00,0x01,0xf4,0xff,0xff,0xff,0x16,0x00,0x00,0x00,0x00,0x00,
    0x00,0x00,0x00,0x00,0x00,0x3d,0xff,0xff,0xff,0xff,0xff,0xff,0xff,0x5c,0x66,0xff,
    0xff,0xff,0xff,0xff,0xff,0xff,0xe3,0x00,0x00,0x00,0x00,0x00,0x00,0x00,0x00,0xe9,
    0xff,0xff,0xff,0xff,0xff,0x66,0x00,0x00,0x00,0x00,0x00,0x00,0x00,0x00,0x00,0x00,
    0xc9,0xff,0xff,0xff,0x41,0x00,0x00,0x00,0x00,0x00,0x00,0x00,0x00,0x00,0x00,0x03,
    0xee,0xff,0xff,0xff,0xff,0xff,0xff,0x73,0x2c,0xff,0xff,0xff,0xff,0xff,0xff,0xff,
    0xfb,0x02,0x00,0x00,0x00,0x00,0x00,0x00,0x00,0xd1,0xff,0xff,0xff,0xff,0xff,0x4b,
    0x00,0x00,0x00,0x00,0x00,0x00,0x00,0x00,0x00,0x00,0x9c,0xff,0xff,0xff,0x6d,0x00,
    0x00,0x00,0x00,0x00,0x00,0x00,0x00,0x00,0x00,0x00,0xb2,0xff,0xff,0xff,0xff,0xff,
    0xff,0x89,0x00,0xe5,0xff,0xff,0xff,0xff,0xff,0xff,0xff,0x17,0x00,0x00,0x00,0x00,
    0x00,0x00,0x00,0xa2,0xff,0xff,0xff,0xff,0xff,0x3f,0x00,0x00,0x00,0x00,0x00,0x00,
    0x00,0x00,0x00,0x00,0x6f,0xff,0xff,0xff,0x99,0x00,0x00,0x00,0x00,0x00,0x00,0x00,
    0x00,0x00,0x00,0x00,0x98,0xff,0xff,0xff,0xff,0xff,0xff,0x8e,0x00,0xa0,0xff,0xff,
    0xff,0xff,0xff,0xff,0xff,0x35,0x00,0x00,0x00,0x00,0x00,0x00,0x00,0x5f,0xff,0xff,
    0xff,0xff,0xff,0x5a,0x00,0x00,0x00,0x00,0x00,0x00,0x00,0x00,0x00,0x00,0x41,0xff,
    0xff,0xff,0xc5,0x00,0x00,0x00,0x00,0x00,0x00,0x00,0x00,0x00,0x00,0x00,0x80,0xff,
    0xff,0xff,0xff,0xff,0xff,0x77,0x00,0x46,0xff,0xff,0xff,0xff,0xff,0xff,0xff,0x7c,
    0x00,0x00,0x00,0x00,0x00,0x00,0x00,0x1a,0xfc,0xff,0xff,0xff,0xff,0x79,0x00,0x00,
    0x00,0x00,0x00,0x00,0x00,0x00,0x00,0x00,0x14,0xff,0xff,0xff,0xf1,0x00,0x00,0x00,
    0x00,0x00,0x00,0x00,0x00,0x00,0x00,0x00,0x75,0xff,0xff,0xff,0xff,0xff,0xff,0x60,
    0x00,0x01,0xdf,0xff,0xff,0xff,0xff,0xff,0xff,0xcf,0x00,0x00,0x00,0x00,0x00,0x00,
    0x00,0x00,0xaf,0xff,0xff,0xff,0xff,0xad,0x00,0x00,0x00,0x00,0x00,0x00,0x00,0x00,
    0x00,0x00,0x00,0xe7,0xff,0xff,0xff,0x1d,0x00,0x00,0x00,0x00,0x00,0x00,0x00,0x00,
    0x00,0x00,0x82,0xff,0xff,0xff,0xff,0xff,0xff,0x46,0x00,0x00,0x7b,0xff,0xff,0xff,
    0xff,0xff,0xff,0xff,0x23,0x00,0x00,0x00,0x00,0x00,0x00,0x00,0x43,0xff,0xff,0xff,
    0xff,0xfc,0x20,0x00,0x00,0x00,0x00,0x00,0x00,0x00,0x00,0x00,0x00,0xba,0xff,0xff,
    0xff,0x49,0x00,0x00,0x00,0x00,0x00,0x00,0x00,0x00,0x00,0x00,0x92,0xff,0xff,0xff,
    0xff,0xff,0xfc,0x0e,0x00,0x00,0x0f,0xee,0xff,0xff,0xff,0xff,0xff,0xff,0x75,0x00,
    0x00,0x00,0x00,0x00,0x00,0x00,0x00,0xbd,0xff,0xff,0xff,0xff,0x97,0x00,0x00,0x00,
    0x00,0x00,0x00,0x00,0x00,0x00,0x00,0x8c,0xff,0xff,0xff,0x75,0x00,0x00,0x00,0x00,
    0x00,0x00,0x00,0x00,0x00,0x00,0xb7,0xff,0xff,0xff,0xff,0xff,0xc9,0x00,0x00,0x00,
    0x00,0x7b,0xff,0xff,0xff,0xff,0xff,0xff,0xe0,0x08,0x00,0x00,0x00,0x00,0x00,0x00,
    0x00,0x27,0xf9,0xff,0xff,0xff,0xff,0x63,0x00,0x00,0x00,0x00,0x00,0x00,0x00,0x00,
    0x00,0x5f,0xff,0xff,0xff,0xa1,0x00,0x00,0x00,0x00,0x00,0x00,0x00,0x00,0x00,0x00,
    0xe0,0xff,0xff,0xff,0xff,0xff,0x88,0x00,0x00,0x00,0x00,0x0c,0xe3,0xff,0xff,0xff,
    0xff,0xff,0xff,0x7d,0x00,0x00,0x00,0x00,0x00,0x00,0x00,0x00,0x72,0xff,0xff,0xff,
    0xff,0xfc,0x57,0x00,0x00,0x00,0x00,0x00,0x00,0x00,0x00,0x32,0xff,0xff,0xff,0xcd,
    0x00,0x00,0x00,0x00,0x00,0x00,0x00,0x00,0x00,0x1d,0xff,0xff,0xff,0xff,0xff,0xff,
    0x2d,0x00,0x00,0x00,0x00,0x00,0x4b,0xff,0xff,0xff,0xff,0xff,0xff,0xf5,0x1d,0x00,
    0x00,0x00,0x00,0x00,0x00,0x00,0x00,0x98,0xff,0xff,0xff,0xff,0xff,0x97,0x09,0x00,
    0x00,0x00,0x00,0x00,0x00,0x08,0xfc,0xff,0xff,0xf7,0x02,0x00,0x00,0x00,0x00,0x00,
    0x00,0x00,0x00,0x66,0xff,0xff,0xff,0xff,0xff,0xbe,0x00,0x00,0x00,0x00,0x00,0x00,
    0x00,0xa4,0xff,0xff,0xff,0xff,0xff,0xff,0xa8,0x00,0x00,0x00,0x00,0x00,0x00,0x00,
    0x00,0x03,0x9f,0xff,0xff,0xff,0xff,0xff,0xd7,0x35,0x00,0x00,0x00,0x00,0x00,0x00,
    0xd8,0xff,0xff,0xff,0x26,0x00,0x00,0x00,0x00,0x00,0x00,0x00,0x00,0xbc,0xff,0xff,
    0xff,0xff,0xff,0x50,0x00,0x00,0x00,0x00,0x00,0x00,0x00,0x0a,0xca,0xff,0xff,0xff,
    0xff,0xff,0xff,0x70,0x00,0x00,0x00,0x00,0x00,0x00,0x00,0x00,0x00,0x68,0xf8,0xff,
    0xff,0xff,0xff,0xfb,0x54,0x00,0x00,0x00,0x00,0x00,0xaa,0xff,0xff,0xff,0x52,0x00,
    0x00,0x00,0x00,0x00,0x00,0x00,0x2b,0xff,0xff,0xff,0xff,0xff,0xce,0x02,0x00,0x00,
    0x00,0x00,0x00,0x00,0x00,0x00,0x17,0xde,0xff,0xff,0xff,0xff,0xff,0xfe,0x59,0x00,
    0x00,0x00,0x00,0x00,0x00,0x00,0x00,0x00,0x1c,0x8a,0xf1,0xff,0xff,0xff,0x83,0x00,
    0x00,0x00,0x00,0x00,0x7d,0xff,0xff,0xff,0x7e,0x00,0x00,0x00,0x00,0x00,0x00,0x00,
    0xa5,0xff,0xff,0xff,0xff,0xfd,0x37,0x00,0x00,0x00,0x00,0x00,0x00,0x00,0x00,0x00,
    0x00,0x28,0xed,0xff,0xff,0xff,0xff,0xff,0xf9,0x45,0x00,0x00,0x00,0x00,0x00,0x00,
    0x00,0x00,0x00,0x00,0x06,0x29,0x4f,0x4f,0x08,0x00,0x00,0x00,0x00,0x00,0x50,0xff,
    0xff,0xff,0xab,0x00,0x00,0x00,0x00,0x00,0x00,0x43,0xff,0xff,0xff,0xff,0xff,0x96,
    0x00,0x00,0x00,0x00,0x00,0x00,0x00,0x00,0x00,0x00,0x00,0x00,0x3d,0xf8,0xff,0xff,
    0xff,0xff,0xff,0xf4,0x5c,0x00,0x00,0x00,0x00,0x00,0x00,0x00,0x00,0x00,0x00,0x00,
    0x00,0x00,0x00,0x00,0x00,0x00,0x00,0x00,0x23,0xff,0xff,0xff,0xd7,0x00,0x00,0x00,
    0x00,0x00,0x14,0xde,0xff,0xff,0xff,0xff,0xd6,0x0e,0x00,0x00,0x00,0x00,0x00,0x00,
    0x00,0x00,0x00,0x00,0x00,0x00,0x00,0x48,0xef,0xff,0xff,0xff,0xff,0xff,0xff,0x9e,
    0x0a,0x00,0x00,0x00,0x00,0x00,0x00,0x00,0x00,0x00,0x00,0x00,0x00,0x00,0x00,0x00,
    0x00,0x00,0x01,0xf4,0xff,0xff,0xfc,0x08,0x00,0x00,0x00,0x0a,0xc8,0xff,0xff,0xff,
    0xff,0xec,0x22,0x00,0x00,0x00,0x00,0x00,0x00,0x00,0x00,0x00,0x00,0x00,0x00,0x00,
    0x00,0x00,0x23,0xd1,0xff,0xff,0xff,0xff,0xff,0xff,0xd6,0x32,0x00,0x00,0x00,0x00,
    0x00,0x00,0x00,0x00,0x00,0x00,0x00,0x00,0x00,0x00,0x00,0x00,0x00,0xc8,0xff,0xff,
    0xff,0x31,0x00,0x00,0x19,0xc5,0xff,0xff,0xff,0xff,0xf8,0x3e,0x00,0x00,0x00,0x00,
    0x00,0x00,0x00,0x00,0x00,0x00,0x00,0x00,0x00,0x00,0x00,0x00,0x00,0x09,0xa3,0xff,
    0xff,0xff,0xff,0xff,0xff,0xfe,0xb1,0x37,0x00,0x00,0x00,0x00,0x00,0x00,0x00,0x00,
    0x00,0x00,0x00,0x00,0x00,0x00,0x00,0x9b,0xff,0xff,0xff,0x5d,0x00,0x4d,0xe7,0xff,
    0xff,0xff,0xff,0xef,0x40,0x00,0x00,0x00,0x00,0x00,0x00,0x00,0x00,0x00,0x00,0x00,
    0x00,0x00,0x00,0x00,0x00,0x00,0x00,0x00,0x00,0x6c,0xf9,0xff,0xff,0xff,0xff,0xff,
    0xff,0xff,0xbc,0x4b,0x09,0x00,0x00,0x00,0x00,0x00,0x00,0x00,0x00,0x00,0x00,0x00,
    0x00,0x6e,0xff,0xff,0xff,0xb4,0xc6,0xff,0xff,0xff,0xff,0xff,0xe3,0x2c,0x00,0x00,
    0x00,0x00,0x00,0x00,0x00,0x00,0x00,0x00,0x00,0x00,0x00,0x00,0x00,0x00,0x00,0x00,
    0x00,0x00,0x00,0x00,0x20,0x9f,0xfc,0xff,0xff,0xff,0xff,0xff,0xff,0xff,0xf8,0xbb,
    0x76,0x31,0x0a,0x00,0x00,0x00,0x00,0x00,0x00,0x00,0x08,0x62,0xff,0xff,0xff,0xff,
    0xff,0xff,0xff,0xff,0xff,0xae,0x18,0x00,0x00,0x00,0x00,0x00,0x00,0x00,0x00,0x00,
    0x00,0x00,0x00,0x00,0x00,0x00,0x00,0x00,0x00,0x00,0x00,0x00,0x00,0x00,0x00,0x00,
    0x27,0xa8,0xfe,0xff,0xff,0xff,0xff,0xff,0xff,0xff,0xff,0xff,0xff,0xf3,0xdd,0xc7,
    0xb4,0xbb,0xc8,0xde,0xfd,0xff,0xff,0xff,0xff,0xff,0xff,0xff,0xff,0xe6,0x52,0x00,
    0x00,0x00,0x00,0x00,0x00,0x00,0x00,0x00,0x00,0x00,0x00,0x00,0x00,0x00,0x00,0x00,
    0x00,0x00,0x00,0x00,0x00,0x00,0x00,0x00,0x00,0x00,0x00,0x00,0x2f,0xaa,0xf8,0xff,
    0xff,0xff,0xff,0xff,0xff,0xff,0xff,0xff,0xff,0xff,0xff,0xff,0xff,0xff,0xff,0xff,
    0xff,0xff,0xff,0xff,0xff,0xd5,0x69,0x0b,0x00,0x00,0x00,0x00,0x00,0x00,0x00,0x00,
    0x00,0x00,0x00,0x00,0x00,0x00,0x00,0x00,0x00,0x00,0x00,0x00,0x00,0x00,0x00,0x00,
    0x00,0x00,0x00,0x00,0x00,0x00,0x00,0x00,0x10,0x63,0xb6,0xf3,0xff,0xff,0xff,0xff,
    0xff,0xff,0xff,0xff,0xff,0xff,0xff,0xff,0xff,0xff,0xff,0xff,0xff,0xff,0x68,0x00,
    0x00,0x00,0x00,0x00,0x00,0x00,0x00,0x00,0x00,0x00,0x00,0x00,0x00,0x00,0x00,0x00,
    0x00,0x00,0x00,0x00,0x00,0x00,0x00,0x00,0x00,0x00,0x00,0x00,0x00,0x00,0x00,0x00,
    0x00,0x00,0x00,0x00,0x00,0x04,0x36,0x6f,0x95,0xbb,0xda,0xe8,0xf4,0xfc,0xf2,0xe6,
    0xda,0xc7,0xa5,0x82,0xa8,0xff,0xff,0xff,0x60,0x00,0x00,0x00,0x00,0x00,0x00,0x00,
    0x00,0x00,0x00,0x00,0x00,0x00,0x00,0x00,0x00,0x00,0x00,0x00,0x00,0x00,0x00,0x00,
    0x00,0x00,0x00,0x00,0x00,0x00,0x00,0x00,0x00,0x00,0x00,0x00,0x00,0x00,0x00,0x00,
    0x00,0x00,0x00,0x00,0x00,0x00,0x00,0x00,0x00,0x00,0x00,0x00,0x00,0x00,0x45,0xff,
    0xff,0xff,0x89,0x00,0x00,0x00,0x00,0x00,0x00,0x00,0x00,0x00,0x00,0x00,0x00,0x00,
    0x00,0x00,0x00,0x00,0x00,0x00,0x00,0x00,0x00,0x00,0x00,0x00,0x00,0x00,0x00,0x00,
    0x00,0x00,0x00,0x00,0x00,0x00,0x00,0x00,0x00,0x00,0x00,0x00,0x00,0x00,0x00,0x00,
    0x00,0x00,0x00,0x00,0x00,0x00,0x00,0x00,0x15,0xff,0xff,0xff,0xb4,0x00,0x00,0x00,
    0x00,0x00,0x00,0x00,0x00,0x00,0x00,0x00,0x00,0x00,0x00,0x00,0x00,0x00,0x00,0x00,
    0x00,0x00,0x00,0x00,0x00,0x00,0x00,0x00,0x00,0x00,0x00,0x00,0x00,0x00,0x00,0x00,
    0x00,0x00,0x00,0x00,0x00,0x00,0x00,0x00,0x00,0x00,0x00,0x00,0x00,0x00,0x00,0x00,
    0x00,0x00,0x00,0xe5,0xff,0xff,0xe1,0x00,0x00,0x00,0x00,0x00,0x00,0x00,0x00,0x00,
    0x00,0x00,0x00,0x00,0x00,0x00,0x00,0x00,0x00,0x00,0x00,0x00,0x00,0x00,0x00,0x00,
    0x00,0x00,0x00,0x00,0x00,0x00,0x00,0x00,0x00,0x00,0x00,0x00,0x00,0x00,0x00,0x00,
    0x00,0x00,0x00,0x00,0x00,0x00,0x00,0x00,0x00,0x00,0x00,0x00,0x00,0xb5,0xff,0xff,
    0xff,0x0f,0x00,0x00,0x00,0x00,0x00,0x00,0x00,0x00,0x00,0x00,0x00,0x00,0x00,0x00,
    0x00,0x00,0x00,0x00,0x00,0x00,0x00,0x00,0x00,0x00,0x00,0x00,0x00,0x00,0x00,0x00,
    0x00,0x00,0x00,0x00,0x00,0x00,0x00,0x00,0x00,0x00,0x00,0x00,0x00,0x00,0x00,0x00,
    0x00,0x00,0x00,0x00,0x00,0x00,0x00,0x84,0xff,0xff,0xff,0x3b,0x00,0x00,0x00,0x00,
    0x00,0x00,0x00,0x00,0x00,0x00,0x00,0x00,0x00,0x00,0x00,0x00,0x00,0x00,0x00,0x00,
    0x00,0x00,0x00,0x00,0x00,0x00,0x00,0x00,0x00,0x00,0x00,0x00,0x00,0x00,0x00,0x00,
    0x00,0x00,0x00,0x00,0x00,0x00,0x00,0x00,0x00,0x00,0x00,0x00,0x00,0x00,0x00,0x00,
    0x00,0x55,0xff,0xff,0xff,0x66,0x00,0x00,0x00,0x00,0x00,0x00,0x00,0x00,0x00,0x00,
    0x00,0x00,0x00,0x00,0x00,0x00,0x00,0x00,0x00,0x00,0x00,0x00,0x00,0x00,0x00,0x00,
    0x00,0x00,0x00,0x00,0x00,0x00,0x00,0x00,0x00,0x00,0x00,0x00,0x00,0x00,0x00,0x00,
    0x00,0x00,0x00,0x00,0x00,0x00,0x00,0x00,0x00,0x00,0x00,0x2c,0xff,0xff,0xff,0x91,
    0x00,0x00,0x00,0x00,0x00,0x00,0x00,0x00,0x00,0x00,0x00,0x00,0x00,0x00,0x00,0x00,
    0x00,0x00,0x00,0x00,0x00,0x00,0x00,0x00,0x00,0x00,0x00,0x00,0x00,0x00,0x00,0x00,
    0x00,0x00,0x00,0x00,0x00,0x00,0x00,0x00,0x00,0x00,0x00,0x00,0x00,0x00,0x00,0x00,
    0x00,0x00,0x00,0x00,0x00,0x06,0xfc,0xff,0xff,0xbb,0x00,0x00,0x00,0x00,0x00,0x00,
    0x00,0x00,0x00,0x00,0x00,0x00,0x00,0x00,0x00,0x00,0x00,0x00,0x00,0x00,0x00,0x00,
    0x00,0x00,0x00,0x00,0x00,0x00,0x00,0x00,0x00,0x00,0x00,0x00,0x00,0x00,0x00,0x00,
    0x00,0x00,0x00,0x00,0x00,0x00,0x00,0x00,0x00,0x00,0x00,0x00,0x00,0x00,0x00,0x00,
    0xd9,0xff,0xff,0xe6,0x00,0x00,0x00,0x00,0x00,0x00,0x00,0x00,0x00,0x00,0x00,0x00,
    0x00,0x00,0x00,0x00,0x00,0x00,0x00,0x00,0x00,0x00,0x00,0x00,0x00,0x00,0x00,0x00,
    0x00,0x00,0x00,0x00,0x00,0x00,0x00,0x00,0x00,0x00,0x00,0x00,0x00,0x00,0x00,0x00,
    0x00,0x00,0x00,0x00,0x00,0x00,0x00,0x00,0x00,0x00,0xb0,0xff,0xff,0xff,0x11,0x00,
    0x00,0x00,0x00,0x00,0x00,0x00,0x00,0x00,0x00,0x00,0x00,0x00,0x00,0x00,0x00,0x00,
    0x00,0x00,0x00,0x00,0x00,0x00,0x00,0x00,0x00,0x00,0x00,0x00,0x00,0x00,0x00,0x00,
    0x00,0x00,0x00,0x00,0x00,0x00,0x00,0x00,0x00,0x00,0x00,0x00,0x00,0x00,0x00,0x00,
    0x00,0x00,0x00,0x00,0x87,0xff,0xff,0xff,0x37,0x00,0x00,0x00,0x00,0x00,0x00,0x00,
    0x00,0x00,0x00,0x00,0x00,0x00,0x00,0x00,0x00,0x00,0x00,0x00,0x00,0x00,0x00,0x00,
    0x00,0x00,0x00,0x00,0x00,0x00,0x00,0x00,0x00,0x00,0x00,0x00,0x00,0x00,0x00,0x00,
    0x00,0x00,0x00,0x00,0x00,0x00,0x00,0x00,0x00,0x00,0x00,0x00,0x00,0x00,0x67,0xff,
    0xff,0xff,0x5b,0x00,0x00,0x00,0x00,0x00,0x00,0x00,0x00,0x00,0x00,0x00,0x00,0x00,
    0x00,0x00,0x00,0x00,0x00,0x00,0x00,0x00,0x00,0x00,0x00,0x00,0x00,0x00,0x00,0x00,
    0x00,0x07,0x4c,0x87,0xa1,0xb0,0x9a,0x7f,0x3e,0x03,0x00,0x00,0x00,0x00,0x00,0x00,
    0x00,0x00,0x00,0x00,0x00,0x00,0x00,0x00,0x49,0xff,0xff,0xff,0x7e,0x00,0x00,0x00,
    0x00,0x00,0x00,0x00,0x00,0x00,0x00,0x00,0x00,0x00,0x00,0x00,0x00,0x00,0x00,0x00,
    0x00,0x00,0x00,0x00,0x00,0x00,0x00,0x00,0x00,0x0a,0x81,0xf2,0xff,0xff,0xff,0xff,
    0xff,0xff,0xff,0xeb,0x74,0x07,0x00,0x00,0x00,0x00,0x00,0x00,0x00,0x00,0x00,0x00,
    0x00,0x00,0x2b,0xff,0xff,0xff,0x9f,0x00,0x00,0x00,0x00,0x00,0x00,0x00,0x00,0x00,
    0x00,0x00,0x00,0x00,0x00,0x00,0x00,0x00,0x00,0x00,0x00,0x00,0x00,0x00,0x00,0x00,
    0x00,0x00,0x29,0xdf,0xff,0xff,0xff,0xff,0xff,0xff,0xff,0xff,0xff,0xff,0xff,0xd8,
    0x24,0x00,0x00,0x00,0x00,0x00,0x00,0x00,0x00,0x00,0x00,0x00,0x0e,0xff,0xff,0xff,
    0xb7,0x00,0x00,0x00,0x00,0x00,0x00,0x00,0x00,0x00,0x00,0x00,0x00,0x00,0x00,0x00,
    0x00,0x00,0x00,0x00,0x00,0x00,0x00,0x00,0x00,0x00,0x00,0x2f,0xec,0xff,0xff,0xff,
    0xff,0xff,0xff,0xff,0xff,0xff,0xff,0xff,0xff,0xff,0xeb,0x2b,0x00,0x00,0x00,0x00,
    0x00,0x00,0x00,0x00,0x00,0x00,0x00,0xf7,0xff,0xff,0xcf,0x00,0x00,0x00,0x00,0x00,
    0x00,0x00,0x00,0x00,0x00,0x00,0x00,0x00,0x00,0x00,0x00,0x00,0x00,0x00,0x00,0x00,
    0x00,0x00,0x00,0x00,0x0c,0xd9,0xff,0xff,0xff,0xff,0xff,0xff,0xff,0xff,0xff,0xff,
    0xff,0xff,0xff,0xff,0xff,0xd8,0x0c,0x00,0x00,0x00,0x00,0x00,0x00,0x00,0x00,0x00,
    0x00,0xea,0xff,0xff,0xe4,0x00,0x00,0x00,0x00,0x00,0x00,0x00,0x00,0x00,0x00,0x00,
    0x00,0x00,0x00,0x00,0x00,0x00,0x00,0x00,0x00,0x00,0x00,0x00,0x00,0x00,0x8c,0xff,
    0xff,0xff,0xff,0xff,0xff,0xff,0xff,0xff,0xff,0xff,0xff,0xff,0xff,0xff,0xff,0xff,
    0x83,0x00,0x00,0x00,0x00,0x00,0x00,0x00,0x00,0x00,0x00,0xde,0xff,0xff,0xed,0x00,
    0x00,0x00,0x00,0x00,0x00,0x00,0x00,0x00,0x00,0x00,0x00,0x00,0x00,0x00,0x00,0x00,
    0x00,0x00,0x00,0x00,0x00,0x00,0x00,0x12,0xf4,0xff,0xff,0xff,0xff,0xff,0xff,0xff,
    0xff,0xff,0xff,0xff,0xff,0xff,0xff,0xff,0xff,0xff,0xf2,0x0e,0x00,0x00,0x00,0x00,
    0x00,0x00,0x00,0x00,0x00,0xd2,0xff,0xff,0xf7,0x00,0x00,0x00,0x00,0x00,0x00,0x00,
    0x00,0x00,0x00,0x00,0x00,0x00,0x00,0x00,0x00,0x00,0x00,0x00,0x00,0x00,0x00,0x00,
    0x00,0x6a,0xff,0xff,0xff,0xff,0xff,0xff,0xff,0xff,0xff,0xff,0xff,0xff,0xff,0xff,
    0xff,0xff,0xff,0xff,0xff,0x54,0x00,0x00,0x00,0x00,0x00,0x00,0x00,0x00,0x00,0xd5,
    0xff,0xff,0xf2,0x00,0x00,0x00,0x00,0x00,0x00,0x00,0x00,0x00,0x00,0x00,0x00,0x00,
    0x00,0x00,0x00,0x00,0x00,0x00,0x00,0x00,0x00,0x00,0x00,0xae,0xff,0xff,0xff,0xff,
    0xff,0xff,0xff,0xff,0xff,0xff,0xff,0xff,0xff,0xff,0xff,0xff,0xff,0xff,0xff,0x96,
    0x00,0x00,0x00,0x00,0x00,0x00,0x00,0x00,0x00,0xe6,0xff,0xff,0xe2,0x00,0x00,0x00,
    0x00,0x00,0x00,0x00,0x00,0x00,0x00,0x00,0x00,0x00,0x00,0x00,0x00,0x00,0x00,0x00,
    0x00,0x00,0x00,0x00,0x00,0xe0,0xff,0xff,0xff,0xff,0xff,0xff,0xff,0xff,0xff,0xff,
    0xff,0xff,0xff,0xff,0xff,0xff,0xff,0xff,0xff,0xb1,0x00,0x00,0x00,0x00,0x00,0x00,
    0x00,0x00,0x00,0xf8,0xff,0xff,0xd1,0x00,0x00,0x00,0x00,0x00,0x00,0x00,0x00,0x00,
    0x00,0x00,0x00,0x00,0x00,0x00,0x00,0x00,0x00,0x00,0x00,0x00,0x00,0x00,0x00,0xf6,
    0xff,0xff,0xff,0xff,0xff,0xff,0xff,0xff,0xff,0xff,0xff,0xff,0xff,0xff,0xff,0xff,
    0xff,0xff,0xff,0xbb,0x00,0x00,0x00,0x00,0x00,0x00,0x00,0x00,0x15,0xff,0xff,0xff,
    0xc1,0x00,0x00,0x00,0x00,0x00,0x00,0x00,0x00,0x00,0x00,0x00,0x00,0x00,0x00,0x00,
    0x00,0x00,0x00,0x00,0x00,0x00,0x00,0x00,0x02,0xfe,0xff,0xff,0xff,0xff,0xff,0xff,
    0xff,0xff,0xff,0xff,0xff,0xff,0xff,0xff,0xff,0xff,0xff,0xff,0xff,0xa4,0x00,0x00,
    0x00,0x00,0x00,0x00,0x00,0x00,0x4e,0xff,0xff,0xff,0xa4,0x00,0x00,0x00,0x00,0x00,
    0x00,0x00,0x00,0x00,0x00,0x00,0x00,0x00,0x00,0x00,0x00,0x00,0x00,0x00,0x00,0x00,
    0x00,0x00,0x00,0xea,0xff,0xff,0xff,0xff,0xff,0xff,0xff,0xff,0xff,0xff,0xff,0xff,
    0xff,0xff,0xff,0xff,0xff,0xff,0xff,0x7f,0x00,0x00,0x00,0x00,0x00,0x00,0x00,0x00,
    0x89,0xff,0xff,0xff,0x68,0x00,0x00,0x00,0x00,0x00,0x00,0x00,0x00,0x00,0x00,0x00,
    0x00,0x00,0x00,0x00,0x00,0x00,0x00,0x00,0x00,0x00,0x00,0x00,0x00,0xcd,0xff,0xff,
    0xff,0xff,0xff,0xff,0xff,0xff,0xff,0xff,0xff,0xff,0xff,0xff,0xff,0xff,0xff,0xff,
    0xff,0x35,0x00,0x00,0x00,0x00,0x00,0x00,0x00,0x01,0xd7,0xff,0xff,0xff,0x2c,0x00,
    0x00,0x00,0x00,0x00,0x00,0x00,0x00,0x00,0x00,0x00,0x00,0x00,0x00,0x00,0x00,0x00,
    0x00,0x00,0x00,0x00,0x00,0x00,0x00,0x8b,0xff,0xff,0xff,0xff,0xff,0xff,0xff,0xff,
    0xff,0xff,0xff,0xff,0xff,0xff,0xff,0xff,0xff,0xff,0xd1,0x01,0x00,0x00,0x00,0x00,
    0x00,0x00,0x00,0x4b,0xff,0xff,0xff,0xee,0x01,0x00,0x00,0x00,0x00,0x00,0x00,0x00,
    0x00,0x00,0x00,0x00,0x00,0x00,0x00,0x00,0x00,0x00,0x00,0x00,0x00,0x00,0x00,0x00,
    0x00,0x40,0xff,0xff,0xff,0xff,0xff,0xff,0xff,0xff,0xff,0xff,0xff,0xff,0xff,0xff,
    0xff,0xff,0xff,0xff,0x4c,0x00,0x00,0x00,0x00,0x00,0x00,0x00,0x01,0xc3,0xff,0xff,
    0xff,0xa8,0x00,0x00,0x00,0x00,0x00,0x00,0x00,0x00,0x00,0x00,0x00,0x00,0x00,0x00,
    0x00,0x00,0x00,0x00,0x00,0x00,0x00,0x00,0x00,0x00,0x00,0x02,0xd3,0xff,0xff,0xff,
    0xff,0xff,0xff,0xff,0xff,0xff,0xff,0xff,0xff,0xff,0xff,0xff,0xff,0x94,0x00,0x00,
    0x00,0x00,0x00,0x00,0x00,0x00,0x7a,0xff,0xff,0xff,0xff,0x3d,0x00,0x00,0x00,0x00,
    0x00,0x00,0x00,0x00,0x00,0x00,0x00,0x00,0x00,0x00,0x00,0x00,0x00,0x00,0x00,0x00,
    0x00,0x00,0x00,0x00,0x00,0x00,0x51,0xff,0xff,0xff,0xff,0xff,0xff,0xff,0xff,0xff,
    0xff,0xff,0xff,0xff,0xff,0xff,0xa5,0x05,0x00,0x00,0x00,0x00,0x00,0x00,0x00,0x4a,
    0xfc,0xff,0xff,0xff,0xc3,0x00,0x00,0x00,0x00,0x00,0x00,0x00,0x00,0x00,0x00,0x00,
    0x00,0x00,0x00,0x00,0x00,0x00,0x00,0x00,0x00,0x00,0x00,0x00,0x00,0x00,0x00,0x00,
    0x00,0xb6,0xff,0xff,0xff,0xff,0xff,0xff,0xff,0xff,0xff,0xff,0xff,0xff,0xf5,0x74,
    0x01,0x00,0x00,0x00,0x00,0x00,0x00,0x00,0x70,0xfc,0xff,0xff,0xff,0xfb,0x2e,0x00,
    0x00,0x00,0x00,0x00,0x00,0x00,0x00,0x00,0x00,0x00,0x00,0x00,0x00,0x00,0x00,0x00,
    0x00,0x00,0x00,0x00,0x00,0x00,0x00,0x00,0x00,0x00,0x00,0x10,0xda,0xff,0xff,0xff,
    0xff,0xff,0xff,0xff,0xff,0xff,0xdf,0x86,0x1c,0x00,0x00,0x00,0x00,0x00,0x00,0x00,
    0x3b,0xb8,0xff,0xff,0xff,0xff,0xff,0x6e,0x00,0x00,0x00,0x00,0x00,0x00,0x00,0x00,
    0x00,0x00,0x00,0x00,0x00,0x00,0x00,0x00,0x00,0x00,0x00,0x00,0x00,0x00,0x00,0x00,
    0x00,0x00,0x00,0x00,0x00,0x00,0x26,0xde,0xff,0xff,0xff,0xff,0xff,0xff,0xfa,0x4b,
    0x03,0x00,0x00,0x00,0x00,0x00,0x05,0x39,0x78,0xc4,0xff,0xff,0xff,0xff,0xff,0xff,
    0x8e,0x00,0x00,0x00,0x00,0x00,0x00,0x00,0x00,0x00,0x00,0x00,0x00,0x00,0x00,0x00,
    0x00,0x00,0x00,0x00,0x00,0x00,0x00,0x00,0x00,0x00,0x00,0x00,0x00,0x00,0x00,0x00,
    0x00,0x13,0xbd,0xff,0xff,0xff,0xff,0xff,0xff,0xff,0xfa,0xdf,0xcc,0xc8,0xd7,0xea,
    0xfc,0xff,0xff,0xff,0xff,0xff,0xff,0xff,0xfc,0x6e,0x00,0x00,0x00,0x00,0x00,0x00,
    0x00,0x00,0x00,0x00,0x00,0x00,0x00,0x00,0x00,0x00,0x00,0x00,0x00,0x00,0x00,0x00,
    0x00,0x00,0x00,0x00,0x00,0x00,0x00,0x00,0x00,0x00,0x00,0x00,0x04,0x70,0xe8,0xff,
    0xff,0xff,0xff,0xff,0xff,0xff,0xff,0xff,0xff,0xff,0xff,0xff,0xff,0xff,0xff,0xff,
    0xfe,0xaa,0x29,0x00,0x00,0x00,0x00,0x00,0x00,0x00,0x00,0x00,0x00,0x00,0x00,0x00,
    0x00,0x00,0x00,0x00,0x00,0x00,0x00,0x00,0x00,0x00,0x00,0x00,0x00,0x00,0x00,0x00,
    0x00,0x00,0x00,0x00,0x00,0x00,0x00,0x00,0x0a,0x73,0xd5,0xff,0xff,0xff,0xff,0xff,
    0xff,0xff,0xff,0xff,0xff,0xff,0xff,0xff,0xe7,0x90,0x2e,0x00,0x00,0x00,0x00,0x00,
    0x00,0x00,0x00,0x00,0x00,0x00,0x00,0x00,0x00,0x00,0x00,0x00,0x00,0x00,0x00,0x00,
    0x00,0x00,0x00,0x00,0x00,0x00,0x00,0x00,0x00,0x00,0x00,0x00,0x00,0x00,0x00,0x00,
    0x00,0x00,0x00,0x00,0x00,0x1c,0x61,0xa1,0xbd,0xd2,0xe6,0xfa,0xf3,0xe2,0xd1,0xa7,
    0x73,0x3d,0x03,0x00,0x00,0x00,0x00,0x00,0x00,0x00,0x00,0x00,0x00,0x00,0x00,0x00,
    0x00,0x00,0x00,0x00,0x00,0x00,0x00,0x00,0x00,0x00,0x00,0x00,0x00,0x00,0x00,0x00,
    0x00,0x00,0x00,0x00,0x25,0x5d,0x91,0xa7,0xb8,0xc9,0xd9,0xd4,0xc3,0xb2,0xa1,0x81,
    0x48,0x12,0x00,0x00,0x00,0x00,0x00,0x00,0x00,0x00,0x00,0x00,0x00,0x00,0x00,0x00,
    0x00,0x00,0x00,0x34,0x9f,0xed,0xff,0xff,0xff,0xff,0xff,0xff,0xff,0xff,0xff,0xff,
    0xff,0xff,0xff,0xfe,0xd6,0x77,0x14,0x00,0x00,0x00,0x00,0x00,0x00,0x00,0x00,0x00,
    0x00,0x00,0x00,0x3d,0xca,0xff,0xff,0xff,0xff,0xff,0xff,0xff,0xff,0xff,0xff,0xff,
    0xff,0xff,0xff,0xff,0xff,0xff,0xff,0xff,0xf8,0x9b,0x11,0x00,0x00,0x00,0x00,0x00,
    0x00,0x00,0x00,0x08,0x8d,0xfd,0xff,0xff,0xff,0xff,0xff,0xd5,0x75,0x3d,0x1a,0x09,
    0x08,0x1c,0x5a,0xc9,0xff,0xff,0xff,0xff,0xff,0xff,0xff,0xff,0xe5,0x49,0x00,0x00,
    0x00,0x00,0x00,0x00,0x07,0xbb,0xff,0xff,0xff,0xff,0xff,0xff,0x78,0x01,0x00,0x00,
    0x00,0x00,0x00,0x00,0x00,0x04,0xa0,0xff,0xff,0xff,0xff,0xff,0xff,0xff,0xff,0xfe,
    0x5c,0x00,0x00,0x00,0x00,0x01,0xae,0xff,0xff,0xff,0xff,0xff,0xff,0xb1,0x00,0x00,
    0x00,0x00,0x00,0x00,0x00,0x00,0x00,0x00,0x09,0xd7,0xff,0xff,0xff,0xff,0xff,0xff,
    0xff,0xff,0xfb,0x4a,0x00,0x00,0x00,0x60,0xff,0xff,0xff,0xff,0xff,0xff,0xff,0x5b,
    0x00,0x00,0x00,0x00,0x00,0x00,0x00,0x00,0x00,0x00,0x00,0x51,0xff,0xff,0xff,0xff,
    0xff,0xff,0xff,0xff,0xff,0xe6,0x0c,0x00,0x0b,0xe7,0xff,0xff,0xff,0xff,0xff,0xff,
    0xff,0x48,0x00,0x00,0x00,0x00,0x00,0x00,0x00,0x00,0x00,0x00,0x00,0x02,0xe0,0xff,
    0xff,0xff,0xff,0xff,0xff,0xff,0xff,0xff,0x85,0x00,0x58,0xff,0xff,0xff,0xff,0xff,
    0xff,0xff,0xff,0x4f,0x00,0x00,0x00,0x00,0x00,0x00,0x00,0x00,0x00,0x00,0x00,0x00,
    0x83,0xff,0xff,0xff,0xff,0xff,0xff,0xff,0xff,0xff,0xe7,0x01,0xa8,0xff,0xff,0xff,
    0xff,0xff,0xff,0xff,0xff,0x71,0x00,0x00,0x00,0x00,0x00,0x00,0x00,0x00,0x00,0x00,
    0x00,0x00,0x30,0xff,0xff,0xff,0xff,0xff,0xff,0xff,0xff,0xff,0xff,0x38,0xd9,0xff,
    0xff,0xff,0xff,0xff,0xff,0xff,0xff,0xa2,0x00,0x00,0x00,0x00,0x00,0x00,0x00,0x00,
    0x00,0x00,0x00,0x00,0x00,0xdc,0xff,0xff,0xff,0xff,0xff,0xff,0xff,0xff,0xff,0x67,
    0xf2,0xff,0xff,0xff,0xff,0xff,0xff,0xff,0xff,0xe0,0x00,0x00,0x00,0x00,0x00,0x00,
    0x00,0x00,0x00,0x00,0x00,0x00,0x00,0x92,0xff,0xff,0xff,0xff,0xff,0xff,0xff,0xff,
    0xff,0x80,0xf5,0xff,0xff,0xff,0xff,0xff,0xff,0xff,0xff,0xff,0x20,0x00,0x00,0x00,
    0x00,0x00,0x00,0x00,0x00,0x00,0x00,0x00,0x00,0x54,0xff,0xff,0xff,0xff,0xff,0xff,
    0xff,0xff,0xff,0x84,0xdc,0xff,0xff,0xff,0xff,0xff,0xff,0xff,0xff,0xff,0x65,0x00,
    0x00,0x00,0x00,0x00,0x00,0x00,0x00,0x00,0x00,0x00,0x00,0x16,0xff,0xff,0xff,0xff,
    0xff,0xff,0xff,0xff,0xff,0x6a,0xb2,0xff,0xff,0xff,0xff,0xff,0xff,0xff,0xff,0xff,
    0xb6,0x00,0x00,0x00,0x00,0x00,0x00,0x00,0x00,0x00,0x00,0x00,0x00,0x00,0xe2,0xff,
    0xff,0xff,0xff,0xff,0xff,0xff,0xff,0x41,0x63,0xff,0xff,0xff,0xff,0xff,0xff,0xff,
    0xff,0xff,0xf9,0x0e,0x00,0x00,0x00,0x00,0x00,0x00,0x00,0x00,0x00,0x00,0x00,0x00,
    0xc0,0xff,0xff,0xff,0xff,0xff,0xff,0xff,0xef,0x04,0x12,0xf1,0xff,0xff,0xff,0xff,
    0xff,0xff,0xff,0xff,0xff,0x63,0x00,0x00,0x00,0x00,0x00,0x00,0x00,0x00,0x00,0x00,
    0x00,0x00,0xbe,0xff,0xff,0xff,0xff,0xff,0xff,0xff,0x95,0x00,0x00,0x73,0xff,0xff,
    0xff,0xff,0xff,0xff,0xff,0xff,0xff,0xcc,0x00,0x00,0x00,0x00,0x00,0x00,0x00,0x00,
    0x00,0x00,0x00,0x00,0xdc,0xff,0xff,0xff,0xff,0xff,0xff,0xf0,0x15,0x00,0x00,0x05,
    0xc6,0xff,0xff,0xff,0xff,0xff,0xff,0xff,0xff,0xff,0x58,0x00,0x00,0x00,0x00,0x00,
    0x00,0x00,0x00,0x00,0x00,0x31,0xff,0xff,0xff,0xff,0xff,0xff,0xff,0x61,0x00,0x00,
    0x00,0x00,0x10,0xd1,0xff,0xff,0xff,0xff,0xff,0xff,0xff,0xff,0xee,0x29,0x00,0x00,
    0x00,0x00,0x00,0x00,0x00,0x00,0x1d,0xe0,0xff,0xff,0xff,0xff,0xff,0xff,0x78,0x00,
    0x00,0x00,0x00,0x00,0x00,0x14,0xaf,0xff,0xff,0xff,0xff,0xff,0xff,0xff,0xff,0xf4,
    0x77,0x1e,0x00,0x00,0x00,0x02,0x2a,0x7e,0xe3,0xff,0xff,0xff,0xff,0xff,0xf4,0x68,
    0x00,0x00,0x00,0x00,0x00,0x00,0x00,0x00,0x00,0x5d,0xe7,0xff,0xff,0xff,0xff,0xff,
    0xff,0xff,0xff,0xff,0xf4,0xe4,0xef,0xfe,0xff,0xff,0xff,0xff,0xff,0xff,0xff,0xbd,
    0x24,0x00,0x00,0x00,0x00,0x00,0x00,0x00,0x00,0x00,0x00,0x00,0x05,0x56,0xc0,0xfe,
    0xff,0xff,0xff,0xff,0xff,0xff,0xff,0xff,0xff,0xff,0xff,0xff,0xff,0xff,0xf3,0x99,
    0x2e,0x00,0x00,0x00,0x00,0x00,0x00,0x00,0x00,0x00,0x00,0x00,0x00,0x00,0x00,0x00,
    0x00,0x11,0x47,0x7f,0xb3,0xc9,0xd9,0xea,0xfa,0xf5,0xe4,0xd3,0xc3,0xa2,0x6a,0x32,
    0x04,0x00,0x00,0x00,0x00,0x00,0x00,0x00,0x00,0x00,0x00,0x00,0x00,0x00,0x00,0x00,
    0x00,0x00,0x00,0x00,0x00,0x00,0x00,0x00,0x00,0x00,0x00,0x0c,0x26,0x31,0x1f,0x07,
    0x00,0x00,0x00,0x00,0x00,0x00,0x00,0x00,0x00,0x00,0x00,0x00,0x00,0x00,0x00,0x00,
    0x00,0x00,0x00,0x00,0x02,0x38,0x80,0xc9,0xf3,0xff,0xff,0xff,0xff,0xfa,0xca,0x80,
    0x1e,0x00,0x00,0x00,0x00,0x00,0x00,0x00,0x00,0x00,0x00,0x00,0x00,0x00,0x00,0x00,
    0x10,0x79,0xe7,0xff,0xff,0xff,0xff,0xff,0xff,0xff,0xff,0xff,0xff,0xff,0xfc,0x8b,
    0x0b,0x00,0x00,0x00,0x00,0x00,0x00,0x00,0x00,0x00,0x00,0x00,0x0c,0x89,0xf2,0xff,
    0xff,0xff,0xff,0xff,0xff,0xff,0xff,0xff,0xff,0xff,0xff,0xff,0xff,0xff,0xca,0x11,
    0x00,0x00,0x00,0x00,0x00,0x00,0x00,0x00,0x00,0x43,0xe0,0xff,0xff,0xff,0xff,0xff,
    0xff,0xff,0xff,0xff,0xff,0xff,0xff,0xff,0xff,0xff,0xff,0xff,0xff,0xbd,0x00,0x00,
    0x00,0x00,0x00,0x00,0x00,0x04,0x94,0xfe,0xff,0xff,0xff,0xff,0xff,0xff,0xff,0xff,
    0xff,0xff,0xf8,0xae,0x5b,0x2b,0x0a,0x29,0x8c,0xfb,0xff,0xff,0x5e,0x00,0x00,0x00,
    0x00,0x00,0x08,0xb1,0xff,0xff,0xff,0xff,0xff,0xff,0xff,0xff,0xff,0xff,0xd7,0x66,
    0x0e,0x00,0x00,0x00,0x00,0x00,0x00,0x7b,0xff,0xff,0xc3,0x00,0x00,0x00,0x00,0x0d,
    0xbf,0xff,0xff,0xff,0xff,0xff,0xff,0xff,0xff,0xff,0xc4,0x4d,0x01,0x00,0x00,0x00,
    0x00,0x00,0x00,0x00,0x00,0x11,0xff,0xff,0xfe,0x0d,0x00,0x00,0x00,0xac,0xff,0xff,
    0xff,0xff,0xff,0xff,0xff,0xff,0xd5,0x4d,0x00,0x00,0x00,0x00,0x00,0x00,0x00,0x00,
    0x00,0x00,0x00,0x00,0xf4,0xff,0xff,0x28,0x00,0x00,0x6a,0xff,0xff,0xff,0xff,0xff,
    0xff,0xff,0xec,0x64,0x03,0x00,0x00,0x00,0x00,0x00,0x00,0x00,0x00,0x00,0x00,0x00,
    0x00,0x3a,0xff,0xff,0xff,0x2e,0x00,0x29,0xf7,0xff,0xff,0xff,0xff,0xff,0xff,0xa7,
    0x15,0x00,0x00,0x00,0x00,0x00,0x00,0x00,0x00,0x00,0x00,0x00,0x00,0x00,0x06,0xca,
    0xff,0xff,0xfe,0x0a,0x00,0x9f,0xff,0xff,0xff,0xff,0xff,0xec,0x4d,0x00,0x00,0x00,
    0x00,0x00,0x00,0x00,0x00,0x00,0x00,0x00,0x00,0x00,0x00,0x02,0xa3,0xff,0xff,0xff,
    0xe3,0x00,0x17,0xf8,0xff,0xff,0xff,0xff,0xd0,0x20,0x00,0x00,0x00,0x00,0x00,0x00,
    0x00,0x00,0x00,0x00,0x00,0x00,0x00,0x00,0x0a,0xaa,0xff,0xff,0xff,0xff,0xa5,0x00,
    0x7a,0xff,0xff,0xff,0xff,0xad,0x0a,0x00,0x00,0x00,0x00,0x00,0x00,0x00,0x00,0x00,
    0x00,0x00,0x00,0x00,0x00,0x21,0xd1,0xff,0xff,0xff,0xff,0xff,0x38,0x00,0xac,0xff,
    0xff,0xff,0xaf,0x04,0x00,0x00,0x00,0x00,0x00,0x00,0x00,0x00,0x00,0x00,0x00,0x00,
    0x00,0x00,0x57,0xed,0xff,0xff,0xff,0xff,0xff,0xcb,0x00,0x00,0xd1,0xff,0xff,0xdc,
    0x0c,0x00,0x00,0x00,0x00,0x00,0x00,0x00,0x00,0x00,0x00,0x00,0x00,0x00,0x1c,0xb3,
    0xff,0xff,0xff,0xff,0xff,0xff,0xfd,0x40,0x00,0x00,0xf5,0xff,0xff,0x60,0x00,0x00,
    0x00,0x00,0x00,0x00,0x00,0x00,0x00,0x00,0x00,0x00,0x08,0x76,0xf2,0xff,0xff,0xff,
    0xff,0xff,0xff,0xff,0x85,0x00,0x00,0x00,0xee,0xff,0xff,0x2e,0x00,0x00,0x00,0x00,
    0x00,0x00,0x00,0x00,0x00,0x00,0x02,0x61,0xe3,0xff,0xff,0xff,0xff,0xff,0xff,0xff,
    0xff,0xc7,0x05,0x00,0x00,0x00,0xc8,0xff,0xff,0x62,0x00,0x00,0x00,0x00,0x00,0x00,
    0x00,0x00,0x09,0x68,0xd9,0xff,0xff,0xff,0xff,0xff,0xff,0xff,0xff,0xff,0xc8,0x10,
    0x00,0x00,0x00,0x00,0x7e,0xff,0xff,0xdd,0x19,0x00,0x00,0x00,0x00,0x00,0x2a,0x86,
    0xec,0xff,0xff,0xff,0xff,0xff,0xff,0xff,0xff,0xff,0xff,0xc2,0x0d,0x00,0x00,0x00,
    0x00,0x00,0x15,0xf4,0xff,0xff,0xe2,0x7d,0x48,0x58,0x86,0xd1,0xff,0xff,0xff,0xff,
    0xff,0xff,0xff,0xff,0xff,0xff,0xff,0xff,0x95,0x09,0x00,0x00,0x00,0x00,0x00,0x00,
    0x00,0x65,0xff,0xff,0xff,0xff,0xff,0xff,0xff,0xff,0xff,0xff,0xff,0xff,0xff,0xff,
    0xff,0xff,0xff,0xff,0xe4,0x46,0x00,0x00,0x00,0x00,0x00,0x00,0x00,0x00,0x00,0x00,
    0x7c,0xfe,0xff,0xff,0xff,0xff,0xff,0xff,0xff,0xff,0xff,0xff,0xff,0xff,0xff,0xff,
    0xec,0x7d,0x0f,0x00,0x00,0x00,0x00,0x00,0x00,0x00,0x00,0x00,0x00,0x00,0x00,0x47,
    0xd2,0xff,0xff,0xff,0xff,0xff,0xff,0xff,0xff,0xff,0xff,0xff,0xd1,0x70,0x0a,0x00,
    0x00,0x00,0x00,0x00,0x00,0x00,0x00,0x00,0x00,0x00,0x00,0x00,0x00,0x00,0x01,0x44,
    0x8a,0xc7,0xe1,0xf5,0xf5,0xdc,0xc3,0xa6,0x64,0x1b,0x00,0x00,0x00,0x00,0x00,0x00,
    0x00,0x00,0x00,0x00,0x00,0x00,0x00,0x00,0x00,0x00,0x00,0x00,0x00,0x00,0x00,0x00,
    0x00,0x00,0x00,0x00,0x00,0x00,0x21,0x69,0x92,0xac,0xc6,0xd1,0xbf,0xa1,0x6b,0x22,
    0x00,0x00,0x00,0x00,0x00,0x00,0x00,0x00,0x00,0x00,0x00,0x00,0x00,0x00,0x00,0x00,
    0x00,0x1e,0x8a,0xd8,0xff,0xff,0xff,0xff,0xff,0xff,0xff,0xff,0xff,0xfe,0xbb,0x31,
    0x00,0x00,0x00,0x00,0x00,0x00,0x00,0x00,0x00,0x00,0x00,0x00,0x00,0x2e,0xa3,0xfb,
    0xff,0xff,0xff,0xff,0xff,0xff,0xff,0xff,0xff,0xff,0xff,0xff,0xff,0xfc,0x79,0x00,
    0x00,0x00,0x00,0x00,0x00,0x00,0x00,0x00,0x00,0x0a,0x90,0xfd,0xff,0xff,0xff,0xff,
    0xff,0xff,0xff,0xff,0xff,0xff,0xff,0xff,0xff,0xff,0xff,0xff,0xff,0x79,0x00,0x00,
    0x00,0x00,0x00,0x00,0x00,0x00,0x3f,0xdd,0xff,0xff,0xff,0xff,0xff,0xff,0xff,0xff,
    0xff,0xff,0xff,0xff,0xff,0xff,0xff,0xff,0xff,0xff,0xff,0xfb,0x31,0x00,0x00,0x00,
    0x00,0x00,0x00,0x61,0xfc,0xff,0xff,0xff,0xff,0xff,0xff,0xff,0xff,0xff,0xff,0xff,
    0xff,0xff,0xff,0xff,0xff,0xff,0xff,0xff,0xff,0xff,0xa6,0x00,0x00,0x00,0x00,0x00,
    0x75,0xff,0xff,0xff,0xff,0xff,0xff,0xff,0xff,0xff,0xff,0xff,0xff,0xff,0xff,0xff,
    0xff,0xff,0xff,0xff,0xff,0xff,0xff,0xff,0xf5,0x05,0x00,0x00,0x00,0x71,0xff,0xff,
    0xff,0xff,0xff,0xff,0xff,0xff,0xff,0xff,0xff,0xff,0xff,0xff,0xff,0xff,0xff,0xff,
    0xff,0xff,0xff,0xff,0xff,0xff,0xff,0x20,0x00,0x00,0x38,0xfa,0xff,0xff,0xff,0xff,
    0xff,0xff,0xff,0xff,0xff,0xff,0xff,0xff,0xff,0xff,0xff,0xff,0xff,0xff,0xff,0xff,
    0xff,0xff,0xff,0xff,0xff,0x32,0x00,0x11,0xe1,0xff,0xff,0xff,0xff,0xff,0xff,0xff,
    0xff,0xff,0xff,0xff,0xff,0xff,0xff,0xff,0xff,0xff,0xff,0xff,0xff,0xff,0xff,0xff,
    0xff,0xff,0xff,0x12,0x00,0x84,0xff,0xff,0xff,0xff,0xff,0xff,0xff,0xff,0xff,0xff,
    0xff,0xff,0xff,0xff,0xff,0xff,0xff,0xff,0xff,0xff,0xff,0xff,0xff,0xff,0xff,0xff,
    0xec,0x00,0x0a,0xec,0xff,0xff,0xff,0xff,0xff,0xff,0xff,0xff,0xff,0xff,0xff,0xff,
    0xff,0xff,0xff,0xff,0xff,0xff,0xff,0xff,0xff,0xff,0xff,0xff,0xff,0xff,0xb8,0x00,
    0x68,0xff,0xff,0xff,0xff,0xff,0xff,0xff,0xff,0xff,0xff,0xff,0xff,0xff,0xff,0xff,
    0xff,0xff,0xff,0xff,0xff,0xff,0xff,0xff,0xff,0xff,0xff,0xff,0x4c,0x00,0xa6,0xff,
    0xff,0xff,0xff,0xff,0xff,0xff,0xff,0xff,0xff,0xff,0xff,0xff,0xff,0xff,0xff,0xff,
    0xff,0xff,0xff,0xff,0xff,0xff,0xff,0xff,0xff,0xdb,0x02,0x00,0xcd,0xff,0xff,0xff,
    0xff,0xff,0xff,0xff,0xff,0xff,0xff,0xff,0xff,0xff,0xff,0xff,0xff,0xff,0xff,0xff,
    0xff,0xff,0xff,0xff,0xff,0xff,0xff,0x57,0x00,0x00,0xf3,0xff,0xff,0xff,0xff,0xff,
    0xff,0xff,0xff,0xff,0xff,0xff,0xff,0xff,0xff,0xff,0xff,0xff,0xff,0xff,0xff,0xff,
    0xff,0xff,0xff,0xff,0x9d,0x00,0x00,0x00,0xf0,0xff,0xff,0xff,0xff,0xff,0xff,0xff,
    0xff,0xff,0xff,0xff,0xff,0xff,0xff,0xff,0xff,0xff,0xff,0xff,0xff,0xff,0xff,0xff,
    0xff,0xd7,0x0b,0x00,0x00,0x00,0xcc,0xff,0xff,0xff,0xff,0xff,0xff,0xff,0xff,0xff,
    0xff,0xff,0xff,0xff,0xff,0xff,0xff,0xff,0xff,0xff,0xff,0xff,0xff,0xff,0xd7,0x1b,
    0x00,0x00,0x00,0x00,0x82,0xff,0xff,0xff,0xff,0xff,0xff,0xff,0xff,0xff,0xff,0xff,
    0xff,0xff,0xff,0xff,0xff,0xff,0xff,0xff,0xff,0xff,0xff,0xcf,0x15,0x00,0x00,0x00,
    0x00,0x00,0x18,0xf5,0xff,0xff,0xff,0xff,0xff,0xff,0xff,0xff,0xff,0xff,0xff,0xff,
    0xff,0xff,0xff,0xff,0xff,0xff,0xff,0xff,0xa4,0x0f,0x00,0x00,0x00,0x00,0x00,0x00,
    0x00,0x69,0xff,0xff,0xff,0xff,0xff,0xff,0xff,0xff,0xff,0xff,0xff,0xff,0xff,0xff,
    0xff,0xff,0xff,0xff,0xea,0x51,0x00,0x00,0x00,0x00,0x00,0x00,0x00,0x00,0x00,0x00,
    0x7f,0xfe,0xff,0xff,0xff,0xff,0xff,0xff,0xff,0xff,0xff,0xff,0xff,0xff,0xff,0xff,
    0xef,0x85,0x13,0x00,0x00,0x00,0x00,0x00,0x00,0x00,0x00,0x00,0x00,0x00,0x00,0x48,
    0xd2,0xff,0xff,0xff,0xff,0xff,0xff,0xff,0xff,0xff,0xff,0xff,0xd5,0x75,0x0d,0x00,
    0x00,0x00,0x00,0x00,0x00,0x00,0x00,0x00,0x00,0x00,0x00,0x00,0x00,0x00,0x01,0x44,
    0x8a,0xc7,0xe1,0xf5,0xf5,0xdd,0xc4,0xa7,0x66,0x1e,0x00,0x00,0x00,0x00,0x00,0x00,
    0x00,0x00,0x00,0x00,0x00,0x00,0x00,0x00,0x04,0x34,0x21,0x00,0x00,0x00,0x00,0x00,
    0x00,0x00,0x00,0x00,0x00,0x00,0x00,0x00,0x00,0x00,0x00,0xc4,0xff,0xff,0x5b,0x00,
    0x00,0x00,0x00,0x00,0x00,0x00,0x00,0x00,0x00,0x00,0x00,0x00,0x00,0x00,0xfe,0xff,
    0xff,0x95,0x00,0x00,0x00,0x00,0x00,0x00,0x00,0x00,0x00,0x00,0x00,0x00,0x00,0x00,
    0x00,0xfc,0xff,0xff,0x92,0x00,0x00,0x00,0x00,0x00,0x00,0x00,0x00,0x00,0x00,0x00,
    0x00,0x00,0x00,0x00,0xfa,0xff,0xff,0x8f,0x00,0x00,0x00,0x00,0x00,0x00,0x00,0x00,
    0x00,0x00,0x00,0x00,0x00,0x00,0x00,0xf8,0xff,0xff,0x8c,0x00,0x00,0x00,0x00,0x00,
    0x00,0x00,0x00,0x00,0x00,0x00,0x00,0x00,0x00,0x00,0xf6,0xff,0xff,0x89,0x00,0x00,
    0x00,0x00,0x00,0x00,0x00,0x00,0x00,0x00,0x00,0x00,0x00,0x00,0x00,0xf4,0xff,0xff,
    0x85,0x00,0x00,0x00,0x00,0x00,0x00,0x00,0x00,0x00,0x00,0x00,0x00,0x00,0x00,0x00,
    0xf2,0xff,0xff,0x82,0x00,0x00,0x00,0x00,0x00,0x00,0x00,0x00,0x00,0x00,0x00,0x00,
    0x00,0x00,0x00,0xf0,0xff,0xff,0x7f,0x00,0x00,0x00,0x00,0x00,0x00,0x00,0x00,0x00,
    0x00,0x00,0x00,0x00,0x00,0x00,0xee,0xff,0xff,0x7c,0x00,0x00,0x00,0x00,0x00,0x00,
    0x00,0x00,0x00,0x00,0x00,0x00,0x00,0x00,0x00,0xec,0xff,0xff,0x79,0x00,0x00,0x00,
    0x00,0x00,0x00,0x00,0x00,0x00,0x00,0x00,0x00,0x00,0x00,0x00,0xea,0xff,0xff,0x76,
    0x00,0x00,0x00,0x00,0x00,0x00,0x00,0x00,0x00,0x00,0x00,0x00,0x00,0x00,0x00,0xe8,
    0xff,0xff,0x72,0x00,0x00,0x00,0x00,0x00,0x00,0x00,0x00,0x00,0x00,0x00,0x00,0x00,
    0x00,0x00,0xe6,0xff,0xff,0x6f,0x00,0x00,0x00,0x00,0x00,0x00,0x00,0x00,0x00,0x00,
    0x00,0x00,0x00,0x00,0x00,0xe4,0xff,0xff,0x6c,0x00,0x00,0x00,0x00,0x00,0x00,0x00,
    0x00,0x00,0x00,0x00,0x00,0x00,0x00,0x00,0xe2,0xff,0xff,0x69,0x00,0x00,0x00,0x00,
    0x00,0x00,0x00,0x00,0x00,0x00,0x00,0x00,0x00,0x00,0x00,0xe0,0xff,0xff,0x66,0x00,
    0x00,0x00,0x00,0x00,0x00,0x00,0x00,0x00,0x00,0x00,0x00,0x00,0x00,0x00,0xdd,0xff,
    0xff,0x62,0x00,0x00,0x00,0x00,0x00,0x00,0x00,0x00,0x00,0x00,0x00,0x00,0x00,0x00,
    0x00,0xdb,0xff,0xff,0x5f,0x00,0x00,0x00,0x00,0x00,0x00,0x00,0x00,0x00,0x00,0x00,
    0x00,0x00,0x00,0x00,0xd9,0xff,0xff,0x5c,0x00,0x00,0x00,0x00,0x00,0x00,0x00,0x00,
    0x00,0x00,0x00,0x00,0x00,0x00,0x00,0xd7,0xff,0xff,0x59,0x00,0x00,0x00,0x00,0x00,
    0x00,0x00,0x00,0x00,0x00,0x00,0x00,0x00,0x00,0x00,0xd5,0xff,0xff,0x56,0x00,0x00,
    0x00,0x00,0x00,0x00,0x00,0x00,0x00,0x00,0x00,0x00,0x00,0x00,0x00,0xd3,0xff,0xff,
    0x53,0x00,0x00,0x00,0x00,0x00,0x00,0x00,0x00,0x00,0x00,0x00,0x00,0x00,0x00,0x00,
    0xd1,0xff,0xff,0x4f,0x00,0x00,0x00,0x00,0x00,0x00,0x00,0x00,0x00,0x00,0x00,0x00,
    0x00,0x00,0x00,0xcf,0xff,0xff,0x4c,0x00,0x00,0x00,0x00,0x00,0x00,0x00,0x00,0x00,
    0x00,0x00,0x00,0x00,0x00,0x00,0xcd,0xff,0xff,0x49,0x00,0x00,0x00,0x00,0x00,0x00,
    0x00,0x00,0x00,0x00,0x00,0x00,0x00,0x00,0x00,0xcb,0xff,0xff,0x46,0x00,0x00,0x00,
    0x00,0x11,0x36,0x5b,0x53,0x34,0x01,0x00,0x00,0x00,0x00,0x00,0xc9,0xff,0xff,0x43,
    0x00,0x07,0x63,0xd4,0xff,0xff,0xff,0xff,0xff,0xe3,0x6d,0x01,0x00,0x00,0x00,0xc7,
    0xff,0xff,0x3f,0x39,0xe0,0xff,0xff,0xff,0xff,0xff,0xff,0xff,0xff,0xff,0xaf,0x04,
    0x00,0x00,0xc5,0xff,0xff,0x97,0xfb,0xff,0xff,0xff,0xff,0xff,0xff,0xff,0xff,0xff,
    0xff,0xff,0x88,0x00,0x00,0xc3,0xff,0xff,0xff,0xff,0xff,0xff,0xff,0xff,0xff,0xff,
    0xff,0xff,0xff,0xff,0xff,0xf4,0x11,0x00,0xc0,0xff,0xff,0xff,0xff,0xc6,0x58,0x29,
    0x09,0x32,0xbf,0xff,0xff,0xff,0xff,0xff,0xff,0x7a,0x00,0xbe,0xff,0xff,0xff,0x80,
    0x02,0x00,0x00,0x00,0x00,0x0e,0xd9,0xff,0xff,0xff,0xff,0xff,0xd9,0x00,0xbc,0xff,
    0xff,0xae,0x00,0x00,0x00,0x00,0x00,0x00,0x00,0x76,0xff,0xff,0xff,0xff,0xff,0xfa,
    0x02,0xba,0xff,0xff,0x44,0x00,0x00,0x00,0x00,0x00,0x00,0x00,0x3a,0xff,0xff,0xff,
    0xff,0xff,0xff,0x1c,0xb8,0xff,0xff,0x36,0x00,0x00,0x00,0x00,0x00,0x00,0x00,0x27,
    0xff,0xff,0xff,0xff,0xff,0xff,0x3a,0xb6,0xff,0xff,0x33,0x00,0x00,0x00,0x00,0x00,
    0x00,0x00,0x20,0xff,0xff,0xff,0xff,0xff,0xff,0x2c,0xb4,0xff,0xff,0x2f,0x00,0x00,
    0x00,0x00,0x00,0x00,0x00,0x29,0xff,0xff,0xff,0xff,0xff,0xff,0x10,0xb2,0xff,0xff,
    0x2b,0x00,0x00,0x00,0x00,0x00,0x00,0x00,0x3b,0xff,0xff,0xff,0xff,0xff,0xf5,0x00,
    0xb0,0xff,0xff,0x27,0x00,0x00,0x00,0x00,0x00,0x00,0x00,0x52,0xff,0xff,0xff,0xff,
    0xff,0xc2,0x00,0xae,0xff,0xff,0x23,0x00,0x00,0x00,0x00,0x00,0x00,0x00,0x85,0xff,
    0xff,0xff,0xff,0xff,0x6f,0x00,0xac,0xff,0xff,0x1f,0x00,0x00,0x00,0x00,0x00,0x00,
    0x00,0xbe,0xff,0xff,0xff,0xff,0xff,0x1f,0x00,0xaa,0xff,0xff,0x1b,0x00,0x00,0x00,
    0x00,0x00,0x00,0x1a,0xfc,0xff,0xff,0xff,0xff,0xbd,0x00,0x00,0xa8,0xff,0xff,0x17,
    0x00,0x00,0x00,0x00,0x00,0x00,0x7b,0xff,0xff,0xff,0xff,0xff,0x37,0x00,0x00,0xa6,
    0xff,0xff,0x14,0x00,0x00,0x00,0x00,0x00,0x12,0xed,0xff,0xff,0xff,0xff,0xad,0x00,
    0x00,0x00,0xa3,0xff,0xff,0x10,0x00,0x00,0x00,0x00,0x00,0x99,0xff,0xff,0xff,0xff,
    0xf2,0x23,0x00,0x00,0x00,0xa1,0xff,0xff,0x0c,0x00,0x00,0x00,0x00,0x67,0xff,0xff,
    0xff,0xff,0xff,0x57,0x00,0x00,0x00,0x00,0x9f,0xff,0xff,0x08,0x00,0x00,0x00,0x45,
    0xfb,0xff,0xff,0xff,0xff,0x98,0x00,0x00,0x00,0x00,0x00,0x9d,0xff,0xff,0x04,0x00,
    0x00,0x2b,0xf0,0xff,0xff,0xff,0xff,0xb5,0x06,0x00,0x00,0x00,0x00,0x00,0x9b,0xff,
    0xff,0x01,0x00,0x3a,0xeb,0xff,0xff,0xff,0xff,0xbb,0x08,0x00,0x00,0x00,0x00,0x00,
    0x00,0x99,0xff,0xfc,0x00,0x57,0xf7,0xff,0xff,0xff,0xff,0xb8,0x0a,0x00,0x00,0x00,
    0x00,0x00,0x00,0x00,0x97,0xff,0xf9,0x78,0xfe,0xff,0xff,0xff,0xff,0x90,0x03,0x00,
    0x00,0x00,0x00,0x00,0x00,0x00,0x00,0x95,0xff,0xff,0xff,0xff,0xff,0xff,0xf7,0x64,
    0x00,0x00,0x00,0x00,0x00,0x00,0x00,0x00,0x00,0x00,0x93,0xff,0xff,0xff,0xff,0xff,
    0xc9,0x28,0x00,0x00,0x00,0x00,0x00,0x00,0x00,0x00,0x00,0x00,0x00,0x91,0xff,0xff,
    0xff,0xf4,0x78,0x03,0x00,0x00,0x00,0x00,0x00,0x00,0x00,0x00,0x00,0x00,0x00,0x00,
    0x68,0xff,0xfc,0x9b,0x19,0x00,0x00,0x00,0x00,0x00,0x00,0x00,0x00,0x00,0x00,0x00,
    0x00,0x00,0x00,0x03,0x47,0x25,0x00,0x00,0x00,0x00,0x00,0x00,0x00,0x00,0x00,0x00,
    0x00,0x00,0x00,0x00,0x00,0x00,0x4f,0x4f,0x29,0x00,0x00,0x00,0x00,0x00,0x00,0x00,
    0x00,0x00,0x00,0x00,0x00,0x00,0xff,0xff,0x83,0x00,0x00,0x00,0x00,0x00,0x00,0x00,
    0x00,0x00,0x00,0x00,0x00,0x00,0xff,0xff,0x83,0x00,0x00,0x00,0x00,0x00,0x00,0x00,
    0x00,0x00,0x00,0x00,0x00,0x00,0xff,0xff,0x83,0x00,0x00,0x00,0x00,0x00,0x00,0x00,
    0x00,0x00,0x00,0x00,0x00,0x00,0xff,0xff,0x83,0x00,0x00,0x00,0x00,0x00,0x00,0x00,
    0x00,0x00,0x00,0x00,0x00,0x00,0xff,0xff,0x83,0x00,0x00,0x00,0x00,0x00,0x00,0x00,
    0x00,0x00,0x00,0x00,0x00,0x00,0xff,0xff,0x83,0x00,0x00,0x00,0x00,0x00,0x00,0x00,
    0x00,0x00,0x00,0x00,0x00,0x00,0xff,0xff,0x83,0x00,0x00,0x00,0x00,0x00,0x00,0x00,
    0x00,0x00,0x00,0x00,0x00,0x00,0xff,0xff,0x83,0x00,0x00,0x00,0x00,0x00,0x00,0x00,
    0x00,0x00,0x00,0x00,0x00,0x00,0xff,0xff,0x83,0x00,0x00,0x00,0x00,0x00,0x00,0x00,
    0x00,0x00,0x00,0x00,0x00,0x00,0xff,0xff,0x83,0x00,0x00,0x00,0x00,0x00,0x00,0x00,
    0x00,0x00,0x00,0x00,0x00,0x00,0xff,0xff,0x83,0x00,0x00,0x00,0x00,0x00,0x00,0x00,
    0x00,0x00,0x00,0x00,0x00,0x00,0xff,0xff,0x83,0x00,0x00,0x00,0x00,0x00,0x00,0x00,
    0x00,0x00,0x00,0x00,0x00,0x00,0xff,0xff,0x83,0x00,0x00,0x00,0x00,0x00,0x00,0x00,
    0x00,0x10,0x53,0x9a,0xac,0x08,0xff,0xff,0x83,0x00,0x00,0x00,0x00,0x02,0x37,0x7e,
    0xc5,0xfc,0xff,0xff,0xff,0x54,0xff,0xff,0x83,0x00,0x1c,0x62,0xa9,0xed,0xff,0xff,
    0xff,0xff,0xff,0xff,0xff,0x5f,0xff,0xff,0xd1,0xd5,0xff,0xff,0xff,0xff,0xff,0xff,
    0xff,0xff,0xff,0xff,0xff,0x5f,0xff,0xff,0xff,0xff,0xff,0xff,0xff,0xff,0xff,0xff,
    0xff,0xff,0xff,0xff,0xff,0x5f,0xff,0xff,0xff,0xff,0xff,0xff,0xff,0xff,0xff,0xff,
    0xff,0xff,0xff,0xff,0xff,0x5f,0xff,0xff,0xff,0xff,0xff,0xff,0xff,0xff,0xff,0xff,
    0xff,0xff,0xff,0xff,0xff,0x5f,0xff,0xff,0xff,0xff,0xff,0xff,0xff,0xff,0xff,0xff,
    0xff,0xff,0xfe,0xff,0xff,0x5f,0xff,0xff,0xff,0xff,0xff,0xff,0xff,0xff,0xff,0xea,
    0xa3,0x5a,0x1f,0xff,0xff,0x5f,0xff,0xff,0xff,0xff,0xff,0xfc,0xc6,0x7d,0x34,0x01,
    0x00,0x00,0x0b,0xff,0xff,0x5f,0xff,0xff,0xeb,0xa0,0x57,0x12,0x00,0x00,0x00,0x00,
    0x00,0x00,0x0b,0xff,0xff,0x5f,0xff,0xff,0x83,0x00,0x00,0x00,0x00,0x00,0x00,0x00,
    0x00,0x00,0x0b,0xff,0xff,0x5f,0xff,0xff,0x83,0x00,0x00,0x00,0x00,0x00,0x00,0x00,
    0x00,0x00,0x0b,0xff,0xff,0x5f,0xff,0xff,0x83,0x00,0x00,0x00,0x00,0x00,0x00,0x00,
    0x00,0x00,0x0b,0xff,0xff,0x5f,0xff,0xff,0x83,0x00,0x00,0x00,0x00,0x00,0x00,0x00,
    0x00,0x00,0x0b,0xff,0xff,0x5f,0xff,0xff,0x83,0x00,0x00,0x00,0x00,0x00,0x00,0x00,
    0x00,0x00,0x0b,0xff,0xff,0x5f,0xff,0xff,0x83,0x00,0x00,0x00,0x00,0x00,0x00,0x00,
    0x00,0x00,0x0b,0xff,0xff,0x5f,0xff,0xff,0x83,0x00,0x00,0x00,0x00,0x00,0x00,0x00,
    0x00,0x00,0x0b,0xff,0xff,0x5f,0xff,0xff,0x83,0x00,0x00,0x00,0x00,0x00,0x00,0x00,
    0x00,0x00,0x0b,0xff,0xff,0x5f,0xff,0xff,0x83,0x00,0x00,0x00,0x00,0x00,0x00,0x00,
    0x00,0x00,0x0b,0xff,0xff,0x5f,0xff,0xff,0x83,0x00,0x00,0x00,0x00,0x00,0x00,0x00,
    0x00,0x00,0x0b,0xff,0xff,0x5f,0xff,0xff,0x83,0x00,0x00,0x00,0x00,0x00,0x00,0x00,
    0x00,0x00,0x0b,0xff,0xff,0x5f,0xff,0xff,0x83,0x00,0x00,0x00,0x00,0x00,0x00,0x00,
    0x00,0x00,0x22,0xff,0xff,0x5f,0xff,0xff,0x83,0x00,0x00,0x00,0x00,0x00,0x06,0x42,
    0x89,0xd0,0xff,0xff,0xff,0x5f,0xff,0xff,0x83,0x00,0x00,0x27,0x6d,0xb4,0xf4,0xff,
    0xff,0xff,0xff,0xff,0xff,0x5f,0xff,0xff,0xb4,0x99,0xe0,0xff,0xff,0xff,0xff,0xff,
    0xff,0xff,0xff,0xff,0xff,0x5f,0xff,0xff,0xff,0xff,0xff,0xff,0xff,0xff,0xff,0xff,
    0xff,0xff,0xff,0xff,0xff,0x5f,0xff,0xff,0xff,0xff,0xff,0xff,0xff,0xff,0xff,0xff,
    0xff,0xff,0xff,0xff,0xff,0x5f,0xff,0xff,0xff,0xff,0xff,0xff,0xff,0xff,0xff,0xff,
    0xff,0xff,0xff,0xff,0xff,0x5f,0xff,0xff,0xff,0xff,0xff,0xff,0xff,0xff,0xff,0xff,
    0xff,0xff,0xff,0xff,0xff,0x5f,0xff,0xff,0xff,0xff,0xff,0xff,0xff,0xff,0xff,0xff,
    0xee,0xab,0x6d,0xff,0xff,0x5f,0xff,0xff,0xff,0xff,0xff,0xff,0xfc,0xc6,0x80,0x39,
    0x03,0x00,0x0b,0xff,0xff,0x5f,0xe0,0xff,0xff,0xe1,0x9b,0x54,0x10,0x00,0x00,0x00,
    0x00,0x00,0x0b,0xff,0xff,0x5f,0x22,0x5f,0x29,0x00,0x00,0x00,0x00,0x00,0x00,0x00,
    0x00,0x00,0x0b,0xff,0xff,0x5f,0x00,0x00,0x00,0x00,0x00,0x00,0x00,0x00,0x00,0x00,
    0x00,0x00,0x0b,0xff,0xff,0x5f,0x00,0x00,0x00,0x00,0x00,0x00,0x00,0x00,0x00,0x00,
    0x00,0x00,0x0b,0xff,0xff,0x5f,0x00,0x00,0x00,0x00,0x00,0x00,0x00,0x00,0x00,0x00,
    0x00,0x00,0x0b,0xff,0xff,0x5f,0x00,0x00,0x00,0x00,0x00,0x00,0x00,0x00,0x00,0x00,
    0x00,0x00,0x0b,0xff,0xff,0x5f,0x00,0x00,0x00,0x00,0x00,0x00,0x00,0x00,0x00,0x00,
    0x00,0x00,0x0b,0xff,0xff,0x5f,0x00,0x00,0x00,0x00,0x00,0x00,0x00,0x00,0x00,0x00,
    0x00,0x00,0x0b,0xff,0xff,0x5f,0x00,0x00,0x00,0x00,0x00,0x00,0x00,0x00,0x00,0x00,
    0x00,0x00,0x0b,0xff,0xff,0x5f,0x00,0x00,0x00,0x00,0x00,0x00,0x00,0x00,0x00,0x00,
    0x00,0x00,0x0b,0xff,0xff,0x5f,0x00,0x00,0x00,0x00,0x00,0x00,0x00,0x00,0x00,0x00,
    0x00,0x00,0x0b,0xff,0xff,0x5f,0x00,0x00,0x00,0x00,0x00,0x00,0x00,0x00,0x00,0x00,
    0x00,0x00,0x0b,0xff,0xff,0x5f,0x00,0x00,0x00,0x00,0x00,0x00,0x00,0x00,0x00,0x00,
    0x00,0x00,0x0b,0xff,0xff,0x5f,0x00,0x00,0x00,0x00,0x00,0x00,0x00,0x00,0x00,0x00,
    0x00,0x00,0x0b,0xff,0xff,0x5f,0x00,0x00,0x00,0x00,0x00,0x00,0x00,0x00,0x00,0x00,
    0x00,0x00,0x00,0x00,0x00,0xf4,0xf7,0x87,0x00,0x00,0x00,0x00,0x00,0x00,0x00,0x00,
    0x00,0x00,0x00,0x00,0x00,0x00,0x00,0x00,0x00,0x00,0x00,0xfb,0xff,0x8b,0x00,0x00,
    0x00,0x00,0x00,0x00,0x00,0x00,0x0a,0x13,0x13,0x00,0x00,0x00,0x00,0x00,0x00,0x00,
    0x00,0xfb,0xff,0x8b,0x00,0x00,0x00,0x00,0x00,0x00,0x00,0x00,0x83,0xff,0xff,0x03,
    0x00,0x00,0x00,0x00,0x00,0x00,0x00,0xfb,0xff,0x8b,0x00,0x00,0x00,0x00,0x00,0x00,
    0x00,0x00,0x83,0xff,0xff,0x03,0x00,0x00,0x00,0x00,0x00,0x00,0x00,0xfb,0xff,0x8b,
    0x00,0x00,0x00,0x00,0x00,0x00,0x00,0x00,0x83,0xff,0xff,0x03,0x00,0x00,0x00,0x00,
    0x00,0x00,0x00,0xfb,0xff,0x8b,0x00,0x00,0x00,0x00,0x00,0x00,0x00,0x00,0x83,0xff,
    0xff,0x03,0x00,0x00,0x00,0x00,0x00,0x00,0x00,0xfb,0xff,0x8b,0x00,0x00,0x00,0x00,
    0x00,0x00,0x00,0x00,0x83,0xff,0xff,0x03,0x00,0x00,0x00,0x00,0x00,0x00,0x00,0xfb,
    0xff,0x8b,0x00,0x00,0x00,0x00,0x00,0x00,0x00,0x00,0x83,0xff,0xff,0x03,0x00,0x00,
    0x00,0x00,0x00,0x00,0x00,0xfb,0xff,0x8b,0x00,0x00,0x00,0x00,0x00,0x00,0x00,0x00,
    0x83,0xff,0xff,0x03,0x00,0x00,0x00,0x00,0x00,0x00,0x00,0xfb,0xff,0x8b,0x00,0x00,
    0x00,0x00,0x00,0x00,0x00,0x00,0x83,0xff,0xff,0x03,0x00,0x00,0x00,0x00,0x00,0x00,
    0x00,0xfb,0xff,0x8b,0x00,0x00,0x00,0x00,0x00,0x00,0x00,0x00,0x83,0xff,0xff,0x03,
    0x00,0x00,0x00,0x00,0x00,0x00,0x00,0xfb,0xff,0x8b,0x00,0x00,0x00,0x00,0x00,0x00,
    0x00,0x00,0x83,0xff,0xff,0x03,0x00,0x00,0x00,0x00,0x00,0x00,0x00,0xfb,0xff,0x8b,
    0x00,0x03,0x23,0x01,0x00,0x00,0x00,0x00,0x83,0xff,0xff,0x03,0x00,0x00,0x00,0x00,
    0x00,0x00,0x00,0xfc,0xff,0xd1,0xc0,0xf4,0xff,0xaf,0x00,0x00,0x00,0x00,0x83,0xff,
    0xff,0x03,0x00,0x00,0x19,0x4c,0x80,0xb4,0xe9,0xff,0xff,0xff,0xff,0xff,0xff,0xf3,
    0x00,0x00,0x00,0x00,0x83,0xff,0xff,0x7f,0xb0,0xe4,0xff,0xff,0xff,0xff,0xff,0xff,
    0xff,0xff,0xff,0xff,0xff,0xf3,0x03,0x3a,0x70,0xa6,0xe8,0xff,0xff,0xff,0xff,0xff,
    0xff,0xff,0xff,0xff,0xff,0xff,0xff,0xff,0xff,0xff,0xff,0xf3,0xb6,0xff,0xff,0xff,
    0xff,0xff,0xff,0xff,0xff,0xff,0xff,0xff,0xff,0xff,0xff,0xff,0xff,0xff,0xff,0xff,
    0xff,0xf3,0xff,0xff,0xff,0xff,0xff,0xff,0xff,0xff,0xff,0xff,0xff,0xff,0xff,0xff,
    0xff,0xff,0xff,0xff,0xff,0xff,0xff,0xf3,0xff,0xff,0xff,0xff,0xff,0xff,0xff,0xff,
    0xff,0xff,0xff,0xff,0xff,0xff,0xff,0xff,0xff,0xff,0xff,0xff,0xff,0xe2,0xff,0xff,
    0xff,0xff,0xff,0xff,0xff,0xff,0xff,0xff,0xff,0xff,0xff,0xff,0xff,0xff,0xff,0xff,
    0xff,0xea,0xba,0x45,0xff,0xff,0xff,0xff,0xff,0xff,0xff,0xff,0xff,0xff,0xff,0xff,
    0xff,0xff,0xde,0xff,0xff,0xa7,0x1a,0x00,0x00,0x00,0xff,0xff,0xff,0xff,0xff,0xff,
    0xff,0xff,0xff,0xe0,0xac,0x79,0x45,0x12,0x00,0xfb,0xff,0x8b,0x00,0x00,0x00,0x00,
    0xee,0xff,0xff,0xff,0xff,0xff,0xff,0x49,0x14,0x00,0x00,0x00,0x00,0x00,0x00,0xfb,
    0xff,0x8b,0x00,0x00,0x00,0x00,0x50,0xa6,0x7a,0x42,0x90,0xff,0xff,0x03,0x00,0x00,
    0x00,0x00,0x00,0x00,0x00,0xfb,0xff,0x8b,0x00,0x00,0x00,0x00,0x00,0x00,0x00,0x00,
    0x83,0xff,0xff,0x03,0x00,0x00,0x00,0x00,0x00,0x00,0x00,0xfb,0xff,0x8b,0x00,0x00,
    0x00,0x00,0x00,0x00,0x00,0x00,0x83,0xff,0xff,0x03,0x00,0x00,0x00,0x00,0x00,0x00,
    0x00,0xfb,0xff,0x8b,0x00,0x00,0x00,0x00,0x00,0x00,0x00,0x00,0x83,0xff,0xff,0x03,
    0x00,0x00,0x00,0x00,0x00,0x00,0x00,0xfb,0xff,0x8b,0x00,0x00,0x00,0x00,0x00,0x00,
    0x00,0x00,0x83,0xff,0xff,0x03,0x00,0x00,0x00,0x00,0x00,0x00,0x00,0xfb,0xff,0x8b,
    0x00,0x00,0x00,0x00,0x00,0x00,0x00,0x00,0x83,0xff,0xff,0x03,0x00,0x00,0x00,0x00,
    0x00,0x00,0x00,0xfb,0xff,0x8b,0x00,0x00,0x00,0x00,0x00,0x00,0x00,0x00,0x83,0xff,
    0xff,0x03,0x00,0x00,0x00,0x00,0x00,0x00,0x00,0xfb,0xff,0x8b,0x00,0x00,0x00,0x00,
    0x00,0x00,0x00,0x00,0x83,0xff,0xff,0x03,0x00,0x00,0x00,0x00,0x00,0x00,0x00,0xfb,
    0xff,0x8b,0x00,0x00,0x00,0x00,0x00,0x00,0x00,0x00,0x83,0xff,0xff,0x03,0x00,0x00,
    0x00,0x00,0x00,0x00,0x00,0xfb,0xff,0x8b,0x00,0x00,0x00,0x00,0x00,0x00,0x00,0x00,
    0x83,0xff,0xff,0x03,0x00,0x00,0x00,0x00,0x00,0x00,0x00,0xfb,0xff,0x8b,0x00,0x00,
    0x00,0x00,0x00,0x00,0x00,0x00,0x83,0xff,0xff,0x03,0x00,0x00,0x00,0x00,0x00,0x00,
    0x00,0xfb,0xff,0x8b,0x00,0x00,0x00,0x00,0x00,0x00,0x00,0x00,0x83,0xff,0xff,0x03,
    0x00,0x00,0x00,0x00,0x00,0x00,0x00,0xfb,0xff,0x8b,0x00,0x03,0x23,0x01,0x00,0x00,
    0x00,0x00,0x83,0xff,0xff,0x03,0x00,0x00,0x00,0x00,0x00,0x12,0x47,0xfd,0xff,0xd1,
    0xc0,0xf4,0xff,0xaf,0x00,0x00,0x00,0x00,0x83,0xff,0xff,0x03,0x07,0x36,0x6d,0xa3,
    0xda,0xff,0xff,0xff,0xff,0xff,0xff,0xff,0xff,0xf3,0x00,0x00,0x00,0x00,0x83,0xff,
    0xff,0xcb,0xf9,0xff,0xff,0xff,0xff,0xff,0xff,0xff,0xff,0xff,0xff,0xff,0xff,0xf3,
    0x03,0x3a,0x70,0xa6,0xe8,0xff,0xff,0xff,0xff,0xff,0xff,0xff,0xff,0xff,0xff,0xff,
    0xff,0xff,0xff,0xff,0xff,0xf3,0xb6,0xff,0xff,0xff,0xff,0xff,0xff,0xff,0xff,0xff,
    0xff,0xff,0xff,0xff,0xff,0xff,0xff,0xff,0xff,0xff,0xff,0xf3,0xff,0xff,0xff,0xff,
    0xff,0xff,0xff,0xff,0xff,0xff,0xff,0xff,0xff,0xff,0xff,0xff,0xff,0xff,0xff,0xff,
    0xff,0xf3,0xff,0xff,0xff,0xff,0xff,0xff,0xff,0xff,0xff,0xff,0xff,0xff,0xff,0xff,
    0xff,0xff,0xff,0xff,0xff,0xff,0xff,0xe2,0xff,0xff,0xff,0xff,0xff,0xff,0xff,0xff,
    0xff,0xff,0xff,0xff,0xff,0xff,0xff,0xff,0xff,0xff,0xff,0xea,0xba,0x45,0xff,0xff,
    0xff,0xff,0xff,0xff,0xff,0xff,0xff,0xff,0xff,0xff,0xff,0xff,0xea,0xff,0xff,0xa7,
    0x1a,0x00,0x00,0x00,0xff,0xff,0xff,0xff,0xff,0xff,0xff,0xff,0xff,0xee,0xba,0x86,
    0x52,0x1e,0x00,0xfb,0xff,0x8b,0x00,0x00,0x00,0x00,0xea,0xff,0xff,0xff,0xff,0xff,
    0xff,0x59,0x22,0x00,0x00,0x00,0x00,0x00,0x00,0xfb,0xff,0x8b,0x00,0x00,0x00,0x00,
    0x41,0x92,0x67,0x31,0x88,0xff,0xff,0x03,0x00,0x00,0x00,0x00,0x00,0x00,0x00,0xfb,
    0xff,0x8b,0x00,0x00,0x00,0x00,0x00,0x00,0x00,0x00,0x83,0xff,0xff,0x03,0x00,0x00,
    0x00,0x00,0x00,0x00,0x00,0xfb,0xff,0x8b,0x00,0x00,0x00,0x00,0x00,0x00,0x00,0x00,
    0x83,0xff,0xff,0x03,0x00,0x00,0x00,0x00,0x00,0x00,0x00,0xfb,0xff,0x8b,0x00,0x00,
    0x00,0x00,0x00,0x00,0x00,0x00,0x83,0xff,0xff,0x03,0x00,0x00,0x00,0x00,0x00,0x00,
    0x00,0xfb,0xff,0x8b,0x00,0x00,0x00,0x00,0x00,0x00,0x00,0x00,0x83,0xff,0xff,0x03,
    0x00,0x00,0x00,0x00,0x00,0x00,0x00,0xfb,0xff,0x8b,0x00,0x00,0x00,0x00,0x00,0x00,
    0x00,0x00,0x83,0xff,0xff,0x03,0x00,0x00,0x00,0x00,0x00,0x00,0x00,0xfb,0xff,0x8b,
    0x00,0x00,0x00,0x00,0x00,0x00,0x00,0x00,0x83,0xff,0xff,0x03,0x00,0x00,0x00,0x00,
    0x00,0x00,0x00,0xfb,0xff,0x8b,0x00,0x00,0x00,0x00,0x00,0x00,0x00,0x00,0x83,0xff,
    0xff,0x03,0x00,0x00,0x00,0x00,0x00,0x00,0x00,0xfb,0xff,0x8b,0x00,0x00,0x00,0x00,
    0x00,0x00,0x00,0x00,0x83,0xff,0xff,0x03,0x00,0x00,0x00,0x00,0x00,0x00,0x00,0xfb,
    0xff,0x8b,0x00,0x00,0x00,0x00,0x00,0x00,0x00,0x00,0x83,0xff,0xff,0x03,0x00,0x00,
    0x00,0x00,0x00,0x00,0x00,0xfb,0xff,0x8b,0x00,0x00,0x00,0x00,0x00,0x00,0x00,0x00,
    0x83,0xff,0xff,0x03,0x00,0x00,0x00,0x00,0x00,0x00,0x00,0x7d,0x7f,0x45,0x00,0x00,
    0x00,0x00,0x00,0x00,0x00,0x00,0x83,0xff,0xff,0x03,0x00,0x00,0x00,0x00,0x00,0x00,
    0x00,0x00,0x00,0x00,0x00,0x00,0x00,0x00,0x00,0x00,0x00,0x00,0x83,0xff,0xff,0x03,
    0x00,0x00,0x00,0x00,0x00,0x00,0x00,0x00,0x00,0x00,0x00,0x00,0x00,0x00,0x00,0x00,
    0x00,0x00,0x33,0x63,0x63,0x01,0x00,0x00,0x00,0x00,0x00,0x00,0x00,0x00,0x00,0x00,
    0x00,0x00,0x00,0x00,0x05,0x38,0x3b,0x3b,0x3b,0x3b,0x3b,0x3b,0x3b,0x3b,0x3b,0x3b,
    0x3b,0x3b,0x3b,0x3b,0x3b,0x3b,0x3b,0x3b,0x3b,0x3b,0x3b,0x3b,0x3b,0x3b,0x3b,0x3b,
    0x10,0x00,0xc6,0xff,0xff,0xff,0xff,0xff,0xff,0xff,0xff,0xff,0xff,0xff,0xff,0xff,
    0xff,0xff,0xff,0xff,0xff,0xff,0xff,0xff,0xff,0xff,0xff,0xff,0xff,0xff,0xf1,0x0f,
    0xff,0xff,0xff,0xff,0xff,0xff,0xff,0xff,0xff,0xff,0xff,0xff,0xff,0xff,0xff,0xff,
    0xff,0xff,0xff,0xff,0xff,0xff,0xff,0xff,0xff,0xff,0xff,0xff,0xff,0x3b,0xff,0xff,
    0xff,0xff,0xff,0xff,0xff,0xff,0xff,0xff,0xff,0xff,0xff,0xff,0xff,0xff,0xff,0xff,
    0xff,0xff,0xff,0xff,0xff,0xff,0xff,0xff,0xff,0xff,0xff,0x3b,0xff,0xff,0xff,0xff,
    0xff,0xff,0xff,0xff,0xff,0xff,0xff,0xff,0xff,0xff,0xff,0xff,0xff,0xff,0xff,0xff,
    0xff,0xff,0xff,0xff,0xff,0xff,0xff,0xff,0xff,0x3b,0xff,0xff,0xff,0xff,0xff,0xff,
    0xff,0xff,0xff,0xff,0xff,0xff,0xff,0xff,0xff,0xff,0xff,0xff,0xff,0xff,0xff,0xff,
    0xff,0xff,0xff,0xff,0xff,0xff,0xff,0x3b,0xff,0xff,0xff,0xff,0xff,0xff,0xff,0xff,
    0xff,0xff,0xff,0xff,0xff,0xff,0xff,0xff,0xff,0xff,0xff,0xff,0xff,0xff,0xff,0xff,
    0xff,0xff,0xff,0xff,0xff,0x3b,0xff,0xff,0xff,0xff,0xff,0xff,0xff,0xff,0xff,0xff,
    0xff,0xff,0xff,0xff,0xff,0xff,0xff,0xff,0xff,0xff,0xff,0xff,0xff,0xff,0xff,0xff,
    0xff,0xff,0xff,0x3b,0xff,0xff,0xff,0xff,0xff,0xff,0xff,0xff,0xff,0xff,0xff,0xff,
    0xff,0xff,0xff,0xff,0xff,0xff,0xff,0xff,0xff,0xff,0xff,0xff,0xff,0xff,0xff,0xff,
    0xff,0x3b,0xff,0xff,0xff,0xff,0xff,0xff,0xff,0xff,0xff,0xff,0xff,0xff,0xff,0xff,
    0xff,0xff,0xff,0xff,0xff,0xff,0xff,0xff,0xff,0xff,0xff,0xff,0xff,0xff,0xff,0x3b,
    0xff,0xff,0xff,0xff,0xff,0xff,0xff,0xff,0xff,0xff,0xff,0xff,0xff,0xff,0xff,0xff,
    0xff,0xff,0xff,0xff,0xff,0xff,0xff,0xff,0xff,0xff,0xff,0xff,0xff,0x3b,0xfc,0xff,
    0xff,0xff,0xff,0xff,0xff,0xff,0xff,0xff,0xff,0xff,0xff,0xff,0xff,0xff,0xff,0xff,
    0xff,0xff,0xff,0xff,0xff,0xff,0xff,0xff,0xff,0xff,0xff,0x38,0x94,0xfc,0xff,0xff,
    0xff,0xff,0xff,0xff,0xff,0xff,0xff,0xff,0xff,0xff,0xff,0xff,0xff,0xff,0xff,0xff,
    0xff,0xff,0xff,0xff,0xff,0xff,0xff,0xff,0xc7,0x05,0x28,0x3b,0x3b,0x3b,0x3b,0x3b,
    0x3b,0x3b,0x3b,0x3b,0x3b,0x3b,0x3b,0x3b,0x3b,0x3b,0x3b,0x3b,0x3b,0x3b,0x3b,0x3b,
    0x3b,0x3b,0x3b,0x3b,0x3b,0x3b,0x33,0x01,0xf8,0xff,0xff,0xff,0xff,0xff,0xff,0xff,
    0xff,0xff,0xff,0xff,0xff,0xff,0xff,0xff,0xff,0xff,0xff,0xff,0xff,0xff,0xff,0xff,
    0xff,0xff,0xff,0xff,0xff,0x34,0xff,0xff,0xff,0xff,0xff,0xff,0xff,0xff,0xff,0xff,
    0xff,0xff,0xff,0xff,0xff,0xff,0xff,0xff,0xff,0xff,0xff,0xff,0xff,0xff,0xff,0xff,
    0xff,0xff,0xff,0x3b,0xff,0xff,0xff,0xff,0xff,0xff,0xff,0xff,0xff,0xff,0xff,0xff,
    0xff,0xff,0xff,0xff,0xff,0xff,0xff,0xff,0xff,0xff,0xff,0xff,0xff,0xff,0xff,0xff,
    0xff,0x3b,0xff,0xff,0xff,0xff,0xff,0xff,0xff,0xff,0xff,0xff,0xff,0xff,0xff,0xff,
    0xff,0xff,0xff,0xff,0xff,0xff,0xff,0xff,0xff,0xff,0xff,0xff,0xff,0xff,0xff,0x3b,
    0xff,0xff,0xff,0xff,0xff,0xff,0xff,0xff,0xff,0xff,0xff,0xff,0xff,0xff,0xff,0xff,
    0xff,0xff,0xff,0xff,0xff,0xff,0xff,0xff,0xff,0xff,0xff,0xff,0xff,0x3b,0xff,0xff,
    0xff,0xff,0xff,0xff,0xff,0xff,0xff,0xff,0xff,0xff,0xff,0xff,0xff,0xff,0xff,0xff,
    0xff,0xff,0xff,0xff,0xff,0xff,0xff,0xff,0xff,0xff,0xff,0x3b,0xff,0xff,0xff,0xff,
    0xff,0xff,0xff,0xff,0xff,0xff,0xff,0xff,0xff,0xff,0xff,0xff,0xff,0xff,0xff,0xff,
    0xff,0xff,0xff,0xff,0xff,0xff,0xff,0xff,0xff,0x3b,0xff,0xff,0xff,0xff,0xff,0xff,
    0xff,0xff,0xff,0xff,0xff,0xff,0xff,0xff,0xff,0xff,0xff,0xff,0xff,0xff,0xff,0xff,
    0xff,0xff,0xff,0xff,0xff,0xff,0xff,0x3b,0xff,0xff,0xff,0xff,0xff,0xff,0xff,0xff,
    0xff,0xff,0xff,0xff,0xff,0xff,0xff,0xff,0xff,0xff,0xff,0xff,0xff,0xff,0xff,0xff,
    0xff,0xff,0xff,0xff,0xff,0x3b,0xff,0xff,0xff,0xff,0xff,0xff,0xff,0xff,0xff,0xff,
    0xff,0xff,0xff,0xff,0xff,0xff,0xff,0xff,0xff,0xff,0xff,0xff,0xff,0xff,0xff,0xff,
    0xff,0xff,0xff,0x3b,0xff,0xff,0xff,0xff,0xff,0xff,0xff,0xff,0xff,0xff,0xff,0xff,
    0xff,0xff,0xff,0xff,0xff,0xff,0xff,0xff,0xff,0xff,0xff,0xff,0xff,0xff,0xff,0xff,
    0xff,0x3b,0xe6,0xff,0xff,0xff,0xff,0xff,0xff,0xff,0xff,0xff,0xff,0xff,0xff,0xff,
    0xff,0xff,0xff,0xff,0xff,0xff,0xff,0xff,0xff,0xff,0xff,0xff,0xff,0xff,0xf8,0x28,
    0x00,0x00,0x00,0x0f,0x00,0x00,0x00,0x00,0x00,0x00,0x00,0x00,0x00,0x00,0x00,0x00,
    0x00,0x00,0x00,0x00,0x00,0x00,0x00,0x00,0x8c,0xfd,0x60,0x00,0x00,0x00,0x00,0x00,
    0x00,0x00,0x00,0x00,0x00,0x00,0x00,0x00,0x00,0x00,0x00,0x00,0x00,0x00,0xa8,0xff,
    0xf5,0x29,0x00,0x00,0x00,0x00,0x00,0x00,0x00,0x00,0x00,0x00,0x00,0x00,0x00,0x00,
    0x00,0x00,0x00,0x00,0x29,0xf5,0xff,0xd1,0x08,0x00,0x00,0x00,0x00,0x00,0x00,0x00,
    0x00,0x00,0x00,0x00,0x00,0x00,0x00,0x00,0x00,0x00,0x00,0x64,0xff,0xff,0x94,0x00,
    0x00,0x00,0x00,0x00,0x00,0x00,0x00,0x00,0x00,0x00,0x00,0x00,0x00,0x00,0x00,0x00,
    0x00,0x00,0xa9,0xff,0xff,0x4f,0x00,0x00,0x00,0x00,0x00,0x00,0x00,0x00,0x00,0x00,
    0x00,0x00,0x00,0x00,0x00,0x00,0x00,0x00,0x0f,0xdf,0xff,0xed,0x1c,0x00,0x00,0x00,
    0x00,0x00,0x00,0x00,0x00,0x00,0x00,0x00,0x00,0x00,0x00,0x00,0x00,0x00,0x00,0x39,
    0xfb,0xff,0xc1,0x03,0x00,0x00,0x00,0x00,0x00,0x00,0x00,0x00,0x00,0x00,0x00,0x00,
    0x00,0x00,0x00,0x00,0x00,0x00,0x7a,0xff,0xff,0x7f,0x00,0x00,0x00,0x00,0x00,0x00,
    0x00,0x00,0x00,0x00,0x00,0x00,0x00,0x00,0x00,0x00,0x00,0x00,0x02,0xbd,0xff,0xfc,
    0x3d,0x00,0x00,0x00,0x00,0x00,0x00,0x00,0x00,0x00,0x00,0x00,0x00,0x00,0x00,0x00,
    0x00,0x00,0x00,0x1a,0xeb,0xff,0xe2,0x12,0x00,0x00,0x00,0x00,0x00,0x00,0x00,0x00,
    0x00,0x00,0x00,0x00,0x00,0x00,0x00,0x00,0x00,0x00,0x4b,0xff,0xff,0xaf,0x00,0x00,
    0x00,0x00,0x00,0x00,0x00,0x00,0x00,0x00,0x00,0x00,0x00,0x00,0x00,0x00,0x00,0x00,
    0x00,0xa6,0xff,0xff,0x6a,0x00,0x00,0x00,0x00,0x00,0x00,0x00,0x00,0x00,0x00,0x00,
    0x00,0x00,0x00,0x00,0x00,0x00,0x00,0x70,0xff,0xff,0xf7,0x2d,0x00,0x00,0x00,0x00,
    0x00,0x00,0x00,0x00,0x00,0x00,0x00,0x00,0x00,0x00,0x00,0x00,0x00,0xaa,0xff,0xff,
    0xff,0xd5,0x0a,0x00,0x00,0x00,0x00,0x00,0x00,0x00,0x00,0x00,0x00,0x00,0x00,0x00,
    0x00,0x00,0x42,0xfe,0xff,0xff,0xff,0xff,0x9a,0x00,0x00,0x00,0x00,0x00,0x00,0x00,
    0x00,0x00,0x00,0x00,0x00,0x00,0x00,0x0a,0xdd,0xff,0xff,0xff,0xff,0xff,0xff,0x55,
    0x00,0x00,0x00,0x00,0x00,0x00,0x00,0x00,0x00,0x00,0x00,0x00,0x00,0x90,0xff,0xff,
    0xff,0xff,0xff,0xff,0xff,0xef,0x1f,0x00,0x00,0x00,0x00,0x00,0x00,0x00,0x00,0x00,
    0x00,0x00,0x39,0xfd,0xff,0xff,0xff,0xff,0xff,0xff,0xff,0xff,0xc6,0x04,0x00,0x00,
    0x00,0x00,0x00,0x00,0x00,0x00,0x00,0x07,0xd6,0xff,0xff,0xff,0xff,0xff,0xff,0xff,
    0xff,0xff,0xff,0x85,0x00,0x00,0x00,0x00,0x00,0x00,0x00,0x00,0x00,0x86,0xff,0xff,
    0xff,0xff,0xff,0xff,0xff,0xff,0xff,0xff,0xff,0xfd,0x42,0x00,0x00,0x00,0x00,0x00,
    0x00,0x00,0x32,0xfb,0xff,0xff,0xff,0xff,0xff,0xff,0xff,0xff,0xff,0xff,0xff,0xff,
    0xe4,0x05,0x00,0x00,0x00,0x00,0x00,0x04,0xd0,0xff,0xff,0xff,0xff,0xff,0xff,0xff,
    0xff,0xff,0xff,0xff,0xff,0xff,0xff,0x27,0x00,0x00,0x00,0x00,0x00,0x7c,0xff,0xff,
    0xff,0xff,0xff,0xff,0xff,0xff,0xff,0xff,0xff,0xff,0xff,0xff,0xec,0x08,0x00,0x00,
    0x00,0x00,0x2a,0xf9,0xff,0xff,0xff,0xff,0xff,0xff,0xff,0xff,0xff,0xff,0xff,0xff,
    0xff,0xff,0x59,0x00,0x00,0x00,0x00,0x02,0xc8,0xff,0xff,0xff,0xff,0xff,0xff,0xff,
    0xff,0xff,0xff,0xff,0xff,0xff,0xff,0xb0,0x00,0x00,0x00,0x00,0x00,0x72,0xff,0xff,
    0xff,0xff,0xff,0xff,0xff,0xff,0xff,0xff,0xff,0xff,0xff,0xff,0xed,0x18,0x00,0x00,
    0x00,0x00,0x23,0xf6,0xff,0xff,0xff,0xff,0xff,0xff,0xff,0xff,0xff,0xff,0xff,0xff,
    0xff,0xff,0x5c,0x00,0x00,0x00,0x00,0x00,0xb3,0xff,0xff,0xff,0xff,0xff,0xff,0xff,
    0xff,0xff,0xff,0xff,0xff,0xff,0xff,0xb3,0x00,0x00,0x00,0x00,0x00,0x00,0xea,0xff,
    0xff,0xff,0xff,0xff,0xff,0xff,0xff,0xff,0xff,0xff,0xff,0xff,0xef,0x1a,0x00,0x00,
    0x00,0x00,0x00,0x00,0xb6,0xff,0xff,0xff,0xff,0xff,0xff,0xff,0xff,0xff,0xff,0xff,
    0xff,0xff,0x5f,0x00,0x00,0x00,0x00,0x00,0x00,0x00,0x1b,0xe8,0xff,0xff,0xff,0xff,
    0xff,0xff,0xff,0xff,0xff,0xff,0xff,0xb5,0x00,0x00,0x00,0x00,0x00,0x00,0x00,0x00,
    0x00,0x3b,0xfa,0xff,0xff,0xff,0xff,0xff,0xff,0xff,0xff,0xff,0xf0,0x1c,0x00,0x00,
    0x00,0x00,0x00,0x00,0x00,0x00,0x00,0x00,0x68,0xff,0xff,0xff,0xff,0xff,0xff,0xff,
    0xff,0xff,0x62,0x00,0x00,0x00,0x00,0x00,0x00,0x00,0x00,0x00,0x00,0x00,0x00,0x9a,
    0xff,0xff,0xff,0xff,0xff,0xff,0xff,0xb8,0x00,0x00,0x00,0x00,0x00,0x00,0x00,0x00,
    0x00,0x00,0x00,0x00,0x00,0x06,0xc6,0xff,0xff,0xff,0xff,0xff,0xf1,0x1d,0x00,0x00,
    0x00,0x00,0x00,0x00,0x00,0x00,0x00,0x00,0x00,0x00,0x00,0x00,0x19,0xe6,0xff,0xff,
    0xff,0xff,0x64,0x00,0x00,0x00,0x00,0x00,0x00,0x00,0x00,0x00,0x00,0x00,0x00,0x00,
    0x00,0x00,0x00,0x38,0xf9,0xff,0xff,0xcf,0x00,0x00,0x00,0x00,0x00,0x00,0x00,0x00,
    0x00,0x00,0x00,0x00,0x00,0x00,0x00,0x00,0x00,0x00,0x64,0xff,0xff,0xbe,0x00,0x00,
    0x00,0x00,0x00,0x00,0x00,0x00,0x00,0x00,0x00,0x00,0x00,0x00,0x00,0x00,0x00,0x00,
    0x00,0x96,0xff,0xff,0x67,0x00,0x00,0x00,0x00,0x00,0x00,0x00,0x00,0x00,0x00,0x00,
    0x00,0x00,0x00,0x00,0x00,0x00,0x00,0x05,0xc3,0xff,0xfa,0x3c,0x00,0x00,0x00,0x00,
    0x00,0x00,0x00,0x00,0x00,0x00,0x00,0x00,0x00,0x00,0x00,0x00,0x00,0x00,0x17,0xe3,
    0xff,0xe9,0x1d,0x00,0x00,0x00,0x00,0x00,0x00,0x00,0x00,0x00,0x00,0x00,0x00,0x00,
    0x00,0x00,0x00,0x00,0x00,0x35,0xf8,0xff,0xcc,0x09,0x00,0x00,0x00,0x00,0x00,0x00,
    0x00,0x00,0x00,0x00,0x00,0x00,0x1c,0x80,0xcb,0xec,0xf9,0xe5,0xee,0xff,0xff,0xa4,
    0x00,0x00,0x00,0x00,0x00,0x00,0x00,0x00,0x00,0x00,0x00,0x77,0xf6,0xff,0xff,0xff,
    0xff,0xff,0xff,0xff,0xff,0xff,0x74,0x00,0x00,0x00,0x00,0x00,0x00,0x00,0x00,0x00,
    0x9d,0xff,0xff,0xff,0xff,0xff,0xff,0xff,0xff,0xff,0xff,0xff,0xfc,0x47,0x00,0x00,
    0x00,0x00,0x00,0x00,0x00,0x72,0xff,0xff,0xff,0xff,0xff,0xff,0xff,0xff,0xff,0xff,
    0xff,0xff,0xff,0xee,0x24,0x00,0x00,0x00,0x00,0x00,0x15,0xf3,0xff,0xff,0xff,0xff,
    0xff,0xff,0xff,0xff,0xff,0xff,0xff,0xff,0xff,0xff,0xd5,0x0d,0x00,0x00,0x00,0x00,
    0x7a,0xff,0xff,0xff,0xff,0xff,0xff,0xff,0xff,0xff,0xff,0xff,0xff,0xff,0xff,0xff,
    0xff,0xb1,0x01,0x00,0x00,0x00,0xc5,0xff,0xff,0xff,0xff,0xff,0xff,0xff,0xff,0xff,
    0xff,0xff,0xff,0xff,0xff,0xff,0xff,0xff,0x81,0x00,0x00,0x00,0xea,0xff,0xff,0xff,
    0xff,0xff,0xff,0xff,0xff,0xff,0xff,0xff,0xff,0xff,0xff,0xff,0xff,0xff,0xfe,0x52,
    0x00,0x00,0xf8,0xff,0xff,0xff,0xff,0xff,0xff,0xff,0xff,0xff,0xab,0x48,0x14,0x19,
    0x4a,0xb6,0xff,0xff,0xff,0xf3,0x2e,0x00,0xdd,0xff,0xff,0xff,0xff,0xff,0xff,0xff,
    0xff,0x66,0x00,0x00,0x00,0x00,0x00,0x00,0x4e,0xe3,0xff,0xff,0xdd,0x05,0xa4,0xff,
    0xff,0xff,0xff,0xff,0xff,0xff,0xa6,0x00,0x00,0x00,0x00,0x00,0x00,0x00,0x00,0x0e,
    0x95,0xfe,0xed,0x07,0x31,0xff,0xff,0xff,0xff,0xff,0xff,0xff,0x28,0x00,0x00,0x00,
    0x00,0x00,0x00,0x00,0x00,0x00,0x00,0x22,0x1b,0x00,0x00,0x95,0xff,0xff,0xff,0xff,
    0xff,0xf4,0x02,0x00,0x00,0x00,0x00,0x00,0x00,0x00,0x00,0x00,0x00,0x00,0x00,0x00,
    0x00,0x0a,0xd7,0xff,0xff,0xff,0xff,0xe0,0x00,0x00,0x00,0x00,0x00,0x00,0x00,0x00,
    0x00,0x00,0x00,0x00,0x00,0x00,0x00,0x00,0x2e,0xf7,0xff,0xff,0xff,0xfd,0x08,0x00,
    0x00,0x00,0x00,0x00,0x00,0x00,0x00,0x00,0x00,0x00,0x00,0x00,0x00,0x00,0x00,0x65,
    0xff,0xff,0xff,0xff,0x3a,0x00,0x00,0x00,0x00,0x00,0x00,0x00,0x00,0x00,0x00,0x00,
    0x00,0x00,0x00,0x00,0x00,0x00,0xa3,0xff,0xff,0xff,0xaa,0x00,0x00,0x00,0x00,0x00,
    0x00,0x00,0x00,0x00,0x00,0x00,0x00,0x00,0x00,0x00,0x00,0x00,0x0b,0xd5,0xff,0xff,
    0xff,0x38,0x00,0x00,0x00,0x00,0x00,0x00,0x00,0x00,0x00,0x00,0x00,0x00,0x00,0x00,
    0x00,0x00,0x00,0x2a,0xf4,0xff,0xff,0xc4,0x00,0x00,0x00,0x00,0x00,0x00,0x00,0x00,
    0x00,0x00,0x00,0x00,0x00,0x00,0x00,0x00,0x00,0x00,0x5a,0xff,0xff,0xff,0x52,0x00,
    0x00,0x00,0x00,0x00,0x00,0x00,0x00,0x00,0x00,0x00,0x00,0x00,0x00,0x00,0x00,0x00,
    0x00,0x93,0xff,0xff,0xdb,0x05,0x00,0x00,0x00,0x00,0x00,0x00,0x00,0x00,0x00,0x00,
    0x00,0x00,0x00,0x00,0x00,0x00,0x00,0x05,0xc6,0xff,0xff,0x70,0x00,0x00,0x00,0x00,
    0x00,0x00,0x00,0x00,0x00,0x00,0x00,0x00,0x00,0x00,0x00,0x00,0x00,0x00,0x1b,0xe9,
    0xff,0xcb,0x00,0x00,0x00,0x00,0x00,0x00,0x00,0x00,0x00,0x00,0x00,0x00,0x00,0x00,
    0x00,0x00,0x00,0x00,0x00,0x37,0xbe,0x5d,0x00,0x00,0x00,0x00,0x00,0x00,0x00,0x00,
    0x00,0x00,0x00,0x00,0x00,0x00,0x00,0x00,0x00,0x00,0x00,0x00,0x00,0x00,0x00,0x00,
    0x00,0x00,0x00,0x00,0x00,0x00,0x00,0x00,0x00,0x0e,0x00,0x00,0x00,0x00,0x00,0x26,
    0x61,0x74,0x5e,0x1e,0x00,0x00,0x00,0x00,0x00,0x00,0x00,0x00,0x00,0x00,0x00,0x00,
    0x00,0x69,0xfe,0x8d,0x00,0x00,0x17,0xaf,0xff,0xff,0xff,0xff,0xff,0x9b,0x0d,0x00,
    0x00,0x00,0x00,0x00,0x00,0x00,0x00,0x00,0x00,0x1a,0xf3,0xff,0xb8,0x00,0x33,0xed,
    0xff,0xff,0xff,0xff,0xff,0xff,0xff,0xe0,0x1c,0x00,0x00,0x00,0x00,0x00,0x00,0x00,
    0x00,0x00,0xaf,0xff,0xff,0x6a,0x08,0xd6,0xff,0xff,0xff,0xff,0xff,0xff,0xff,0xff,
    0xff,0xb9,0x00,0x00,0x00,0x00,0x00,0x00,0x00,0x00,0x56,0xff,0xff,0xfe,0x1a,0x7d,
    0xff,0xff,0xff,0xff,0xff,0xff,0xff,0xff,0xff,0xff,0xff,0x58,0x00,0x00,0x00,0x00,
    0x00,0x00,0x1f,0xeb,0xff,0xff,0xc7,0x00,0xd1,0xff,0xff,0xff,0xff,0xff,0xff,0xff,
    0xff,0xff,0xff,0xff,0xac,0x00,0x00,0x00,0x00,0x00,0x09,0xcd,0xff,0xff,0xff,0x76,
    0x00,0xf5,0xff,0xff,0xff,0xff,0xff,0xff,0xff,0xff,0xff,0xff,0xff,0xd0,0x00,0x00,
    0x00,0x00,0x00,0xa2,0xff,0xff,0xff,0xff,0x25,0x00,0xec,0xff,0xff,0xff,0xff,0xff,
    0xff,0xff,0xff,0xff,0xff,0xff,0xbe,0x00,0x00,0x00,0x02,0x9a,0xff,0xff,0xff,0xff,
    0xd3,0x00,0x00,0xc7,0xff,0xff,0xff,0xff,0xff,0xff,0xff,0xff,0xff,0xff,0xff,0x8f,
    0x00,0x00,0x07,0xac,0xff,0xff,0xe1,0xff,0xff,0x82,0x00,0x00,0x6b,0xff,0xff,0xff,
    0xff,0xff,0xff,0xff,0xff,0xff,0xff,0xff,0x43,0x00,0x23,0xc0,0xff,0xff,0xcc,0x72,
    0xff,0xff,0x31,0x00,0x00,0x09,0xd3,0xff,0xff,0xff,0xff,0xff,0xff,0xff,0xff,0xff,
    0xab,0x2b,0x89,0xf8,0xff,0xff,0xc3,0x0f,0xb2,0xff,0xe0,0x00,0x00,0x00,0x00,0x23,
    0xdb,0xff,0xff,0xff,0xff,0xff,0xff,0xff,0xff,0xef,0xff,0xff,0xff,0xfb,0x80,0x04,
    0x0c,0xf7,0xff,0x8f,0x00,0x00,0x00,0x00,0x00,0x12,0x8a,0xf0,0xff,0xff,0xff,0xff,
    0xff,0xff,0xff,0xff,0xfd,0xb7,0x36,0x00,0x00,0x55,0xff,0xff,0x3d,0x00,0x00,0x00,
    0x00,0x00,0x00,0x00,0x0d,0x6f,0xab,0xcd,0xef,0xf0,0xd1,0xb2,0x81,0x1f,0x00,0x00,
    0x00,0x00,0xa7,0xff,0xea,0x02,0x00,0x00,0x00,0x00,0x00,0x00,0x00,0x00,0x00,0x00,
    0x00,0x00,0x00,0x00,0x00,0x00,0x00,0x00,0x00,0x00,0x07,0xf2,0xff,0x9b,0x00,0x00,
    0x00,0x00,0x00,0x00,0x00,0x00,0x00,0x00,0x00,0x00,0x00,0x00,0x00,0x00,0x00,0x00,
    0x00,0x00,0x00,0x4b,0xff,0xff,0x4a,0x00,0x00,0x00,0x00,0x00,0x00,0x00,0x00,0x00,
    0x00,0x00,0x00,0x00,0x00,0x00,0x00,0x00,0x00,0x00,0x00,0x00,0x9d,0xff,0xf2,0x07,
    0x00,0x00,0x00,0x00,0x00,0x00,0x00,0x00,0x00,0x00,0x00,0x00,0x00,0x00,0x00,0x00,
    0x00,0x00,0x00,0x00,0x03,0xeb,0xff,0xa7,0x00,0x00,0x00,0x00,0x00,0x00,0x00,0x00,
    0x00,0x00,0x00,0x00,0x00,0x00,0x00,0x00,0x00,0x00,0x00,0x00,0x00,0x41,0xff,0xff,
    0x56,0x00,0x00,0x00,0x00,0x00,0x00,0x00,0x00,0x00,0x00,0x00,0x00,0x00,0x00,0x00,
    0x00,0x00,0x00,0x00,0x00,0x00,0x93,0xff,0xf8,0x0d,0x00,0x00,0x00,0x00,0x00,0x00,
    0x00,0x00,0x00,0x00,0x00,0x00,0x00,0x00,0x00,0x00,0x00,0x00,0x00,0x00,0x01,0xe4,
    0xff,0xb3,0x00,0x00,0x00,0x00,0x00,0x00,0x00,0x00,0x00,0x00,0x00,0x00,0x00,0x00,
    0x00,0x00,0x00,0x00,0x00,0x00,0x00,0x36,0xff,0xff,0x62,0x00,0x00,0x00,0x00,0x00,
    0x00,0x00,0x00,0x00,0x00,0x00,0x00,0x00,0x00,0x00,0x00,0x00,0x00,0x00,0x00,0x00,
    0x88,0xff,0xfc,0x14,0x00,0x00,0x00,0x00,0x00,0x00,0x00,0x00,0x00,0x00,0x00,0x00,
    0x00,0x00,0x00,0x00,0x00,0x00,0x00,0x00,0x00,0xda,0xff,0xc0,0x00,0x00,0x00,0x00,
    0x00,0x00,0x00,0x00,0x00,0x00,0x00,0x00,0x00,0x00,0x00,0x00,0x00,0x00,0x00,0x00,
    0x00,0x2c,0xff,0xff,0x6e,0x00,0x00,0x00,0x00,0x00,0x00,0x00,0x00,0x00,0x00,0x00,
    0x00,0x00,0x00,0x00,0x00,0x00,0x00,0x00,0x00,0x00,0x7e,0xff,0xff,0x1e,0x00,0x00,
    0x00,0x00,0x00,0x00,0x00,0x00,0x00,0x00,0x00,0x00,0x00,0x00,0x00,0x00,0x00,0x00,
    0x00,0x00,0x00,0xd0,0xff,0xcc,0x00,0x00,0x00,0x00,0x00,0x00,0x00,0x00,0x00,0x00,
    0x00,0x00,0x00,0x00,0x00,0x00,0x00,0x00,0x00,0x00,0x00,0x22,0xff,0xff,0x7b,0x00,
    0x00,0x00,0x00,0x00,0x00,0x00,0x00,0x00,0x00,0x00,0x00,0x00,0x00,0x00,0x00,0x00,
    0x00,0x00,0x00,0x00,0x74,0xff,0xff,0x2a,0x00,0x00,0x00,0x00,0x00,0x00,0x00,0x00,
    0x00,0x00,0x00,0x00,0x00,0x00,0x00,0x00,0x00,0x00,0x00,0x00,0x00,0xc5,0xff,0xd9,
    0x00,0x00,0x00,0x00,0x00,0x00,0x00,0x00,0x00,0x00,0x00,0x00,0x00,0x00,0x00,0x00,
    0x00,0x00,0x00,0x00,0x00,0x19,0xfe,0xff,0x87,0x00,0x00,0x00,0x00,0x00,0x00,0x00,
    0x00,0x00,0x00,0x00,0x00,0x00,0x00,0x00,0x00,0x00,0x00,0x00,0x00,0x00,0x69,0xff,
    0xff,0x36,0x00,0x00,0x00,0x00,0x00,0x00,0x00,0x00,0x00,0x00,0x00,0x00,0x00,0x00,
    0x00,0x00,0x00,0x00,0x00,0x00,0x00,0xbb,0xff,0xe4,0x01,0x00,0x00,0x00,0x00,0x00,
    0x00,0x00,0x00,0x00,0x00,0x00,0x00,0x00,0x00,0x00,0x00,0x00,0x00,0x00,0x00,0x12,
    0xfb,0xff,0x93,0x00,0x00,0x00,0x00,0x00,0x00,0x00,0x00,0x00,0x00,0x00,0x00,0x00,
    0x00,0x00,0x00,0x00,0x00,0x00,0x00,0x00,0x5f,0xff,0xff,0x42,0x00,0x00,0x00,0x00,
    0x00,0x00,0x00,0x00,0x00,0x00,0x00,0x00,0x00,0x00,0x00,0x00,0x00,0x00,0x00,0x00,
    0x00,0xb1,0xff,0xed,0x04,0x00,0x00,0x00,0x00,0x00,0x00,0x00,0x00,0x00,0x00,0x00,
    0x00,0x00,0x00,0x00,0x00,0x00,0x00,0x00,0x00,0x0b,0xf7,0xff,0xa0,0x00,0x00,0x00,
    0x00,0x00,0x00,0x00,0x00,0x00,0x00,0x00,0x00,0x00,0x00,0x00,0x00,0x00,0x00,0x00,
    0x00,0x00,0x54,0xff,0xff,0x4e,0x00,0x00,0x00,0x00,0x00,0x00,0x00,0x00,0x00,0x00,
    0x00,0x00,0x00,0x00,0x00,0x00,0x00,0x00,0x00,0x00,0x00,0xa6,0xff,0xf4,0x09,0x00,
    0x00,0x00,0x00,0x00,0x00,0x00,0x00,0x00,0x00,0x00,0x00,0x00,0x00,0x00,0x00,0x00,
    0x00,0x00,0x00,0x06,0xf1,0xff,0xac,0x00,0x00,0x00,0x00,0x00,0x00,0x00,0x00,0x00,
    0x00,0x00,0x00,0x00,0x00,0x00,0x00,0x00,0x00,0x00,0x00,0x00,0x1b,0xb3,0xf6,0x5b,
    0x00,0x00,0x00,0x00,0x00,0x00,0x00,0x00,0x00,0x00,0x00,0x00,0x00,0x00,0x00,0x00,
    0x00,0x00,0x00,0x00,0x00,0x00,0x00,0x09,0x07,0x00,0x00,0x00,0x00,0x00,0x00,0x00,
    0x00,0x00,0x00,0x00,0x00,0x00,0x00,0x00,0x00,0x00,0x00,0x00,0x00,0x00,0x00,0x00,
    0x00,0x00,0x00,0x00,0x00,0x00,0x00,0x12,0x1c,0x09,0x00,0x00,0x00,0x00,0x00,0x00,
    0x00,0x00,0x00,0x00,0x00,0x00,0x00,0x00,0x00,0x00,0x00,0x00,0x00,0x00,0x00,0x00,
    0x2c,0x75,0xbc,0xdf,0xf8,0xff,0xff,0xff,0xf3,0xbb,0x79,0x19,0x00,0x00,0x00,0x00,
    0x00,0x00,0x00,0x00,0x00,0x00,0x00,0x00,0x00,0x00,0x00,0x0e,0x78,0xe2,0xff,0xff,
    0xff,0xff,0xff,0xff,0xff,0xff,0xff,0xff,0xff,0xf7,0x8c,0x06,0x00,0x00,0x00,0x00,
    0x00,0x00,0x00,0x00,0x00,0x00,0x00,0x10,0x85,0xf0,0xff,0xff,0xff,0xff,0xff,0xff,
    0xff,0xff,0xff,0xff,0xff,0xff,0xff,0xff,0xff,0xca,0x10,0x00,0x00,0x00,0x00,0x00,
    0x00,0x00,0x00,0x00,0x45,0xe3,0xff,0xff,0xff,0xff,0xff,0xff,0xff,0xff,0xff,0xff,
    0xff,0xff,0xff,0xff,0xff,0xff,0xff,0xff,0xb8,0x01,0x00,0x00,0x00,0x00,0x00,0x00,
    0x06,0x94,0xfe,0xff,0xff,0xff,0xff,0xff,0xff,0xff,0xff,0xff,0xff,0xff,0xff,0xff,
    0xff,0xff,0xff,0xff,0xff,0xff,0xff,0x55,0x00,0x00,0x00,0x00,0x00,0x09,0xb7,0xff,
    0xff,0xff,0xff,0xff,0xff,0xff,0xff,0xff,0xff,0xff,0xff,0xff,0xff,0xff,0xff,0xff,
    0xff,0xff,0xff,0xff,0xff,0xc6,0x00,0x00,0x00,0x00,0x0c,0xbf,0xff,0xff,0xff,0xff,
    0xff,0xff,0xff,0xff,0xff,0xff,0xff,0xff,0xff,0xff,0xff,0xff,0xff,0xff,0xff,0xff,
    0xff,0xff,0xff,0xfc,0x0e,0x00,0x00,0x00,0xb4,0xff,0xff,0xff,0xff,0xff,0xff,0xff,
    0xff,0xff,0xff,0xff,0xff,0xff,0xff,0xff,0xff,0xff,0xff,0xff,0xff,0xff,0xff,0xff,
    0xff,0xff,0x2c,0x00,0x00,0x6e,0xff,0xff,0xff,0xff,0xff,0xff,0xff,0xff,0xff,0xff,
    0xff,0xff,0xff,0xff,0xff,0xff,0xff,0xff,0xff,0xff,0xff,0xff,0xff,0xff,0xff,0xff,
    0x32,0x00,0x2b,0xf8,0xff,0xff,0xff,0xff,0xff,0xff,0xff,0xff,0xff,0xff,0xff,0xff,
    0xff,0xff,0xff,0xff,0xff,0xff,0xff,0xff,0xff,0xff,0xff,0xff,0xff,0xff,0x1c,0x00,
    0xa7,0xff,0xff,0xff,0xff,0xff,0xff,0xff,0xff,0xff,0xff,0xff,0xff,0xff,0xff,0xff,
    0xff,0xff,0xff,0xff,0xff,0xff,0xff,0xff,0xff,0xff,0xff,0xea,0x01,0x1b,0xfa,0xff,
    0xff,0xff,0xff,0xff,0xff,0xff,0xff,0xff,0xff,0xff,0xff,0xff,0xff,0xff,0xff,0xff,
    0xff,0xff,0xff,0xff,0xff,0xff,0xff,0xff,0xff,0xa3,0x00,0x7f,0xff,0xff,0xff,0xff,
    0xff,0xff,0xff,0xff,0xff,0xff,0xff,0xff,0xff,0xff,0xff,0xff,0xff,0xff,0xff,0xff,
    0xff,0xff,0xff,0xff,0xff,0xff,0xfe,0x2f,0x00,0xb1,0xff,0xff,0xff,0xff,0xff,0xff,
    0xff,0xff,0xff,0xff,0xff,0xff,0xff,0xff,0xff,0xff,0xff,0xff,0xff,0xff,0xff,0xff,
    0xff,0xff,0xff,0xff,0xaf,0x00,0x00,0xd7,0xff,0xff,0xff,0xff,0xff,0xff,0xff,0xff,
    0xff,0xff,0xff,0xff,0xff,0xff,0xff,0xff,0xff,0xff,0xff,0xff,0xff,0xff,0xff,0xff,
    0xff,0xfd,0x32,0x00,0x00,0xf9,0xff,0xff,0xff,0xff,0xff,0xff,0xff,0xff,0xff,0xff,
    0xff,0xff,0xff,0xff,0xff,0xff,0xff,0xff,0xff,0xff,0xff,0xff,0xff,0xff,0xff,0x73,
    0x00,0x00,0x00,0xff,0xff,0xff,0xff,0xff,0xff,0xff,0xff,0xff,0xff,0xff,0xff,0xff,
    0xff,0xff,0xff,0xff,0xff,0xff,0xff,0xff,0xff,0xff,0xff,0xff,0xa0,0x00,0x00,0x00,
    0x00,0xff,0xff,0xff,0xff,0xff,0xff,0xff,0xff,0xff,0xff,0xff,0xff,0xff,0xff,0xff,
    0xff,0xff,0xff,0xff,0xff,0xff,0xff,0xff,0xff,0xc0,0x07,0x00,0x00,0x00,0x00,0xff,
    0xff,0xff,0xff,0xff,0xff,0xff,0xff,0xff,0xff,0xff,0xff,0xff,0xff,0xff,0xff,0xff,
    0xff,0xff,0xff,0xff,0xff,0xff,0xa0,0x06,0x00,0x00,0x00,0x00,0x00,0xff,0xff,0xff,
    0xff,0xff,0xff,0xff,0xff,0xff,0xff,0xff,0xff,0xff,0xff,0xff,0xff,0xff,0xff,0xff,
    0xff,0xff,0xfd,0x77,0x00,0x00,0x00,0x00,0x00,0x00,0x00,0xff,0xff,0xff,0xff,0xff,
    0xff,0xff,0xff,0xff,0xff,0xff,0xff,0xff,0xff,0xff,0xff,0xff,0xff,0xff,0xff,0xff,
    0xe9,0x1c,0x00,0x00,0x00,0x00,0x00,0x00,0x00,0xff,0xff,0x90,0xf2,0xff,0xff,0xff,
    0xff,0xff,0xff,0xff,0xff,0xff,0xff,0xff,0xff,0xff,0xff,0xe5,0xb9,0xff,0xff,0xd3,
    0x0f,0x00,0x00,0x00,0x00,0x00,0x00,0xff,0xff,0x3b,0x25,0xa8,0xfc,0xff,0xff,0xff,
    0xff,0xff,0xff,0xff,0xff,0xff,0xfb,0xbc,0x5e,0x06,0x04,0xbd,0xff,0xff,0xba,0x01,
    0x00,0x00,0x00,0x00,0x00,0xff,0xff,0x3b,0x00,0x00,0x20,0x6a,0xaa,0xcc,0xe0,0xe4,
    0xd3,0xbb,0x8b,0x57,0x12,0x00,0x00,0x00,0x00,0x13,0xe1,0xff,0xff,0x62,0x00,0x00,
    0x00,0x00,0x00,0xff,0xff,0x3b,0x00,0x00,0x00,0x00,0x00,0x00,0x00,0x00,0x00,0x00,
    0x00,0x00,0x00,0x00,0x00,0x00,0x00,0x00,0x54,0xff,0xff,0xed,0x15,0x00,0x00,0x00,
    0x00,0xff,0xff,0x3b,0x00,0x00,0x00,0x00,0x00,0x00,0x00,0x00,0x00,0x00,0x00,0x00,
    0x00,0x00,0x00,0x00,0x00,0x00,0x00,0xc3,0xff,0xff,0x9b,0x00,0x00,0x00,0x00,0xff,
    0xff,0x3b,0x00,0x00,0x00,0x00,0x00,0x00,0x00,0x00,0x00,0x00,0x00,0x00,0x00,0x00,
    0x00,0x00,0x00,0x00,0x00,0x49,0xff,0xff,0xf4,0x0c,0x00,0x00,0x00,0xff,0xff,0x3b,
    0x00,0x00,0x00,0x00,0x00,0x00,0x00,0x00,0x00,0x00,0x00,0x00,0x00,0x00,0x00,0x00,
    0x00,0x00,0x00,0x07,0xf3,0xff,0xff,0x61,0x00,0x00,0x00,0xff,0xff,0x3b,0x00,0x00,
    0x00,0x00,0x00,0x00,0x00,0x00,0x00,0x00,0x00,0x00,0x00,0x00,0x00,0x00,0x00,0x00,
    0x00,0x00,0xab,0xff,0xff,0xc1,0x00,0x00,0x00,0xff,0xff,0x3b,0x00,0x00,0x00,0x00,
    0x00,0x00,0x00,0x00,0x00,0x00,0x00,0x00,0x00,0x00,0x00,0x00,0x00,0x00,0x00,0x00,
    0x72,0xff,0xff,0xfe,0x10,0x00,0x00,0xff,0xff,0x3b,0x00,0x00,0x00,0x00,0x00,0x00,
    0x00,0x00,0x00,0x00,0x00,0x00,0x00,0x00,0x00,0x00,0x00,0x00,0x00,0x00,0x5b,0xff,
    0xff,0xff,0x3f,0x00,0x00,0xff,0xff,0x3b,0x00,0x00,0x00,0x00,0x00,0x00,0x00,0x00,
    0x00,0x00,0x00,0x00,0x00,0x00,0x00,0x00,0x00,0x00,0x00,0x00,0x44,0xff,0xff,0xff,
    0x66,0x00,0x00,0xff,0xff,0x3b,0x00,0x00,0x00,0x00,0x00,0x00,0x00,0x00,0x00,0x00,
    0x00,0x00,0x00,0x00,0x00,0x00,0x00,0x00,0x00,0x00,0x2f,0xff,0xff,0xff,0x77,0x00,
    0x00,0xff,0xff,0x3b,0x00,0x00,0x00,0x00,0x00,0x00,0x00,0x00,0x00,0x00,0x00,0x00,
    0x00,0x00,0x00,0x00,0x00,0x00,0x00,0x00,0x38,0xff,0xff,0xff,0x83,0x00,0x00,0xff,
    0xff,0x3b,0x00,0x00,0x00,0x00,0x00,0x00,0x00,0x00,0x00,0x00,0x00,0x00,0x00,0x00,
    0x00,0x00,0x00,0x00,0x00,0x00,0x4e,0xff,0xff,0xff,0x74,0x00,0x00,0xff,0xff,0x3b,
    0x00,0x00,0x00,0x00,0x00,0x00,0x00,0x00,0x00,0x00,0x00,0x00,0x00,0x00,0x00,0x00,
    0x00,0x00,0x00,0x00,0x76,0xff,0xff,0xff,0x62,0x00,0x00,0xff,0xff,0x3b,0x00,0x00,
    0x00,0x00,0x00,0x00,0x00,0x00,0x00,0x00,0x00,0x00,0x00,0x00,0x00,0x00,0x00,0x00,
    0x00,0x00,0xbd,0xff,0xff,0xff,0x51,0x00,0x00,0xff,0xff,0x3b,0x00,0x00,0x00,0x00,
    0x00,0x00,0x00,0x00,0x00,0x00,0x00,0x00,0x00,0x00,0x00,0x00,0x00,0x00,0x00,0x15,
    0xf9,0xff,0xff,0xff,0x32,0x00,0x00,0xff,0xff,0x3b,0x00,0x00,0x00,0x00,0x00,0x00,
    0x00,0x00,0x00,0x00,0x00,0x00,0x00,0x00,0x00,0x00,0x00,0x00,0x00,0x8a,0xff,0xff,
    0xff,0xf4,0x04,0x00,0x00,0xff,0xff,0x3b,0x00,0x00,0x00,0x00,0x00,0x00,0x00,0x00,
    0x00,0x00,0x00,0x00,0x00,0x00,0x00,0x00,0x00,0x00,0x1d,0xf4,0xff,0xff,0xff,0xbe,
    0x00,0x00,0x00,0xff,0xff,0x3b,0x00,0x00,0x00,0x00,0x00,0x00,0x00,0x00,0x00,0x00,
    0x00,0x00,0x00,0x00,0x00,0x00,0x00,0x04,0xc4,0xff,0xff,0xff,0xff,0x98,0x00,0x00,
    0x00,0xff,0xff,0x3b,0x00,0x00,0x00,0x00,0x00,0x00,0x00,0x00,0x00,0x00,0x00,0x00,
    0x00,0x00,0x00,0x00,0x00,0x8d,0xff,0xff,0xff,0xff,0xff,0xbd,0x00,0x00,0x00,0xff,
    0xff,0x3b,0x00,0x00,0x00,0x00,0x00,0x00,0x00,0x00,0x00,0x00,0x00,0x00,0x00,0x00,
    0x00,0x00,0x79,0xff,0xff,0xff,0xff,0xff,0xff,0xea,0x00,0x00,0x00,0xff,0xff,0x3b,
    0x00,0x00,0x00,0x00,0x00,0x00,0x00,0x00,0x00,0x00,0x00,0x00,0x00,0x00,0x00,0x6d,
    0xff,0xff,0xff,0xff,0xff,0xff,0xff,0xff,0x16,0x00,0x00,0xff,0xff,0x3b,0x00,0x00,
    0x00,0x00,0x00,0x00,0x00,0x00,0x00,0x00,0x00,0x00,0x00,0x00,0x7b,0xff,0xff,0xff,
    0xff,0xff,0xff,0xff,0xff,0xff,0x40,0x00,0x00,0xff,0xff,0x3b,0x00,0x00,0x00,0x00,
    0x00,0x00,0x00,0x00,0x00,0x00,0x00,0x00,0x04,0x9b,0xff,0xff,0xff,0xff,0xff,0xff,
    0xff,0xff,0xff,0xff,0x54,0x00,0x00,0xff,0xff,0x3b,0x00,0x00,0x00,0x00,0x00,0x00,
    0x00,0x00,0x00,0x00,0x00,0x19,0xbf,0xff,0xff,0xff,0xff,0xff,0xff,0xff,0xab,0xff,
    0xff,0xff,0x64,0x00,0x00,0xff,0xff,0x3b,0x00,0x00,0x00,0x00,0x00,0x00,0x00,0x00,
    0x00,0x00,0x46,0xea,0xff,0xff,0xff,0xff,0xff,0xff,0xff,0xc9,0x1c,0xff,0xff,0xff,
    0x74,0x00,0x00,0xff,0xff,0x3b,0x00,0x00,0x00,0x00,0x00,0x00,0x00,0x00,0x10,0x99,
    0xfe,0xff,0xff,0xff,0xff,0xff,0xff,0xff,0xd6,0x13,0x2a,0xff,0xff,0xff,0x84,0x00,
    0x00,0xff,0xff,0x3b,0x00,0x00,0x00,0x00,0x00,0x00,0x01,0x5a,0xe6,0xff,0xff,0xff,
    0xff,0xff,0xff,0xff,0xff,0xe0,0x1b,0x00,0x48,0xff,0xff,0xff,0x87,0x00,0x00,0xff,
    0xff,0x3b,0x00,0x00,0x00,0x00,0x00,0x41,0xcb,0xff,0xff,0xff,0xff,0xff,0xff,0xff,
    0xff,0xff,0xd1,0x1c,0x00,0x00,0x65,0xff,0xff,0xff,0x7d,0x00,0x00,0xff,0xff,0x3b,
    0x00,0x00,0x01,0x4d,0xc5,0xff,0xff,0xff,0xff,0xff,0xff,0xff,0xff,0xff,0xff,0xb8,
    0x0d,0x00,0x00,0x00,0x83,0xff,0xff,0xff,0x5d,0x00,0x00,0xff,0xff,0x3b,0x21,0x7b,
    0xde,0xff,0xff,0xff,0xff,0xff,0xff,0xff,0xff,0xff,0xff,0xff,0x98,0x04,0x00,0x00,
    0x00,0x00,0xc9,0xff,0xff,0xff,0x3c,0x00,0x00,0xff,0xff,0xe3,0xff,0xff,0xff,0xff,
    0xff,0xff,0xff,0xff,0xff,0xff,0xff,0xff,0xfa,0x68,0x00,0x00,0x00,0x00,0x00,0x26,
    0xff,0xff,0xff,0xff,0x19,0x00,0x00,0xff,0xff,0xff,0xff,0xff,0xff,0xff,0xff,0xff,
    0xff,0xff,0xff,0xff,0xff,0xe9,0x3c,0x00,0x00,0x00,0x00,0x00,0x00,0x83,0xff,0xff,
    0xff,0xe7,0x00,0x00,0x00,0xff,0xff,0xff,0xff,0xff,0xff,0xff,0xff,0xff,0xff,0xff,
    0xff,0xff,0xcc,0x1c,0x00,0x00,0x00,0x00,0x00,0x00,0x06,0xe0,0xff,0xff,0xff,0xb4,
    0x00,0x00,0x00,0xff,0xff,0xff,0xff,0xff,0xff,0xff,0xff,0xff,0xff,0xff,0xff,0xa7,
    0x09,0x00,0x00,0x00,0x00,0x00,0x00,0x00,0x80,0xff,0xff,0xff,0xff,0x84,0x00,0x00,
    0x00,0xff,0xff,0xff,0xff,0xff,0xff,0xff,0xff,0xff,0xff,0xfd,0x79,0x00,0x00,0x00,
    0x00,0x00,0x00,0x00,0x00,0x2b,0xf9,0xff,0xff,0xff,0xff,0x94,0x00,0x00,0x00,0xff,
    0xff,0xff,0xff,0xff,0xff,0xff,0xff,0xff,0xf4,0x4d,0x00,0x00,0x00,0x00,0x00,0x00,
    0x00,0x00,0x04,0xc7,0xff,0xff,0xff,0xff,0xff,0xc1,0x00,0x00,0x00,0xff,0xff,0xff,
    0xff,0xff,0xff,0xff,0xff,0xeb,0x36,0x00,0x00,0x00,0x00,0x00,0x00,0x00,0x00,0x02,
    0xa4,0xff,0xff,0xff,0xff,0xff,0xff,0xef,0x00,0x00,0x00,0xff,0xff,0xff,0xff,0xff,
    0xff,0xff,0xea,0x29,0x00,0x00,0x00,0x00,0x00,0x00,0x00,0x00,0x00,0x9a,0xff,0xff,
    0xff,0xff,0xff,0xff,0xff,0xff,0x1d,0x00,0x00,0xff,0xff,0xff,0xff,0xff,0xff,0xf2,
    0x2f,0x00,0x00,0x00,0x00,0x00,0x00,0x00,0x00,0x03,0x93,0xff,0xff,0xff,0xff,0xff,
    0xff,0xff,0xff,0xff,0x40,0x00,0x00,0xff,0xff,0xff,0xff,0xff,0xfe,0x4e,0x00,0x00,
    0x00,0x00,0x00,0x00,0x00,0x00,0x16,0xbd,0xff,0xff,0xff,0xff,0xff,0xff,0xfc,0xff,
    0xff,0xff,0x51,0x00,0x00,0xff,0xff,0xff,0xff,0xff,0x93,0x00,0x00,0x00,0x00,0x00,
    0x00,0x00,0x00,0x3a,0xe4,0xff,0xff,0xff,0xff,0xff,0xff,0xff,0x77,0xff,0xff,0xff,
    0x63,0x00,0x00,0xff,0xff,0xff,0xff,0xed,0x0d,0x00,0x00,0x00,0x00,0x00,0x00,0x0d,
    0x8d,0xfb,0xff,0xff,0xff,0xff,0xff,0xff,0xff,0x9d,0x15,0xff,0xff,0xff,0x75,0x00,
    0x00,0xff,0xff,0xff,0xff,0x7c,0x00,0x00,0x00,0x00,0x00,0x00,0x5a,0xe6,0xff,0xff,
    0xff,0xff,0xff,0xff,0xff,0xff,0xd7,0x0b,0x2a,0xff,0xff,0xff,0x85,0x00,0x00,0xff,
    0xff,0xff,0xf9,0x10,0x00,0x00,0x00,0x00,0x48,0xc7,0xff,0xff,0xff,0xff,0xff,0xff,
    0xff,0xff,0xff,0xde,0x1d,0x00,0x47,0xff,0xff,0xff,0x87,0x00,0x00,0xff,0xff,0xff,
    0xb7,0x00,0x00,0x01,0x4e,0xcb,0xff,0xff,0xff,0xff,0xff,0xff,0xff,0xff,0xff,0xff,
    0xdf,0x20,0x00,0x00,0x64,0xff,0xff,0xff,0x80,0x00,0x00,0xff,0xff,0xff,0x76,0x0f,
    0x6f,0xd9,0xff,0xff,0xff,0xff,0xff,0xff,0xff,0xff,0xff,0xff,0xff,0xcd,0x18,0x00,
    0x00,0x00,0x81,0xff,0xff,0xff,0x63,0x00,0x00,0xff,0xff,0xff,0xca,0xf4,0xff,0xff,
    0xff,0xff,0xff,0xff,0xff,0xff,0xff,0xff,0xff,0xff,0xb3,0x0c,0x00,0x00,0x00,0x00,
    0xc4,0xff,0xff,0xff,0x44,0x00,0x00,0xff,0xff,0xff,0xff,0xff,0xff,0xff,0xff,0xff,
    0xff,0xff,0xff,0xff,0xff,0xff,0xfe,0x7f,0x01,0x00,0x00,0x00,0x00,0x22,0xff,0xff,
    0xff,0xff,0x23,0x00,0x00,0xff,0xff,0xff,0xff,0xff,0xff,0xff,0xff,0xff,0xff,0xff,
    0xff,0xff,0xff,0xef,0x4b,0x00,0x00,0x00,0x00,0x00,0x00,0x7d,0xff,0xff,0xff,0xed,
    0x00,0x00,0x00,0xff,0xff,0xff,0xff,0xff,0xff,0xff,0xff,0xff,0xff,0xff,0xff,0xff,
    0xd2,0x23,0x00,0x00,0x00,0x00,0x00,0x00,0x03,0xdb,0xff,0xff,0xff,0xb6,0x00,0x00,
    0x00,0xff,0xff,0xff,0xff,0xff,0xff,0xff,0xff,0xff,0xff,0xff,0xff,0xab,0x0b,0x00,
    0x00,0x00,0x00,0x00,0x00,0x00,0x74,0xff,0xff,0xff,0xff,0x83,0x00,0x00,0x00,0xff,
    0xff,0xff,0xff,0xff,0xff,0xff,0xff,0xff,0xff,0xfe,0x7e,0x01,0x00,0x00,0x00,0x00,
    0x00,0x00,0x00,0x22,0xf5,0xff,0xff,0xff,0xff,0x99,0x00,0x00,0x00,0xff,0xff,0xff,
    0xff,0xff,0xff,0xff,0xff,0xff,0xf3,0x50,0x00,0x00,0x00,0x00,0x00,0x00,0x00,0x00,
    0x00,0xbb,0xff,0xff,0xff,0xff,0xff,0xca,0x00,0x00,0x00,0xff,0xff,0xff,0xff,0xff,
    0xff,0xff,0xff,0xe2,0x2d,0x00,0x00,0x00,0x00,0x00,0x00,0x00,0x00,0x00,0x8f,0xff,
    0xff,0xff,0xff,0xff,0xff,0xf7,0x03,0x00,0x00,0xff,0xff,0xff,0xff,0xff,0xff,0xff,
    0xe0,0x21,0x00,0x00,0x00,0x00,0x00,0x00,0x00,0x00,0x00,0x84,0xff,0xff,0xff,0xff,
    0xff,0xff,0xff,0xff,0x2b,0x00,0x00,0xff,0xff,0xff,0xff,0xff,0xff,0xe7,0x1e,0x00,
    0x00,0x00,0x00,0x00,0x00,0x00,0x00,0x00,0x7b,0xff,0xff,0xff,0xff,0xff,0xff,0xff,
    0xff,0xff,0x4a,0x00,0x00,0xff,0xff,0xff,0xff,0xff,0xf9,0x3a,0x00,0x00,0x00,0x00,
    0x00,0x00,0x00,0x00,0x0b,0xa5,0xff,0xff,0xff,0xff,0xff,0xff,0xff,0xff,0xff,0xff,
    0x5a,0x00,0x00,0xff,0xff,0xff,0xff,0xff,0x7d,0x00,0x00,0x00,0x00,0x00,0x00,0x00,
    0x00,0x28,0xd5,0xff,0xff,0xff,0xff,0xff,0xff,0xff,0x87,0xff,0xff,0xff,0x6a,0x00,
    0x00,0xff,0xff,0xff,0xff,0xeb,0x0d,0x00,0x00,0x00,0x00,0x00,0x00,0x05,0x73,0xf3,
    0xff,0xff,0xff,0xff,0xff,0xff,0xff,0xaf,0x16,0xff,0xff,0xff,0x79,0x00,0x00,0xff,
    0xff,0xff,0xff,0x74,0x00,0x00,0x00,0x00,0x00,0x00,0x43,0xd6,0xff,0xff,0xff,0xff,
    0xff,0xff,0xff,0xff,0xe2,0x12,0x2f,0xff,0xff,0xff,0x87,0x00,0x00,0xff,0xff,0xff,
    0xf4,0x0a,0x00,0x00,0x00,0x00,0x34,0xb1,0xff,0xff,0xff,0xff,0xff,0xff,0xff,0xff,
    0xff,0xea,0x29,0x00,0x4c,0xff,0xff,0xff,0x87,0x00,0x00,0xff,0xff,0xff,0xb4,0x00,
    0x00,0x00,0x3d,0xb8,0xff,0xff,0xff,0xff,0xff,0xff,0xff,0xff,0xff,0xff,0xeb,0x2d,
    0x00,0x00,0x69,0xff,0xff,0xff,0x7a,0x00,0x00,0xff,0xff,0xff,0x6e,0x0b,0x63,0xca,
    0xff,0xff,0xff,0xff,0xff,0xff,0xff,0xff,0xff,0xff,0xff,0xdd,0x25,0x00,0x00,0x00,
    0x88,0xff,0xff,0xff,0x55,0x00,0x00,0xff,0xff,0xff,0xb5,0xf1,0xff,0xff,0xff,0xff,
    0xff,0xff,0xff,0xff,0xff,0xff,0xff,0xff,0xc7,0x16,0x00,0x00,0x00,0x00,0xd4,0xff,
    0xff,0xff,0x31,0x00,0x00,0xff,0xff,0xff,0xff,0xff,0xff,0xff,0xff,0xff,0xff,0xff,
    0xff,0xff,0xff,0xff,0xff,0x99,0x06,0x00,0x00,0x00,0x00,0x31,0xff,0xff,0xff,0xff,
    0x0e,0x00,0x00,0xff,0xff,0xff,0xff,0xff,0xff,0xff,0xff,0xff,0xff,0xff,0xff,0xff,
    0xff,0xf8,0x63,0x00,0x00,0x00,0x00,0x00,0x00,0x8d,0xff,0xff,0xff,0xf0,0x00,0x00,
    0x00,0xff,0xff,0xff,0xff,0xff,0xff,0xff,0xff,0xff,0xff,0xff,0xff,0xff,0xe2,0x35,
    0x00,0x00,0x00,0x00,0x00,0x00,0x0b,0xe8,0xff,0xff,0xff,0xfe,0x08,0x00,0x00,0x5c,
    0x97,0x09,0x00,0x00,0x00,0x00,0x00,0x00,0x00,0x00,0x00,0x00,0x00,0x00,0x00,0x00,
    0x00,0x00,0x00,0x00,0x00,0x00,0x00,0x00,0x00,0xf5,0xff,0x5a,0x00,0x00,0x00,0x00,
    0x00,0x00,0x00,0x00,0x00,0x00,0x00,0x00,0x00,0x00,0x00,0x00,0x00,0x00,0x00,0x00,
    0x00,0x00,0x00,0xff,0xff,0x9c,0x00,0x00,0x00,0x00,0x00,0x00,0x00,0x00,0x00,0x00,
    0x00,0x00,0x00,0x00,0x00,0x00,0x00,0x00,0x00,0x00,0x00,0x00,0x00,0xff,0xff,0xdd,
    0x00,0x00,0x00,0x00,0x00,0x00,0x00,0x00,0x00,0x00,0x00,0x00,0x00,0x00,0x00,0x00,
    0x00,0x00,0x00,0x00,0x00,0x00,0x00,0xff,0xff,0xff,0x25,0x00,0x00,0x00,0x00,0x00,
    0x00,0x00,0x00,0x00,0x00,0x00,0x00,0x00,0x00,0x00,0x00,0x00,0x00,0x00,0x00,0x00,
    0x00,0xff,0xff,0xff,0x80,0x00,0x00,0x00,0x00,0x00,0x00,0x00,0x00,0x00,0x00,0x00,
    0x00,0x00,0x00,0x00,0x00,0x00,0x00,0x00,0x00,0x00,0x00,0xff,0xff,0xff,0xde,0x01,
    0x00,0x00,0x00,0x00,0x00,0x00,0x00,0x00,0x00,0x00,0x00,0x00,0x00,0x00,0x00,0x00,
    0x00,0x00,0x00,0x00,0x00,0xff,0xff,0xff,0xff,0x44,0x00,0x00,0x00,0x00,0x00,0x00,
    0x00,0x00,0x00,0x00,0x00,0x00,0x00,0x00,0x00,0x00,0x00,0x00,0x00,0x00,0x00,0xff,
    0xff,0xff,0xff,0xb2,0x00,0x00,0x00,0x00,0x00,0x00,0x00,0x00,0x00,0x00,0x00,0x00,
    0x00,0x00,0x00,0x00,0x00,0x00,0x00,0x00,0x00,0xff,0xff,0xff,0xff,0xfe,0x2a,0x00,
    0x00,0x00,0x00,0x00,0x00,0x00,0x00,0x00,0x00,0x00,0x00,0x00,0x00,0x00,0x00,0x00,
    0x00,0x00,0x00,0xff,0xff,0xff,0xff,0xff,0x9e,0x00,0x00,0x00,0x00,0x00,0x00,0x00,
    0x00,0x00,0x00,0x00,0x00,0x00,0x00,0x00,0x00,0x00,0x00,0x00,0x00,0xff,0xff,0xff,
    0xff,0xff,0xf9,0x20,0x00,0x00,0x00,0x00,0x00,0x00,0x00,0x00,0x00,0x00,0x00,0x00,
    0x00,0x00,0x00,0x00,0x00,0x00,0x00,0xff,0xff,0xff,0xff,0xff,0xff,0xab,0x00,0x00,
    0x00,0x00,0x00,0x00,0x00,0x00,0x00,0x00,0x00,0x00,0x00,0x00,0x00,0x00,0x00,0x00,
    0x00,0xff,0xff,0xff,0xff,0xff,0xff,0xff,0x3e,0x00,0x00,0x00,0x00,0x00,0x00,0x00,
    0x00,0x00,0x00,0x00,0x00,0x00,0x00,0x00,0x00,0x00,0x00,0xff,0xff,0xff,0xff,0xff,
    0xff,0xff,0xcf,0x02,0x00,0x00,0x00,0x00,0x00,0x00,0x00,0x00,0x00,0x00,0x00,0x00,
    0x00,0x00,0x00,0x00,0x00,0xff,0xff,0xff,0xff,0xff,0xff,0xff,0xff,0x6e,0x00,0x00,
    0x00,0x00,0x00,0x00,0x00,0x00,0x00,0x00,0x00,0x00,0x00,0x00,0x00,0x00,0x00,0xff,
    0xff,0xff,0xff,0xff,0xff,0xff,0xff,0xf5,0x24,0x00,0x00,0x00,0x00,0x00,0x00,0x00,
    0x00,0x00,0x00,0x00,0x00,0x00,0x00,0x00,0x00,0xff,0xff,0xff,0xff,0xff,0xff,0xff,
    0xff,0xff,0xc8,0x04,0x00,0x00,0x00,0x00,0x00,0x00,0x00,0x00,0x00,0x00,0x00,0x00,
    0x00,0x00,0x00,0xff,0xff,0xff,0xff,0xff,0xff,0xff,0xff,0xff,0xff,0x84,0x00,0x00,
    0x00,0x00,0x00,0x00,0x00,0x00,0x00,0x00,0x00,0x00,0x00,0x00,0x00,0xff,0xff,0xff,
    0xff,0xff,0xff,0xff,0xff,0xff,0xff,0xfd,0x40,0x00,0x00,0x00,0x00,0x00,0x00,0x00,
    0x00,0x00,0x00,0x00,0x00,0x00,0x00,0xff,0xff,0xff,0xff,0xff,0xff,0xff,0xff,0xff,
    0xff,0xff,0xe5,0x15,0x00,0x00,0x00,0x00,0x00,0x00,0x00,0x00,0x00,0x00,0x00,0x00,
    0x00,0xfe,0xff,0xff,0xff,0xff,0xff,0xff,0xff,0xff,0xff,0xff,0xff,0xb6,0x01,0x00,
    0x00,0x00,0x00,0x00,0x00,0x00,0x00,0x00,0x00,0x00,0x00,0x91,0xfc,0xff,0xff,0xff,
    0xff,0xff,0xff,0xff,0xff,0xff,0xff,0xff,0x73,0x00,0x00,0x00,0x00,0x00,0x00,0x00,
    0x00,0x00,0x00,0x00,0x00,0x00,0x1c,0x85,0xf3,0xff,0xff,0xff,0xff,0xff,0xff,0xff,
    0xff,0xff,0xfa,0x36,0x00,0x00,0x00,0x00,0x00,0x00,0x00,0x00,0x00,0x00,0x00,0x00,
    0x00,0x00,0x16,0x98,0xfe,0xff,0xff,0xff,0xff,0xff,0xff,0xff,0xff,0xde,0x0f,0x00,
    0x00,0x00,0x00,0x00,0x00,0x00,0x00,0x00,0x00,0x00,0x00,0x00,0x00,0x00,0x3d,0xd9,
    0xff,0xff,0xff,0xff,0xff,0xff,0xff,0xff,0xab,0x00,0x00,0x00,0x00,0x00,0x00,0x00,
    0x00,0x00,0x00,0x00,0x00,0x00,0x00,0x00,0x00,0x0c,0xa7,0xff,0xff,0xff,0xff,0xff,
    0xff,0xff,0xff,0x69,0x00,0x00,0x00,0x00,0x00,0x00,0x00,0x00,0x00,0x00,0x00,0x00,
    0x00,0x00,0x00,0x00,0x00,0x6b,0xfc,0xff,0xff,0xff,0xff,0xff,0xff,0xf7,0x2e,0x00,
    0x00,0x00,0x00,0x00,0x00,0x00,0x00,0x00,0x00,0x00,0x00,0x00,0x00,0x00,0x00,0x00,
    0x4f,0xf7,0xff,0xff,0xff,0xff,0xff,0xff,0xd7,0x0a,0x00,0x00,0x00,0x00,0x00,0x00,
    0x00,0x00,0x00,0x00,0x00,0x00,0x00,0x00,0x00,0x00,0x00,0x3d,0xf0,0xff,0xff,0xff,
    0xff,0xff,0xff,0x96,0x00,0x00,0x00,0x00,0x00,0x00,0x00,0x00,0x00,0x00,0x00,0x00,
    0x00,0x00,0x00,0x00,0x00,0x00,0x3d,0xf6,0xff,0xff,0xff,0xff,0xff,0xfe,0x42,0x00,
    0x00,0x00,0x00,0x00,0x00,0x00,0x00,0x00,0x00,0x00,0x00,0x00,0x00,0x00,0x00,0x00,
    0x00,0x49,0xfa,0xff,0xff,0xff,0xff,0xff,0xe0,0x0b,0x00,0x00,0x00,0x00,0x00,0x00,
    0x00,0x00,0x00,0x00,0x00,0x00,0x00,0x00,0x00,0x00,0x00,0x00,0x5d,0xff,0xff,0xff,
    0xff,0xff,0xff,0x88,0x00,0x00,0x00,0x00,0x00,0x00,0x00,0x00,0x00,0x00,0x00,0x00,
    0x00,0x00,0x00,0x00,0x00,0x00,0x00,0x93,0xff,0xff,0xff,0xff,0xff,0xf9,0x23,0x00,
    0x00,0x00,0x00,0x00,0x00,0x00,0x00,0x00,0x00,0x00,0x00,0x00,0x00,0x00,0x00,0x00,
    0x00,0x05,0xc6,0xff,0xff,0xff,0xff,0xff,0xa3,0x00,0x00,0x00,0x00,0x00,0x00,0x00,
    0x00,0x00,0x00,0x00,0x00,0x00,0x00,0x00,0x00,0x00,0x00,0x00,0x1b,0xef,0xff,0xff,
    0xff,0xff,0xfd,0x2a,0x00,0x00,0x00,0x00,0x00,0x00,0x00,0x00,0x00,0x00,0x00,0x00,
    0x00,0x00,0x00,0x00,0x00,0x00,0x00,0x61,0xff,0xff,0xff,0xff,0xff,0x9c,0x00,0x00,
    0x00,0x00,0x00,0x00,0x00,0x00,0x00,0x00,0x00,0x00,0x00,0x00,0x00,0x00,0x00,0x00,
    0x00,0x00,0xba,0xff,0xff,0xff,0xff,0xf7,0x13,0x00,0x00,0x00,0x00,0x00,0x00,0x00,
    0x00,0x00,0x00,0x00,0x00,0x00,0x00,0x00,0x00,0x00,0x00,0x00,0x20,0xf4,0xff,0xff,
    0xff,0xff,0x78,0x00,0x00,0x00,0x00,0x00,0x00,0x00,0x00,0x00,0x00,0x00,0x00,0x00,
    0x00,0x00,0x00,0x00,0x00,0x00,0x00,0x7a,0xff,0xff,0xff,0xff,0xd2,0x00,0x00,0x00,
    0x00,0x00,0x00,0x00,0x00,0x00,0x00,0x00,0x00,0x00,0x00,0x00,0x00,0x00,0x00,0x00,
    0x00,0x08,0xdf,0xff,0xff,0xff,0xff,0x29,0x00,0x00,0x00,0x00,0x00,0x00,0x00,0x00,
    0x00,0x00,0x00,0x00,0x00,0x00,0x00,0x00,0x00,0x00,0x00,0x00,0x5c,0xff,0xff,0xff,
    0xff,0x7e,0x00,0x00,0x00,0x00,0x00,0x00,0x00,0x00,0x00,0x00,0x00,0x00,0x00,0x00,
    0x00,0x00,0x00,0x00,0x00,0x00,0x04,0xe0,0xff,0xff,0xff,0xc9,0x00,0x00,0x00,0x00,
    0x00,0x00,0x00,0x00,0x00,0x00,0x00,0x00,0x00,0x00,0x00,0x00,0x00,0x00,0x00,0x00,
    0x00,0x6e,0xff,0xff,0xff,0xfa,0x08,0x00,0x00,0x00,0x00,0x00,0x00,0x00,0x00,0x00,
    0x00,0x00,0x00,0x00,0x00,0x00,0x00,0x00,0x00,0x00,0x00,0x0c,0xf6,0xff,0xff,0xff,
    0x3b,0x00,0x00,0x00,0x00,0x00,0x00,0x00,0x00,0x00,0x00,0x00,0x00,0x00,0x00,0x00,
    0x00,0x00,0x00,0x00,0x00,0x00,0xad,0xff,0xff,0xff,0x76,0x00,0x00,0x00,0x00,0x00,
    0x00,0x00,0x00,0x00,0x00,0x00,0x00,0x00,0x00,0x00,0x00,0x00,0x00,0x00,0x00,0x00,
    0x64,0xff,0xff,0xff,0x9e,0x00,0x00,0x00,0x00,0x00,0x00,0x00,0x00,0x00,0x00,0x00,
    0x00,0x00,0x00,0x00,0x00,0x00,0x00,0x00,0x00,0x00,0x28,0xff,0xff,0xff,0xb8,0x00,
    0x00,0x00,0x00,0x00,0x00,0x00,0x00,0x00,0x00,0x00,0x00,0x00,0x00,0x00,0x00,0x00,
    0x00,0x00,0x00,0x00,0x01,0xf6,0xff,0xff,0xd3,0x00,0x00,0x00,0x00,0x00,0x00,0x00,
    0x00,0x00,0x00,0x00,0x00,0x00,0x00,0x00,0x00,0x00,0x00,0x00,0x00,0x00,0x00,0xd5,
    0xff,0xff,0xee,0x00,0x00,0x00,0x00,0x00,0x00,0x00,0x00,0x00,0x00,0x00,0x00,0x00,
    0x00,0x00,0x00,0x00,0x00,0x00,0x00,0x00,0x00,0xb6,0xff,0xff,0xfb,0x00,0x00,0x00,
    0x00,0x00,0x00,0x00,0x00,0x00,0x00,0x00,0x00,0x00,0x00,0x00,0x00,0x00,0x00,0x00,
    0x00,0x00,0x00,0xa9,0xff,0xff,0xee,0x00,0x00,0x00,0x00,0x00,0x00,0x00,0x00,0x00,
    0x00,0x00,0x00,0x00,0x00,0x00,0x00,0x00,0x00,0x00,0x00,0x00,0x00,0x9e,0xff,0xff,
    0xe1,0x00,0x00,0x00,0x00,0x00,0x00,0x00,0x00,0x00,0x00,0x00,0x00,0x00,0x00,0x00,
    0x00,0x00,0x00,0x00,0x00,0x00,0x00,0x9f,0xff,0xff,0xd4,0x00,0x00,0x00,0x00,0x00,
    0x00,0x00,0x00,0x00,0x00,0x00,0x00,0x00,0x00,0x00,0x00,0x00,0x00,0x00,0x00,0x00,
    0x00,0xaf,0xff,0xff,0xc8,0x00,0x00,0x00,0x00,0x00,0x00,0x00,0x00,0x00,0x00,0x00,
    0x00,0x00,0x00,0x00,0x00,0x00,0x00,0x00,0x00,0x00,0x00,0xbf,0xff,0xff,0xbb,0x00,
    0x00,0x00,0x00,0x00,0x00,0x00,0x00,0x00,0x00,0x00,0x00,0x00,0x00,0x00,0x00,0x00,
    0x00,0x00,0x00,0x00,0x00,0xd0,0xff,0xff,0xa8,0x00,0x00,0x00,0x00,0x00,0x00,0x00,
    0x00,0x00,0x00,0x00,0x00,0x00,0x00,0x00,0x00,0x00,0x00,0x00,0x00,0x00,0x00,0xe0,
    0xff,0xff,0x80,0x00,0x00,0x00,0x00,0x00,0x00,0x00,0x00,0x00,0x00,0x00,0x00,0x00,
    0x00,0x00,0x00,0x00,0x00,0x00,0x00,0x00,0x05,0xfa,0xff,0xff,0x57,0x00,0x00,0x00,
    0x00,0x00,0x00,0x00,0x00,0x00,0x00,0x00,0x00,0x00,0x00,0x00,0x00,0x00,0x00,0x00,
    0x00,0x00,0x2c,0xff,0xff,0xff,0x2f,0x00,0x00,0x00,0x00,0x00,0x00,0x00,0x00,0x00,
    0x00,0x00,0x00,0x00,0x00,0x00,0x00,0x00,0x00,0x00,0x00,0x00,0x58,0xff,0xff,0xfd,
    0x09,0x00,0x00,0x00,0x00,0x00,0x00,0x00,0x00,0x00,0x00,0x00,0x00,0x00,0x00,0x00,
    0x00,0x00,0x00,0x00,0x00,0x00,0x84,0xff,0xff,0xdd,0x00,0x00,0x00,0x00,0x00,0x00,
    0x00,0x00,0x00,0x00,0x00,0x00,0x00,0x00,0x00,0x00,0x00,0x00,0x00,0x00,0x00,0x00,
    0xb0,0xff,0xff,0xaf,0x00,0x00,0x00,0x00,0x00,0x00,0x00,0x00,0x00,0x00,0x00,0x00,
    0x00,0x00,0x00,0x00,0x00,0x00,0x00,0x00,0x00,0x01,0xea,0xff,0xff,0x66,0x00,0x00,
    0x00,0x00,0x00,0x00,0x00,0x00,0x00,0x00,0x00,0x00,0x00,0x00,0x00,0x00,0x00,0x00,
    0x00,0x00,0x00,0x2f,0xff,0xff,0xff,0x1d,0x00,0x00,0x00,0x00,0x00,0x00,0x00,0x00,
    0x00,0x00,0x00,0x00,0x00,0x00,0x00,0x00,0x00,0x00,0x00,0x00,0x00,0x72,0xff,0xff,
    0xd1,0x00,0x00,0x00,0x00,0x00,0x00,0x00,0x00,0x00,0x00,0x00,0x00,0x00,0x00,0x00,
    0x00,0x00,0x00,0x00,0x00,0x00,0x00,0xb5,0xff,0xff,0x86,0x00,0x00,0x00,0x00,0x00,
    0x00,0x00,0x00,0x00,0x00,0x00,0x00,0x00,0x00,0x00,0x00,0x00,0x00,0x00,0x00,0x00,
    0x05,0xf3,0xff,0xff,0x3b,0x00,0x00,0x00,0x00,0x00,0x00,0x00,0x00,0x00,0x00,0x00,
    0x00,0x00,0x00,0x00,0x00,0x00,0x00,0x00,0x00,0x00,0x48,0xff,0xff,0xe3,0x03,0x00,
    0x00,0x00,0x00,0x00,0x00,0x00,0x00,0x00,0x00,0x00,0x00,0x00,0x00,0x00,0x00,0x00,
    0x00,0x00,0x00,0x00,0x9d,0xff,0xff,0x72,0x00,0x00,0x00,0x00,0x00,0x00,0x00,0x00,
    0x00,0x00,0x00,0x00,0x00,0x00,0x00,0x00,0x00,0x00,0x00,0x00,0x00,0x04,0xed,0xff,
    0xef,0x0d,0x00,0x00,0x00,0x00,0x00,0x00,0x00,0x00,0x00,0x00,0x00,0x00,0x00,0x00,
    0x00,0x00,0x00,0x00,0x00,0x00,0x00,0x47,0xff,0xff,0x86,0x00,0x00,0x00,0x00,0x00,
    0x00,0x00,0x00,0x00,0x00,0x00,0x00,0x00,0x00,0x00,0x00,0x00,0x00,0x00,0x00,0x00,
    0x00,0x9b,0xff,0xf8,0x18,0x00,0x00,0x00,0x00,0x00,0x00,0x00,0x00,0x00,0x00,0x00,
    0x00,0x00,0x00,0x00,0x00,0x00,0x00,0x00,0x00,0x00,0x00,0xe0,0xff,0x9b,0x00,0x00,
    0x00,0x00,0x00,0x00,0x00,0x00,0x00,0x00,0x00,0x00,0x00,0x00,0x00,0x00,0x00,0x00,
    0x00,0x00,0x00,0x00,0x00,0x99,0xb6,0x11,0x00,0x00,0x00,0x00,0x00,0x00,0x00,0x00,
    0x00,0x00,0x00,0x00,0x00,0x00,0x00,0x00,0x00,0x00,0x00,0x00,0x00,0x00,0x00,0x06,
    0x7d,0x49,0x00,0x00,0x00,0x00,0x00,0x00,0x00,0x00,0x00,0x00,0x00,0x00,0x00,0x00,
    0x00,0x00,0x00,0x00,0x00,0x00,0x00,0x00,0x00,0x00,0x00,0x39,0xff,0xfb,0x31,0x00,
    0x00,0x00,0x00,0x00,0x00,0x00,0x00,0x00,0x00,0x00,0x00,0x00,0x00,0x00,0x00,0x00,
    0x00,0x00,0x00,0x00,0x00,0x00,0x00,0x10,0xfb,0xff,0xb6,0x00,0x00,0x00,0x00,0x00,
    0x00,0x00,0x00,0x00,0x00,0x00,0x00,0x00,0x00,0x00,0x00,0x00,0x00,0x00,0x00,0x00,
    0x00,0x00,0x00,0x00,0xaa,0xff,0xff,0x3b,0x00,0x00,0x00,0x00,0x00,0x00,0x00,0x00,
    0x00,0x00,0x00,0x00,0x00,0x00,0x00,0x00,0x00,0x00,0x00,0x00,0x00,0x00,0x00,0x00,
    0x3f,0xff,0xff,0xbe,0x00,0x00,0x00,0x00,0x00,0x00,0x00,0x00,0x00,0x00,0x00,0x00,
    0x00,0x00,0x00,0x00,0x00,0x00,0x00,0x00,0x00,0x00,0x00,0x00,0x00,0xd3,0xff,0xff,
    0x35,0x00,0x00,0x00,0x00,0x00,0x00,0x00,0x00,0x00,0x00,0x00,0x00,0x00,0x00,0x00,
    0x00,0x00,0x00,0x00,0x00,0x00,0x00,0x00,0x00,0x6e,0xff,0xff,0xaa,0x00,0x00,0x00,
    0x00,0x00,0x00,0x00,0x00,0x00,0x00,0x00,0x00,0x00,0x00,0x00,0x00,0x00,0x00,0x00,
    0x00,0x00,0x00,0x00,0x00,0x12,0xf8,0xff,0xfc,0x21,0x00,0x00,0x00,0x00,0x00,0x00,
    0x00,0x00,0x00,0x00,0x00,0x00,0x00,0x00,0x00,0x00,0x00,0x00,0x00,0x00,0x00,0x00,
    0x00,0x00,0xaa,0xff,0xff,0x7d,0x00,0x00,0x00,0x00,0x00,0x00,0x00,0x00,0x00,0x00,
    0x00,0x00,0x00,0x00,0x00,0x00,0x00,0x00,0x00,0x00,0x00,0x00,0x00,0x00,0x57,0xff,
    0xff,0xd8,0x00,0x00,0x00,0x00,0x00,0x00,0x00,0x00,0x00,0x00,0x00,0x00,0x00,0x00,
    0x00,0x00,0x00,0x00,0x00,0x00,0x00,0x00,0x00,0x00,0x0c,0xf7,0xff,0xff,0x32,0x00,
    0x00,0x00,0x00,0x00,0x00,0x00,0x00,0x00,0x00,0x00,0x00,0x00,0x00,0x00,0x00,0x00,
    0x00,0x00,0x00,0x00,0x00,0x00,0x00,0xb1,0xff,0xff,0x8d,0x00,0x00,0x00,0x00,0x00,
    0x00,0x00,0x00,0x00,0x00,0x00,0x00,0x00,0x00,0x00,0x00,0x00,0x00,0x00,0x00,0x00,
    0x00,0x00,0x00,0x5f,0xff,0xff,0xe5,0x02,0x00,0x00,0x00,0x00,0x00,0x00,0x00,0x00,
    0x00,0x00,0x00,0x00,0x00,0x00,0x00,0x00,0x00,0x00,0x00,0x00,0x00,0x00,0x00,0x16,
    0xff,0xff,0xff,0x3d,0x00,0x00,0x00,0x00,0x00,0x00,0x00,0x00,0x00,0x00,0x00,0x00,
    0x00,0x00,0x00,0x00,0x00,0x00,0x00,0x00,0x00,0x00,0x00,0x00,0xe4,0xff,0xff,0x75,
    0x00,0x00,0x00,0x00,0x00,0x00,0x00,0x00,0x00,0x00,0x00,0x00,0x00,0x00,0x00,0x00,
    0x00,0x00,0x00,0x00,0x00,0x00,0x00,0x00,0xb1,0xff,0xff,0xaa,0x00,0x00,0x00,0x00,
    0x00,0x00,0x00,0x00,0x00,0x00,0x00,0x00,0x00,0x00,0x00,0x00,0x00,0x00,0x00,0x00,
    0x00,0x00,0x00,0x00,0x7e,0xff,0xff,0xde,0x00,0x00,0x00,0x00,0x00,0x00,0x00,0x00,
    0x00,0x00,0x00,0x00,0x00,0x00,0x00,0x00,0x00,0x00,0x00,0x00,0x00,0x00,0x00,0x00,
    0x4d,0xff,0xff,0xff,0x13,0x00,0x00,0x00,0x00,0x00,0x00,0x00,0x00,0x00,0x00,0x00,
    0x00,0x00,0x00,0x00,0x00,0x00,0x00,0x00,0x00,0x00,0x00,0x00,0x36,0xff,0xff,0xff,
    0x46,0x00,0x00,0x00,0x00,0x00,0x00,0x00,0x00,0x00,0x00,0x00,0x00,0x00,0x00,0x00,
    0x00,0x00,0x00,0x00,0x00,0x00,0x00,0x00,0x27,0xff,0xff,0xff,0x70,0x00,0x00,0x00,
    0x00,0x00,0x00,0x00,0x00,0x00,0x00,0x00,0x00,0x00,0x00,0x00,0x00,0x00,0x00,0x00,
    0x00,0x00,0x00,0x00,0x17,0xff,0xff,0xff,0x80,0x00,0x00,0x00,0x00,0x00,0x00,0x00,
    0x00,0x00,0x00,0x00,0x00,0x00,0x00,0x00,0x00,0x00,0x00,0x00,0x00,0x00,0x00,0x00,
    0x08,0xff,0xff,0xff,0x90,0x00,0x00,0x00,0x00,0x00,0x00,0x00,0x00,0x00,0x00,0x00,
    0x00,0x00,0x00,0x00,0x00,0x00,0x00,0x00,0x00,0x00,0x00,0x00,0x00,0xfe,0xff,0xff,
    0xa0,0x00,0x00,0x00,0x00,0x00,0x00,0x00,0x00,0x00,0x00,0x00,0x00,0x00,0x00,0x00,
    0x00,0x00,0x00,0x00,0x00,0x00,0x00,0x00,0x0a,0xff,0xff,0xff,0xb0,0x00,0x00,0x00,
    0x00,0x00,0x00,0x00,0x00,0x00,0x00,0x00,0x00,0x00,0x00,0x00,0x00,0x00,0x00,0x00,
    0x00,0x00,0x00,0x00,0x15,0xff,0xff,0xff,0xc0,0x00,0x00,0x00,0x00,0x00,0x00,0x00,
    0x00,0x00,0x00,0x00,0x00,0x00,0x00,0x00,0x00,0x00,0x00,0x00,0x00,0x00,0x00,0x00,
    0x2f,0xff,0xff,0xff,0xc3,0x00,0x00,0x00,0x00,0x00,0x00,0x00,0x00,0x00,0x00,0x00,
    0x00,0x00,0x00,0x00,0x00,0x00,0x00,0x00,0x00,0x00,0x00,0x00,0x51,0xff,0xff,0xff,
    0xad,0x00,0x00,0x00,0x00,0x00,0x00,0x00,0x00,0x00,0x00,0x00,0x00,0x00,0x00,0x00,
    0x00,0x00,0x00,0x00,0x00,0x00,0x00,0x00,0x7b,0xff,0xff,0xff,0x96,0x00,0x00,0x00,
    0x00,0x00,0x00,0x00,0x00,0x00,0x00,0x00,0x00,0x00,0x00,0x00,0x00,0x00,0x00,0x00,
    0x00,0x00,0x00,0x00,0xb6,0xff,0xff,0xff,0x80,0x00,0x00,0x00,0x00,0x00,0x00,0x00,
    0x00,0x00,0x00,0x00,0x00,0x00,0x00,0x00,0x00,0x00,0x00,0x00,0x00,0x00,0x00,0x07,
    0xf2,0xff,0xff,0xff,0x69,0x00,0x00,0x00,0x00,0x00,0x00,0x00,0x00,0x00,0x00,0x00,
    0x00,0x00,0x00,0x00,0x00,0x00,0x00,0x00,0x00,0x00,0x00,0x4c,0xff,0xff,0xff,0xff,
    0x52,0x00,0x00,0x00,0x00,0x00,0x00,0x00,0x00,0x00,0x00,0x00,0x00,0x00,0x00,0x00,
    0x00,0x00,0x00,0x00,0x00,0x00,0x00,0xae,0xff,0xff,0xff,0xff,0x19,0x00,0x00,0x00,
    0x00,0x00,0x00,0x00,0x00,0x00,0x00,0x00,0x00,0x00,0x00,0x00,0x00,0x00,0x00,0x00,
    0x00,0x00,0x26,0xfd,0xff,0xff,0xff,0xd1,0x00,0x00,0x00,0x00,0x00,0x00,0x00,0x00,
    0x00,0x00,0x00,0x00,0x00,0x00,0x00,0x00,0x00,0x00,0x00,0x00,0x00,0x00,0x9a,0xff,
    0xff,0xff,0xff,0x8a,0x00,0x00,0x00,0x00,0x00,0x00,0x00,0x00,0x00,0x00,0x00,0x00,
    0x00,0x00,0x00,0x00,0x00,0x00,0x00,0x00,0x00,0x23,0xf9,0xff,0xff,0xff,0xff,0x43,
    0x00,0x00,0x00,0x00,0x00,0x00,0x00,0x00,0x00,0x00,0x00,0x00,0x00,0x00,0x00,0x00,
    0x00,0x00,0x00,0x00,0x00,0xaf,0xff,0xff,0xff,0xff,0xf4,0x07,0x00,0x00,0x00,0x00,
    0x00,0x00,0x00,0x00,0x00,0x00,0x00,0x00,0x00,0x00,0x00,0x00,0x00,0x00,0x00,0x00,
    0x46,0xff,0xff,0xff,0xff,0xff,0x94,0x00,0x00,0x00,0x00,0x00,0x00,0x00,0x00,0x00,
    0x00,0x00,0x00,0x00,0x00,0x00,0x00,0x00,0x00,0x00,0x00,0x0e,0xe1,0xff,0xff,0xff,
    0xff,0xfc,0x21,0x00,0x00,0x00,0x00,0x00,0x00,0x00,0x00,0x00,0x00,0x00,0x00,0x00,
    0x00,0x00,0x00,0x00,0x00,0x00,0x00,0x9b,0xff,0xff,0xff,0xff,0xff,0xa5,0x00,0x00,
    0x00,0x00,0x00,0x00,0x00,0x00,0x00,0x00,0x00,0x00,0x00,0x00,0x00,0x00,0x00,0x00,
    0x00,0x00,0x47,0xff,0xff,0xff,0xff,0xff,0xff,0x2f,0x00,0x00,0x00,0x00,0x00,0x00,
    0x00,0x00,0x00,0x00,0x00,0x00,0x00,0x00,0x00,0x00,0x00,0x00,0x00,0x21,0xeb,0xff,
    0xff,0xff,0xff,0xff,0xb3,0x00,0x00,0x00,0x00,0x00,0x00,0x00,0x00,0x00,0x00,0x00,
    0x00,0x00,0x00,0x00,0x00,0x00,0x00,0x00,0x0f,0xd5,0xff,0xff,0xff,0xff,0xff,0xf6,
    0x22,0x00,0x00,0x00,0x00,0x00,0x00,0x00,0x00,0x00,0x00,0x00,0x00,0x00,0x00,0x00,
    0x00,0x00,0x00,0x04,0xb9,0xff,0xff,0xff,0xff,0xff,0xff,0x76,0x00,0x00,0x00,0x00,
    0x00,0x00,0x00,0x00,0x00,0x00,0x00,0x00,0x00,0x00,0x00,0x00,0x00,0x00,0x05,0xaa,
    0xff,0xff,0xff,0xff,0xff,0xff,0xd1,0x04,0x00,0x00,0x00,0x00,0x00,0x00,0x00,0x00,
    0x00,0x00,0x00,0x00,0x00,0x00,0x00,0x00,0x00,0x07,0xb1,0xff,0xff,0xff,0xff,0xff,
    0xff,0xfd,0x36,0x00,0x00,0x00,0x00,0x00,0x00,0x00,0x00,0x00,0x00,0x00,0x00,0x00,
    0x00,0x00,0x00,0x00,0x0d,0xb9,0xff,0xff,0xff,0xff,0xff,0xff,0xff,0x87,0x00,0x00,
    0x00,0x00,0x00,0x00,0x00,0x00,0x00,0x00,0x00,0x00,0x00,0x00,0x00,0x00,0x00,0x26,
    0xd7,0xff,0xff,0xff,0xff,0xff,0xff,0xff,0xba,0x03,0x00,0x00,0x00,0x00,0x00,0x00,
    0x00,0x00,0x00,0x00,0x00,0x00,0x00,0x00,0x00,0x00,0x4e,0xf0,0xff,0xff,0xff,0xff,
    0xff,0xff,0xff,0xdf,0x12,0x00,0x00,0x00,0x00,0x00,0x00,0x00,0x00,0x00,0x00,0x00,
    0x00,0x00,0x00,0x00,0x0d,0x9b,0xff,0xff,0xff,0xff,0xff,0xff,0xff,0xff,0xf5,0x30,
    0x00,0x00,0x00,0x00,0x00,0x00,0x00,0x00,0x00,0x00,0x00,0x00,0x00,0x00,0x00,0x4b,
    0xe0,0xff,0xff,0xff,0xff,0xff,0xff,0xff,0xff,0xff,0x59,0x00,0x00,0x00,0x00,0x00,
    0x00,0x00,0x00,0x00,0x00,0x00,0x00,0x00,0x00,0x2b,0xb8,0xff,0xff,0xff,0xff,0xff,
    0xff,0xff,0xff,0xff,0xff,0x78,0x00,0x00,0x00,0x00,0x00,0x00,0x00,0x00,0x00,0x00,
    0x00,0x00,0x00,0x31,0xaa,0xfd,0xff,0xff,0xff,0xff,0xff,0xff,0xff,0xff,0xff,0xff,
    0x92,0x00,0x00,0x00,0x00,0x00,0x00,0x00,0x00,0x00,0x00,0x00,0x00,0x4b,0xc8,0xff,
    0xff,0xff,0xff,0xff,0xff,0xff,0xff,0xff,0xff,0xff,0xff,0xa9,0x02,0x00,0x00,0x00,
    0x00,0x00,0x00,0x00,0x00,0x00,0x00,0x00,0x00,0xf8,0xff,0xff,0xff,0xff,0xff,0xff,
    0xff,0xff,0xff,0xff,0xff,0xff,0xbe,0x06,0x00,0x00,0x00,0x00,0x00,0x00,0x00,0x00,
    0x00,0x00,0x00,0x00,0x00,0xff,0xff,0xff,0xff,0xff,0xff,0xff,0xff,0xff,0xff,0xff,
    0xff,0xd3,0x0f,0x00,0x00,0x00,0x00,0x00,0x00,0x00,0x00,0x00,0x00,0x00,0x00,0x00,
    0x00,0xff,0xff,0xff,0xff,0xff,0xff,0xff,0xff,0xff,0xff,0xff,0xe6,0x1d,0x00,0x00,
    0x00,0x00,0x00,0x00,0x00,0x00,0x00,0x00,0x00,0x00,0x00,0x00,0x00,0xff,0xff,0xff,
    0xff,0xff,0xff,0xff,0xff,0xff,0xff,0xf3,0x31,0x00,0x00,0x00,0x00,0x00,0x00,0x00,
    0x00,0x00,0x00,0x00,0x00,0x00,0x00,0x00,0x00,0xff,0xff,0xff,0xff,0xff,0xff,0xff,
    0xff,0xff,0xfe,0x4a,0x00,0x00,0x00,0x00,0x00,0x00,0x00,0x00,0x00,0x00,0x00,0x00,
    0x00,0x00,0x00,0x00,0x00,0xff,0xff,0xff,0xff,0xff,0xff,0xff,0xff,0xff,0x8b,0x00,
    0x00,0x00,0x00,0x00,0x00,0x00,0x00,0x00,0x00,0x00,0x00,0x00,0x00,0x00,0x00,0x00,
    0x00,0xff,0xff,0xff,0xff,0xff,0xff,0xff,0xff,0xcf,0x06,0x00,0x00,0x00,0x00,0x00,
    0x00,0x00,0x00,0x00,0x00,0x00,0x00,0x00,0x00,0x00,0x00,0x00,0x00,0xff,0xff,0xff,
    0xff,0xff,0xff,0xff,0xf6,0x29,0x00,0x00,0x00,0x00,0x00,0x00,0x00,0x00,0x00,0x00,
    0x00,0x00,0x00,0x00,0x00,0x00,0x00,0x00,0x00,0xff,0xff,0xff,0xff,0xff,0xff,0xff,
    0x6b,0x00,0x00,0x00,0x00,0x00,0x00,0x00,0x00,0x00,0x00,0x00,0x00,0x00,0x00,0x00,
    0x00,0x00,0x00,0x00,0x00,0xff,0xff,0xff,0xff,0xff,0xff,0xd2,0x02,0x00,0x00,0x00,
    0x00,0x00,0x00,0x00,0x00,0x00,0x00,0x00,0x00,0x00,0x00,0x00,0x00,0x00,0x00,0x00,
    0x00,0xff,0xff,0xff,0xff,0xff,0xff,0x46,0x00,0x00,0x00,0x00,0x00,0x00,0x00,0x00,
    0x00,0x00,0x00,0x00,0x00,0x00,0x00,0x00,0x00,0x00,0x00,0x00,0x00,0xff,0xff,0xff,
    0xff,0xff,0xb9,0x00,0x00,0x00,0x00,0x00,0x00,0x00,0x00,0x00,0x00,0x00,0x00,0x00,
    0x00,0x00,0x00,0x00,0x00,0x00,0x00,0x00,0x00,0xff,0xff,0xff,0xff,0xff,0x32,0x00,
    0x00,0x00,0x00,0x00,0x00,0x00,0x00,0x00,0x00,0x00,0x00,0x00,0x00,0x00,0x00,0x00,
    0x00,0x00,0x00,0x00,0x00,0xff,0xff,0xff,0xff,0xbd,0x00,0x00,0x00,0x00,0x00,0x00,
    0x00,0x00,0x00,0x00,0x00,0x00,0x00,0x00,0x00,0x00,0x00,0x00,0x00,0x00,0x00,0x00,
    0x00,0xff,0xff,0xff,0xff,0x4b,0x00,0x00,0x00,0x00,0x00,0x00,0x00,0x00,0x00,0x00,
    0x00,0x00,0x00,0x00,0x00,0x00,0x00,0x00,0x00,0x00,0x00,0x00,0x00,0xff,0xff,0xff,
    0xdf,0x01,0x00,0x00,0x00,0x00,0x00,0x00,0x00,0x00,0x00,0x00,0x00,0x00,0x00,0x00,
    0x00,0x00,0x00,0x00,0x00,0x00,0x00,0x00,0x00,0xff,0xff,0xff,0x85,0x00,0x00,0x00,
    0x00,0x00,0x00,0x00,0x00,0x00,0x00,0x00,0x00,0x00,0x00,0x00,0x00,0x00,0x00,0x00,
    0x00,0x00,0x00,0x00,0x00,0xff,0xff,0xff,0x37,0x00,0x00,0x00,0x00,0x00,0x00,0x00,
    0x00,0x00,0x00,0x00,0x00,0x00,0x00,0x00,0x00,0x00,0x00,0x00,0x00,0x00,0x00,0x00,
    0x00,0xff,0xff,0xee,0x02,0x00,0x00,0x00,0x00,0x00,0x00,0x00,0x00,0x00,0x00,0x00,
    0x00,0x00,0x00,0x00,0x00,0x00,0x00,0x00,0x00,0x00,0x00,0x00,0x00,0xff,0xff,0xad,
    0x00,0x00,0x00,0x00,0x00,0x00,0x00,0x00,0x00,0x00,0x00,0x00,0x00,0x00,0x00,0x00,
    0x00,0x00,0x00,0x00,0x00,0x00,0x00,0x00,0x00,0xfe,0xff,0x6b,0x00,0x00,0x00,0x00,
    0x00,0x00,0x00,0x00,0x00,0x00,0x00,0x00,0x00,0x00,0x00,0x00,0x00,0x00,0x00,0x00,
    0x00,0x00,0x00,0x00,0x00,0x9d,0xdd,0x1b,0x00,0x00,0x00,0x00,0x00,0x00,0x00,0x00,
    0x00,0x00,0x00,0x00,0x00,0x00,0x00,0x00,0x00,0x00,0x00,0x00,0x00,0x00,0x00,0x00,
    0x00,0x01,0x0a,0x00,0x00,0x00,0x00,0x00,0x00,0x00,0x00,0x00,0x00,0x00,0x00,0x00,
    0x00,0x00,0x00,0x00,0x00,0x00,0x00,0x00,0x00,0x00,0x00,0xca,0xff,0x5d,0x00,0x00,
    0x00,0x00,0x00,0x00,0x00,0x00,0x00,0x00,0x00,0x00,0x00,0x00,0x00,0x00,0x00,0x00,
    0x00,0x00,0x00,0x00,0x00,0xff,0xff,0xc0,0x00,0x00,0x00,0x00,0x00,0x00,0x00,0x00,
    0x00,0x00,0x00,0x00,0x00,0x00,0x00,0x00,0x00,0x00,0x00,0x00,0x00,0x00,0x00,0xff,
    0xff,0xfb,0x10,0x00,0x00,0x00,0x00,0x00,0x00,0x00,0x00,0x00,0x00,0x00,0x00,0x00,
    0x00,0x00,0x00,0x00,0x00,0x00,0x00,0x00,0x00,0xff,0xff,0xff,0x5c,0x00,0x00,0x00,
    0x00,0x00,0x00,0x00,0x00,0x00,0x00,0x00,0x00,0x00,0x00,0x00,0x00,0x00,0x00,0x00,
    0x00,0x00,0x00,0xff,0xff,0xff,0xb0,0x00,0x00,0x00,0x00,0x00,0x00,0x00,0x00,0x00,
    0x00,0x00,0x00,0x00,0x00,0x00,0x00,0x00,0x00,0x00,0x00,0x00,0x00,0xff,0xff,0xff,
    0xf9,0x10,0x00,0x00,0x00,0x00,0x00,0x00,0x00,0x00,0x00,0x00,0x00,0x00,0x00,0x00,
    0x00,0x00,0x00,0x00,0x00,0x00,0x00,0xff,0xff,0xff,0xff,0x66,0x00,0x00,0x00,0x00,
    0x00,0x00,0x00,0x00,0x00,0x00,0x00,0x00,0x00,0x00,0x00,0x00,0x00,0x00,0x00,0x00,
    0x00,0xff,0xff,0xff,0xff,0xcd,0x00,0x00,0x00,0x00,0x00,0x00,0x00,0x00,0x00,0x00,
    0x00,0x00,0x00,0x00,0x00,0x00,0x00,0x00,0x00,0x00,0x00,0xff,0xff,0xff,0xff,0xff,
    0x35,0x00,0x00,0x00,0x00,0x00,0x00,0x00,0x00,0x00,0x00,0x00,0x00,0x00,0x00,0x00,
    0x00,0x00,0x00,0x00,0x00,0xff,0xff,0xff,0xff,0xff,0x9c,0x00,0x00,0x00,0x00,0x00,
    0x00,0x00,0x00,0x00,0x00,0x00,0x00,0x00,0x00,0x00,0x00,0x00,0x00,0x00,0x00,0xff,
    0xff,0xff,0xff,0xff,0xf5,0x0f,0x00,0x00,0x00,0x00,0x00,0x00,0x00,0x00,0x00,0x00,
    0x00,0x00,0x00,0x00,0x00,0x00,0x00,0x00,0x00,0xff,0xff,0xff,0xff,0xff,0xff,0x7a,
    0x00,0x00,0x00,0x00,0x00,0x00,0x00,0x00,0x00,0x00,0x00,0x00,0x00,0x00,0x00,0x00,
    0x00,0x00,0x00,0xff,0xff,0xff,0xff,0xff,0xff,0xed,0x0d,0x00,0x00,0x00,0x00,0x00,
    0x00,0x00,0x00,0x00,0x00,0x00,0x00,0x00,0x00,0x00,0x00,0x00,0x00,0xff,0xff,0xff,
    0xff,0xff,0xff,0xff,0x85,0x00,0x00,0x00,0x00,0x00,0x00,0x00,0x00,0x00,0x00,0x00,
    0x00,0x00,0x00,0x00,0x00,0x00,0x00,0xff,0xff,0xff,0xff,0xff,0xff,0xff,0xf9,0x28,
    0x00,0x00,0x00,0x00,0x00,0x00,0x00,0x00,0x00,0x00,0x00,0x00,0x00,0x00,0x00,0x00,
    0x00,0xff,0xff,0xff,0xff,0xff,0xff,0xff,0xff,0xc6,0x04,0x00,0x00,0x00,0x00,0x00,
    0x00,0x00,0x00,0x00,0x00,0x00,0x00,0x00,0x00,0x00,0x00,0xff,0xff,0xff,0xff,0xff,
    0xff,0xff,0xff,0xff,0x8a,0x00,0x00,0x00,0x00,0x00,0x00,0x00,0x00,0x00,0x00,0x00,
    0x00,0x00,0x00,0x00,0x00,0xff,0xff,0xff,0xff,0xff,0xff,0xff,0xff,0xff,0xfe,0x4c,
    0x00,0x00,0x00,0x00,0x00,0x00,0x00,0x00,0x00,0x00,0x00,0x00,0x00,0x00,0x00,0xff,
    0xff,0xff,0xff,0xff,0xff,0xff,0xff,0xff,0xff,0xed,0x1e,0x00,0x00,0x00,0x00,0x00,
    0x00,0x00,0x00,0x00,0x00,0x00,0x00,0x00,0x00,0xff,0xff,0xff,0xff,0xff,0xff,0xff,
    0xff,0xff,0xff,0xff,0xce,0x0a,0x00,0x00,0x00,0x00,0x00,0x00,0x00,0x00,0x00,0x00,
    0x00,0x00,0x00,0xff,0xff,0xff,0xff,0xff,0xff,0xff,0xff,0xff,0xff,0xff,0xff,0xad,
    0x01,0x00,0x00,0x00,0x00,0x00,0x00,0x00,0x00,0x00,0x00,0x00,0x00,0xff,0xff,0xff,
    0xff,0xff,0xff,0xff,0xff,0xff,0xff,0xff,0xff,0xff,0x83,0x00,0x00,0x00,0x00,0x00,
    0x00,0x00,0x00,0x00,0x00,0x00,0x00,0xff,0xff,0xff,0x93,0x8a,0xd2,0xff,0xff,0xff,
    0xff,0xff,0xff,0xff,0xff,0x59,0x00,0x00,0x00,0x00,0x00,0x00,0x00,0x00,0x00,0x00,
    0x00,0xff,0xff,0xff,0x66,0x00,0x00,0x3c,0xc5,0xff,0xff,0xff,0xff,0xff,0xff,0xf7,
    0x38,0x00,0x00,0x00,0x00,0x00,0x00,0x00,0x00,0x00,0x00,0xff,0xff,0xff,0xa1,0x00,
    0x00,0x00,0x01,0x65,0xf5,0xff,0xff,0xff,0xff,0xff,0xe8,0x1f,0x00,0x00,0x00,0x00,
    0x00,0x00,0x00,0x00,0x00,0xff,0xff,0xff,0xf2,0x09,0x00,0x00,0x00,0x00,0x2c,0xd9,
    0xff,0xff,0xff,0xff,0xff,0xd3,0x0d,0x00,0x00,0x00,0x00,0x00,0x00,0x00,0x00,0xff,
    0xff,0xff,0xff,0x6c,0x00,0x00,0x00,0x00,0x00,0x12,0xcd,0xff,0xff,0xff,0xff,0xff,
    0xb4,0x02,0x00,0x00,0x00,0x00,0x00,0x00,0x00,0xff,0xff,0xff,0xff,0xe8,0x0b,0x00,
    0x00,0x00,0x00,0x00,0x10,0xc8,0xff,0xff,0xff,0xff,0xff,0x83,0x00,0x00,0x00,0x00,
    0x00,0x00,0x00,0xff,0xff,0xff,0xff,0xff,0x8e,0x00,0x00,0x00,0x00,0x00,0x00,0x0d,
    0xc4,0xff,0xff,0xff,0xff,0xfe,0x51,0x00,0x00,0x00,0x00,0x00,0x00,0xff,0xff,0xff,
    0xff,0xff,0xfe,0x45,0x00,0x00,0x00,0x00,0x00,0x00,0x0b,0xc9,0xff,0xff,0xff,0xff,
    0xf3,0x2a,0x00,0x00,0x00,0x00,0x00,0xff,0xff,0xff,0xff,0xff,0xff,0xe6,0x1b,0x00,
    0x00,0x00,0x00,0x00,0x00,0x18,0xe2,0xff,0xff,0xff,0xff,0xd8,0x08,0x00,0x00,0x00,
    0x00,0xff,0xff,0xff,0xff,0xff,0xff,0xff,0xd3,0x10,0x00,0x00,0x00,0x00,0x00,0x00,
    0x30,0xf4,0xff,0xff,0xff,0xff,0x87,0x00,0x00,0x00,0x00,0xff,0xff,0xff,0xff,0xff,
    0xff,0xff,0xff,0xc3,0x08,0x00,0x00,0x00,0x00,0x00,0x00,0x50,0xff,0xff,0xff,0xff,
    0xfb,0x30,0x00,0x00,0x00,0xff,0xff,0xff,0xff,0xff,0xff,0xff,0xff,0xff,0xb6,0x07,
    0x00,0x00,0x00,0x00,0x00,0x00,0x99,0xff,0xff,0xff,0xff,0xc6,0x00,0x00,0x00,0xff,
    0xff,0xff,0xff,0xff,0xff,0xff,0xff,0xff,0xff,0xb4,0x06,0x00,0x00,0x00,0x00,0x00,
    0x0e,0xe2,0xff,0xff,0xff,0xff,0x36,0x00,0x00,0x99,0xfd,0xff,0xff,0xff,0xff,0xff,
    0xff,0xff,0xff,0xff,0xb2,0x05,0x00,0x00,0x00,0x00,0x00,0x47,0xff,0xff,0xff,0xff,
    0xa3,0x00,0x00,0x00,0x24,0x98,0xfb,0xff,0xff,0xff,0xff,0xff,0xff,0xff,0xff,0xad,
    0x03,0x00,0x00,0x00,0x00,0x00,0xb8,0xff,0xff,0xff,0xf9,0x12,0x00,0x00,0x00,0x00,
    0x29,0xc4,0xff,0xff,0xff,0xff,0xff,0xff,0xff,0xff,0xa2,0x01,0x00,0x00,0x00,0x00,
    0x45,0xff,0xff,0xff,0xff,0x4d,0x00,0x00,0x00,0x00,0x00,0x02,0x72,0xfa,0xff,0xff,
    0xff,0xff,0xff,0xff,0xff,0x96,0x00,0x00,0x00,0x00,0x00,0xd2,0xff,0xff,0xff,0x89,
    0x00,0x00,0x00,0x00,0x00,0x00,0x00,0x38,0xe2,0xff,0xff,0xff,0xff,0xff,0xff,0xff,
    0x7d,0x00,0x00,0x00,0x00,0x7c,0xff,0xff,0xff,0xc5,0x00,0x00,0x00,0x00,0x00,0x00,
    0x00,0x00,0x16,0xc9,0xff,0xff,0xff,0xff,0xff,0xff,0xff,0x61,0x00,0x00,0x00,0x3e,
    0xff,0xff,0xff,0xe4,0x00,0x00,0x00,0x00,0x00,0x00,0x00,0x00,0x00,0x0a,0xb1,0xff,
    0xff,0xff,0xff,0xff,0xff,0xfb,0x40,0x00,0x00,0x08,0xfa,0xff,0xff,0xf7,0x00,0x00,
    0x00,0x00,0x00,0x00,0x00,0x00,0x00,0x00,0x04,0xa9,0xff,0xff,0xff,0xff,0xff,0xff,
    0xeb,0x20,0x00,0x00,0xe4,0xff,0xff,0xff,0x09,0x00,0x00,0x00,0x00,0x00,0x00,0x00,
    0x00,0x00,0x00,0x03,0xa9,0xff,0xff,0xff,0xff,0xff,0xff,0xcf,0x07,0x00,0xd2,0xff,
    0xff,0xff,0x13,0x00,0x00,0x00,0x00,0x00,0x00,0x00,0x00,0x00,0x00,0x00,0x04,0xb8,
    0xff,0xff,0xff,0xff,0xff,0xff,0x8a,0x00,0xc9,0xff,0xff,0xff,0x08,0x00,0x00,0x00,
    0x00,0x00,0x00,0x00,0x00,0x00,0x00,0x00,0x00,0x0d,0xd1,0xff,0xff,0xff,0xff,0xff,
    0xfd,0x30,0xd9,0xff,0xff,0xfd,0x00,0x00,0x00,0x00,0x00,0x00,0x00,0x00,0x00,0x00,
    0x00,0x00,0x00,0x00,0x1c,0xe8,0xff,0xff,0xff,0xff,0xff,0xc1,0xeb,0xff,0xff,0xed,
    0x00,0x00,0x00,0x00,0x00,0x00,0x00,0x00,0x00,0x00,0x00,0x00,0x00,0x00,0x00,0x46,
    0xfe,0xff,0xff,0xff,0xff,0xff,0xff,0xff,0xff,0xcc,0x00,0x00,0x00,0x00,0x00,0x00,
    0x00,0x00,0x00,0x00,0x00,0x00,0x00,0x00,0x00,0x00,0x87,0xff,0xff,0xff,0xff,0xff,
    0xff,0xff,0xff,0xaa,0x00,0x00,0x00,0x00,0x00,0x00,0x00,0x00,0x00,0x00,0x00,0x00,
    0x00,0x00,0x00,0x00,0x04,0xce,0xff,0xff,0xff,0xff,0xff,0xff,0xff,0x80,0x00,0x00,
    0x00,0x00,0x00,0x00,0x00,0x00,0x00,0x00,0x00,0x00,0x00,0x00,0x00,0x00,0x00,0x3b,
    0xff,0xff,0xff,0xff,0xff,0xff,0xff,0x45,0x00,0x00,0x00,0x00,0x00,0x00,0x00,0x00,
    0x00,0x00,0x00,0x00,0x00,0x00,0x00,0x00,0x00,0x00,0xa4,0xff,0xff,0xff,0xff,0xff,
    0xfc,0x0d,0x00,0x00,0x00,0x00,0x00,0x00,0x00,0x00,0x00,0x00,0x00,0x00,0x00,0x00,
    0x00,0x00,0x00,0x00,0x1a,0xf8,0xff,0xff,0xff,0xff,0xce,0x00,0x00,0x00,0x00,0x00,
    0x00,0x00,0x00,0x00,0x00,0x00,0x00,0x00,0x00,0x00,0x00,0x00,0x00,0x00,0x00,0xa2,
    0xff,0xff,0xff,0xff,0x92,0x00,0x00,0x00,0x00,0x00,0x00,0x00,0x00,0x00,0x00,0x00,
    0x00,0x00,0x00,0x00,0x00,0x00,0x00,0x00,0x00,0x39,0xff,0xff,0xff,0xff,0x6d,0x00,
    0x00,0x00,0x00,0x00,0x00,0x00,0x00,0x00,0x00,0x00,0x00,0x00,0x00,0x00,0x00,0x00,
    0x00,0x00,0x00,0x00,0xd9,0xff,0xff,0xff,0x84,0x00,0x00,0x00,0x00,0x00,0x00,0x00,
    0x00,0x00,0x00,0x00,0x00,0x00,0x00,0x00,0x00,0x00,0x00,0x00,0x00,0x00,0x9b,0xff,
    0xff,0xff,0x9f,0x00,0x00,0x00,0x00,0x00,0x00,0x00,0x00,0x00,0x00,0x00,0x00,0x00,
    0x00,0x00,0x00,0x00,0x00,0x00,0x00,0x00,0x60,0xff,0xff,0xff,0xb6,0x00,0x00,0x00,
    0x00,0x00,0x00,0x00,0x00,0x00,0x00,0x00,0x00,0x00,0x00,0x00,0x00,0x00,0x00,0x00,
    0x00,0x00,0x3e,0xff,0xff,0xff,0xc0,0x00,0x00,0x00,0x00,0x00,0x00,0x00,0x00,0x00,
    0x00,0x00,0x00,0x00,0x00,0x00,0x00,0x00,0x00,0x00,0x00,0x00,0x2d,0xff,0xff,0xff,
    0xca,0x00,0x00,0x00,0x00,0x00,0x00,0x00,0x00,0x00,0x00,0x00,0x00,0x00,0x00,0x00,
    0x00,0x00,0x00,0x00,0x00,0x00,0x24,0xff,0xff,0xff,0xd3,0x00,0x00,0x00,0x00,0x00,
    0x00,0x00,0x00,0x00,0x00,0x00,0x00,0x00,0x00,0x00,0x00,0x00,0x00,0x00,0x00,0x00,
    0x31,0xff,0xff,0xff,0xc8,0x00,0x00,0x00,0x00,0x00,0x00,0x00,0x00,0x00,0x00,0x00,
    0x00,0x00,0x00,0x00,0x00,0x00,0x00,0x00,0x00,0x00,0x3f,0xff,0xff,0xff,0xad,0x00,
    0x00,0x00,0x00,0x00,0x00,0x00,0x00,0x00,0x00,0x00,0x00,0x00,0x00,0x00,0x00,0x00,
    0x00,0x00,0x00,0x00,0x4f,0xff,0xff,0xff,0x92,0x00,0x00,0x00,0x00,0x00,0x00,0x00,
    0x00,0x00,0x00,0x00,0x00,0x00,0x00,0x00,0x00,0x00,0x00,0x00,0x00,0x00,0x6c,0xff,
    0xff,0xff,0x75,0x00,0x00,0x00,0x00,0x00,0x00,0x00,0x00,0x00,0x00,0x00,0x00,0x00,
    0x00,0x00,0x00,0x00,0x00,0x00,0x00,0x00,0x90,0xff,0xff,0xff,0x36,0x00,0x00,0x00,
    0x00,0x00,0x00,0x00,0x00,0x00,0x00,0x00,0x00,0x00,0x00,0x00,0x00,0x00,0x00,0x00,
    0x00,0x00,0xb8,0xff,0xff,0xeb,0x02,0x00,0x00,0x00,0x00,0x00,0x00,0x00,0x00,0x00,
    0x00,0x00,0x00,0x00,0x00,0x00,0x00,0x00,0x00,0x00,0x00,0x00,0xed,0xff,0xff,0xa4,
    0x00,0x00,0x00,0x00,0x00,0x00,0x00,0x00,0x00,0x00,0x00,0x00,0x00,0x00,0x00,0x00,
    0x00,0x00,0x00,0x00,0x00,0x25,0xff,0xff,0xff,0x4c,0x00,0x00,0x00,0x00,0x00,0x00,
    0x00,0x00,0x00,0x00,0x00,0x00,0x00,0x00,0x00,0x00,0x00,0x00,0x00,0x00,0x00,0x62,
    0xff,0xff,0xdb,0x02,0x00,0x00,0x00,0x00,0x00,0x00,0x00,0x00,0x00,0x00,0x00,0x00,
    0x00,0x00,0x00,0x00,0x00,0x00,0x00,0x00,0x00,0xb0,0xff,0xff,0x6e,0x00,0x00,0x00,
    0x00,0x00,0x00,0x00,0x00,0x00,0x00,0x00,0x00,0x00,0x00,0x00,0x00,0x00,0x00,0x00,
    0x00,0x00,0x09,0xf6,0xff,0xe5,0x0b,0x00,0x00,0x00,0x00,0x00,0x00,0x00,0x00,0x00,
    0x00,0x00,0x00,0x00,0x00,0x00,0x00,0x00,0x00,0x00,0x00,0x00,0x48,0xff,0xff,0x5e,
    0x00,0x00,0x00,0x00,0x00,0x00,0x00,0x00,0x00,0x00,0x00,0x00,0x00,0x00,0x00,0x00,
    0x00,0x00,0x00,0x00,0x00,0x00,0x7b,0xff,0xc6,0x01,0x00,0x00,0x00,0x00,0x00,0x00,
    0x00,0x00,0x00,0x00,0x00,0x00,0x00,0x00,0x00,0x00,0x00,0x00,0x00,0x00,0x00,0x00,
    0x1d,0x8c,0x1a,0x00,0x00,0x00,0x00,0x00,0x00,
};

static const lv_font_fmt_txt_glyph_dsc_t glyph_dsc[] = {
    {.bitmap_index = 0, .adv_w = 0, .box_w = 0, .box_h = 0, .ofs_x = 0, .ofs_y = 0},
    {.bitmap_index = 0, .adv_w = 144, .box_w = 0, .box_h = 0, .ofs_x = 0, .ofs_y = 0},
    {.bitmap_index = 0, .adv_w = 288, .box_w = 0, .box_h = 0, .ofs_x = 0, .ofs_y = 0},
    {.bitmap_index = 0, .adv_w = 922, .box_w = 58, .box_h = 161, .ofs_x = 0, .ofs_y = -100},
    {.bitmap_index = 9338, .adv_w = 537, .box_w = 34, .box_h = 24, .ofs_x = 0, .ofs_y = -12},
    {.bitmap_index = 10154, .adv_w = 468, .box_w = 30, .box_h = 25, .ofs_x = 0, .ofs_y = -12},
    {.bitmap_index = 10904, .adv_w = 468, .box_w = 30, .box_h = 24, .ofs_x = 0, .ofs_y = -12},
    {.bitmap_index = 18341, .adv_w = 468, .box_w = 30, .box_h = 91, .ofs_x = 0, .ofs_y = -12},
    {.bitmap_index = 21071, .adv_w = 416, .box_w = 26, .box_h = 75, .ofs_x = 0, .ofs_y = -1},
    {.bitmap_index = 23021, .adv_w = 445, .box_w = 28, .box_h = 75, .ofs_x = 0, .ofs_y = -74},
    {.bitmap_index = 25121, .adv_w = 403, .box_w = 26, .box_h = 76, .ofs_x = 0, .ofs_y = -1},
    {.bitmap_index = 11624, .adv_w = 305, .box_w = 19, .box_h = 58, .ofs_x = 0, .ofs_y = -41},
    {.bitmap_index = 12726, .adv_w = 246, .box_w = 16, .box_h = 59, .ofs_x = 0, .ofs_y = -29},
    {.bitmap_index = 13670, .adv_w = 351, .box_w = 22, .box_h = 61, .ofs_x = 0, .ofs_y = -30},
    {.bitmap_index = 15012, .adv_w = 468, .box_w = 30, .box_h = 13, .ofs_x = 0, .ofs_y = 0},
    {.bitmap_index = 15402, .adv_w = 468, .box_w = 30, .box_h = 13, .ofs_x = 0, .ofs_y = -12},
    {.bitmap_index = 15792, .adv_w = 338, .box_w = 22, .box_h = 67, .ofs_x = 0, .ofs_y = -36},
    {.bitmap_index = 17266, .adv_w = 397, .box_w = 25, .box_h = 43, .ofs_x = 0, .ofs_y = -18} 
};

static const uint16_t unicode_list_0[] = {
    0x0000,0x000d,0xe030,0xe082,0xe083,0xe084,0xe1c0,0xe220,0xe221,0xe222,
    0xe240,0xe241,0xe242,0xe4c3,0xe4c4,0xe4c5,0xe4c6,
};

static const lv_font_fmt_txt_cmap_t cmaps[] = {
    {
        .range_start = 32, .range_length = 58565, .glyph_id_start = 1,
        .unicode_list = unicode_list_0, .glyph_id_ofs_list = NULL,
        .list_length = 17, .type = LV_FONT_FMT_TXT_CMAP_SPARSE_TINY
    }
};

#if LVGL_VERSION_MAJOR == 8
static lv_font_fmt_txt_glyph_cache_t cache;
#endif

#if LVGL_VERSION_MAJOR >= 8
static const lv_font_fmt_txt_dsc_t font_dsc = {
#else
static lv_font_fmt_txt_dsc_t font_dsc = {
#endif
    .glyph_bitmap = glyph_bitmap,
    .glyph_dsc = glyph_dsc,
    .cmaps = cmaps,
    .kern_dsc = NULL,
    .kern_scale = 0,
    .cmap_num = 1,
    .bpp = 8,
    .kern_classes = 0,
    .bitmap_format = 0,
    .stride = 0,
#if LVGL_VERSION_MAJOR == 8
    .cache = &cache
#endif
};

#if LVGL_VERSION_MAJOR >= 8
const lv_font_t lv_font_LelandSMuFL_90 = {
#else
lv_font_t lv_font_LelandSMuFL_90 = {
#endif
    .get_glyph_dsc = lv_font_get_glyph_dsc_fmt_txt,
    .get_glyph_bitmap = lv_font_get_bitmap_fmt_txt,
    .line_height = 159,
    .base_line = 60,
    .subpx = LV_FONT_SUBPX_NONE,
    .underline_position = -7,
    .underline_thickness = 5,
    .dsc = &font_dsc,
    .fallback = NULL,
    .user_data = NULL,
};

#endif /* LV_FONT_LELANDSMUFL_90 */
